sample_id,dataset,id_code,filename,image_path,relative_path,source_split,diagnosis,class_name
aptos:test/0_No_DR/0125fbd2e791.png,aptos,0125fbd2e791,0125fbd2e791.png,A:\DR_classification\data\organized\aptos\test\0_No_DR\0125fbd2e791.png,test/0_No_DR/0125fbd2e791.png,test,0,No_DR
aptos:test/0_No_DR/0231642cf1c2.png,aptos,0231642cf1c2,0231642cf1c2.png,A:\DR_classification\data\organized\aptos\test\0_No_DR\0231642cf1c2.png,test/0_No_DR/0231642cf1c2.png,test,0,No_DR
aptos:test/0_No_DR/060e00d1e2ab.png,aptos,060e00d1e2ab,060e00d1e2ab.png,A:\DR_classification\data\organized\aptos\test\0_No_DR\060e00d1e2ab.png,test/0_No_DR/060e00d1e2ab.png,test,0,No_DR
aptos:test/0_No_DR/06be1092a062.png,aptos,06be1092a062,06be1092a062.png,A:\DR_classification\data\organized\aptos\test\0_No_DR\06be1092a062.png,test/0_No_DR/06be1092a062.png,test,0,No_DR
aptos:test/0_No_DR/07596907347b.png,aptos,07596907347b,07596907347b.png,A:\DR_classification\data\organized\aptos\test\0_No_DR\07596907347b.png,test/0_No_DR/07596907347b.png,test,0,No_DR
aptos:test/0_No_DR/07751b94a88a.png,aptos,07751b94a88a,07751b94a88a.png,A:\DR_classification\data\organized\aptos\test\0_No_DR\07751b94a88a.png,test/0_No_DR/07751b94a88a.png,test,0,No_DR
aptos:test/0_No_DR/07a0be6b347f.png,aptos,07a0be6b347f,07a0be6b347f.png,A:\DR_classification\data\organized\aptos\test\0_No_DR\07a0be6b347f.png,test/0_No_DR/07a0be6b347f.png,test,0,No_DR
aptos:test/0_No_DR/07a2b8cabf6b.png,aptos,07a2b8cabf6b,07a2b8cabf6b.png,A:\DR_classification\data\organized\aptos\test\0_No_DR\07a2b8cabf6b.png,test/0_No_DR/07a2b8cabf6b.png,test,0,No_DR
aptos:test/0_No_DR/08bef347f40d.png,aptos,08bef347f40d,08bef347f40d.png,A:\DR_classification\data\organized\aptos\test\0_No_DR\08bef347f40d.png,test/0_No_DR/08bef347f40d.png,test,0,No_DR
aptos:test/0_No_DR/0a4e1a29ffff.png,aptos,0a4e1a29ffff,0a4e1a29ffff.png,A:\DR_classification\data\organized\aptos\test\0_No_DR\0a4e1a29ffff.png,test/0_No_DR/0a4e1a29ffff.png,test,0,No_DR
aptos:test/0_No_DR/0a85a1e8f9e9.png,aptos,0a85a1e8f9e9,0a85a1e8f9e9.png,A:\DR_classification\data\organized\aptos\test\0_No_DR\0a85a1e8f9e9.png,test/0_No_DR/0a85a1e8f9e9.png,test,0,No_DR
aptos:test/0_No_DR/0c38940e1f80.png,aptos,0c38940e1f80,0c38940e1f80.png,A:\DR_classification\data\organized\aptos\test\0_No_DR\0c38940e1f80.png,test/0_No_DR/0c38940e1f80.png,test,0,No_DR
aptos:test/0_No_DR/0cd31078cd08.png,aptos,0cd31078cd08,0cd31078cd08.png,A:\DR_classification\data\organized\aptos\test\0_No_DR\0cd31078cd08.png,test/0_No_DR/0cd31078cd08.png,test,0,No_DR
aptos:test/0_No_DR/0e0003ddd8df.png,aptos,0e0003ddd8df,0e0003ddd8df.png,A:\DR_classification\data\organized\aptos\test\0_No_DR\0e0003ddd8df.png,test/0_No_DR/0e0003ddd8df.png,test,0,No_DR
aptos:test/0_No_DR/0e43c8298fc0.png,aptos,0e43c8298fc0,0e43c8298fc0.png,A:\DR_classification\data\organized\aptos\test\0_No_DR\0e43c8298fc0.png,test/0_No_DR/0e43c8298fc0.png,test,0,No_DR
aptos:test/0_No_DR/0fc6829da85b.png,aptos,0fc6829da85b,0fc6829da85b.png,A:\DR_classification\data\organized\aptos\test\0_No_DR\0fc6829da85b.png,test/0_No_DR/0fc6829da85b.png,test,0,No_DR
aptos:test/0_No_DR/1002f3fe38f0.png,aptos,1002f3fe38f0,1002f3fe38f0.png,A:\DR_classification\data\organized\aptos\test\0_No_DR\1002f3fe38f0.png,test/0_No_DR/1002f3fe38f0.png,test,0,No_DR
aptos:test/0_No_DR/103abbd8b63e.png,aptos,103abbd8b63e,103abbd8b63e.png,A:\DR_classification\data\organized\aptos\test\0_No_DR\103abbd8b63e.png,test/0_No_DR/103abbd8b63e.png,test,0,No_DR
aptos:test/0_No_DR/12ae44be0d38.png,aptos,12ae44be0d38,12ae44be0d38.png,A:\DR_classification\data\organized\aptos\test\0_No_DR\12ae44be0d38.png,test/0_No_DR/12ae44be0d38.png,test,0,No_DR
aptos:test/0_No_DR/164cd5a3a6cd.png,aptos,164cd5a3a6cd,164cd5a3a6cd.png,A:\DR_classification\data\organized\aptos\test\0_No_DR\164cd5a3a6cd.png,test/0_No_DR/164cd5a3a6cd.png,test,0,No_DR
aptos:test/0_No_DR/18ce0cdc473d.png,aptos,18ce0cdc473d,18ce0cdc473d.png,A:\DR_classification\data\organized\aptos\test\0_No_DR\18ce0cdc473d.png,test/0_No_DR/18ce0cdc473d.png,test,0,No_DR
aptos:test/0_No_DR/1a0dbc6c0cda.png,aptos,1a0dbc6c0cda,1a0dbc6c0cda.png,A:\DR_classification\data\organized\aptos\test\0_No_DR\1a0dbc6c0cda.png,test/0_No_DR/1a0dbc6c0cda.png,test,0,No_DR
aptos:test/0_No_DR/1c47815f4a6b.png,aptos,1c47815f4a6b,1c47815f4a6b.png,A:\DR_classification\data\organized\aptos\test\0_No_DR\1c47815f4a6b.png,test/0_No_DR/1c47815f4a6b.png,test,0,No_DR
aptos:test/0_No_DR/1caba2fb38f6.png,aptos,1caba2fb38f6,1caba2fb38f6.png,A:\DR_classification\data\organized\aptos\test\0_No_DR\1caba2fb38f6.png,test/0_No_DR/1caba2fb38f6.png,test,0,No_DR
aptos:test/0_No_DR/1d3e9b939732.png,aptos,1d3e9b939732,1d3e9b939732.png,A:\DR_classification\data\organized\aptos\test\0_No_DR\1d3e9b939732.png,test/0_No_DR/1d3e9b939732.png,test,0,No_DR
aptos:test/0_No_DR/1eee55494271.png,aptos,1eee55494271,1eee55494271.png,A:\DR_classification\data\organized\aptos\test\0_No_DR\1eee55494271.png,test/0_No_DR/1eee55494271.png,test,0,No_DR
aptos:test/0_No_DR/1f31701dd61b.png,aptos,1f31701dd61b,1f31701dd61b.png,A:\DR_classification\data\organized\aptos\test\0_No_DR\1f31701dd61b.png,test/0_No_DR/1f31701dd61b.png,test,0,No_DR
aptos:test/0_No_DR/1faf8664816c.png,aptos,1faf8664816c,1faf8664816c.png,A:\DR_classification\data\organized\aptos\test\0_No_DR\1faf8664816c.png,test/0_No_DR/1faf8664816c.png,test,0,No_DR
aptos:test/0_No_DR/26fc2358a38d.png,aptos,26fc2358a38d,26fc2358a38d.png,A:\DR_classification\data\organized\aptos\test\0_No_DR\26fc2358a38d.png,test/0_No_DR/26fc2358a38d.png,test,0,No_DR
aptos:test/0_No_DR/2923971566fe.png,aptos,2923971566fe,2923971566fe.png,A:\DR_classification\data\organized\aptos\test\0_No_DR\2923971566fe.png,test/0_No_DR/2923971566fe.png,test,0,No_DR
aptos:test/0_No_DR/29d059522fa1.png,aptos,29d059522fa1,29d059522fa1.png,A:\DR_classification\data\organized\aptos\test\0_No_DR\29d059522fa1.png,test/0_No_DR/29d059522fa1.png,test,0,No_DR
aptos:test/0_No_DR/2a7373eeb352.png,aptos,2a7373eeb352,2a7373eeb352.png,A:\DR_classification\data\organized\aptos\test\0_No_DR\2a7373eeb352.png,test/0_No_DR/2a7373eeb352.png,test,0,No_DR
aptos:test/0_No_DR/2b10f138e67d.png,aptos,2b10f138e67d,2b10f138e67d.png,A:\DR_classification\data\organized\aptos\test\0_No_DR\2b10f138e67d.png,test/0_No_DR/2b10f138e67d.png,test,0,No_DR
aptos:test/0_No_DR/2b3a4a81d748.png,aptos,2b3a4a81d748,2b3a4a81d748.png,A:\DR_classification\data\organized\aptos\test\0_No_DR\2b3a4a81d748.png,test/0_No_DR/2b3a4a81d748.png,test,0,No_DR
aptos:test/0_No_DR/2c9dfc270f1b.png,aptos,2c9dfc270f1b,2c9dfc270f1b.png,A:\DR_classification\data\organized\aptos\test\0_No_DR\2c9dfc270f1b.png,test/0_No_DR/2c9dfc270f1b.png,test,0,No_DR
aptos:test/0_No_DR/2cacdb0dffae.png,aptos,2cacdb0dffae,2cacdb0dffae.png,A:\DR_classification\data\organized\aptos\test\0_No_DR\2cacdb0dffae.png,test/0_No_DR/2cacdb0dffae.png,test,0,No_DR
aptos:test/0_No_DR/2cfe8703f265.png,aptos,2cfe8703f265,2cfe8703f265.png,A:\DR_classification\data\organized\aptos\test\0_No_DR\2cfe8703f265.png,test/0_No_DR/2cfe8703f265.png,test,0,No_DR
aptos:test/0_No_DR/2db0cd3e30da.png,aptos,2db0cd3e30da,2db0cd3e30da.png,A:\DR_classification\data\organized\aptos\test\0_No_DR\2db0cd3e30da.png,test/0_No_DR/2db0cd3e30da.png,test,0,No_DR
aptos:test/0_No_DR/2ef10194e80d.png,aptos,2ef10194e80d,2ef10194e80d.png,A:\DR_classification\data\organized\aptos\test\0_No_DR\2ef10194e80d.png,test/0_No_DR/2ef10194e80d.png,test,0,No_DR
aptos:test/0_No_DR/2ef4a04aed1b.png,aptos,2ef4a04aed1b,2ef4a04aed1b.png,A:\DR_classification\data\organized\aptos\test\0_No_DR\2ef4a04aed1b.png,test/0_No_DR/2ef4a04aed1b.png,test,0,No_DR
aptos:test/0_No_DR/3079490a4b9c.png,aptos,3079490a4b9c,3079490a4b9c.png,A:\DR_classification\data\organized\aptos\test\0_No_DR\3079490a4b9c.png,test/0_No_DR/3079490a4b9c.png,test,0,No_DR
aptos:test/0_No_DR/3132556f5352.png,aptos,3132556f5352,3132556f5352.png,A:\DR_classification\data\organized\aptos\test\0_No_DR\3132556f5352.png,test/0_No_DR/3132556f5352.png,test,0,No_DR
aptos:test/0_No_DR/31360e44ac64.png,aptos,31360e44ac64,31360e44ac64.png,A:\DR_classification\data\organized\aptos\test\0_No_DR\31360e44ac64.png,test/0_No_DR/31360e44ac64.png,test,0,No_DR
aptos:test/0_No_DR/3178559fbf57.png,aptos,3178559fbf57,3178559fbf57.png,A:\DR_classification\data\organized\aptos\test\0_No_DR\3178559fbf57.png,test/0_No_DR/3178559fbf57.png,test,0,No_DR
aptos:test/0_No_DR/318eb706a134.png,aptos,318eb706a134,318eb706a134.png,A:\DR_classification\data\organized\aptos\test\0_No_DR\318eb706a134.png,test/0_No_DR/318eb706a134.png,test,0,No_DR
aptos:test/0_No_DR/32ed318235b8.png,aptos,32ed318235b8,32ed318235b8.png,A:\DR_classification\data\organized\aptos\test\0_No_DR\32ed318235b8.png,test/0_No_DR/32ed318235b8.png,test,0,No_DR
aptos:test/0_No_DR/33b91def2035.png,aptos,33b91def2035,33b91def2035.png,A:\DR_classification\data\organized\aptos\test\0_No_DR\33b91def2035.png,test/0_No_DR/33b91def2035.png,test,0,No_DR
aptos:test/0_No_DR/342edf9b889d.png,aptos,342edf9b889d,342edf9b889d.png,A:\DR_classification\data\organized\aptos\test\0_No_DR\342edf9b889d.png,test/0_No_DR/342edf9b889d.png,test,0,No_DR
aptos:test/0_No_DR/348598d01e18.png,aptos,348598d01e18,348598d01e18.png,A:\DR_classification\data\organized\aptos\test\0_No_DR\348598d01e18.png,test/0_No_DR/348598d01e18.png,test,0,No_DR
aptos:test/0_No_DR/351e842842a2.png,aptos,351e842842a2,351e842842a2.png,A:\DR_classification\data\organized\aptos\test\0_No_DR\351e842842a2.png,test/0_No_DR/351e842842a2.png,test,0,No_DR
aptos:test/0_No_DR/35beb47fe159.png,aptos,35beb47fe159,35beb47fe159.png,A:\DR_classification\data\organized\aptos\test\0_No_DR\35beb47fe159.png,test/0_No_DR/35beb47fe159.png,test,0,No_DR
aptos:test/0_No_DR/35cd9832fc0a.png,aptos,35cd9832fc0a,35cd9832fc0a.png,A:\DR_classification\data\organized\aptos\test\0_No_DR\35cd9832fc0a.png,test/0_No_DR/35cd9832fc0a.png,test,0,No_DR
aptos:test/0_No_DR/38373431d996.png,aptos,38373431d996,38373431d996.png,A:\DR_classification\data\organized\aptos\test\0_No_DR\38373431d996.png,test/0_No_DR/38373431d996.png,test,0,No_DR
aptos:test/0_No_DR/384e6c915722.png,aptos,384e6c915722,384e6c915722.png,A:\DR_classification\data\organized\aptos\test\0_No_DR\384e6c915722.png,test/0_No_DR/384e6c915722.png,test,0,No_DR
aptos:test/0_No_DR/39f8935185e6.png,aptos,39f8935185e6,39f8935185e6.png,A:\DR_classification\data\organized\aptos\test\0_No_DR\39f8935185e6.png,test/0_No_DR/39f8935185e6.png,test,0,No_DR
aptos:test/0_No_DR/3abac0961bfd.png,aptos,3abac0961bfd,3abac0961bfd.png,A:\DR_classification\data\organized\aptos\test\0_No_DR\3abac0961bfd.png,test/0_No_DR/3abac0961bfd.png,test,0,No_DR
aptos:test/0_No_DR/3cab32dd6ef9.png,aptos,3cab32dd6ef9,3cab32dd6ef9.png,A:\DR_classification\data\organized\aptos\test\0_No_DR\3cab32dd6ef9.png,test/0_No_DR/3cab32dd6ef9.png,test,0,No_DR
aptos:test/0_No_DR/401fdfd0db07.png,aptos,401fdfd0db07,401fdfd0db07.png,A:\DR_classification\data\organized\aptos\test\0_No_DR\401fdfd0db07.png,test/0_No_DR/401fdfd0db07.png,test,0,No_DR
aptos:test/0_No_DR/405085b53d7b.png,aptos,405085b53d7b,405085b53d7b.png,A:\DR_classification\data\organized\aptos\test\0_No_DR\405085b53d7b.png,test/0_No_DR/405085b53d7b.png,test,0,No_DR
aptos:test/0_No_DR/40c24aded50c.png,aptos,40c24aded50c,40c24aded50c.png,A:\DR_classification\data\organized\aptos\test\0_No_DR\40c24aded50c.png,test/0_No_DR/40c24aded50c.png,test,0,No_DR
aptos:test/0_No_DR/4158c340fa49.png,aptos,4158c340fa49,4158c340fa49.png,A:\DR_classification\data\organized\aptos\test\0_No_DR\4158c340fa49.png,test/0_No_DR/4158c340fa49.png,test,0,No_DR
aptos:test/0_No_DR/4350a1b2f3cb.png,aptos,4350a1b2f3cb,4350a1b2f3cb.png,A:\DR_classification\data\organized\aptos\test\0_No_DR\4350a1b2f3cb.png,test/0_No_DR/4350a1b2f3cb.png,test,0,No_DR
aptos:test/0_No_DR/43823561c3f0.png,aptos,43823561c3f0,43823561c3f0.png,A:\DR_classification\data\organized\aptos\test\0_No_DR\43823561c3f0.png,test/0_No_DR/43823561c3f0.png,test,0,No_DR
aptos:test/0_No_DR/4409965eb2a4.png,aptos,4409965eb2a4,4409965eb2a4.png,A:\DR_classification\data\organized\aptos\test\0_No_DR\4409965eb2a4.png,test/0_No_DR/4409965eb2a4.png,test,0,No_DR
aptos:test/0_No_DR/445a8a6da55c.png,aptos,445a8a6da55c,445a8a6da55c.png,A:\DR_classification\data\organized\aptos\test\0_No_DR\445a8a6da55c.png,test/0_No_DR/445a8a6da55c.png,test,0,No_DR
aptos:test/0_No_DR/44878f34e31f.png,aptos,44878f34e31f,44878f34e31f.png,A:\DR_classification\data\organized\aptos\test\0_No_DR\44878f34e31f.png,test/0_No_DR/44878f34e31f.png,test,0,No_DR
aptos:test/0_No_DR/454a944eb557.png,aptos,454a944eb557,454a944eb557.png,A:\DR_classification\data\organized\aptos\test\0_No_DR\454a944eb557.png,test/0_No_DR/454a944eb557.png,test,0,No_DR
aptos:test/0_No_DR/4554062fa836.png,aptos,4554062fa836,4554062fa836.png,A:\DR_classification\data\organized\aptos\test\0_No_DR\4554062fa836.png,test/0_No_DR/4554062fa836.png,test,0,No_DR
aptos:test/0_No_DR/45693d027798.png,aptos,45693d027798,45693d027798.png,A:\DR_classification\data\organized\aptos\test\0_No_DR\45693d027798.png,test/0_No_DR/45693d027798.png,test,0,No_DR
aptos:test/0_No_DR/475300735b7f.png,aptos,475300735b7f,475300735b7f.png,A:\DR_classification\data\organized\aptos\test\0_No_DR\475300735b7f.png,test/0_No_DR/475300735b7f.png,test,0,No_DR
aptos:test/0_No_DR/4b6cb0bcfd44.png,aptos,4b6cb0bcfd44,4b6cb0bcfd44.png,A:\DR_classification\data\organized\aptos\test\0_No_DR\4b6cb0bcfd44.png,test/0_No_DR/4b6cb0bcfd44.png,test,0,No_DR
aptos:test/0_No_DR/4beeca5cc859.png,aptos,4beeca5cc859,4beeca5cc859.png,A:\DR_classification\data\organized\aptos\test\0_No_DR\4beeca5cc859.png,test/0_No_DR/4beeca5cc859.png,test,0,No_DR
aptos:test/0_No_DR/4c17e85686f0.png,aptos,4c17e85686f0,4c17e85686f0.png,A:\DR_classification\data\organized\aptos\test\0_No_DR\4c17e85686f0.png,test/0_No_DR/4c17e85686f0.png,test,0,No_DR
aptos:test/0_No_DR/4cddfc22b0ad.png,aptos,4cddfc22b0ad,4cddfc22b0ad.png,A:\DR_classification\data\organized\aptos\test\0_No_DR\4cddfc22b0ad.png,test/0_No_DR/4cddfc22b0ad.png,test,0,No_DR
aptos:test/0_No_DR/4cde86044ad1.png,aptos,4cde86044ad1,4cde86044ad1.png,A:\DR_classification\data\organized\aptos\test\0_No_DR\4cde86044ad1.png,test/0_No_DR/4cde86044ad1.png,test,0,No_DR
aptos:test/0_No_DR/4dd14c380696.png,aptos,4dd14c380696,4dd14c380696.png,A:\DR_classification\data\organized\aptos\test\0_No_DR\4dd14c380696.png,test/0_No_DR/4dd14c380696.png,test,0,No_DR
aptos:test/0_No_DR/4fd5ec0dca09.png,aptos,4fd5ec0dca09,4fd5ec0dca09.png,A:\DR_classification\data\organized\aptos\test\0_No_DR\4fd5ec0dca09.png,test/0_No_DR/4fd5ec0dca09.png,test,0,No_DR
aptos:test/0_No_DR/500aad15b7c8.png,aptos,500aad15b7c8,500aad15b7c8.png,A:\DR_classification\data\organized\aptos\test\0_No_DR\500aad15b7c8.png,test/0_No_DR/500aad15b7c8.png,test,0,No_DR
aptos:test/0_No_DR/5056fa7d505f.png,aptos,5056fa7d505f,5056fa7d505f.png,A:\DR_classification\data\organized\aptos\test\0_No_DR\5056fa7d505f.png,test/0_No_DR/5056fa7d505f.png,test,0,No_DR
aptos:test/0_No_DR/50916d67bb51.png,aptos,50916d67bb51,50916d67bb51.png,A:\DR_classification\data\organized\aptos\test\0_No_DR\50916d67bb51.png,test/0_No_DR/50916d67bb51.png,test,0,No_DR
aptos:test/0_No_DR/50d8249f7bc9.png,aptos,50d8249f7bc9,50d8249f7bc9.png,A:\DR_classification\data\organized\aptos\test\0_No_DR\50d8249f7bc9.png,test/0_No_DR/50d8249f7bc9.png,test,0,No_DR
aptos:test/0_No_DR/50ddd7d976df.png,aptos,50ddd7d976df,50ddd7d976df.png,A:\DR_classification\data\organized\aptos\test\0_No_DR\50ddd7d976df.png,test/0_No_DR/50ddd7d976df.png,test,0,No_DR
aptos:test/0_No_DR/51e656e5a541.png,aptos,51e656e5a541,51e656e5a541.png,A:\DR_classification\data\organized\aptos\test\0_No_DR\51e656e5a541.png,test/0_No_DR/51e656e5a541.png,test,0,No_DR
aptos:test/0_No_DR/53273d664cd8.png,aptos,53273d664cd8,53273d664cd8.png,A:\DR_classification\data\organized\aptos\test\0_No_DR\53273d664cd8.png,test/0_No_DR/53273d664cd8.png,test,0,No_DR
aptos:test/0_No_DR/53ddae6a619e.png,aptos,53ddae6a619e,53ddae6a619e.png,A:\DR_classification\data\organized\aptos\test\0_No_DR\53ddae6a619e.png,test/0_No_DR/53ddae6a619e.png,test,0,No_DR
aptos:test/0_No_DR/54334705a34d.png,aptos,54334705a34d,54334705a34d.png,A:\DR_classification\data\organized\aptos\test\0_No_DR\54334705a34d.png,test/0_No_DR/54334705a34d.png,test,0,No_DR
aptos:test/0_No_DR/549381330191.png,aptos,549381330191,549381330191.png,A:\DR_classification\data\organized\aptos\test\0_No_DR\549381330191.png,test/0_No_DR/549381330191.png,test,0,No_DR
aptos:test/0_No_DR/5c85d22bd0de.png,aptos,5c85d22bd0de,5c85d22bd0de.png,A:\DR_classification\data\organized\aptos\test\0_No_DR\5c85d22bd0de.png,test/0_No_DR/5c85d22bd0de.png,test,0,No_DR
aptos:test/0_No_DR/5ce5eeaf757a.png,aptos,5ce5eeaf757a,5ce5eeaf757a.png,A:\DR_classification\data\organized\aptos\test\0_No_DR\5ce5eeaf757a.png,test/0_No_DR/5ce5eeaf757a.png,test,0,No_DR
aptos:test/0_No_DR/5d3c8c1f57da.png,aptos,5d3c8c1f57da,5d3c8c1f57da.png,A:\DR_classification\data\organized\aptos\test\0_No_DR\5d3c8c1f57da.png,test/0_No_DR/5d3c8c1f57da.png,test,0,No_DR
aptos:test/0_No_DR/5db895d3f1fc.png,aptos,5db895d3f1fc,5db895d3f1fc.png,A:\DR_classification\data\organized\aptos\test\0_No_DR\5db895d3f1fc.png,test/0_No_DR/5db895d3f1fc.png,test,0,No_DR
aptos:test/0_No_DR/5ea9e447bb62.png,aptos,5ea9e447bb62,5ea9e447bb62.png,A:\DR_classification\data\organized\aptos\test\0_No_DR\5ea9e447bb62.png,test/0_No_DR/5ea9e447bb62.png,test,0,No_DR
aptos:test/0_No_DR/609be3ca5ddf.png,aptos,609be3ca5ddf,609be3ca5ddf.png,A:\DR_classification\data\organized\aptos\test\0_No_DR\609be3ca5ddf.png,test/0_No_DR/609be3ca5ddf.png,test,0,No_DR
aptos:test/0_No_DR/60aa4e649abf.png,aptos,60aa4e649abf,60aa4e649abf.png,A:\DR_classification\data\organized\aptos\test\0_No_DR\60aa4e649abf.png,test/0_No_DR/60aa4e649abf.png,test,0,No_DR
aptos:test/0_No_DR/62b4be2799ca.png,aptos,62b4be2799ca,62b4be2799ca.png,A:\DR_classification\data\organized\aptos\test\0_No_DR\62b4be2799ca.png,test/0_No_DR/62b4be2799ca.png,test,0,No_DR
aptos:test/0_No_DR/64c6c6ee0d98.png,aptos,64c6c6ee0d98,64c6c6ee0d98.png,A:\DR_classification\data\organized\aptos\test\0_No_DR\64c6c6ee0d98.png,test/0_No_DR/64c6c6ee0d98.png,test,0,No_DR
aptos:test/0_No_DR/6504b703c429.png,aptos,6504b703c429,6504b703c429.png,A:\DR_classification\data\organized\aptos\test\0_No_DR\6504b703c429.png,test/0_No_DR/6504b703c429.png,test,0,No_DR
aptos:test/0_No_DR/65a3b13ad9a0.png,aptos,65a3b13ad9a0,65a3b13ad9a0.png,A:\DR_classification\data\organized\aptos\test\0_No_DR\65a3b13ad9a0.png,test/0_No_DR/65a3b13ad9a0.png,test,0,No_DR
aptos:test/0_No_DR/65dda202653d.png,aptos,65dda202653d,65dda202653d.png,A:\DR_classification\data\organized\aptos\test\0_No_DR\65dda202653d.png,test/0_No_DR/65dda202653d.png,test,0,No_DR
aptos:test/0_No_DR/65f69234c8a7.png,aptos,65f69234c8a7,65f69234c8a7.png,A:\DR_classification\data\organized\aptos\test\0_No_DR\65f69234c8a7.png,test/0_No_DR/65f69234c8a7.png,test,0,No_DR
aptos:test/0_No_DR/683023cda6a5.png,aptos,683023cda6a5,683023cda6a5.png,A:\DR_classification\data\organized\aptos\test\0_No_DR\683023cda6a5.png,test/0_No_DR/683023cda6a5.png,test,0,No_DR
aptos:test/0_No_DR/6852f4531591.png,aptos,6852f4531591,6852f4531591.png,A:\DR_classification\data\organized\aptos\test\0_No_DR\6852f4531591.png,test/0_No_DR/6852f4531591.png,test,0,No_DR
aptos:test/0_No_DR/6b66b0e86f7e.png,aptos,6b66b0e86f7e,6b66b0e86f7e.png,A:\DR_classification\data\organized\aptos\test\0_No_DR\6b66b0e86f7e.png,test/0_No_DR/6b66b0e86f7e.png,test,0,No_DR
aptos:test/0_No_DR/6cb96a6fb029.png,aptos,6cb96a6fb029,6cb96a6fb029.png,A:\DR_classification\data\organized\aptos\test\0_No_DR\6cb96a6fb029.png,test/0_No_DR/6cb96a6fb029.png,test,0,No_DR
aptos:test/0_No_DR/6cffc6c6851a.png,aptos,6cffc6c6851a,6cffc6c6851a.png,A:\DR_classification\data\organized\aptos\test\0_No_DR\6cffc6c6851a.png,test/0_No_DR/6cffc6c6851a.png,test,0,No_DR
aptos:test/0_No_DR/6d9effbcde78.png,aptos,6d9effbcde78,6d9effbcde78.png,A:\DR_classification\data\organized\aptos\test\0_No_DR\6d9effbcde78.png,test/0_No_DR/6d9effbcde78.png,test,0,No_DR
aptos:test/0_No_DR/6de39b94f634.png,aptos,6de39b94f634,6de39b94f634.png,A:\DR_classification\data\organized\aptos\test\0_No_DR\6de39b94f634.png,test/0_No_DR/6de39b94f634.png,test,0,No_DR
aptos:test/0_No_DR/6e018411ba4a.png,aptos,6e018411ba4a,6e018411ba4a.png,A:\DR_classification\data\organized\aptos\test\0_No_DR\6e018411ba4a.png,test/0_No_DR/6e018411ba4a.png,test,0,No_DR
aptos:test/0_No_DR/6e1db8711879.png,aptos,6e1db8711879,6e1db8711879.png,A:\DR_classification\data\organized\aptos\test\0_No_DR\6e1db8711879.png,test/0_No_DR/6e1db8711879.png,test,0,No_DR
aptos:test/0_No_DR/7179f85bfd6f.png,aptos,7179f85bfd6f,7179f85bfd6f.png,A:\DR_classification\data\organized\aptos\test\0_No_DR\7179f85bfd6f.png,test/0_No_DR/7179f85bfd6f.png,test,0,No_DR
aptos:test/0_No_DR/720b5f62ce80.png,aptos,720b5f62ce80,720b5f62ce80.png,A:\DR_classification\data\organized\aptos\test\0_No_DR\720b5f62ce80.png,test/0_No_DR/720b5f62ce80.png,test,0,No_DR
aptos:test/0_No_DR/7347bd23ba80.png,aptos,7347bd23ba80,7347bd23ba80.png,A:\DR_classification\data\organized\aptos\test\0_No_DR\7347bd23ba80.png,test/0_No_DR/7347bd23ba80.png,test,0,No_DR
aptos:test/0_No_DR/73a07e2ea23e.png,aptos,73a07e2ea23e,73a07e2ea23e.png,A:\DR_classification\data\organized\aptos\test\0_No_DR\73a07e2ea23e.png,test/0_No_DR/73a07e2ea23e.png,test,0,No_DR
aptos:test/0_No_DR/74898f372d2b.png,aptos,74898f372d2b,74898f372d2b.png,A:\DR_classification\data\organized\aptos\test\0_No_DR\74898f372d2b.png,test/0_No_DR/74898f372d2b.png,test,0,No_DR
aptos:test/0_No_DR/75c180e04f65.png,aptos,75c180e04f65,75c180e04f65.png,A:\DR_classification\data\organized\aptos\test\0_No_DR\75c180e04f65.png,test/0_No_DR/75c180e04f65.png,test,0,No_DR
aptos:test/0_No_DR/76cab26493f1.png,aptos,76cab26493f1,76cab26493f1.png,A:\DR_classification\data\organized\aptos\test\0_No_DR\76cab26493f1.png,test/0_No_DR/76cab26493f1.png,test,0,No_DR
aptos:test/0_No_DR/780f9c237c56.png,aptos,780f9c237c56,780f9c237c56.png,A:\DR_classification\data\organized\aptos\test\0_No_DR\780f9c237c56.png,test/0_No_DR/780f9c237c56.png,test,0,No_DR
aptos:test/0_No_DR/79cbae28d8b2.png,aptos,79cbae28d8b2,79cbae28d8b2.png,A:\DR_classification\data\organized\aptos\test\0_No_DR\79cbae28d8b2.png,test/0_No_DR/79cbae28d8b2.png,test,0,No_DR
aptos:test/0_No_DR/7adfb8fc0621.png,aptos,7adfb8fc0621,7adfb8fc0621.png,A:\DR_classification\data\organized\aptos\test\0_No_DR\7adfb8fc0621.png,test/0_No_DR/7adfb8fc0621.png,test,0,No_DR
aptos:test/0_No_DR/7af4d8704032.png,aptos,7af4d8704032,7af4d8704032.png,A:\DR_classification\data\organized\aptos\test\0_No_DR\7af4d8704032.png,test/0_No_DR/7af4d8704032.png,test,0,No_DR
aptos:test/0_No_DR/7c2e852171c0.png,aptos,7c2e852171c0,7c2e852171c0.png,A:\DR_classification\data\organized\aptos\test\0_No_DR\7c2e852171c0.png,test/0_No_DR/7c2e852171c0.png,test,0,No_DR
aptos:test/0_No_DR/7e70344b0c25.png,aptos,7e70344b0c25,7e70344b0c25.png,A:\DR_classification\data\organized\aptos\test\0_No_DR\7e70344b0c25.png,test/0_No_DR/7e70344b0c25.png,test,0,No_DR
aptos:test/0_No_DR/7ec0e61a7e29.png,aptos,7ec0e61a7e29,7ec0e61a7e29.png,A:\DR_classification\data\organized\aptos\test\0_No_DR\7ec0e61a7e29.png,test/0_No_DR/7ec0e61a7e29.png,test,0,No_DR
aptos:test/0_No_DR/7ee6de71c140.png,aptos,7ee6de71c140,7ee6de71c140.png,A:\DR_classification\data\organized\aptos\test\0_No_DR\7ee6de71c140.png,test/0_No_DR/7ee6de71c140.png,test,0,No_DR
aptos:test/0_No_DR/7f2123bc89a3.png,aptos,7f2123bc89a3,7f2123bc89a3.png,A:\DR_classification\data\organized\aptos\test\0_No_DR\7f2123bc89a3.png,test/0_No_DR/7f2123bc89a3.png,test,0,No_DR
aptos:test/0_No_DR/80c67efc8101.png,aptos,80c67efc8101,80c67efc8101.png,A:\DR_classification\data\organized\aptos\test\0_No_DR\80c67efc8101.png,test/0_No_DR/80c67efc8101.png,test,0,No_DR
aptos:test/0_No_DR/80dbeb0fdc75.png,aptos,80dbeb0fdc75,80dbeb0fdc75.png,A:\DR_classification\data\organized\aptos\test\0_No_DR\80dbeb0fdc75.png,test/0_No_DR/80dbeb0fdc75.png,test,0,No_DR
aptos:test/0_No_DR/82088c6734e6.png,aptos,82088c6734e6,82088c6734e6.png,A:\DR_classification\data\organized\aptos\test\0_No_DR\82088c6734e6.png,test/0_No_DR/82088c6734e6.png,test,0,No_DR
aptos:test/0_No_DR/830e297965a1.png,aptos,830e297965a1,830e297965a1.png,A:\DR_classification\data\organized\aptos\test\0_No_DR\830e297965a1.png,test/0_No_DR/830e297965a1.png,test,0,No_DR
aptos:test/0_No_DR/83fda7c0500b.png,aptos,83fda7c0500b,83fda7c0500b.png,A:\DR_classification\data\organized\aptos\test\0_No_DR\83fda7c0500b.png,test/0_No_DR/83fda7c0500b.png,test,0,No_DR
aptos:test/0_No_DR/848e66b9e199.png,aptos,848e66b9e199,848e66b9e199.png,A:\DR_classification\data\organized\aptos\test\0_No_DR\848e66b9e199.png,test/0_No_DR/848e66b9e199.png,test,0,No_DR
aptos:test/0_No_DR/87295c5fa1cc.png,aptos,87295c5fa1cc,87295c5fa1cc.png,A:\DR_classification\data\organized\aptos\test\0_No_DR\87295c5fa1cc.png,test/0_No_DR/87295c5fa1cc.png,test,0,No_DR
aptos:test/0_No_DR/875d2ffcbf47.png,aptos,875d2ffcbf47,875d2ffcbf47.png,A:\DR_classification\data\organized\aptos\test\0_No_DR\875d2ffcbf47.png,test/0_No_DR/875d2ffcbf47.png,test,0,No_DR
aptos:test/0_No_DR/883ddb650967.png,aptos,883ddb650967,883ddb650967.png,A:\DR_classification\data\organized\aptos\test\0_No_DR\883ddb650967.png,test/0_No_DR/883ddb650967.png,test,0,No_DR
aptos:test/0_No_DR/8c84e96d9b01.png,aptos,8c84e96d9b01,8c84e96d9b01.png,A:\DR_classification\data\organized\aptos\test\0_No_DR\8c84e96d9b01.png,test/0_No_DR/8c84e96d9b01.png,test,0,No_DR
aptos:test/0_No_DR/8d13c46e7d75.png,aptos,8d13c46e7d75,8d13c46e7d75.png,A:\DR_classification\data\organized\aptos\test\0_No_DR\8d13c46e7d75.png,test/0_No_DR/8d13c46e7d75.png,test,0,No_DR
aptos:test/0_No_DR/8e7981855125.png,aptos,8e7981855125,8e7981855125.png,A:\DR_classification\data\organized\aptos\test\0_No_DR\8e7981855125.png,test/0_No_DR/8e7981855125.png,test,0,No_DR
aptos:test/0_No_DR/902dc5a91a3f.png,aptos,902dc5a91a3f,902dc5a91a3f.png,A:\DR_classification\data\organized\aptos\test\0_No_DR\902dc5a91a3f.png,test/0_No_DR/902dc5a91a3f.png,test,0,No_DR
aptos:test/0_No_DR/9095d43fb132.png,aptos,9095d43fb132,9095d43fb132.png,A:\DR_classification\data\organized\aptos\test\0_No_DR\9095d43fb132.png,test/0_No_DR/9095d43fb132.png,test,0,No_DR
aptos:test/0_No_DR/90960ddf4d14.png,aptos,90960ddf4d14,90960ddf4d14.png,A:\DR_classification\data\organized\aptos\test\0_No_DR\90960ddf4d14.png,test/0_No_DR/90960ddf4d14.png,test,0,No_DR
aptos:test/0_No_DR/90a786abe58e.png,aptos,90a786abe58e,90a786abe58e.png,A:\DR_classification\data\organized\aptos\test\0_No_DR\90a786abe58e.png,test/0_No_DR/90a786abe58e.png,test,0,No_DR
aptos:test/0_No_DR/91e82fe4e434.png,aptos,91e82fe4e434,91e82fe4e434.png,A:\DR_classification\data\organized\aptos\test\0_No_DR\91e82fe4e434.png,test/0_No_DR/91e82fe4e434.png,test,0,No_DR
aptos:test/0_No_DR/92fcf50b3562.png,aptos,92fcf50b3562,92fcf50b3562.png,A:\DR_classification\data\organized\aptos\test\0_No_DR\92fcf50b3562.png,test/0_No_DR/92fcf50b3562.png,test,0,No_DR
aptos:test/0_No_DR/93421787f520.png,aptos,93421787f520,93421787f520.png,A:\DR_classification\data\organized\aptos\test\0_No_DR\93421787f520.png,test/0_No_DR/93421787f520.png,test,0,No_DR
aptos:test/0_No_DR/942f544c4e15.png,aptos,942f544c4e15,942f544c4e15.png,A:\DR_classification\data\organized\aptos\test\0_No_DR\942f544c4e15.png,test/0_No_DR/942f544c4e15.png,test,0,No_DR
aptos:test/0_No_DR/946545473380.png,aptos,946545473380,946545473380.png,A:\DR_classification\data\organized\aptos\test\0_No_DR\946545473380.png,test/0_No_DR/946545473380.png,test,0,No_DR
aptos:test/0_No_DR/956765d5f46d.png,aptos,956765d5f46d,956765d5f46d.png,A:\DR_classification\data\organized\aptos\test\0_No_DR\956765d5f46d.png,test/0_No_DR/956765d5f46d.png,test,0,No_DR
aptos:test/0_No_DR/96793edb1003.png,aptos,96793edb1003,96793edb1003.png,A:\DR_classification\data\organized\aptos\test\0_No_DR\96793edb1003.png,test/0_No_DR/96793edb1003.png,test,0,No_DR
aptos:test/0_No_DR/96c699221180.png,aptos,96c699221180,96c699221180.png,A:\DR_classification\data\organized\aptos\test\0_No_DR\96c699221180.png,test/0_No_DR/96c699221180.png,test,0,No_DR
aptos:test/0_No_DR/971bb98ab935.png,aptos,971bb98ab935,971bb98ab935.png,A:\DR_classification\data\organized\aptos\test\0_No_DR\971bb98ab935.png,test/0_No_DR/971bb98ab935.png,test,0,No_DR
aptos:test/0_No_DR/976082127e2a.png,aptos,976082127e2a,976082127e2a.png,A:\DR_classification\data\organized\aptos\test\0_No_DR\976082127e2a.png,test/0_No_DR/976082127e2a.png,test,0,No_DR
aptos:test/0_No_DR/98277aeb96a7.png,aptos,98277aeb96a7,98277aeb96a7.png,A:\DR_classification\data\organized\aptos\test\0_No_DR\98277aeb96a7.png,test/0_No_DR/98277aeb96a7.png,test,0,No_DR
aptos:test/0_No_DR/9858cc2ae073.png,aptos,9858cc2ae073,9858cc2ae073.png,A:\DR_classification\data\organized\aptos\test\0_No_DR\9858cc2ae073.png,test/0_No_DR/9858cc2ae073.png,test,0,No_DR
aptos:test/0_No_DR/98d41bce73a8.png,aptos,98d41bce73a8,98d41bce73a8.png,A:\DR_classification\data\organized\aptos\test\0_No_DR\98d41bce73a8.png,test/0_No_DR/98d41bce73a8.png,test,0,No_DR
aptos:test/0_No_DR/991a0b7a8c87.png,aptos,991a0b7a8c87,991a0b7a8c87.png,A:\DR_classification\data\organized\aptos\test\0_No_DR\991a0b7a8c87.png,test/0_No_DR/991a0b7a8c87.png,test,0,No_DR
aptos:test/0_No_DR/9ac2e3e9fca5.png,aptos,9ac2e3e9fca5,9ac2e3e9fca5.png,A:\DR_classification\data\organized\aptos\test\0_No_DR\9ac2e3e9fca5.png,test/0_No_DR/9ac2e3e9fca5.png,test,0,No_DR
aptos:test/0_No_DR/9ae54843c69a.png,aptos,9ae54843c69a,9ae54843c69a.png,A:\DR_classification\data\organized\aptos\test\0_No_DR\9ae54843c69a.png,test/0_No_DR/9ae54843c69a.png,test,0,No_DR
aptos:test/0_No_DR/9de9421f17e3.png,aptos,9de9421f17e3,9de9421f17e3.png,A:\DR_classification\data\organized\aptos\test\0_No_DR\9de9421f17e3.png,test/0_No_DR/9de9421f17e3.png,test,0,No_DR
aptos:test/0_No_DR/9e7a63b2fc6a.png,aptos,9e7a63b2fc6a,9e7a63b2fc6a.png,A:\DR_classification\data\organized\aptos\test\0_No_DR\9e7a63b2fc6a.png,test/0_No_DR/9e7a63b2fc6a.png,test,0,No_DR
aptos:test/0_No_DR/9f935fb38440.png,aptos,9f935fb38440,9f935fb38440.png,A:\DR_classification\data\organized\aptos\test\0_No_DR\9f935fb38440.png,test/0_No_DR/9f935fb38440.png,test,0,No_DR
aptos:test/0_No_DR/a06e5ac695ce.png,aptos,a06e5ac695ce,a06e5ac695ce.png,A:\DR_classification\data\organized\aptos\test\0_No_DR\a06e5ac695ce.png,test/0_No_DR/a06e5ac695ce.png,test,0,No_DR
aptos:test/0_No_DR/a0e635689259.png,aptos,a0e635689259,a0e635689259.png,A:\DR_classification\data\organized\aptos\test\0_No_DR\a0e635689259.png,test/0_No_DR/a0e635689259.png,test,0,No_DR
aptos:test/0_No_DR/a11c62cb3f86.png,aptos,a11c62cb3f86,a11c62cb3f86.png,A:\DR_classification\data\organized\aptos\test\0_No_DR\a11c62cb3f86.png,test/0_No_DR/a11c62cb3f86.png,test,0,No_DR
aptos:test/0_No_DR/a1faeb4d5f10.png,aptos,a1faeb4d5f10,a1faeb4d5f10.png,A:\DR_classification\data\organized\aptos\test\0_No_DR\a1faeb4d5f10.png,test/0_No_DR/a1faeb4d5f10.png,test,0,No_DR
aptos:test/0_No_DR/a2b995b81692.png,aptos,a2b995b81692,a2b995b81692.png,A:\DR_classification\data\organized\aptos\test\0_No_DR\a2b995b81692.png,test/0_No_DR/a2b995b81692.png,test,0,No_DR
aptos:test/0_No_DR/a2dff8dbc9f8.png,aptos,a2dff8dbc9f8,a2dff8dbc9f8.png,A:\DR_classification\data\organized\aptos\test\0_No_DR\a2dff8dbc9f8.png,test/0_No_DR/a2dff8dbc9f8.png,test,0,No_DR
aptos:test/0_No_DR/a6356a3c5d11.png,aptos,a6356a3c5d11,a6356a3c5d11.png,A:\DR_classification\data\organized\aptos\test\0_No_DR\a6356a3c5d11.png,test/0_No_DR/a6356a3c5d11.png,test,0,No_DR
aptos:test/0_No_DR/a646c084928c.png,aptos,a646c084928c,a646c084928c.png,A:\DR_classification\data\organized\aptos\test\0_No_DR\a646c084928c.png,test/0_No_DR/a646c084928c.png,test,0,No_DR
aptos:test/0_No_DR/a654b25124c3.png,aptos,a654b25124c3,a654b25124c3.png,A:\DR_classification\data\organized\aptos\test\0_No_DR\a654b25124c3.png,test/0_No_DR/a654b25124c3.png,test,0,No_DR
aptos:test/0_No_DR/a673193cd5a9.png,aptos,a673193cd5a9,a673193cd5a9.png,A:\DR_classification\data\organized\aptos\test\0_No_DR\a673193cd5a9.png,test/0_No_DR/a673193cd5a9.png,test,0,No_DR
aptos:test/0_No_DR/a77eb914b383.png,aptos,a77eb914b383,a77eb914b383.png,A:\DR_classification\data\organized\aptos\test\0_No_DR\a77eb914b383.png,test/0_No_DR/a77eb914b383.png,test,0,No_DR
aptos:test/0_No_DR/a7b03e58a6e1.png,aptos,a7b03e58a6e1,a7b03e58a6e1.png,A:\DR_classification\data\organized\aptos\test\0_No_DR\a7b03e58a6e1.png,test/0_No_DR/a7b03e58a6e1.png,test,0,No_DR
aptos:test/0_No_DR/a8dea22ef903.png,aptos,a8dea22ef903,a8dea22ef903.png,A:\DR_classification\data\organized\aptos\test\0_No_DR\a8dea22ef903.png,test/0_No_DR/a8dea22ef903.png,test,0,No_DR
aptos:test/0_No_DR/aafe980edd0c.png,aptos,aafe980edd0c,aafe980edd0c.png,A:\DR_classification\data\organized\aptos\test\0_No_DR\aafe980edd0c.png,test/0_No_DR/aafe980edd0c.png,test,0,No_DR
aptos:test/0_No_DR/ab03d50bba2f.png,aptos,ab03d50bba2f,ab03d50bba2f.png,A:\DR_classification\data\organized\aptos\test\0_No_DR\ab03d50bba2f.png,test/0_No_DR/ab03d50bba2f.png,test,0,No_DR
aptos:test/0_No_DR/ac1667fac512.png,aptos,ac1667fac512,ac1667fac512.png,A:\DR_classification\data\organized\aptos\test\0_No_DR\ac1667fac512.png,test/0_No_DR/ac1667fac512.png,test,0,No_DR
aptos:test/0_No_DR/acf976efd7ce.png,aptos,acf976efd7ce,acf976efd7ce.png,A:\DR_classification\data\organized\aptos\test\0_No_DR\acf976efd7ce.png,test/0_No_DR/acf976efd7ce.png,test,0,No_DR
aptos:test/0_No_DR/ae2c3f6312ef.png,aptos,ae2c3f6312ef,ae2c3f6312ef.png,A:\DR_classification\data\organized\aptos\test\0_No_DR\ae2c3f6312ef.png,test/0_No_DR/ae2c3f6312ef.png,test,0,No_DR
aptos:test/0_No_DR/ae2e888905ba.png,aptos,ae2e888905ba,ae2e888905ba.png,A:\DR_classification\data\organized\aptos\test\0_No_DR\ae2e888905ba.png,test/0_No_DR/ae2e888905ba.png,test,0,No_DR
aptos:test/0_No_DR/ae49cc60f251.png,aptos,ae49cc60f251,ae49cc60f251.png,A:\DR_classification\data\organized\aptos\test\0_No_DR\ae49cc60f251.png,test/0_No_DR/ae49cc60f251.png,test,0,No_DR
aptos:test/0_No_DR/ae58ccb5905e.png,aptos,ae58ccb5905e,ae58ccb5905e.png,A:\DR_classification\data\organized\aptos\test\0_No_DR\ae58ccb5905e.png,test/0_No_DR/ae58ccb5905e.png,test,0,No_DR
aptos:test/0_No_DR/aeab0a63bcaf.png,aptos,aeab0a63bcaf,aeab0a63bcaf.png,A:\DR_classification\data\organized\aptos\test\0_No_DR\aeab0a63bcaf.png,test/0_No_DR/aeab0a63bcaf.png,test,0,No_DR
aptos:test/0_No_DR/b09101adb478.png,aptos,b09101adb478,b09101adb478.png,A:\DR_classification\data\organized\aptos\test\0_No_DR\b09101adb478.png,test/0_No_DR/b09101adb478.png,test,0,No_DR
aptos:test/0_No_DR/b0b3b16fc305.png,aptos,b0b3b16fc305,b0b3b16fc305.png,A:\DR_classification\data\organized\aptos\test\0_No_DR\b0b3b16fc305.png,test/0_No_DR/b0b3b16fc305.png,test,0,No_DR
aptos:test/0_No_DR/b0f0fa677d5f.png,aptos,b0f0fa677d5f,b0f0fa677d5f.png,A:\DR_classification\data\organized\aptos\test\0_No_DR\b0f0fa677d5f.png,test/0_No_DR/b0f0fa677d5f.png,test,0,No_DR
aptos:test/0_No_DR/b1c6f0997e27.png,aptos,b1c6f0997e27,b1c6f0997e27.png,A:\DR_classification\data\organized\aptos\test\0_No_DR\b1c6f0997e27.png,test/0_No_DR/b1c6f0997e27.png,test,0,No_DR
aptos:test/0_No_DR/b21abe5d9722.png,aptos,b21abe5d9722,b21abe5d9722.png,A:\DR_classification\data\organized\aptos\test\0_No_DR\b21abe5d9722.png,test/0_No_DR/b21abe5d9722.png,test,0,No_DR
aptos:test/0_No_DR/b2b7ccd34cbd.png,aptos,b2b7ccd34cbd,b2b7ccd34cbd.png,A:\DR_classification\data\organized\aptos\test\0_No_DR\b2b7ccd34cbd.png,test/0_No_DR/b2b7ccd34cbd.png,test,0,No_DR
aptos:test/0_No_DR/b553e7909535.png,aptos,b553e7909535,b553e7909535.png,A:\DR_classification\data\organized\aptos\test\0_No_DR\b553e7909535.png,test/0_No_DR/b553e7909535.png,test,0,No_DR
aptos:test/0_No_DR/b74de20d73de.png,aptos,b74de20d73de,b74de20d73de.png,A:\DR_classification\data\organized\aptos\test\0_No_DR\b74de20d73de.png,test/0_No_DR/b74de20d73de.png,test,0,No_DR
aptos:test/0_No_DR/b7bd4a6627b6.png,aptos,b7bd4a6627b6,b7bd4a6627b6.png,A:\DR_classification\data\organized\aptos\test\0_No_DR\b7bd4a6627b6.png,test/0_No_DR/b7bd4a6627b6.png,test,0,No_DR
aptos:test/0_No_DR/b82dfa63a75f.png,aptos,b82dfa63a75f,b82dfa63a75f.png,A:\DR_classification\data\organized\aptos\test\0_No_DR\b82dfa63a75f.png,test/0_No_DR/b82dfa63a75f.png,test,0,No_DR
aptos:test/0_No_DR/b8e20c076b03.png,aptos,b8e20c076b03,b8e20c076b03.png,A:\DR_classification\data\organized\aptos\test\0_No_DR\b8e20c076b03.png,test/0_No_DR/b8e20c076b03.png,test,0,No_DR
aptos:test/0_No_DR/b9bc81fcb075.png,aptos,b9bc81fcb075,b9bc81fcb075.png,A:\DR_classification\data\organized\aptos\test\0_No_DR\b9bc81fcb075.png,test/0_No_DR/b9bc81fcb075.png,test,0,No_DR
aptos:test/0_No_DR/bb752b179751.png,aptos,bb752b179751,bb752b179751.png,A:\DR_classification\data\organized\aptos\test\0_No_DR\bb752b179751.png,test/0_No_DR/bb752b179751.png,test,0,No_DR
aptos:test/0_No_DR/bd500a73beae.png,aptos,bd500a73beae,bd500a73beae.png,A:\DR_classification\data\organized\aptos\test\0_No_DR\bd500a73beae.png,test/0_No_DR/bd500a73beae.png,test,0,No_DR
aptos:test/0_No_DR/bde1063a5dd7.png,aptos,bde1063a5dd7,bde1063a5dd7.png,A:\DR_classification\data\organized\aptos\test\0_No_DR\bde1063a5dd7.png,test/0_No_DR/bde1063a5dd7.png,test,0,No_DR
aptos:test/0_No_DR/bf7b4eae7ad0.png,aptos,bf7b4eae7ad0,bf7b4eae7ad0.png,A:\DR_classification\data\organized\aptos\test\0_No_DR\bf7b4eae7ad0.png,test/0_No_DR/bf7b4eae7ad0.png,test,0,No_DR
aptos:test/0_No_DR/bfb578c0e8d8.png,aptos,bfb578c0e8d8,bfb578c0e8d8.png,A:\DR_classification\data\organized\aptos\test\0_No_DR\bfb578c0e8d8.png,test/0_No_DR/bfb578c0e8d8.png,test,0,No_DR
aptos:test/0_No_DR/c12e9ca420a5.png,aptos,c12e9ca420a5,c12e9ca420a5.png,A:\DR_classification\data\organized\aptos\test\0_No_DR\c12e9ca420a5.png,test/0_No_DR/c12e9ca420a5.png,test,0,No_DR
aptos:test/0_No_DR/c18a006f7f1d.png,aptos,c18a006f7f1d,c18a006f7f1d.png,A:\DR_classification\data\organized\aptos\test\0_No_DR\c18a006f7f1d.png,test/0_No_DR/c18a006f7f1d.png,test,0,No_DR
aptos:test/0_No_DR/c2f3281cf528.png,aptos,c2f3281cf528,c2f3281cf528.png,A:\DR_classification\data\organized\aptos\test\0_No_DR\c2f3281cf528.png,test/0_No_DR/c2f3281cf528.png,test,0,No_DR
aptos:test/0_No_DR/c365c598ad4e.png,aptos,c365c598ad4e,c365c598ad4e.png,A:\DR_classification\data\organized\aptos\test\0_No_DR\c365c598ad4e.png,test/0_No_DR/c365c598ad4e.png,test,0,No_DR
aptos:test/0_No_DR/c373b73a80c8.png,aptos,c373b73a80c8,c373b73a80c8.png,A:\DR_classification\data\organized\aptos\test\0_No_DR\c373b73a80c8.png,test/0_No_DR/c373b73a80c8.png,test,0,No_DR
aptos:test/0_No_DR/c3c8fdda50c0.png,aptos,c3c8fdda50c0,c3c8fdda50c0.png,A:\DR_classification\data\organized\aptos\test\0_No_DR\c3c8fdda50c0.png,test/0_No_DR/c3c8fdda50c0.png,test,0,No_DR
aptos:test/0_No_DR/c6229222bf22.png,aptos,c6229222bf22,c6229222bf22.png,A:\DR_classification\data\organized\aptos\test\0_No_DR\c6229222bf22.png,test/0_No_DR/c6229222bf22.png,test,0,No_DR
aptos:test/0_No_DR/c6f5b5b5be41.png,aptos,c6f5b5b5be41,c6f5b5b5be41.png,A:\DR_classification\data\organized\aptos\test\0_No_DR\c6f5b5b5be41.png,test/0_No_DR/c6f5b5b5be41.png,test,0,No_DR
aptos:test/0_No_DR/c7c3d363bc86.png,aptos,c7c3d363bc86,c7c3d363bc86.png,A:\DR_classification\data\organized\aptos\test\0_No_DR\c7c3d363bc86.png,test/0_No_DR/c7c3d363bc86.png,test,0,No_DR
aptos:test/0_No_DR/c7d0deb71576.png,aptos,c7d0deb71576,c7d0deb71576.png,A:\DR_classification\data\organized\aptos\test\0_No_DR\c7d0deb71576.png,test/0_No_DR/c7d0deb71576.png,test,0,No_DR
aptos:test/0_No_DR/c947bb6cf9f6.png,aptos,c947bb6cf9f6,c947bb6cf9f6.png,A:\DR_classification\data\organized\aptos\test\0_No_DR\c947bb6cf9f6.png,test/0_No_DR/c947bb6cf9f6.png,test,0,No_DR
aptos:test/0_No_DR/cadde4030858.png,aptos,cadde4030858,cadde4030858.png,A:\DR_classification\data\organized\aptos\test\0_No_DR\cadde4030858.png,test/0_No_DR/cadde4030858.png,test,0,No_DR
aptos:test/0_No_DR/cae33655ca00.png,aptos,cae33655ca00,cae33655ca00.png,A:\DR_classification\data\organized\aptos\test\0_No_DR\cae33655ca00.png,test/0_No_DR/cae33655ca00.png,test,0,No_DR
aptos:test/0_No_DR/cb02bb47fdc5.png,aptos,cb02bb47fdc5,cb02bb47fdc5.png,A:\DR_classification\data\organized\aptos\test\0_No_DR\cb02bb47fdc5.png,test/0_No_DR/cb02bb47fdc5.png,test,0,No_DR
aptos:test/0_No_DR/cb28adab4e8a.png,aptos,cb28adab4e8a,cb28adab4e8a.png,A:\DR_classification\data\organized\aptos\test\0_No_DR\cb28adab4e8a.png,test/0_No_DR/cb28adab4e8a.png,test,0,No_DR
aptos:test/0_No_DR/ccd6dcb2f568.png,aptos,ccd6dcb2f568,ccd6dcb2f568.png,A:\DR_classification\data\organized\aptos\test\0_No_DR\ccd6dcb2f568.png,test/0_No_DR/ccd6dcb2f568.png,test,0,No_DR
aptos:test/0_No_DR/ccea49708830.png,aptos,ccea49708830,ccea49708830.png,A:\DR_classification\data\organized\aptos\test\0_No_DR\ccea49708830.png,test/0_No_DR/ccea49708830.png,test,0,No_DR
aptos:test/0_No_DR/cd563556cb57.png,aptos,cd563556cb57,cd563556cb57.png,A:\DR_classification\data\organized\aptos\test\0_No_DR\cd563556cb57.png,test/0_No_DR/cd563556cb57.png,test,0,No_DR
aptos:test/0_No_DR/cff262ed8f4c.png,aptos,cff262ed8f4c,cff262ed8f4c.png,A:\DR_classification\data\organized\aptos\test\0_No_DR\cff262ed8f4c.png,test/0_No_DR/cff262ed8f4c.png,test,0,No_DR
aptos:test/0_No_DR/d1fa0f744620.png,aptos,d1fa0f744620,d1fa0f744620.png,A:\DR_classification\data\organized\aptos\test\0_No_DR\d1fa0f744620.png,test/0_No_DR/d1fa0f744620.png,test,0,No_DR
aptos:test/0_No_DR/d51e5d7484ea.png,aptos,d51e5d7484ea,d51e5d7484ea.png,A:\DR_classification\data\organized\aptos\test\0_No_DR\d51e5d7484ea.png,test/0_No_DR/d51e5d7484ea.png,test,0,No_DR
aptos:test/0_No_DR/d7bc62d60e8c.png,aptos,d7bc62d60e8c,d7bc62d60e8c.png,A:\DR_classification\data\organized\aptos\test\0_No_DR\d7bc62d60e8c.png,test/0_No_DR/d7bc62d60e8c.png,test,0,No_DR
aptos:test/0_No_DR/d866c26d76f0.png,aptos,d866c26d76f0,d866c26d76f0.png,A:\DR_classification\data\organized\aptos\test\0_No_DR\d866c26d76f0.png,test/0_No_DR/d866c26d76f0.png,test,0,No_DR
aptos:test/0_No_DR/d881c04f01fe.png,aptos,d881c04f01fe,d881c04f01fe.png,A:\DR_classification\data\organized\aptos\test\0_No_DR\d881c04f01fe.png,test/0_No_DR/d881c04f01fe.png,test,0,No_DR
aptos:test/0_No_DR/d88c4843aec3.png,aptos,d88c4843aec3,d88c4843aec3.png,A:\DR_classification\data\organized\aptos\test\0_No_DR\d88c4843aec3.png,test/0_No_DR/d88c4843aec3.png,test,0,No_DR
aptos:test/0_No_DR/d9ad2a0ec026.png,aptos,d9ad2a0ec026,d9ad2a0ec026.png,A:\DR_classification\data\organized\aptos\test\0_No_DR\d9ad2a0ec026.png,test/0_No_DR/d9ad2a0ec026.png,test,0,No_DR
aptos:test/0_No_DR/da6bbb76d562.png,aptos,da6bbb76d562,da6bbb76d562.png,A:\DR_classification\data\organized\aptos\test\0_No_DR\da6bbb76d562.png,test/0_No_DR/da6bbb76d562.png,test,0,No_DR
aptos:test/0_No_DR/da949aa67a4f.png,aptos,da949aa67a4f,da949aa67a4f.png,A:\DR_classification\data\organized\aptos\test\0_No_DR\da949aa67a4f.png,test/0_No_DR/da949aa67a4f.png,test,0,No_DR
aptos:test/0_No_DR/da9574d35b82.png,aptos,da9574d35b82,da9574d35b82.png,A:\DR_classification\data\organized\aptos\test\0_No_DR\da9574d35b82.png,test/0_No_DR/da9574d35b82.png,test,0,No_DR
aptos:test/0_No_DR/da9fe02dead3.png,aptos,da9fe02dead3,da9fe02dead3.png,A:\DR_classification\data\organized\aptos\test\0_No_DR\da9fe02dead3.png,test/0_No_DR/da9fe02dead3.png,test,0,No_DR
aptos:test/0_No_DR/daff5427c9b2.png,aptos,daff5427c9b2,daff5427c9b2.png,A:\DR_classification\data\organized\aptos\test\0_No_DR\daff5427c9b2.png,test/0_No_DR/daff5427c9b2.png,test,0,No_DR
aptos:test/0_No_DR/db52626d450c.png,aptos,db52626d450c,db52626d450c.png,A:\DR_classification\data\organized\aptos\test\0_No_DR\db52626d450c.png,test/0_No_DR/db52626d450c.png,test,0,No_DR
aptos:test/0_No_DR/dc0eea0b68a7.png,aptos,dc0eea0b68a7,dc0eea0b68a7.png,A:\DR_classification\data\organized\aptos\test\0_No_DR\dc0eea0b68a7.png,test/0_No_DR/dc0eea0b68a7.png,test,0,No_DR
aptos:test/0_No_DR/dd3176bacfe2.png,aptos,dd3176bacfe2,dd3176bacfe2.png,A:\DR_classification\data\organized\aptos\test\0_No_DR\dd3176bacfe2.png,test/0_No_DR/dd3176bacfe2.png,test,0,No_DR
aptos:test/0_No_DR/de18071c36e6.png,aptos,de18071c36e6,de18071c36e6.png,A:\DR_classification\data\organized\aptos\test\0_No_DR\de18071c36e6.png,test/0_No_DR/de18071c36e6.png,test,0,No_DR
aptos:test/0_No_DR/de57c9e9fa93.png,aptos,de57c9e9fa93,de57c9e9fa93.png,A:\DR_classification\data\organized\aptos\test\0_No_DR\de57c9e9fa93.png,test/0_No_DR/de57c9e9fa93.png,test,0,No_DR
aptos:test/0_No_DR/dea7538bb91a.png,aptos,dea7538bb91a,dea7538bb91a.png,A:\DR_classification\data\organized\aptos\test\0_No_DR\dea7538bb91a.png,test/0_No_DR/dea7538bb91a.png,test,0,No_DR
aptos:test/0_No_DR/df6d13d04da1.png,aptos,df6d13d04da1,df6d13d04da1.png,A:\DR_classification\data\organized\aptos\test\0_No_DR\df6d13d04da1.png,test/0_No_DR/df6d13d04da1.png,test,0,No_DR
aptos:test/0_No_DR/e03a74e7d74f.png,aptos,e03a74e7d74f,e03a74e7d74f.png,A:\DR_classification\data\organized\aptos\test\0_No_DR\e03a74e7d74f.png,test/0_No_DR/e03a74e7d74f.png,test,0,No_DR
aptos:test/0_No_DR/e12df54e0d1e.png,aptos,e12df54e0d1e,e12df54e0d1e.png,A:\DR_classification\data\organized\aptos\test\0_No_DR\e12df54e0d1e.png,test/0_No_DR/e12df54e0d1e.png,test,0,No_DR
aptos:test/0_No_DR/e12f9f19d1be.png,aptos,e12f9f19d1be,e12f9f19d1be.png,A:\DR_classification\data\organized\aptos\test\0_No_DR\e12f9f19d1be.png,test/0_No_DR/e12f9f19d1be.png,test,0,No_DR
aptos:test/0_No_DR/e135d7ba9a0e.png,aptos,e135d7ba9a0e,e135d7ba9a0e.png,A:\DR_classification\data\organized\aptos\test\0_No_DR\e135d7ba9a0e.png,test/0_No_DR/e135d7ba9a0e.png,test,0,No_DR
aptos:test/0_No_DR/e1c02f6c3362.png,aptos,e1c02f6c3362,e1c02f6c3362.png,A:\DR_classification\data\organized\aptos\test\0_No_DR\e1c02f6c3362.png,test/0_No_DR/e1c02f6c3362.png,test,0,No_DR
aptos:test/0_No_DR/e5f332efcbc7.png,aptos,e5f332efcbc7,e5f332efcbc7.png,A:\DR_classification\data\organized\aptos\test\0_No_DR\e5f332efcbc7.png,test/0_No_DR/e5f332efcbc7.png,test,0,No_DR
aptos:test/0_No_DR/e632e38fd2d4.png,aptos,e632e38fd2d4,e632e38fd2d4.png,A:\DR_classification\data\organized\aptos\test\0_No_DR\e632e38fd2d4.png,test/0_No_DR/e632e38fd2d4.png,test,0,No_DR
aptos:test/0_No_DR/e68746d426b2.png,aptos,e68746d426b2,e68746d426b2.png,A:\DR_classification\data\organized\aptos\test\0_No_DR\e68746d426b2.png,test/0_No_DR/e68746d426b2.png,test,0,No_DR
aptos:test/0_No_DR/e79e10907295.png,aptos,e79e10907295,e79e10907295.png,A:\DR_classification\data\organized\aptos\test\0_No_DR\e79e10907295.png,test/0_No_DR/e79e10907295.png,test,0,No_DR
aptos:test/0_No_DR/e81f4a2fbbdc.png,aptos,e81f4a2fbbdc,e81f4a2fbbdc.png,A:\DR_classification\data\organized\aptos\test\0_No_DR\e81f4a2fbbdc.png,test/0_No_DR/e81f4a2fbbdc.png,test,0,No_DR
aptos:test/0_No_DR/e8ddfc9709ce.png,aptos,e8ddfc9709ce,e8ddfc9709ce.png,A:\DR_classification\data\organized\aptos\test\0_No_DR\e8ddfc9709ce.png,test/0_No_DR/e8ddfc9709ce.png,test,0,No_DR
aptos:test/0_No_DR/e907d23cce3d.png,aptos,e907d23cce3d,e907d23cce3d.png,A:\DR_classification\data\organized\aptos\test\0_No_DR\e907d23cce3d.png,test/0_No_DR/e907d23cce3d.png,test,0,No_DR
aptos:test/0_No_DR/e9ce5bf645ab.png,aptos,e9ce5bf645ab,e9ce5bf645ab.png,A:\DR_classification\data\organized\aptos\test\0_No_DR\e9ce5bf645ab.png,test/0_No_DR/e9ce5bf645ab.png,test,0,No_DR
aptos:test/0_No_DR/e9faf0296643.png,aptos,e9faf0296643,e9faf0296643.png,A:\DR_classification\data\organized\aptos\test\0_No_DR\e9faf0296643.png,test/0_No_DR/e9faf0296643.png,test,0,No_DR
aptos:test/0_No_DR/ea6a53e54d0f.png,aptos,ea6a53e54d0f,ea6a53e54d0f.png,A:\DR_classification\data\organized\aptos\test\0_No_DR\ea6a53e54d0f.png,test/0_No_DR/ea6a53e54d0f.png,test,0,No_DR
aptos:test/0_No_DR/eb175669d789.png,aptos,eb175669d789,eb175669d789.png,A:\DR_classification\data\organized\aptos\test\0_No_DR\eb175669d789.png,test/0_No_DR/eb175669d789.png,test,0,No_DR
aptos:test/0_No_DR/ec6659926105.png,aptos,ec6659926105,ec6659926105.png,A:\DR_classification\data\organized\aptos\test\0_No_DR\ec6659926105.png,test/0_No_DR/ec6659926105.png,test,0,No_DR
aptos:test/0_No_DR/ed2c52c14493.png,aptos,ed2c52c14493,ed2c52c14493.png,A:\DR_classification\data\organized\aptos\test\0_No_DR\ed2c52c14493.png,test/0_No_DR/ed2c52c14493.png,test,0,No_DR
aptos:test/0_No_DR/ed648b9bcd95.png,aptos,ed648b9bcd95,ed648b9bcd95.png,A:\DR_classification\data\organized\aptos\test\0_No_DR\ed648b9bcd95.png,test/0_No_DR/ed648b9bcd95.png,test,0,No_DR
aptos:test/0_No_DR/edceb0657d77.png,aptos,edceb0657d77,edceb0657d77.png,A:\DR_classification\data\organized\aptos\test\0_No_DR\edceb0657d77.png,test/0_No_DR/edceb0657d77.png,test,0,No_DR
aptos:test/0_No_DR/ee3f5cf52188.png,aptos,ee3f5cf52188,ee3f5cf52188.png,A:\DR_classification\data\organized\aptos\test\0_No_DR\ee3f5cf52188.png,test/0_No_DR/ee3f5cf52188.png,test,0,No_DR
aptos:test/0_No_DR/eedae6b28f96.png,aptos,eedae6b28f96,eedae6b28f96.png,A:\DR_classification\data\organized\aptos\test\0_No_DR\eedae6b28f96.png,test/0_No_DR/eedae6b28f96.png,test,0,No_DR
aptos:test/0_No_DR/ef476be214d4.png,aptos,ef476be214d4,ef476be214d4.png,A:\DR_classification\data\organized\aptos\test\0_No_DR\ef476be214d4.png,test/0_No_DR/ef476be214d4.png,test,0,No_DR
aptos:test/0_No_DR/f48241b0c995.png,aptos,f48241b0c995,f48241b0c995.png,A:\DR_classification\data\organized\aptos\test\0_No_DR\f48241b0c995.png,test/0_No_DR/f48241b0c995.png,test,0,No_DR
aptos:test/0_No_DR/f4e68b61f480.png,aptos,f4e68b61f480,f4e68b61f480.png,A:\DR_classification\data\organized\aptos\test\0_No_DR\f4e68b61f480.png,test/0_No_DR/f4e68b61f480.png,test,0,No_DR
aptos:test/0_No_DR/f4ea2a2cfbb9.png,aptos,f4ea2a2cfbb9,f4ea2a2cfbb9.png,A:\DR_classification\data\organized\aptos\test\0_No_DR\f4ea2a2cfbb9.png,test/0_No_DR/f4ea2a2cfbb9.png,test,0,No_DR
aptos:test/0_No_DR/f58cdfa968be.png,aptos,f58cdfa968be,f58cdfa968be.png,A:\DR_classification\data\organized\aptos\test\0_No_DR\f58cdfa968be.png,test/0_No_DR/f58cdfa968be.png,test,0,No_DR
aptos:test/0_No_DR/f5c953bee7cd.png,aptos,f5c953bee7cd,f5c953bee7cd.png,A:\DR_classification\data\organized\aptos\test\0_No_DR\f5c953bee7cd.png,test/0_No_DR/f5c953bee7cd.png,test,0,No_DR
aptos:test/0_No_DR/f952ad2e4356.png,aptos,f952ad2e4356,f952ad2e4356.png,A:\DR_classification\data\organized\aptos\test\0_No_DR\f952ad2e4356.png,test/0_No_DR/f952ad2e4356.png,test,0,No_DR
aptos:test/0_No_DR/f9d8ff3e6592.png,aptos,f9d8ff3e6592,f9d8ff3e6592.png,A:\DR_classification\data\organized\aptos\test\0_No_DR\f9d8ff3e6592.png,test/0_No_DR/f9d8ff3e6592.png,test,0,No_DR
aptos:test/0_No_DR/fcc32dffd24d.png,aptos,fcc32dffd24d,fcc32dffd24d.png,A:\DR_classification\data\organized\aptos\test\0_No_DR\fcc32dffd24d.png,test/0_No_DR/fcc32dffd24d.png,test,0,No_DR
aptos:test/0_No_DR/ff4832d55461.png,aptos,ff4832d55461,ff4832d55461.png,A:\DR_classification\data\organized\aptos\test\0_No_DR\ff4832d55461.png,test/0_No_DR/ff4832d55461.png,test,0,No_DR
aptos:test/1_Mild/0024cdab0c1e.png,aptos,0024cdab0c1e,0024cdab0c1e.png,A:\DR_classification\data\organized\aptos\test\1_Mild\0024cdab0c1e.png,test/1_Mild/0024cdab0c1e.png,test,1,Mild
aptos:test/1_Mild/107aea0d9289.png,aptos,107aea0d9289,107aea0d9289.png,A:\DR_classification\data\organized\aptos\test\1_Mild\107aea0d9289.png,test/1_Mild/107aea0d9289.png,test,1,Mild
aptos:test/1_Mild/194814669fee.png,aptos,194814669fee,194814669fee.png,A:\DR_classification\data\organized\aptos\test\1_Mild\194814669fee.png,test/1_Mild/194814669fee.png,test,1,Mild
aptos:test/1_Mild/1c3a6b4449e9.png,aptos,1c3a6b4449e9,1c3a6b4449e9.png,A:\DR_classification\data\organized\aptos\test\1_Mild\1c3a6b4449e9.png,test/1_Mild/1c3a6b4449e9.png,test,1,Mild
aptos:test/1_Mild/24b943fe725e.png,aptos,24b943fe725e,24b943fe725e.png,A:\DR_classification\data\organized\aptos\test\1_Mild\24b943fe725e.png,test/1_Mild/24b943fe725e.png,test,1,Mild
aptos:test/1_Mild/259d30f693b6.png,aptos,259d30f693b6,259d30f693b6.png,A:\DR_classification\data\organized\aptos\test\1_Mild\259d30f693b6.png,test/1_Mild/259d30f693b6.png,test,1,Mild
aptos:test/1_Mild/28f98cfe3858.png,aptos,28f98cfe3858,28f98cfe3858.png,A:\DR_classification\data\organized\aptos\test\1_Mild\28f98cfe3858.png,test/1_Mild/28f98cfe3858.png,test,1,Mild
aptos:test/1_Mild/2d9d97a6e713.png,aptos,2d9d97a6e713,2d9d97a6e713.png,A:\DR_classification\data\organized\aptos\test\1_Mild\2d9d97a6e713.png,test/1_Mild/2d9d97a6e713.png,test,1,Mild
aptos:test/1_Mild/2f4e81787d9b.png,aptos,2f4e81787d9b,2f4e81787d9b.png,A:\DR_classification\data\organized\aptos\test\1_Mild\2f4e81787d9b.png,test/1_Mild/2f4e81787d9b.png,test,1,Mild
aptos:test/1_Mild/30941b65348b.png,aptos,30941b65348b,30941b65348b.png,A:\DR_classification\data\organized\aptos\test\1_Mild\30941b65348b.png,test/1_Mild/30941b65348b.png,test,1,Mild
aptos:test/1_Mild/33b893e18eb3.png,aptos,33b893e18eb3,33b893e18eb3.png,A:\DR_classification\data\organized\aptos\test\1_Mild\33b893e18eb3.png,test/1_Mild/33b893e18eb3.png,test,1,Mild
aptos:test/1_Mild/384631079d1e.png,aptos,384631079d1e,384631079d1e.png,A:\DR_classification\data\organized\aptos\test\1_Mild\384631079d1e.png,test/1_Mild/384631079d1e.png,test,1,Mild
aptos:test/1_Mild/40e9b5630438.png,aptos,40e9b5630438,40e9b5630438.png,A:\DR_classification\data\organized\aptos\test\1_Mild\40e9b5630438.png,test/1_Mild/40e9b5630438.png,test,1,Mild
aptos:test/1_Mild/4cae247d9909.png,aptos,4cae247d9909,4cae247d9909.png,A:\DR_classification\data\organized\aptos\test\1_Mild\4cae247d9909.png,test/1_Mild/4cae247d9909.png,test,1,Mild
aptos:test/1_Mild/4d7d6928534a.png,aptos,4d7d6928534a,4d7d6928534a.png,A:\DR_classification\data\organized\aptos\test\1_Mild\4d7d6928534a.png,test/1_Mild/4d7d6928534a.png,test,1,Mild
aptos:test/1_Mild/4da2961e62fe.png,aptos,4da2961e62fe,4da2961e62fe.png,A:\DR_classification\data\organized\aptos\test\1_Mild\4da2961e62fe.png,test/1_Mild/4da2961e62fe.png,test,1,Mild
aptos:test/1_Mild/4dd9d29eae5d.png,aptos,4dd9d29eae5d,4dd9d29eae5d.png,A:\DR_classification\data\organized\aptos\test\1_Mild\4dd9d29eae5d.png,test/1_Mild/4dd9d29eae5d.png,test,1,Mild
aptos:test/1_Mild/4ef7144e24ff.png,aptos,4ef7144e24ff,4ef7144e24ff.png,A:\DR_classification\data\organized\aptos\test\1_Mild\4ef7144e24ff.png,test/1_Mild/4ef7144e24ff.png,test,1,Mild
aptos:test/1_Mild/5090917a2676.png,aptos,5090917a2676,5090917a2676.png,A:\DR_classification\data\organized\aptos\test\1_Mild\5090917a2676.png,test/1_Mild/5090917a2676.png,test,1,Mild
aptos:test/1_Mild/5879285f9d8d.png,aptos,5879285f9d8d,5879285f9d8d.png,A:\DR_classification\data\organized\aptos\test\1_Mild\5879285f9d8d.png,test/1_Mild/5879285f9d8d.png,test,1,Mild
aptos:test/1_Mild/59e5212f7139.png,aptos,59e5212f7139,59e5212f7139.png,A:\DR_classification\data\organized\aptos\test\1_Mild\59e5212f7139.png,test/1_Mild/59e5212f7139.png,test,1,Mild
aptos:test/1_Mild/5efa24b03d5e.png,aptos,5efa24b03d5e,5efa24b03d5e.png,A:\DR_classification\data\organized\aptos\test\1_Mild\5efa24b03d5e.png,test/1_Mild/5efa24b03d5e.png,test,1,Mild
aptos:test/1_Mild/613bacb35c05.png,aptos,613bacb35c05,613bacb35c05.png,A:\DR_classification\data\organized\aptos\test\1_Mild\613bacb35c05.png,test/1_Mild/613bacb35c05.png,test,1,Mild
aptos:test/1_Mild/6298468d7d75.png,aptos,6298468d7d75,6298468d7d75.png,A:\DR_classification\data\organized\aptos\test\1_Mild\6298468d7d75.png,test/1_Mild/6298468d7d75.png,test,1,Mild
aptos:test/1_Mild/64678182d8a8.png,aptos,64678182d8a8,64678182d8a8.png,A:\DR_classification\data\organized\aptos\test\1_Mild\64678182d8a8.png,test/1_Mild/64678182d8a8.png,test,1,Mild
aptos:test/1_Mild/71f6a6e4620a.png,aptos,71f6a6e4620a,71f6a6e4620a.png,A:\DR_classification\data\organized\aptos\test\1_Mild\71f6a6e4620a.png,test/1_Mild/71f6a6e4620a.png,test,1,Mild
aptos:test/1_Mild/76e589911303.png,aptos,76e589911303,76e589911303.png,A:\DR_classification\data\organized\aptos\test\1_Mild\76e589911303.png,test/1_Mild/76e589911303.png,test,1,Mild
aptos:test/1_Mild/78bcdffb8785.png,aptos,78bcdffb8785,78bcdffb8785.png,A:\DR_classification\data\organized\aptos\test\1_Mild\78bcdffb8785.png,test/1_Mild/78bcdffb8785.png,test,1,Mild
aptos:test/1_Mild/7a3ea1779b13.png,aptos,7a3ea1779b13,7a3ea1779b13.png,A:\DR_classification\data\organized\aptos\test\1_Mild\7a3ea1779b13.png,test/1_Mild/7a3ea1779b13.png,test,1,Mild
aptos:test/1_Mild/7f60f2a083d3.png,aptos,7f60f2a083d3,7f60f2a083d3.png,A:\DR_classification\data\organized\aptos\test\1_Mild\7f60f2a083d3.png,test/1_Mild/7f60f2a083d3.png,test,1,Mild
aptos:test/1_Mild/90c982cc2d96.png,aptos,90c982cc2d96,90c982cc2d96.png,A:\DR_classification\data\organized\aptos\test\1_Mild\90c982cc2d96.png,test/1_Mild/90c982cc2d96.png,test,1,Mild
aptos:test/1_Mild/9a3109657ac1.png,aptos,9a3109657ac1,9a3109657ac1.png,A:\DR_classification\data\organized\aptos\test\1_Mild\9a3109657ac1.png,test/1_Mild/9a3109657ac1.png,test,1,Mild
aptos:test/1_Mild/9eaf735cf01f.png,aptos,9eaf735cf01f,9eaf735cf01f.png,A:\DR_classification\data\organized\aptos\test\1_Mild\9eaf735cf01f.png,test/1_Mild/9eaf735cf01f.png,test,1,Mild
aptos:test/1_Mild/a5a2a7003d60.png,aptos,a5a2a7003d60,a5a2a7003d60.png,A:\DR_classification\data\organized\aptos\test\1_Mild\a5a2a7003d60.png,test/1_Mild/a5a2a7003d60.png,test,1,Mild
aptos:test/1_Mild/a8c54e2a4b79.png,aptos,a8c54e2a4b79,a8c54e2a4b79.png,A:\DR_classification\data\organized\aptos\test\1_Mild\a8c54e2a4b79.png,test/1_Mild/a8c54e2a4b79.png,test,1,Mild
aptos:test/1_Mild/b17f0b81dab3.png,aptos,b17f0b81dab3,b17f0b81dab3.png,A:\DR_classification\data\organized\aptos\test\1_Mild\b17f0b81dab3.png,test/1_Mild/b17f0b81dab3.png,test,1,Mild
aptos:test/1_Mild/b640e3bdff75.png,aptos,b640e3bdff75,b640e3bdff75.png,A:\DR_classification\data\organized\aptos\test\1_Mild\b640e3bdff75.png,test/1_Mild/b640e3bdff75.png,test,1,Mild
aptos:test/1_Mild/bb45257258cc.png,aptos,bb45257258cc,bb45257258cc.png,A:\DR_classification\data\organized\aptos\test\1_Mild\bb45257258cc.png,test/1_Mild/bb45257258cc.png,test,1,Mild
aptos:test/1_Mild/c4a8f2fcf6e8.png,aptos,c4a8f2fcf6e8,c4a8f2fcf6e8.png,A:\DR_classification\data\organized\aptos\test\1_Mild\c4a8f2fcf6e8.png,test/1_Mild/c4a8f2fcf6e8.png,test,1,Mild
aptos:test/1_Mild/c56e65f74187.png,aptos,c56e65f74187,c56e65f74187.png,A:\DR_classification\data\organized\aptos\test\1_Mild\c56e65f74187.png,test/1_Mild/c56e65f74187.png,test,1,Mild
aptos:test/1_Mild/d4f32b9c07df.png,aptos,d4f32b9c07df,d4f32b9c07df.png,A:\DR_classification\data\organized\aptos\test\1_Mild\d4f32b9c07df.png,test/1_Mild/d4f32b9c07df.png,test,1,Mild
aptos:test/1_Mild/d66ccb75ada1.png,aptos,d66ccb75ada1,d66ccb75ada1.png,A:\DR_classification\data\organized\aptos\test\1_Mild\d66ccb75ada1.png,test/1_Mild/d66ccb75ada1.png,test,1,Mild
aptos:test/1_Mild/e26d8718ca58.png,aptos,e26d8718ca58,e26d8718ca58.png,A:\DR_classification\data\organized\aptos\test\1_Mild\e26d8718ca58.png,test/1_Mild/e26d8718ca58.png,test,1,Mild
aptos:test/1_Mild/e9286ddf6ffe.png,aptos,e9286ddf6ffe,e9286ddf6ffe.png,A:\DR_classification\data\organized\aptos\test\1_Mild\e9286ddf6ffe.png,test/1_Mild/e9286ddf6ffe.png,test,1,Mild
aptos:test/1_Mild/eba3acc42197.png,aptos,eba3acc42197,eba3acc42197.png,A:\DR_classification\data\organized\aptos\test\1_Mild\eba3acc42197.png,test/1_Mild/eba3acc42197.png,test,1,Mild
aptos:test/1_Mild/f47a2a4a0411.png,aptos,f47a2a4a0411,f47a2a4a0411.png,A:\DR_classification\data\organized\aptos\test\1_Mild\f47a2a4a0411.png,test/1_Mild/f47a2a4a0411.png,test,1,Mild
aptos:test/1_Mild/f55e1d2a19e4.png,aptos,f55e1d2a19e4,f55e1d2a19e4.png,A:\DR_classification\data\organized\aptos\test\1_Mild\f55e1d2a19e4.png,test/1_Mild/f55e1d2a19e4.png,test,1,Mild
aptos:test/1_Mild/f762c272c522.png,aptos,f762c272c522,f762c272c522.png,A:\DR_classification\data\organized\aptos\test\1_Mild\f762c272c522.png,test/1_Mild/f762c272c522.png,test,1,Mild
aptos:test/1_Mild/f7fec8935126.png,aptos,f7fec8935126,f7fec8935126.png,A:\DR_classification\data\organized\aptos\test\1_Mild\f7fec8935126.png,test/1_Mild/f7fec8935126.png,test,1,Mild
aptos:test/1_Mild/fca931da5c5e.png,aptos,fca931da5c5e,fca931da5c5e.png,A:\DR_classification\data\organized\aptos\test\1_Mild\fca931da5c5e.png,test/1_Mild/fca931da5c5e.png,test,1,Mild
aptos:test/1_Mild/fd62bd0db4f1.png,aptos,fd62bd0db4f1,fd62bd0db4f1.png,A:\DR_classification\data\organized\aptos\test\1_Mild\fd62bd0db4f1.png,test/1_Mild/fd62bd0db4f1.png,test,1,Mild
aptos:test/2_Moderate/033f2b43de6d.png,aptos,033f2b43de6d,033f2b43de6d.png,A:\DR_classification\data\organized\aptos\test\2_Moderate\033f2b43de6d.png,test/2_Moderate/033f2b43de6d.png,test,2,Moderate
aptos:test/2_Moderate/06024377d573.png,aptos,06024377d573,06024377d573.png,A:\DR_classification\data\organized\aptos\test\2_Moderate\06024377d573.png,test/2_Moderate/06024377d573.png,test,2,Moderate
aptos:test/2_Moderate/0d0a21fd354f.png,aptos,0d0a21fd354f,0d0a21fd354f.png,A:\DR_classification\data\organized\aptos\test\2_Moderate\0d0a21fd354f.png,test/2_Moderate/0d0a21fd354f.png,test,2,Moderate
aptos:test/2_Moderate/0fcfc6301f3d.png,aptos,0fcfc6301f3d,0fcfc6301f3d.png,A:\DR_classification\data\organized\aptos\test\2_Moderate\0fcfc6301f3d.png,test/2_Moderate/0fcfc6301f3d.png,test,2,Moderate
aptos:test/2_Moderate/1177d583c807.png,aptos,1177d583c807,1177d583c807.png,A:\DR_classification\data\organized\aptos\test\2_Moderate\1177d583c807.png,test/2_Moderate/1177d583c807.png,test,2,Moderate
aptos:test/2_Moderate/135575dc57c9.png,aptos,135575dc57c9,135575dc57c9.png,A:\DR_classification\data\organized\aptos\test\2_Moderate\135575dc57c9.png,test/2_Moderate/135575dc57c9.png,test,2,Moderate
aptos:test/2_Moderate/1438288bb2e1.png,aptos,1438288bb2e1,1438288bb2e1.png,A:\DR_classification\data\organized\aptos\test\2_Moderate\1438288bb2e1.png,test/2_Moderate/1438288bb2e1.png,test,2,Moderate
aptos:test/2_Moderate/196e6a186452.png,aptos,196e6a186452,196e6a186452.png,A:\DR_classification\data\organized\aptos\test\2_Moderate\196e6a186452.png,test/2_Moderate/196e6a186452.png,test,2,Moderate
aptos:test/2_Moderate/1ae8c165fd53.png,aptos,1ae8c165fd53,1ae8c165fd53.png,A:\DR_classification\data\organized\aptos\test\2_Moderate\1ae8c165fd53.png,test/2_Moderate/1ae8c165fd53.png,test,2,Moderate
aptos:test/2_Moderate/1b4625877527.png,aptos,1b4625877527,1b4625877527.png,A:\DR_classification\data\organized\aptos\test\2_Moderate\1b4625877527.png,test/2_Moderate/1b4625877527.png,test,2,Moderate
aptos:test/2_Moderate/1da25637859b.png,aptos,1da25637859b,1da25637859b.png,A:\DR_classification\data\organized\aptos\test\2_Moderate\1da25637859b.png,test/2_Moderate/1da25637859b.png,test,2,Moderate
aptos:test/2_Moderate/1e4b3b823b95.png,aptos,1e4b3b823b95,1e4b3b823b95.png,A:\DR_classification\data\organized\aptos\test\2_Moderate\1e4b3b823b95.png,test/2_Moderate/1e4b3b823b95.png,test,2,Moderate
aptos:test/2_Moderate/1f63d44d9e3c.png,aptos,1f63d44d9e3c,1f63d44d9e3c.png,A:\DR_classification\data\organized\aptos\test\2_Moderate\1f63d44d9e3c.png,test/2_Moderate/1f63d44d9e3c.png,test,2,Moderate
aptos:test/2_Moderate/22ce8ef69357.png,aptos,22ce8ef69357,22ce8ef69357.png,A:\DR_classification\data\organized\aptos\test\2_Moderate\22ce8ef69357.png,test/2_Moderate/22ce8ef69357.png,test,2,Moderate
aptos:test/2_Moderate/2376e5415458.png,aptos,2376e5415458,2376e5415458.png,A:\DR_classification\data\organized\aptos\test\2_Moderate\2376e5415458.png,test/2_Moderate/2376e5415458.png,test,2,Moderate
aptos:test/2_Moderate/23d7ca170bdb.png,aptos,23d7ca170bdb,23d7ca170bdb.png,A:\DR_classification\data\organized\aptos\test\2_Moderate\23d7ca170bdb.png,test/2_Moderate/23d7ca170bdb.png,test,2,Moderate
aptos:test/2_Moderate/25dc1b41ed9c.png,aptos,25dc1b41ed9c,25dc1b41ed9c.png,A:\DR_classification\data\organized\aptos\test\2_Moderate\25dc1b41ed9c.png,test/2_Moderate/25dc1b41ed9c.png,test,2,Moderate
aptos:test/2_Moderate/28f93cad89c5.png,aptos,28f93cad89c5,28f93cad89c5.png,A:\DR_classification\data\organized\aptos\test\2_Moderate\28f93cad89c5.png,test/2_Moderate/28f93cad89c5.png,test,2,Moderate
aptos:test/2_Moderate/291e2ff3d834.png,aptos,291e2ff3d834,291e2ff3d834.png,A:\DR_classification\data\organized\aptos\test\2_Moderate\291e2ff3d834.png,test/2_Moderate/291e2ff3d834.png,test,2,Moderate
aptos:test/2_Moderate/2b074afdf626.png,aptos,2b074afdf626,2b074afdf626.png,A:\DR_classification\data\organized\aptos\test\2_Moderate\2b074afdf626.png,test/2_Moderate/2b074afdf626.png,test,2,Moderate
aptos:test/2_Moderate/2ba0b0d9bda2.png,aptos,2ba0b0d9bda2,2ba0b0d9bda2.png,A:\DR_classification\data\organized\aptos\test\2_Moderate\2ba0b0d9bda2.png,test/2_Moderate/2ba0b0d9bda2.png,test,2,Moderate
aptos:test/2_Moderate/2cceb07ff706.png,aptos,2cceb07ff706,2cceb07ff706.png,A:\DR_classification\data\organized\aptos\test\2_Moderate\2cceb07ff706.png,test/2_Moderate/2cceb07ff706.png,test,2,Moderate
aptos:test/2_Moderate/2f5c9cdfb333.png,aptos,2f5c9cdfb333,2f5c9cdfb333.png,A:\DR_classification\data\organized\aptos\test\2_Moderate\2f5c9cdfb333.png,test/2_Moderate/2f5c9cdfb333.png,test,2,Moderate
aptos:test/2_Moderate/314862758acf.png,aptos,314862758acf,314862758acf.png,A:\DR_classification\data\organized\aptos\test\2_Moderate\314862758acf.png,test/2_Moderate/314862758acf.png,test,2,Moderate
aptos:test/2_Moderate/3246f07e65b4.png,aptos,3246f07e65b4,3246f07e65b4.png,A:\DR_classification\data\organized\aptos\test\2_Moderate\3246f07e65b4.png,test/2_Moderate/3246f07e65b4.png,test,2,Moderate
aptos:test/2_Moderate/3402124408ea.png,aptos,3402124408ea,3402124408ea.png,A:\DR_classification\data\organized\aptos\test\2_Moderate\3402124408ea.png,test/2_Moderate/3402124408ea.png,test,2,Moderate
aptos:test/2_Moderate/36a1e3c780a0.png,aptos,36a1e3c780a0,36a1e3c780a0.png,A:\DR_classification\data\organized\aptos\test\2_Moderate\36a1e3c780a0.png,test/2_Moderate/36a1e3c780a0.png,test,2,Moderate
aptos:test/2_Moderate/388f12e8df0b.png,aptos,388f12e8df0b,388f12e8df0b.png,A:\DR_classification\data\organized\aptos\test\2_Moderate\388f12e8df0b.png,test/2_Moderate/388f12e8df0b.png,test,2,Moderate
aptos:test/2_Moderate/3aa2b1ce6700.png,aptos,3aa2b1ce6700,3aa2b1ce6700.png,A:\DR_classification\data\organized\aptos\test\2_Moderate\3aa2b1ce6700.png,test/2_Moderate/3aa2b1ce6700.png,test,2,Moderate
aptos:test/2_Moderate/3e1f8fecb06f.png,aptos,3e1f8fecb06f,3e1f8fecb06f.png,A:\DR_classification\data\organized\aptos\test\2_Moderate\3e1f8fecb06f.png,test/2_Moderate/3e1f8fecb06f.png,test,2,Moderate
aptos:test/2_Moderate/417f408ee8e0.png,aptos,417f408ee8e0,417f408ee8e0.png,A:\DR_classification\data\organized\aptos\test\2_Moderate\417f408ee8e0.png,test/2_Moderate/417f408ee8e0.png,test,2,Moderate
aptos:test/2_Moderate/4242c0d87f57.png,aptos,4242c0d87f57,4242c0d87f57.png,A:\DR_classification\data\organized\aptos\test\2_Moderate\4242c0d87f57.png,test/2_Moderate/4242c0d87f57.png,test,2,Moderate
aptos:test/2_Moderate/42a67337fa8e.png,aptos,42a67337fa8e,42a67337fa8e.png,A:\DR_classification\data\organized\aptos\test\2_Moderate\42a67337fa8e.png,test/2_Moderate/42a67337fa8e.png,test,2,Moderate
aptos:test/2_Moderate/42b93b574f23.png,aptos,42b93b574f23,42b93b574f23.png,A:\DR_classification\data\organized\aptos\test\2_Moderate\42b93b574f23.png,test/2_Moderate/42b93b574f23.png,test,2,Moderate
aptos:test/2_Moderate/437cbec4a3f8.png,aptos,437cbec4a3f8,437cbec4a3f8.png,A:\DR_classification\data\organized\aptos\test\2_Moderate\437cbec4a3f8.png,test/2_Moderate/437cbec4a3f8.png,test,2,Moderate
aptos:test/2_Moderate/441affbe99aa.png,aptos,441affbe99aa,441affbe99aa.png,A:\DR_classification\data\organized\aptos\test\2_Moderate\441affbe99aa.png,test/2_Moderate/441affbe99aa.png,test,2,Moderate
aptos:test/2_Moderate/44c869174e3a.png,aptos,44c869174e3a,44c869174e3a.png,A:\DR_classification\data\organized\aptos\test\2_Moderate\44c869174e3a.png,test/2_Moderate/44c869174e3a.png,test,2,Moderate
aptos:test/2_Moderate/44f4ae58990e.png,aptos,44f4ae58990e,44f4ae58990e.png,A:\DR_classification\data\organized\aptos\test\2_Moderate\44f4ae58990e.png,test/2_Moderate/44f4ae58990e.png,test,2,Moderate
aptos:test/2_Moderate/460893cd86e3.png,aptos,460893cd86e3,460893cd86e3.png,A:\DR_classification\data\organized\aptos\test\2_Moderate\460893cd86e3.png,test/2_Moderate/460893cd86e3.png,test,2,Moderate
aptos:test/2_Moderate/4a0bba3b7d83.png,aptos,4a0bba3b7d83,4a0bba3b7d83.png,A:\DR_classification\data\organized\aptos\test\2_Moderate\4a0bba3b7d83.png,test/2_Moderate/4a0bba3b7d83.png,test,2,Moderate
aptos:test/2_Moderate/4a558a1cd243.png,aptos,4a558a1cd243,4a558a1cd243.png,A:\DR_classification\data\organized\aptos\test\2_Moderate\4a558a1cd243.png,test/2_Moderate/4a558a1cd243.png,test,2,Moderate
aptos:test/2_Moderate/4da6e2089d57.png,aptos,4da6e2089d57,4da6e2089d57.png,A:\DR_classification\data\organized\aptos\test\2_Moderate\4da6e2089d57.png,test/2_Moderate/4da6e2089d57.png,test,2,Moderate
aptos:test/2_Moderate/525acfea47e8.png,aptos,525acfea47e8,525acfea47e8.png,A:\DR_classification\data\organized\aptos\test\2_Moderate\525acfea47e8.png,test/2_Moderate/525acfea47e8.png,test,2,Moderate
aptos:test/2_Moderate/530d78467615.png,aptos,530d78467615,530d78467615.png,A:\DR_classification\data\organized\aptos\test\2_Moderate\530d78467615.png,test/2_Moderate/530d78467615.png,test,2,Moderate
aptos:test/2_Moderate/57a5f1015504.png,aptos,57a5f1015504,57a5f1015504.png,A:\DR_classification\data\organized\aptos\test\2_Moderate\57a5f1015504.png,test/2_Moderate/57a5f1015504.png,test,2,Moderate
aptos:test/2_Moderate/5b301a6d1ac7.png,aptos,5b301a6d1ac7,5b301a6d1ac7.png,A:\DR_classification\data\organized\aptos\test\2_Moderate\5b301a6d1ac7.png,test/2_Moderate/5b301a6d1ac7.png,test,2,Moderate
aptos:test/2_Moderate/5f70ad48a525.png,aptos,5f70ad48a525,5f70ad48a525.png,A:\DR_classification\data\organized\aptos\test\2_Moderate\5f70ad48a525.png,test/2_Moderate/5f70ad48a525.png,test,2,Moderate
aptos:test/2_Moderate/60eeae3ba23d.png,aptos,60eeae3ba23d,60eeae3ba23d.png,A:\DR_classification\data\organized\aptos\test\2_Moderate\60eeae3ba23d.png,test/2_Moderate/60eeae3ba23d.png,test,2,Moderate
aptos:test/2_Moderate/64a13949e879.png,aptos,64a13949e879,64a13949e879.png,A:\DR_classification\data\organized\aptos\test\2_Moderate\64a13949e879.png,test/2_Moderate/64a13949e879.png,test,2,Moderate
aptos:test/2_Moderate/6531070bf03c.png,aptos,6531070bf03c,6531070bf03c.png,A:\DR_classification\data\organized\aptos\test\2_Moderate\6531070bf03c.png,test/2_Moderate/6531070bf03c.png,test,2,Moderate
aptos:test/2_Moderate/6c2555a9cae4.png,aptos,6c2555a9cae4,6c2555a9cae4.png,A:\DR_classification\data\organized\aptos\test\2_Moderate\6c2555a9cae4.png,test/2_Moderate/6c2555a9cae4.png,test,2,Moderate
aptos:test/2_Moderate/6cbc3dad809c.png,aptos,6cbc3dad809c,6cbc3dad809c.png,A:\DR_classification\data\organized\aptos\test\2_Moderate\6cbc3dad809c.png,test/2_Moderate/6cbc3dad809c.png,test,2,Moderate
aptos:test/2_Moderate/6f4e0538d1e4.png,aptos,6f4e0538d1e4,6f4e0538d1e4.png,A:\DR_classification\data\organized\aptos\test\2_Moderate\6f4e0538d1e4.png,test/2_Moderate/6f4e0538d1e4.png,test,2,Moderate
aptos:test/2_Moderate/709784f7fcc2.png,aptos,709784f7fcc2,709784f7fcc2.png,A:\DR_classification\data\organized\aptos\test\2_Moderate\709784f7fcc2.png,test/2_Moderate/709784f7fcc2.png,test,2,Moderate
aptos:test/2_Moderate/70f5caf5f305.png,aptos,70f5caf5f305,70f5caf5f305.png,A:\DR_classification\data\organized\aptos\test\2_Moderate\70f5caf5f305.png,test/2_Moderate/70f5caf5f305.png,test,2,Moderate
aptos:test/2_Moderate/731b19a460ad.png,aptos,731b19a460ad,731b19a460ad.png,A:\DR_classification\data\organized\aptos\test\2_Moderate\731b19a460ad.png,test/2_Moderate/731b19a460ad.png,test,2,Moderate
aptos:test/2_Moderate/7350c50667c5.png,aptos,7350c50667c5,7350c50667c5.png,A:\DR_classification\data\organized\aptos\test\2_Moderate\7350c50667c5.png,test/2_Moderate/7350c50667c5.png,test,2,Moderate
aptos:test/2_Moderate/7455e2b5fc57.png,aptos,7455e2b5fc57,7455e2b5fc57.png,A:\DR_classification\data\organized\aptos\test\2_Moderate\7455e2b5fc57.png,test/2_Moderate/7455e2b5fc57.png,test,2,Moderate
aptos:test/2_Moderate/76fe19ff64fb.png,aptos,76fe19ff64fb,76fe19ff64fb.png,A:\DR_classification\data\organized\aptos\test\2_Moderate\76fe19ff64fb.png,test/2_Moderate/76fe19ff64fb.png,test,2,Moderate
aptos:test/2_Moderate/77e7c7a160c8.png,aptos,77e7c7a160c8,77e7c7a160c8.png,A:\DR_classification\data\organized\aptos\test\2_Moderate\77e7c7a160c8.png,test/2_Moderate/77e7c7a160c8.png,test,2,Moderate
aptos:test/2_Moderate/79059d0592c4.png,aptos,79059d0592c4,79059d0592c4.png,A:\DR_classification\data\organized\aptos\test\2_Moderate\79059d0592c4.png,test/2_Moderate/79059d0592c4.png,test,2,Moderate
aptos:test/2_Moderate/7b8c78b41c0d.png,aptos,7b8c78b41c0d,7b8c78b41c0d.png,A:\DR_classification\data\organized\aptos\test\2_Moderate\7b8c78b41c0d.png,test/2_Moderate/7b8c78b41c0d.png,test,2,Moderate
aptos:test/2_Moderate/7bda86d95c5b.png,aptos,7bda86d95c5b,7bda86d95c5b.png,A:\DR_classification\data\organized\aptos\test\2_Moderate\7bda86d95c5b.png,test/2_Moderate/7bda86d95c5b.png,test,2,Moderate
aptos:test/2_Moderate/7d1b40fdbd86.png,aptos,7d1b40fdbd86,7d1b40fdbd86.png,A:\DR_classification\data\organized\aptos\test\2_Moderate\7d1b40fdbd86.png,test/2_Moderate/7d1b40fdbd86.png,test,2,Moderate
aptos:test/2_Moderate/7d37a2939f12.png,aptos,7d37a2939f12,7d37a2939f12.png,A:\DR_classification\data\organized\aptos\test\2_Moderate\7d37a2939f12.png,test/2_Moderate/7d37a2939f12.png,test,2,Moderate
aptos:test/2_Moderate/82910bba4753.png,aptos,82910bba4753,82910bba4753.png,A:\DR_classification\data\organized\aptos\test\2_Moderate\82910bba4753.png,test/2_Moderate/82910bba4753.png,test,2,Moderate
aptos:test/2_Moderate/842d697884f6.png,aptos,842d697884f6,842d697884f6.png,A:\DR_classification\data\organized\aptos\test\2_Moderate\842d697884f6.png,test/2_Moderate/842d697884f6.png,test,2,Moderate
aptos:test/2_Moderate/87b1938994b5.png,aptos,87b1938994b5,87b1938994b5.png,A:\DR_classification\data\organized\aptos\test\2_Moderate\87b1938994b5.png,test/2_Moderate/87b1938994b5.png,test,2,Moderate
aptos:test/2_Moderate/8d3d67661620.png,aptos,8d3d67661620,8d3d67661620.png,A:\DR_classification\data\organized\aptos\test\2_Moderate\8d3d67661620.png,test/2_Moderate/8d3d67661620.png,test,2,Moderate
aptos:test/2_Moderate/8e20b8fac7c3.png,aptos,8e20b8fac7c3,8e20b8fac7c3.png,A:\DR_classification\data\organized\aptos\test\2_Moderate\8e20b8fac7c3.png,test/2_Moderate/8e20b8fac7c3.png,test,2,Moderate
aptos:test/2_Moderate/8eb3337a54e9.png,aptos,8eb3337a54e9,8eb3337a54e9.png,A:\DR_classification\data\organized\aptos\test\2_Moderate\8eb3337a54e9.png,test/2_Moderate/8eb3337a54e9.png,test,2,Moderate
aptos:test/2_Moderate/907aaff827e5.png,aptos,907aaff827e5,907aaff827e5.png,A:\DR_classification\data\organized\aptos\test\2_Moderate\907aaff827e5.png,test/2_Moderate/907aaff827e5.png,test,2,Moderate
aptos:test/2_Moderate/91a88d3b0358.png,aptos,91a88d3b0358,91a88d3b0358.png,A:\DR_classification\data\organized\aptos\test\2_Moderate\91a88d3b0358.png,test/2_Moderate/91a88d3b0358.png,test,2,Moderate
aptos:test/2_Moderate/94a67ec0714f.png,aptos,94a67ec0714f,94a67ec0714f.png,A:\DR_classification\data\organized\aptos\test\2_Moderate\94a67ec0714f.png,test/2_Moderate/94a67ec0714f.png,test,2,Moderate
aptos:test/2_Moderate/96c3e3db68bc.png,aptos,96c3e3db68bc,96c3e3db68bc.png,A:\DR_classification\data\organized\aptos\test\2_Moderate\96c3e3db68bc.png,test/2_Moderate/96c3e3db68bc.png,test,2,Moderate
aptos:test/2_Moderate/9785805af1b8.png,aptos,9785805af1b8,9785805af1b8.png,A:\DR_classification\data\organized\aptos\test\2_Moderate\9785805af1b8.png,test/2_Moderate/9785805af1b8.png,test,2,Moderate
aptos:test/2_Moderate/97bf61736b86.png,aptos,97bf61736b86,97bf61736b86.png,A:\DR_classification\data\organized\aptos\test\2_Moderate\97bf61736b86.png,test/2_Moderate/97bf61736b86.png,test,2,Moderate
aptos:test/2_Moderate/9904939ab83d.png,aptos,9904939ab83d,9904939ab83d.png,A:\DR_classification\data\organized\aptos\test\2_Moderate\9904939ab83d.png,test/2_Moderate/9904939ab83d.png,test,2,Moderate
aptos:test/2_Moderate/99e8bf998285.png,aptos,99e8bf998285,99e8bf998285.png,A:\DR_classification\data\organized\aptos\test\2_Moderate\99e8bf998285.png,test/2_Moderate/99e8bf998285.png,test,2,Moderate
aptos:test/2_Moderate/9a28d4e8aef0.png,aptos,9a28d4e8aef0,9a28d4e8aef0.png,A:\DR_classification\data\organized\aptos\test\2_Moderate\9a28d4e8aef0.png,test/2_Moderate/9a28d4e8aef0.png,test,2,Moderate
aptos:test/2_Moderate/9a9b21215c55.png,aptos,9a9b21215c55,9a9b21215c55.png,A:\DR_classification\data\organized\aptos\test\2_Moderate\9a9b21215c55.png,test/2_Moderate/9a9b21215c55.png,test,2,Moderate
aptos:test/2_Moderate/9b0eb9f41da4.png,aptos,9b0eb9f41da4,9b0eb9f41da4.png,A:\DR_classification\data\organized\aptos\test\2_Moderate\9b0eb9f41da4.png,test/2_Moderate/9b0eb9f41da4.png,test,2,Moderate
aptos:test/2_Moderate/9b418ce42c13.png,aptos,9b418ce42c13,9b418ce42c13.png,A:\DR_classification\data\organized\aptos\test\2_Moderate\9b418ce42c13.png,test/2_Moderate/9b418ce42c13.png,test,2,Moderate
aptos:test/2_Moderate/9b7b6e4db1d5.png,aptos,9b7b6e4db1d5,9b7b6e4db1d5.png,A:\DR_classification\data\organized\aptos\test\2_Moderate\9b7b6e4db1d5.png,test/2_Moderate/9b7b6e4db1d5.png,test,2,Moderate
aptos:test/2_Moderate/9c5dd3612f0c.png,aptos,9c5dd3612f0c,9c5dd3612f0c.png,A:\DR_classification\data\organized\aptos\test\2_Moderate\9c5dd3612f0c.png,test/2_Moderate/9c5dd3612f0c.png,test,2,Moderate
aptos:test/2_Moderate/9d74428188bb.png,aptos,9d74428188bb,9d74428188bb.png,A:\DR_classification\data\organized\aptos\test\2_Moderate\9d74428188bb.png,test/2_Moderate/9d74428188bb.png,test,2,Moderate
aptos:test/2_Moderate/9e5ec293267c.png,aptos,9e5ec293267c,9e5ec293267c.png,A:\DR_classification\data\organized\aptos\test\2_Moderate\9e5ec293267c.png,test/2_Moderate/9e5ec293267c.png,test,2,Moderate
aptos:test/2_Moderate/a04fb36db784.png,aptos,a04fb36db784,a04fb36db784.png,A:\DR_classification\data\organized\aptos\test\2_Moderate\a04fb36db784.png,test/2_Moderate/a04fb36db784.png,test,2,Moderate
aptos:test/2_Moderate/a06e41bd2634.png,aptos,a06e41bd2634,a06e41bd2634.png,A:\DR_classification\data\organized\aptos\test\2_Moderate\a06e41bd2634.png,test/2_Moderate/a06e41bd2634.png,test,2,Moderate
aptos:test/2_Moderate/a2d349f567a6.png,aptos,a2d349f567a6,a2d349f567a6.png,A:\DR_classification\data\organized\aptos\test\2_Moderate\a2d349f567a6.png,test/2_Moderate/a2d349f567a6.png,test,2,Moderate
aptos:test/2_Moderate/a879c3569552.png,aptos,a879c3569552,a879c3569552.png,A:\DR_classification\data\organized\aptos\test\2_Moderate\a879c3569552.png,test/2_Moderate/a879c3569552.png,test,2,Moderate
aptos:test/2_Moderate/a87f53bc984a.png,aptos,a87f53bc984a,a87f53bc984a.png,A:\DR_classification\data\organized\aptos\test\2_Moderate\a87f53bc984a.png,test/2_Moderate/a87f53bc984a.png,test,2,Moderate
aptos:test/2_Moderate/a9c7b83caf81.png,aptos,a9c7b83caf81,a9c7b83caf81.png,A:\DR_classification\data\organized\aptos\test\2_Moderate\a9c7b83caf81.png,test/2_Moderate/a9c7b83caf81.png,test,2,Moderate
aptos:test/2_Moderate/aa5ce75edcf5.png,aptos,aa5ce75edcf5,aa5ce75edcf5.png,A:\DR_classification\data\organized\aptos\test\2_Moderate\aa5ce75edcf5.png,test/2_Moderate/aa5ce75edcf5.png,test,2,Moderate
aptos:test/2_Moderate/abf0f56c6f12.png,aptos,abf0f56c6f12,abf0f56c6f12.png,A:\DR_classification\data\organized\aptos\test\2_Moderate\abf0f56c6f12.png,test/2_Moderate/abf0f56c6f12.png,test,2,Moderate
aptos:test/2_Moderate/ac720570dd0f.png,aptos,ac720570dd0f,ac720570dd0f.png,A:\DR_classification\data\organized\aptos\test\2_Moderate\ac720570dd0f.png,test/2_Moderate/ac720570dd0f.png,test,2,Moderate
aptos:test/2_Moderate/aed4e743c230.png,aptos,aed4e743c230,aed4e743c230.png,A:\DR_classification\data\organized\aptos\test\2_Moderate\aed4e743c230.png,test/2_Moderate/aed4e743c230.png,test,2,Moderate
aptos:test/2_Moderate/af831c158744.png,aptos,af831c158744,af831c158744.png,A:\DR_classification\data\organized\aptos\test\2_Moderate\af831c158744.png,test/2_Moderate/af831c158744.png,test,2,Moderate
aptos:test/2_Moderate/b033ab4fb723.png,aptos,b033ab4fb723,b033ab4fb723.png,A:\DR_classification\data\organized\aptos\test\2_Moderate\b033ab4fb723.png,test/2_Moderate/b033ab4fb723.png,test,2,Moderate
aptos:test/2_Moderate/b83a6eca125f.png,aptos,b83a6eca125f,b83a6eca125f.png,A:\DR_classification\data\organized\aptos\test\2_Moderate\b83a6eca125f.png,test/2_Moderate/b83a6eca125f.png,test,2,Moderate
aptos:test/2_Moderate/bda7ff3b1562.png,aptos,bda7ff3b1562,bda7ff3b1562.png,A:\DR_classification\data\organized\aptos\test\2_Moderate\bda7ff3b1562.png,test/2_Moderate/bda7ff3b1562.png,test,2,Moderate
aptos:test/2_Moderate/bda8c973b09d.png,aptos,bda8c973b09d,bda8c973b09d.png,A:\DR_classification\data\organized\aptos\test\2_Moderate\bda8c973b09d.png,test/2_Moderate/bda8c973b09d.png,test,2,Moderate
aptos:test/2_Moderate/be21d8b60e2a.png,aptos,be21d8b60e2a,be21d8b60e2a.png,A:\DR_classification\data\organized\aptos\test\2_Moderate\be21d8b60e2a.png,test/2_Moderate/be21d8b60e2a.png,test,2,Moderate
aptos:test/2_Moderate/be7bc89f5fec.png,aptos,be7bc89f5fec,be7bc89f5fec.png,A:\DR_classification\data\organized\aptos\test\2_Moderate\be7bc89f5fec.png,test/2_Moderate/be7bc89f5fec.png,test,2,Moderate
aptos:test/2_Moderate/bf9cba745efc.png,aptos,bf9cba745efc,bf9cba745efc.png,A:\DR_classification\data\organized\aptos\test\2_Moderate\bf9cba745efc.png,test/2_Moderate/bf9cba745efc.png,test,2,Moderate
aptos:test/2_Moderate/c3e02d4a1798.png,aptos,c3e02d4a1798,c3e02d4a1798.png,A:\DR_classification\data\organized\aptos\test\2_Moderate\c3e02d4a1798.png,test/2_Moderate/c3e02d4a1798.png,test,2,Moderate
aptos:test/2_Moderate/c4e8b1ec8893.png,aptos,c4e8b1ec8893,c4e8b1ec8893.png,A:\DR_classification\data\organized\aptos\test\2_Moderate\c4e8b1ec8893.png,test/2_Moderate/c4e8b1ec8893.png,test,2,Moderate
aptos:test/2_Moderate/c568e5245ea5.png,aptos,c568e5245ea5,c568e5245ea5.png,A:\DR_classification\data\organized\aptos\test\2_Moderate\c568e5245ea5.png,test/2_Moderate/c568e5245ea5.png,test,2,Moderate
aptos:test/2_Moderate/c6a2975228af.png,aptos,c6a2975228af,c6a2975228af.png,A:\DR_classification\data\organized\aptos\test\2_Moderate\c6a2975228af.png,test/2_Moderate/c6a2975228af.png,test,2,Moderate
aptos:test/2_Moderate/c7e827fc7f41.png,aptos,c7e827fc7f41,c7e827fc7f41.png,A:\DR_classification\data\organized\aptos\test\2_Moderate\c7e827fc7f41.png,test/2_Moderate/c7e827fc7f41.png,test,2,Moderate
aptos:test/2_Moderate/cbc2e57447c2.png,aptos,cbc2e57447c2,cbc2e57447c2.png,A:\DR_classification\data\organized\aptos\test\2_Moderate\cbc2e57447c2.png,test/2_Moderate/cbc2e57447c2.png,test,2,Moderate
aptos:test/2_Moderate/d10d315f123f.png,aptos,d10d315f123f,d10d315f123f.png,A:\DR_classification\data\organized\aptos\test\2_Moderate\d10d315f123f.png,test/2_Moderate/d10d315f123f.png,test,2,Moderate
aptos:test/2_Moderate/d1f1ea894da1.png,aptos,d1f1ea894da1,d1f1ea894da1.png,A:\DR_classification\data\organized\aptos\test\2_Moderate\d1f1ea894da1.png,test/2_Moderate/d1f1ea894da1.png,test,2,Moderate
aptos:test/2_Moderate/d2c6b99ef62c.png,aptos,d2c6b99ef62c,d2c6b99ef62c.png,A:\DR_classification\data\organized\aptos\test\2_Moderate\d2c6b99ef62c.png,test/2_Moderate/d2c6b99ef62c.png,test,2,Moderate
aptos:test/2_Moderate/d3d578fe433f.png,aptos,d3d578fe433f,d3d578fe433f.png,A:\DR_classification\data\organized\aptos\test\2_Moderate\d3d578fe433f.png,test/2_Moderate/d3d578fe433f.png,test,2,Moderate
aptos:test/2_Moderate/d473f6fafba0.png,aptos,d473f6fafba0,d473f6fafba0.png,A:\DR_classification\data\organized\aptos\test\2_Moderate\d473f6fafba0.png,test/2_Moderate/d473f6fafba0.png,test,2,Moderate
aptos:test/2_Moderate/d4be0403e6ab.png,aptos,d4be0403e6ab,d4be0403e6ab.png,A:\DR_classification\data\organized\aptos\test\2_Moderate\d4be0403e6ab.png,test/2_Moderate/d4be0403e6ab.png,test,2,Moderate
aptos:test/2_Moderate/d5a39339ff3d.png,aptos,d5a39339ff3d,d5a39339ff3d.png,A:\DR_classification\data\organized\aptos\test\2_Moderate\d5a39339ff3d.png,test/2_Moderate/d5a39339ff3d.png,test,2,Moderate
aptos:test/2_Moderate/d95959798b57.png,aptos,d95959798b57,d95959798b57.png,A:\DR_classification\data\organized\aptos\test\2_Moderate\d95959798b57.png,test/2_Moderate/d95959798b57.png,test,2,Moderate
aptos:test/2_Moderate/d990a3f0cbdb.png,aptos,d990a3f0cbdb,d990a3f0cbdb.png,A:\DR_classification\data\organized\aptos\test\2_Moderate\d990a3f0cbdb.png,test/2_Moderate/d990a3f0cbdb.png,test,2,Moderate
aptos:test/2_Moderate/d9bbdc33db83.png,aptos,d9bbdc33db83,d9bbdc33db83.png,A:\DR_classification\data\organized\aptos\test\2_Moderate\d9bbdc33db83.png,test/2_Moderate/d9bbdc33db83.png,test,2,Moderate
aptos:test/2_Moderate/de778495a1cd.png,aptos,de778495a1cd,de778495a1cd.png,A:\DR_classification\data\organized\aptos\test\2_Moderate\de778495a1cd.png,test/2_Moderate/de778495a1cd.png,test,2,Moderate
aptos:test/2_Moderate/df3adfd6ba36.png,aptos,df3adfd6ba36,df3adfd6ba36.png,A:\DR_classification\data\organized\aptos\test\2_Moderate\df3adfd6ba36.png,test/2_Moderate/df3adfd6ba36.png,test,2,Moderate
aptos:test/2_Moderate/e06d3d4733f0.png,aptos,e06d3d4733f0,e06d3d4733f0.png,A:\DR_classification\data\organized\aptos\test\2_Moderate\e06d3d4733f0.png,test/2_Moderate/e06d3d4733f0.png,test,2,Moderate
aptos:test/2_Moderate/e34fa07bd64d.png,aptos,e34fa07bd64d,e34fa07bd64d.png,A:\DR_classification\data\organized\aptos\test\2_Moderate\e34fa07bd64d.png,test/2_Moderate/e34fa07bd64d.png,test,2,Moderate
aptos:test/2_Moderate/e599151ca14b.png,aptos,e599151ca14b,e599151ca14b.png,A:\DR_classification\data\organized\aptos\test\2_Moderate\e599151ca14b.png,test/2_Moderate/e599151ca14b.png,test,2,Moderate
aptos:test/2_Moderate/e7fc93ac5b6d.png,aptos,e7fc93ac5b6d,e7fc93ac5b6d.png,A:\DR_classification\data\organized\aptos\test\2_Moderate\e7fc93ac5b6d.png,test/2_Moderate/e7fc93ac5b6d.png,test,2,Moderate
aptos:test/2_Moderate/e811f39a1243.png,aptos,e811f39a1243,e811f39a1243.png,A:\DR_classification\data\organized\aptos\test\2_Moderate\e811f39a1243.png,test/2_Moderate/e811f39a1243.png,test,2,Moderate
aptos:test/2_Moderate/e868c3da340b.png,aptos,e868c3da340b,e868c3da340b.png,A:\DR_classification\data\organized\aptos\test\2_Moderate\e868c3da340b.png,test/2_Moderate/e868c3da340b.png,test,2,Moderate
aptos:test/2_Moderate/e9129ce55fd7.png,aptos,e9129ce55fd7,e9129ce55fd7.png,A:\DR_classification\data\organized\aptos\test\2_Moderate\e9129ce55fd7.png,test/2_Moderate/e9129ce55fd7.png,test,2,Moderate
aptos:test/2_Moderate/eb32a815f78c.png,aptos,eb32a815f78c,eb32a815f78c.png,A:\DR_classification\data\organized\aptos\test\2_Moderate\eb32a815f78c.png,test/2_Moderate/eb32a815f78c.png,test,2,Moderate
aptos:test/2_Moderate/ed88faaa325a.png,aptos,ed88faaa325a,ed88faaa325a.png,A:\DR_classification\data\organized\aptos\test\2_Moderate\ed88faaa325a.png,test/2_Moderate/ed88faaa325a.png,test,2,Moderate
aptos:test/2_Moderate/ef7a4ed8d5d1.png,aptos,ef7a4ed8d5d1,ef7a4ed8d5d1.png,A:\DR_classification\data\organized\aptos\test\2_Moderate\ef7a4ed8d5d1.png,test/2_Moderate/ef7a4ed8d5d1.png,test,2,Moderate
aptos:test/2_Moderate/f2094a20b275.png,aptos,f2094a20b275,f2094a20b275.png,A:\DR_classification\data\organized\aptos\test\2_Moderate\f2094a20b275.png,test/2_Moderate/f2094a20b275.png,test,2,Moderate
aptos:test/2_Moderate/f3cd489acbee.png,aptos,f3cd489acbee,f3cd489acbee.png,A:\DR_classification\data\organized\aptos\test\2_Moderate\f3cd489acbee.png,test/2_Moderate/f3cd489acbee.png,test,2,Moderate
aptos:test/2_Moderate/f460608cf4cc.png,aptos,f460608cf4cc,f460608cf4cc.png,A:\DR_classification\data\organized\aptos\test\2_Moderate\f460608cf4cc.png,test/2_Moderate/f460608cf4cc.png,test,2,Moderate
aptos:test/2_Moderate/f583a722434c.png,aptos,f583a722434c,f583a722434c.png,A:\DR_classification\data\organized\aptos\test\2_Moderate\f583a722434c.png,test/2_Moderate/f583a722434c.png,test,2,Moderate
aptos:test/2_Moderate/ffa47f6a7bf4.png,aptos,ffa47f6a7bf4,ffa47f6a7bf4.png,A:\DR_classification\data\organized\aptos\test\2_Moderate\ffa47f6a7bf4.png,test/2_Moderate/ffa47f6a7bf4.png,test,2,Moderate
aptos:test/3_Severe/069f43616fab.png,aptos,069f43616fab,069f43616fab.png,A:\DR_classification\data\organized\aptos\test\3_Severe\069f43616fab.png,test/3_Severe/069f43616fab.png,test,3,Severe
aptos:test/3_Severe/07a0e34c8d20.png,aptos,07a0e34c8d20,07a0e34c8d20.png,A:\DR_classification\data\organized\aptos\test\3_Severe\07a0e34c8d20.png,test/3_Severe/07a0e34c8d20.png,test,3,Severe
aptos:test/3_Severe/0c917c372572.png,aptos,0c917c372572,0c917c372572.png,A:\DR_classification\data\organized\aptos\test\3_Severe\0c917c372572.png,test/3_Severe/0c917c372572.png,test,3,Severe
aptos:test/3_Severe/15bed5adde74.png,aptos,15bed5adde74,15bed5adde74.png,A:\DR_classification\data\organized\aptos\test\3_Severe\15bed5adde74.png,test/3_Severe/15bed5adde74.png,test,3,Severe
aptos:test/3_Severe/269b44e628eb.png,aptos,269b44e628eb,269b44e628eb.png,A:\DR_classification\data\organized\aptos\test\3_Severe\269b44e628eb.png,test/3_Severe/269b44e628eb.png,test,3,Severe
aptos:test/3_Severe/36b5b3c9fb32.png,aptos,36b5b3c9fb32,36b5b3c9fb32.png,A:\DR_classification\data\organized\aptos\test\3_Severe\36b5b3c9fb32.png,test/3_Severe/36b5b3c9fb32.png,test,3,Severe
aptos:test/3_Severe/383e72af1955.png,aptos,383e72af1955,383e72af1955.png,A:\DR_classification\data\organized\aptos\test\3_Severe\383e72af1955.png,test/3_Severe/383e72af1955.png,test,3,Severe
aptos:test/3_Severe/457c7c927e27.png,aptos,457c7c927e27,457c7c927e27.png,A:\DR_classification\data\organized\aptos\test\3_Severe\457c7c927e27.png,test/3_Severe/457c7c927e27.png,test,3,Severe
aptos:test/3_Severe/498f143c0374.png,aptos,498f143c0374,498f143c0374.png,A:\DR_classification\data\organized\aptos\test\3_Severe\498f143c0374.png,test/3_Severe/498f143c0374.png,test,3,Severe
aptos:test/3_Severe/51da6aebba8f.png,aptos,51da6aebba8f,51da6aebba8f.png,A:\DR_classification\data\organized\aptos\test\3_Severe\51da6aebba8f.png,test/3_Severe/51da6aebba8f.png,test,3,Severe
aptos:test/3_Severe/5f13e8a07344.png,aptos,5f13e8a07344,5f13e8a07344.png,A:\DR_classification\data\organized\aptos\test\3_Severe\5f13e8a07344.png,test/3_Severe/5f13e8a07344.png,test,3,Severe
aptos:test/3_Severe/6181aa9f75f4.png,aptos,6181aa9f75f4,6181aa9f75f4.png,A:\DR_classification\data\organized\aptos\test\3_Severe\6181aa9f75f4.png,test/3_Severe/6181aa9f75f4.png,test,3,Severe
aptos:test/3_Severe/6baafa56895c.png,aptos,6baafa56895c,6baafa56895c.png,A:\DR_classification\data\organized\aptos\test\3_Severe\6baafa56895c.png,test/3_Severe/6baafa56895c.png,test,3,Severe
aptos:test/3_Severe/810d3779abd9.png,aptos,810d3779abd9,810d3779abd9.png,A:\DR_classification\data\organized\aptos\test\3_Severe\810d3779abd9.png,test/3_Severe/810d3779abd9.png,test,3,Severe
aptos:test/3_Severe/8201cab8322d.png,aptos,8201cab8322d,8201cab8322d.png,A:\DR_classification\data\organized\aptos\test\3_Severe\8201cab8322d.png,test/3_Severe/8201cab8322d.png,test,3,Severe
aptos:test/3_Severe/90b8bf342032.png,aptos,90b8bf342032,90b8bf342032.png,A:\DR_classification\data\organized\aptos\test\3_Severe\90b8bf342032.png,test/3_Severe/90b8bf342032.png,test,3,Severe
aptos:test/3_Severe/913490237ad4.png,aptos,913490237ad4,913490237ad4.png,A:\DR_classification\data\organized\aptos\test\3_Severe\913490237ad4.png,test/3_Severe/913490237ad4.png,test,3,Severe
aptos:test/3_Severe/916ec976ff30.png,aptos,916ec976ff30,916ec976ff30.png,A:\DR_classification\data\organized\aptos\test\3_Severe\916ec976ff30.png,test/3_Severe/916ec976ff30.png,test,3,Severe
aptos:test/3_Severe/9fefe2b44795.png,aptos,9fefe2b44795,9fefe2b44795.png,A:\DR_classification\data\organized\aptos\test\3_Severe\9fefe2b44795.png,test/3_Severe/9fefe2b44795.png,test,3,Severe
aptos:test/3_Severe/a80dab8eddf4.png,aptos,a80dab8eddf4,a80dab8eddf4.png,A:\DR_classification\data\organized\aptos\test\3_Severe\a80dab8eddf4.png,test/3_Severe/a80dab8eddf4.png,test,3,Severe
aptos:test/3_Severe/c3cd0200df79.png,aptos,c3cd0200df79,c3cd0200df79.png,A:\DR_classification\data\organized\aptos\test\3_Severe\c3cd0200df79.png,test/3_Severe/c3cd0200df79.png,test,3,Severe
aptos:test/3_Severe/dbfd238b3468.png,aptos,dbfd238b3468,dbfd238b3468.png,A:\DR_classification\data\organized\aptos\test\3_Severe\dbfd238b3468.png,test/3_Severe/dbfd238b3468.png,test,3,Severe
aptos:test/3_Severe/e0b5a982a018.png,aptos,e0b5a982a018,e0b5a982a018.png,A:\DR_classification\data\organized\aptos\test\3_Severe\e0b5a982a018.png,test/3_Severe/e0b5a982a018.png,test,3,Severe
aptos:test/3_Severe/e52ed5c29c5e.png,aptos,e52ed5c29c5e,e52ed5c29c5e.png,A:\DR_classification\data\organized\aptos\test\3_Severe\e52ed5c29c5e.png,test/3_Severe/e52ed5c29c5e.png,test,3,Severe
aptos:test/3_Severe/e93394175a19.png,aptos,e93394175a19,e93394175a19.png,A:\DR_classification\data\organized\aptos\test\3_Severe\e93394175a19.png,test/3_Severe/e93394175a19.png,test,3,Severe
aptos:test/3_Severe/f5a8c6426a71.png,aptos,f5a8c6426a71,f5a8c6426a71.png,A:\DR_classification\data\organized\aptos\test\3_Severe\f5a8c6426a71.png,test/3_Severe/f5a8c6426a71.png,test,3,Severe
aptos:test/3_Severe/f9156aeffc5e.png,aptos,f9156aeffc5e,f9156aeffc5e.png,A:\DR_classification\data\organized\aptos\test\3_Severe\f9156aeffc5e.png,test/3_Severe/f9156aeffc5e.png,test,3,Severe
aptos:test/4_Proliferative_DR/034cb07a550f.png,aptos,034cb07a550f,034cb07a550f.png,A:\DR_classification\data\organized\aptos\test\4_Proliferative_DR\034cb07a550f.png,test/4_Proliferative_DR/034cb07a550f.png,test,4,Proliferative_DR
aptos:test/4_Proliferative_DR/08a3875063c3.png,aptos,08a3875063c3,08a3875063c3.png,A:\DR_classification\data\organized\aptos\test\4_Proliferative_DR\08a3875063c3.png,test/4_Proliferative_DR/08a3875063c3.png,test,4,Proliferative_DR
aptos:test/4_Proliferative_DR/0ada12c0e78f.png,aptos,0ada12c0e78f,0ada12c0e78f.png,A:\DR_classification\data\organized\aptos\test\4_Proliferative_DR\0ada12c0e78f.png,test/4_Proliferative_DR/0ada12c0e78f.png,test,4,Proliferative_DR
aptos:test/4_Proliferative_DR/0ceb222f6629.png,aptos,0ceb222f6629,0ceb222f6629.png,A:\DR_classification\data\organized\aptos\test\4_Proliferative_DR\0ceb222f6629.png,test/4_Proliferative_DR/0ceb222f6629.png,test,4,Proliferative_DR
aptos:test/4_Proliferative_DR/11242a67122d.png,aptos,11242a67122d,11242a67122d.png,A:\DR_classification\data\organized\aptos\test\4_Proliferative_DR\11242a67122d.png,test/4_Proliferative_DR/11242a67122d.png,test,4,Proliferative_DR
aptos:test/4_Proliferative_DR/1a7e3356b39c.png,aptos,1a7e3356b39c,1a7e3356b39c.png,A:\DR_classification\data\organized\aptos\test\4_Proliferative_DR\1a7e3356b39c.png,test/4_Proliferative_DR/1a7e3356b39c.png,test,4,Proliferative_DR
aptos:test/4_Proliferative_DR/20d5fdd450ae.png,aptos,20d5fdd450ae,20d5fdd450ae.png,A:\DR_classification\data\organized\aptos\test\4_Proliferative_DR\20d5fdd450ae.png,test/4_Proliferative_DR/20d5fdd450ae.png,test,4,Proliferative_DR
aptos:test/4_Proliferative_DR/21abd36095a1.png,aptos,21abd36095a1,21abd36095a1.png,A:\DR_classification\data\organized\aptos\test\4_Proliferative_DR\21abd36095a1.png,test/4_Proliferative_DR/21abd36095a1.png,test,4,Proliferative_DR
aptos:test/4_Proliferative_DR/22895c89792f.png,aptos,22895c89792f,22895c89792f.png,A:\DR_classification\data\organized\aptos\test\4_Proliferative_DR\22895c89792f.png,test/4_Proliferative_DR/22895c89792f.png,test,4,Proliferative_DR
aptos:test/4_Proliferative_DR/262ad704319c.png,aptos,262ad704319c,262ad704319c.png,A:\DR_classification\data\organized\aptos\test\4_Proliferative_DR\262ad704319c.png,test/4_Proliferative_DR/262ad704319c.png,test,4,Proliferative_DR
aptos:test/4_Proliferative_DR/3a6e9730b298.png,aptos,3a6e9730b298,3a6e9730b298.png,A:\DR_classification\data\organized\aptos\test\4_Proliferative_DR\3a6e9730b298.png,test/4_Proliferative_DR/3a6e9730b298.png,test,4,Proliferative_DR
aptos:test/4_Proliferative_DR/44ecf3f4efa5.png,aptos,44ecf3f4efa5,44ecf3f4efa5.png,A:\DR_classification\data\organized\aptos\test\4_Proliferative_DR\44ecf3f4efa5.png,test/4_Proliferative_DR/44ecf3f4efa5.png,test,4,Proliferative_DR
aptos:test/4_Proliferative_DR/518e880613de.png,aptos,518e880613de,518e880613de.png,A:\DR_classification\data\organized\aptos\test\4_Proliferative_DR\518e880613de.png,test/4_Proliferative_DR/518e880613de.png,test,4,Proliferative_DR
aptos:test/4_Proliferative_DR/51a1d162e223.png,aptos,51a1d162e223,51a1d162e223.png,A:\DR_classification\data\organized\aptos\test\4_Proliferative_DR\51a1d162e223.png,test/4_Proliferative_DR/51a1d162e223.png,test,4,Proliferative_DR
aptos:test/4_Proliferative_DR/5b5b80a3edee.png,aptos,5b5b80a3edee,5b5b80a3edee.png,A:\DR_classification\data\organized\aptos\test\4_Proliferative_DR\5b5b80a3edee.png,test/4_Proliferative_DR/5b5b80a3edee.png,test,4,Proliferative_DR
aptos:test/4_Proliferative_DR/64bad93fde3f.png,aptos,64bad93fde3f,64bad93fde3f.png,A:\DR_classification\data\organized\aptos\test\4_Proliferative_DR\64bad93fde3f.png,test/4_Proliferative_DR/64bad93fde3f.png,test,4,Proliferative_DR
aptos:test/4_Proliferative_DR/65e120143825.png,aptos,65e120143825,65e120143825.png,A:\DR_classification\data\organized\aptos\test\4_Proliferative_DR\65e120143825.png,test/4_Proliferative_DR/65e120143825.png,test,4,Proliferative_DR
aptos:test/4_Proliferative_DR/66a0bf258013.png,aptos,66a0bf258013,66a0bf258013.png,A:\DR_classification\data\organized\aptos\test\4_Proliferative_DR\66a0bf258013.png,test/4_Proliferative_DR/66a0bf258013.png,test,4,Proliferative_DR
aptos:test/4_Proliferative_DR/72d98188648f.png,aptos,72d98188648f,72d98188648f.png,A:\DR_classification\data\organized\aptos\test\4_Proliferative_DR\72d98188648f.png,test/4_Proliferative_DR/72d98188648f.png,test,4,Proliferative_DR
aptos:test/4_Proliferative_DR/7b211d8bd249.png,aptos,7b211d8bd249,7b211d8bd249.png,A:\DR_classification\data\organized\aptos\test\4_Proliferative_DR\7b211d8bd249.png,test/4_Proliferative_DR/7b211d8bd249.png,test,4,Proliferative_DR
aptos:test/4_Proliferative_DR/85cbb84ac8e0.png,aptos,85cbb84ac8e0,85cbb84ac8e0.png,A:\DR_classification\data\organized\aptos\test\4_Proliferative_DR\85cbb84ac8e0.png,test/4_Proliferative_DR/85cbb84ac8e0.png,test,4,Proliferative_DR
aptos:test/4_Proliferative_DR/887c26fc0e1f.png,aptos,887c26fc0e1f,887c26fc0e1f.png,A:\DR_classification\data\organized\aptos\test\4_Proliferative_DR\887c26fc0e1f.png,test/4_Proliferative_DR/887c26fc0e1f.png,test,4,Proliferative_DR
aptos:test/4_Proliferative_DR/8eeac97f02f0.png,aptos,8eeac97f02f0,8eeac97f02f0.png,A:\DR_classification\data\organized\aptos\test\4_Proliferative_DR\8eeac97f02f0.png,test/4_Proliferative_DR/8eeac97f02f0.png,test,4,Proliferative_DR
aptos:test/4_Proliferative_DR/95e732e043a1.png,aptos,95e732e043a1,95e732e043a1.png,A:\DR_classification\data\organized\aptos\test\4_Proliferative_DR\95e732e043a1.png,test/4_Proliferative_DR/95e732e043a1.png,test,4,Proliferative_DR
aptos:test/4_Proliferative_DR/a11bf2edd470.png,aptos,a11bf2edd470,a11bf2edd470.png,A:\DR_classification\data\organized\aptos\test\4_Proliferative_DR\a11bf2edd470.png,test/4_Proliferative_DR/a11bf2edd470.png,test,4,Proliferative_DR
aptos:test/4_Proliferative_DR/a2ddabee14e9.png,aptos,a2ddabee14e9,a2ddabee14e9.png,A:\DR_classification\data\organized\aptos\test\4_Proliferative_DR\a2ddabee14e9.png,test/4_Proliferative_DR/a2ddabee14e9.png,test,4,Proliferative_DR
aptos:test/4_Proliferative_DR/a32b5ce3d48a.png,aptos,a32b5ce3d48a,a32b5ce3d48a.png,A:\DR_classification\data\organized\aptos\test\4_Proliferative_DR\a32b5ce3d48a.png,test/4_Proliferative_DR/a32b5ce3d48a.png,test,4,Proliferative_DR
aptos:test/4_Proliferative_DR/a5c9a8c726b2.png,aptos,a5c9a8c726b2,a5c9a8c726b2.png,A:\DR_classification\data\organized\aptos\test\4_Proliferative_DR\a5c9a8c726b2.png,test/4_Proliferative_DR/a5c9a8c726b2.png,test,4,Proliferative_DR
aptos:test/4_Proliferative_DR/a6d45de20e4d.png,aptos,a6d45de20e4d,a6d45de20e4d.png,A:\DR_classification\data\organized\aptos\test\4_Proliferative_DR\a6d45de20e4d.png,test/4_Proliferative_DR/a6d45de20e4d.png,test,4,Proliferative_DR
aptos:test/4_Proliferative_DR/ab1c20a94f3f.png,aptos,ab1c20a94f3f,ab1c20a94f3f.png,A:\DR_classification\data\organized\aptos\test\4_Proliferative_DR\ab1c20a94f3f.png,test/4_Proliferative_DR/ab1c20a94f3f.png,test,4,Proliferative_DR
aptos:test/4_Proliferative_DR/b1b3e7d0a5f3.png,aptos,b1b3e7d0a5f3,b1b3e7d0a5f3.png,A:\DR_classification\data\organized\aptos\test\4_Proliferative_DR\b1b3e7d0a5f3.png,test/4_Proliferative_DR/b1b3e7d0a5f3.png,test,4,Proliferative_DR
aptos:test/4_Proliferative_DR/b77b8a1f09f1.png,aptos,b77b8a1f09f1,b77b8a1f09f1.png,A:\DR_classification\data\organized\aptos\test\4_Proliferative_DR\b77b8a1f09f1.png,test/4_Proliferative_DR/b77b8a1f09f1.png,test,4,Proliferative_DR
aptos:test/4_Proliferative_DR/ba735b286d62.png,aptos,ba735b286d62,ba735b286d62.png,A:\DR_classification\data\organized\aptos\test\4_Proliferative_DR\ba735b286d62.png,test/4_Proliferative_DR/ba735b286d62.png,test,4,Proliferative_DR
aptos:test/4_Proliferative_DR/d1a24527a15d.png,aptos,d1a24527a15d,d1a24527a15d.png,A:\DR_classification\data\organized\aptos\test\4_Proliferative_DR\d1a24527a15d.png,test/4_Proliferative_DR/d1a24527a15d.png,test,4,Proliferative_DR
aptos:test/4_Proliferative_DR/d48178e4a49b.png,aptos,d48178e4a49b,d48178e4a49b.png,A:\DR_classification\data\organized\aptos\test\4_Proliferative_DR\d48178e4a49b.png,test/4_Proliferative_DR/d48178e4a49b.png,test,4,Proliferative_DR
aptos:test/4_Proliferative_DR/dad71ba27a9b.png,aptos,dad71ba27a9b,dad71ba27a9b.png,A:\DR_classification\data\organized\aptos\test\4_Proliferative_DR\dad71ba27a9b.png,test/4_Proliferative_DR/dad71ba27a9b.png,test,4,Proliferative_DR
aptos:test/4_Proliferative_DR/df84e7113003.png,aptos,df84e7113003,df84e7113003.png,A:\DR_classification\data\organized\aptos\test\4_Proliferative_DR\df84e7113003.png,test/4_Proliferative_DR/df84e7113003.png,test,4,Proliferative_DR
aptos:test/4_Proliferative_DR/e7d2c2c3b30f.png,aptos,e7d2c2c3b30f,e7d2c2c3b30f.png,A:\DR_classification\data\organized\aptos\test\4_Proliferative_DR\e7d2c2c3b30f.png,test/4_Proliferative_DR/e7d2c2c3b30f.png,test,4,Proliferative_DR
aptos:test/4_Proliferative_DR/e821c1b6417a.png,aptos,e821c1b6417a,e821c1b6417a.png,A:\DR_classification\data\organized\aptos\test\4_Proliferative_DR\e821c1b6417a.png,test/4_Proliferative_DR/e821c1b6417a.png,test,4,Proliferative_DR
aptos:test/4_Proliferative_DR/e9ab8413e771.png,aptos,e9ab8413e771,e9ab8413e771.png,A:\DR_classification\data\organized\aptos\test\4_Proliferative_DR\e9ab8413e771.png,test/4_Proliferative_DR/e9ab8413e771.png,test,4,Proliferative_DR
aptos:test/4_Proliferative_DR/f025f33b2c9b.png,aptos,f025f33b2c9b,f025f33b2c9b.png,A:\DR_classification\data\organized\aptos\test\4_Proliferative_DR\f025f33b2c9b.png,test/4_Proliferative_DR/f025f33b2c9b.png,test,4,Proliferative_DR
aptos:train/0_No_DR/002c21358ce6.png,aptos,002c21358ce6,002c21358ce6.png,A:\DR_classification\data\organized\aptos\train\0_No_DR\002c21358ce6.png,train/0_No_DR/002c21358ce6.png,train,0,No_DR
aptos:train/0_No_DR/005b95c28852.png,aptos,005b95c28852,005b95c28852.png,A:\DR_classification\data\organized\aptos\train\0_No_DR\005b95c28852.png,train/0_No_DR/005b95c28852.png,train,0,No_DR
aptos:train/0_No_DR/0097f532ac9f.png,aptos,0097f532ac9f,0097f532ac9f.png,A:\DR_classification\data\organized\aptos\train\0_No_DR\0097f532ac9f.png,train/0_No_DR/0097f532ac9f.png,train,0,No_DR
aptos:train/0_No_DR/00f6c1be5a33.png,aptos,00f6c1be5a33,00f6c1be5a33.png,A:\DR_classification\data\organized\aptos\train\0_No_DR\00f6c1be5a33.png,train/0_No_DR/00f6c1be5a33.png,train,0,No_DR
aptos:train/0_No_DR/014508ccb9cb.png,aptos,014508ccb9cb,014508ccb9cb.png,A:\DR_classification\data\organized\aptos\train\0_No_DR\014508ccb9cb.png,train/0_No_DR/014508ccb9cb.png,train,0,No_DR
aptos:train/0_No_DR/0151781fe50b.png,aptos,0151781fe50b,0151781fe50b.png,A:\DR_classification\data\organized\aptos\train\0_No_DR\0151781fe50b.png,train/0_No_DR/0151781fe50b.png,train,0,No_DR
aptos:train/0_No_DR/0182152c50de.png,aptos,0182152c50de,0182152c50de.png,A:\DR_classification\data\organized\aptos\train\0_No_DR\0182152c50de.png,train/0_No_DR/0182152c50de.png,train,0,No_DR
aptos:train/0_No_DR/01d9477b1171.png,aptos,01d9477b1171,01d9477b1171.png,A:\DR_classification\data\organized\aptos\train\0_No_DR\01d9477b1171.png,train/0_No_DR/01d9477b1171.png,train,0,No_DR
aptos:train/0_No_DR/01f7bb8be950.png,aptos,01f7bb8be950,01f7bb8be950.png,A:\DR_classification\data\organized\aptos\train\0_No_DR\01f7bb8be950.png,train/0_No_DR/01f7bb8be950.png,train,0,No_DR
aptos:train/0_No_DR/0212dd31f623.png,aptos,0212dd31f623,0212dd31f623.png,A:\DR_classification\data\organized\aptos\train\0_No_DR\0212dd31f623.png,train/0_No_DR/0212dd31f623.png,train,0,No_DR
aptos:train/0_No_DR/022f820027b8.png,aptos,022f820027b8,022f820027b8.png,A:\DR_classification\data\organized\aptos\train\0_No_DR\022f820027b8.png,train/0_No_DR/022f820027b8.png,train,0,No_DR
aptos:train/0_No_DR/0232dfea7547.png,aptos,0232dfea7547,0232dfea7547.png,A:\DR_classification\data\organized\aptos\train\0_No_DR\0232dfea7547.png,train/0_No_DR/0232dfea7547.png,train,0,No_DR
aptos:train/0_No_DR/02358b47ea89.png,aptos,02358b47ea89,02358b47ea89.png,A:\DR_classification\data\organized\aptos\train\0_No_DR\02358b47ea89.png,train/0_No_DR/02358b47ea89.png,train,0,No_DR
aptos:train/0_No_DR/02da652c74b8.png,aptos,02da652c74b8,02da652c74b8.png,A:\DR_classification\data\organized\aptos\train\0_No_DR\02da652c74b8.png,train/0_No_DR/02da652c74b8.png,train,0,No_DR
aptos:train/0_No_DR/0304bedad8fe.png,aptos,0304bedad8fe,0304bedad8fe.png,A:\DR_classification\data\organized\aptos\train\0_No_DR\0304bedad8fe.png,train/0_No_DR/0304bedad8fe.png,train,0,No_DR
aptos:train/0_No_DR/0423237770a7.png,aptos,0423237770a7,0423237770a7.png,A:\DR_classification\data\organized\aptos\train\0_No_DR\0423237770a7.png,train/0_No_DR/0423237770a7.png,train,0,No_DR
aptos:train/0_No_DR/04579e31e4be.png,aptos,04579e31e4be,04579e31e4be.png,A:\DR_classification\data\organized\aptos\train\0_No_DR\04579e31e4be.png,train/0_No_DR/04579e31e4be.png,train,0,No_DR
aptos:train/0_No_DR/04aef84a2cc1.png,aptos,04aef84a2cc1,04aef84a2cc1.png,A:\DR_classification\data\organized\aptos\train\0_No_DR\04aef84a2cc1.png,train/0_No_DR/04aef84a2cc1.png,train,0,No_DR
aptos:train/0_No_DR/04efb1a284cc.png,aptos,04efb1a284cc,04efb1a284cc.png,A:\DR_classification\data\organized\aptos\train\0_No_DR\04efb1a284cc.png,train/0_No_DR/04efb1a284cc.png,train,0,No_DR
aptos:train/0_No_DR/050bb1eafa76.png,aptos,050bb1eafa76,050bb1eafa76.png,A:\DR_classification\data\organized\aptos\train\0_No_DR\050bb1eafa76.png,train/0_No_DR/050bb1eafa76.png,train,0,No_DR
aptos:train/0_No_DR/05113073b268.png,aptos,05113073b268,05113073b268.png,A:\DR_classification\data\organized\aptos\train\0_No_DR\05113073b268.png,train/0_No_DR/05113073b268.png,train,0,No_DR
aptos:train/0_No_DR/05195a3db5e2.png,aptos,05195a3db5e2,05195a3db5e2.png,A:\DR_classification\data\organized\aptos\train\0_No_DR\05195a3db5e2.png,train/0_No_DR/05195a3db5e2.png,train,0,No_DR
aptos:train/0_No_DR/05339950962e.png,aptos,05339950962e,05339950962e.png,A:\DR_classification\data\organized\aptos\train\0_No_DR\05339950962e.png,train/0_No_DR/05339950962e.png,train,0,No_DR
aptos:train/0_No_DR/054b1b305160.png,aptos,054b1b305160,054b1b305160.png,A:\DR_classification\data\organized\aptos\train\0_No_DR\054b1b305160.png,train/0_No_DR/054b1b305160.png,train,0,No_DR
aptos:train/0_No_DR/0551676cc2aa.png,aptos,0551676cc2aa,0551676cc2aa.png,A:\DR_classification\data\organized\aptos\train\0_No_DR\0551676cc2aa.png,train/0_No_DR/0551676cc2aa.png,train,0,No_DR
aptos:train/0_No_DR/05b1bb2bdb81.png,aptos,05b1bb2bdb81,05b1bb2bdb81.png,A:\DR_classification\data\organized\aptos\train\0_No_DR\05b1bb2bdb81.png,train/0_No_DR/05b1bb2bdb81.png,train,0,No_DR
aptos:train/0_No_DR/05e9126dfa5c.png,aptos,05e9126dfa5c,05e9126dfa5c.png,A:\DR_classification\data\organized\aptos\train\0_No_DR\05e9126dfa5c.png,train/0_No_DR/05e9126dfa5c.png,train,0,No_DR
aptos:train/0_No_DR/06586082a24d.png,aptos,06586082a24d,06586082a24d.png,A:\DR_classification\data\organized\aptos\train\0_No_DR\06586082a24d.png,train/0_No_DR/06586082a24d.png,train,0,No_DR
aptos:train/0_No_DR/0709652336e2.png,aptos,0709652336e2,0709652336e2.png,A:\DR_classification\data\organized\aptos\train\0_No_DR\0709652336e2.png,train/0_No_DR/0709652336e2.png,train,0,No_DR
aptos:train/0_No_DR/070d4ce5fd90.png,aptos,070d4ce5fd90,070d4ce5fd90.png,A:\DR_classification\data\organized\aptos\train\0_No_DR\070d4ce5fd90.png,train/0_No_DR/070d4ce5fd90.png,train,0,No_DR
aptos:train/0_No_DR/0773a1c326ad.png,aptos,0773a1c326ad,0773a1c326ad.png,A:\DR_classification\data\organized\aptos\train\0_No_DR\0773a1c326ad.png,train/0_No_DR/0773a1c326ad.png,train,0,No_DR
aptos:train/0_No_DR/0790515cf5af.png,aptos,0790515cf5af,0790515cf5af.png,A:\DR_classification\data\organized\aptos\train\0_No_DR\0790515cf5af.png,train/0_No_DR/0790515cf5af.png,train,0,No_DR
aptos:train/0_No_DR/07e827469099.png,aptos,07e827469099,07e827469099.png,A:\DR_classification\data\organized\aptos\train\0_No_DR\07e827469099.png,train/0_No_DR/07e827469099.png,train,0,No_DR
aptos:train/0_No_DR/07f5d7baf907.png,aptos,07f5d7baf907,07f5d7baf907.png,A:\DR_classification\data\organized\aptos\train\0_No_DR\07f5d7baf907.png,train/0_No_DR/07f5d7baf907.png,train,0,No_DR
aptos:train/0_No_DR/08037e4490e5.png,aptos,08037e4490e5,08037e4490e5.png,A:\DR_classification\data\organized\aptos\train\0_No_DR\08037e4490e5.png,train/0_No_DR/08037e4490e5.png,train,0,No_DR
aptos:train/0_No_DR/084c02cf077f.png,aptos,084c02cf077f,084c02cf077f.png,A:\DR_classification\data\organized\aptos\train\0_No_DR\084c02cf077f.png,train/0_No_DR/084c02cf077f.png,train,0,No_DR
aptos:train/0_No_DR/0851d6a69589.png,aptos,0851d6a69589,0851d6a69589.png,A:\DR_classification\data\organized\aptos\train\0_No_DR\0851d6a69589.png,train/0_No_DR/0851d6a69589.png,train,0,No_DR
aptos:train/0_No_DR/08b6e3240858.png,aptos,08b6e3240858,08b6e3240858.png,A:\DR_classification\data\organized\aptos\train\0_No_DR\08b6e3240858.png,train/0_No_DR/08b6e3240858.png,train,0,No_DR
aptos:train/0_No_DR/08c60c647673.png,aptos,08c60c647673,08c60c647673.png,A:\DR_classification\data\organized\aptos\train\0_No_DR\08c60c647673.png,train/0_No_DR/08c60c647673.png,train,0,No_DR
aptos:train/0_No_DR/08ee569d4721.png,aptos,08ee569d4721,08ee569d4721.png,A:\DR_classification\data\organized\aptos\train\0_No_DR\08ee569d4721.png,train/0_No_DR/08ee569d4721.png,train,0,No_DR
aptos:train/0_No_DR/09237bf783a4.png,aptos,09237bf783a4,09237bf783a4.png,A:\DR_classification\data\organized\aptos\train\0_No_DR\09237bf783a4.png,train/0_No_DR/09237bf783a4.png,train,0,No_DR
aptos:train/0_No_DR/093cf723fede.png,aptos,093cf723fede,093cf723fede.png,A:\DR_classification\data\organized\aptos\train\0_No_DR\093cf723fede.png,train/0_No_DR/093cf723fede.png,train,0,No_DR
aptos:train/0_No_DR/096436d68d06.png,aptos,096436d68d06,096436d68d06.png,A:\DR_classification\data\organized\aptos\train\0_No_DR\096436d68d06.png,train/0_No_DR/096436d68d06.png,train,0,No_DR
aptos:train/0_No_DR/09662e462531.png,aptos,09662e462531,09662e462531.png,A:\DR_classification\data\organized\aptos\train\0_No_DR\09662e462531.png,train/0_No_DR/09662e462531.png,train,0,No_DR
aptos:train/0_No_DR/09934421c79e.png,aptos,09934421c79e,09934421c79e.png,A:\DR_classification\data\organized\aptos\train\0_No_DR\09934421c79e.png,train/0_No_DR/09934421c79e.png,train,0,No_DR
aptos:train/0_No_DR/09c8323c612e.png,aptos,09c8323c612e,09c8323c612e.png,A:\DR_classification\data\organized\aptos\train\0_No_DR\09c8323c612e.png,train/0_No_DR/09c8323c612e.png,train,0,No_DR
aptos:train/0_No_DR/09f1111a388a.png,aptos,09f1111a388a,09f1111a388a.png,A:\DR_classification\data\organized\aptos\train\0_No_DR\09f1111a388a.png,train/0_No_DR/09f1111a388a.png,train,0,No_DR
aptos:train/0_No_DR/0a38b552372d.png,aptos,0a38b552372d,0a38b552372d.png,A:\DR_classification\data\organized\aptos\train\0_No_DR\0a38b552372d.png,train/0_No_DR/0a38b552372d.png,train,0,No_DR
aptos:train/0_No_DR/0a74c92e287c.png,aptos,0a74c92e287c,0a74c92e287c.png,A:\DR_classification\data\organized\aptos\train\0_No_DR\0a74c92e287c.png,train/0_No_DR/0a74c92e287c.png,train,0,No_DR
aptos:train/0_No_DR/0a902c80d5da.png,aptos,0a902c80d5da,0a902c80d5da.png,A:\DR_classification\data\organized\aptos\train\0_No_DR\0a902c80d5da.png,train/0_No_DR/0a902c80d5da.png,train,0,No_DR
aptos:train/0_No_DR/0abf0c485f66.png,aptos,0abf0c485f66,0abf0c485f66.png,A:\DR_classification\data\organized\aptos\train\0_No_DR\0abf0c485f66.png,train/0_No_DR/0abf0c485f66.png,train,0,No_DR
aptos:train/0_No_DR/0ae2dd2e09ea.png,aptos,0ae2dd2e09ea,0ae2dd2e09ea.png,A:\DR_classification\data\organized\aptos\train\0_No_DR\0ae2dd2e09ea.png,train/0_No_DR/0ae2dd2e09ea.png,train,0,No_DR
aptos:train/0_No_DR/0afbeeef0ff7.png,aptos,0afbeeef0ff7,0afbeeef0ff7.png,A:\DR_classification\data\organized\aptos\train\0_No_DR\0afbeeef0ff7.png,train/0_No_DR/0afbeeef0ff7.png,train,0,No_DR
aptos:train/0_No_DR/0b00f8a77510.png,aptos,0b00f8a77510,0b00f8a77510.png,A:\DR_classification\data\organized\aptos\train\0_No_DR\0b00f8a77510.png,train/0_No_DR/0b00f8a77510.png,train,0,No_DR
aptos:train/0_No_DR/0b2ea8f268cf.png,aptos,0b2ea8f268cf,0b2ea8f268cf.png,A:\DR_classification\data\organized\aptos\train\0_No_DR\0b2ea8f268cf.png,train/0_No_DR/0b2ea8f268cf.png,train,0,No_DR
aptos:train/0_No_DR/0b3efe669365.png,aptos,0b3efe669365,0b3efe669365.png,A:\DR_classification\data\organized\aptos\train\0_No_DR\0b3efe669365.png,train/0_No_DR/0b3efe669365.png,train,0,No_DR
aptos:train/0_No_DR/0b8bdec9d869.png,aptos,0b8bdec9d869,0b8bdec9d869.png,A:\DR_classification\data\organized\aptos\train\0_No_DR\0b8bdec9d869.png,train/0_No_DR/0b8bdec9d869.png,train,0,No_DR
aptos:train/0_No_DR/0babc12807b2.png,aptos,0babc12807b2,0babc12807b2.png,A:\DR_classification\data\organized\aptos\train\0_No_DR\0babc12807b2.png,train/0_No_DR/0babc12807b2.png,train,0,No_DR
aptos:train/0_No_DR/0c43c79e8cfb.png,aptos,0c43c79e8cfb,0c43c79e8cfb.png,A:\DR_classification\data\organized\aptos\train\0_No_DR\0c43c79e8cfb.png,train/0_No_DR/0c43c79e8cfb.png,train,0,No_DR
aptos:train/0_No_DR/0cae727cf119.png,aptos,0cae727cf119,0cae727cf119.png,A:\DR_classification\data\organized\aptos\train\0_No_DR\0cae727cf119.png,train/0_No_DR/0cae727cf119.png,train,0,No_DR
aptos:train/0_No_DR/0cb6b898389f.png,aptos,0cb6b898389f,0cb6b898389f.png,A:\DR_classification\data\organized\aptos\train\0_No_DR\0cb6b898389f.png,train/0_No_DR/0cb6b898389f.png,train,0,No_DR
aptos:train/0_No_DR/0cbcc7b23613.png,aptos,0cbcc7b23613,0cbcc7b23613.png,A:\DR_classification\data\organized\aptos\train\0_No_DR\0cbcc7b23613.png,train/0_No_DR/0cbcc7b23613.png,train,0,No_DR
aptos:train/0_No_DR/0ce062f26edc.png,aptos,0ce062f26edc,0ce062f26edc.png,A:\DR_classification\data\organized\aptos\train\0_No_DR\0ce062f26edc.png,train/0_No_DR/0ce062f26edc.png,train,0,No_DR
aptos:train/0_No_DR/0cecc2864b7f.png,aptos,0cecc2864b7f,0cecc2864b7f.png,A:\DR_classification\data\organized\aptos\train\0_No_DR\0cecc2864b7f.png,train/0_No_DR/0cecc2864b7f.png,train,0,No_DR
aptos:train/0_No_DR/0d744aed4d64.png,aptos,0d744aed4d64,0d744aed4d64.png,A:\DR_classification\data\organized\aptos\train\0_No_DR\0d744aed4d64.png,train/0_No_DR/0d744aed4d64.png,train,0,No_DR
aptos:train/0_No_DR/0d8f60ed9280.png,aptos,0d8f60ed9280,0d8f60ed9280.png,A:\DR_classification\data\organized\aptos\train\0_No_DR\0d8f60ed9280.png,train/0_No_DR/0d8f60ed9280.png,train,0,No_DR
aptos:train/0_No_DR/0d9a9896f801.png,aptos,0d9a9896f801,0d9a9896f801.png,A:\DR_classification\data\organized\aptos\train\0_No_DR\0d9a9896f801.png,train/0_No_DR/0d9a9896f801.png,train,0,No_DR
aptos:train/0_No_DR/0da321efbce6.png,aptos,0da321efbce6,0da321efbce6.png,A:\DR_classification\data\organized\aptos\train\0_No_DR\0da321efbce6.png,train/0_No_DR/0da321efbce6.png,train,0,No_DR
aptos:train/0_No_DR/0daddc45d832.png,aptos,0daddc45d832,0daddc45d832.png,A:\DR_classification\data\organized\aptos\train\0_No_DR\0daddc45d832.png,train/0_No_DR/0daddc45d832.png,train,0,No_DR
aptos:train/0_No_DR/0db1d8dcf219.png,aptos,0db1d8dcf219,0db1d8dcf219.png,A:\DR_classification\data\organized\aptos\train\0_No_DR\0db1d8dcf219.png,train/0_No_DR/0db1d8dcf219.png,train,0,No_DR
aptos:train/0_No_DR/0dbe6c26cedc.png,aptos,0dbe6c26cedc,0dbe6c26cedc.png,A:\DR_classification\data\organized\aptos\train\0_No_DR\0dbe6c26cedc.png,train/0_No_DR/0dbe6c26cedc.png,train,0,No_DR
aptos:train/0_No_DR/0e3572b5884a.png,aptos,0e3572b5884a,0e3572b5884a.png,A:\DR_classification\data\organized\aptos\train\0_No_DR\0e3572b5884a.png,train/0_No_DR/0e3572b5884a.png,train,0,No_DR
aptos:train/0_No_DR/0e94cd271c00.png,aptos,0e94cd271c00,0e94cd271c00.png,A:\DR_classification\data\organized\aptos\train\0_No_DR\0e94cd271c00.png,train/0_No_DR/0e94cd271c00.png,train,0,No_DR
aptos:train/0_No_DR/0eced86c9db8.png,aptos,0eced86c9db8,0eced86c9db8.png,A:\DR_classification\data\organized\aptos\train\0_No_DR\0eced86c9db8.png,train/0_No_DR/0eced86c9db8.png,train,0,No_DR
aptos:train/0_No_DR/0ef4c61dc056.png,aptos,0ef4c61dc056,0ef4c61dc056.png,A:\DR_classification\data\organized\aptos\train\0_No_DR\0ef4c61dc056.png,train/0_No_DR/0ef4c61dc056.png,train,0,No_DR
aptos:train/0_No_DR/0f6e645466a2.png,aptos,0f6e645466a2,0f6e645466a2.png,A:\DR_classification\data\organized\aptos\train\0_No_DR\0f6e645466a2.png,train/0_No_DR/0f6e645466a2.png,train,0,No_DR
aptos:train/0_No_DR/0fbbd665431f.png,aptos,0fbbd665431f,0fbbd665431f.png,A:\DR_classification\data\organized\aptos\train\0_No_DR\0fbbd665431f.png,train/0_No_DR/0fbbd665431f.png,train,0,No_DR
aptos:train/0_No_DR/0fe31196e0e8.png,aptos,0fe31196e0e8,0fe31196e0e8.png,A:\DR_classification\data\organized\aptos\train\0_No_DR\0fe31196e0e8.png,train/0_No_DR/0fe31196e0e8.png,train,0,No_DR
aptos:train/0_No_DR/1002b5151b8e.png,aptos,1002b5151b8e,1002b5151b8e.png,A:\DR_classification\data\organized\aptos\train\0_No_DR\1002b5151b8e.png,train/0_No_DR/1002b5151b8e.png,train,0,No_DR
aptos:train/0_No_DR/103f97a2ab15.png,aptos,103f97a2ab15,103f97a2ab15.png,A:\DR_classification\data\organized\aptos\train\0_No_DR\103f97a2ab15.png,train/0_No_DR/103f97a2ab15.png,train,0,No_DR
aptos:train/0_No_DR/10de500cf0c5.png,aptos,10de500cf0c5,10de500cf0c5.png,A:\DR_classification\data\organized\aptos\train\0_No_DR\10de500cf0c5.png,train/0_No_DR/10de500cf0c5.png,train,0,No_DR
aptos:train/0_No_DR/10f10fd30718.png,aptos,10f10fd30718,10f10fd30718.png,A:\DR_classification\data\organized\aptos\train\0_No_DR\10f10fd30718.png,train/0_No_DR/10f10fd30718.png,train,0,No_DR
aptos:train/0_No_DR/10f6ef37fe43.png,aptos,10f6ef37fe43,10f6ef37fe43.png,A:\DR_classification\data\organized\aptos\train\0_No_DR\10f6ef37fe43.png,train/0_No_DR/10f6ef37fe43.png,train,0,No_DR
aptos:train/0_No_DR/11b220a397b8.png,aptos,11b220a397b8,11b220a397b8.png,A:\DR_classification\data\organized\aptos\train\0_No_DR\11b220a397b8.png,train/0_No_DR/11b220a397b8.png,train,0,No_DR
aptos:train/0_No_DR/11d8e5eaee5b.png,aptos,11d8e5eaee5b,11d8e5eaee5b.png,A:\DR_classification\data\organized\aptos\train\0_No_DR\11d8e5eaee5b.png,train/0_No_DR/11d8e5eaee5b.png,train,0,No_DR
aptos:train/0_No_DR/12058bbb8299.png,aptos,12058bbb8299,12058bbb8299.png,A:\DR_classification\data\organized\aptos\train\0_No_DR\12058bbb8299.png,train/0_No_DR/12058bbb8299.png,train,0,No_DR
aptos:train/0_No_DR/12ab2f6397f0.png,aptos,12ab2f6397f0,12ab2f6397f0.png,A:\DR_classification\data\organized\aptos\train\0_No_DR\12ab2f6397f0.png,train/0_No_DR/12ab2f6397f0.png,train,0,No_DR
aptos:train/0_No_DR/12bc439d373a.png,aptos,12bc439d373a,12bc439d373a.png,A:\DR_classification\data\organized\aptos\train\0_No_DR\12bc439d373a.png,train/0_No_DR/12bc439d373a.png,train,0,No_DR
aptos:train/0_No_DR/12ef75375322.png,aptos,12ef75375322,12ef75375322.png,A:\DR_classification\data\organized\aptos\train\0_No_DR\12ef75375322.png,train/0_No_DR/12ef75375322.png,train,0,No_DR
aptos:train/0_No_DR/13073f075a56.png,aptos,13073f075a56,13073f075a56.png,A:\DR_classification\data\organized\aptos\train\0_No_DR\13073f075a56.png,train/0_No_DR/13073f075a56.png,train,0,No_DR
aptos:train/0_No_DR/13d014ccd136.png,aptos,13d014ccd136,13d014ccd136.png,A:\DR_classification\data\organized\aptos\train\0_No_DR\13d014ccd136.png,train/0_No_DR/13d014ccd136.png,train,0,No_DR
aptos:train/0_No_DR/13d411c85ffd.png,aptos,13d411c85ffd,13d411c85ffd.png,A:\DR_classification\data\organized\aptos\train\0_No_DR\13d411c85ffd.png,train/0_No_DR/13d411c85ffd.png,train,0,No_DR
aptos:train/0_No_DR/1409ab48175a.png,aptos,1409ab48175a,1409ab48175a.png,A:\DR_classification\data\organized\aptos\train\0_No_DR\1409ab48175a.png,train/0_No_DR/1409ab48175a.png,train,0,No_DR
aptos:train/0_No_DR/143db89c11c8.png,aptos,143db89c11c8,143db89c11c8.png,A:\DR_classification\data\organized\aptos\train\0_No_DR\143db89c11c8.png,train/0_No_DR/143db89c11c8.png,train,0,No_DR
aptos:train/0_No_DR/14c3b41d289c.png,aptos,14c3b41d289c,14c3b41d289c.png,A:\DR_classification\data\organized\aptos\train\0_No_DR\14c3b41d289c.png,train/0_No_DR/14c3b41d289c.png,train,0,No_DR
aptos:train/0_No_DR/1509d097b69a.png,aptos,1509d097b69a,1509d097b69a.png,A:\DR_classification\data\organized\aptos\train\0_No_DR\1509d097b69a.png,train/0_No_DR/1509d097b69a.png,train,0,No_DR
aptos:train/0_No_DR/150f92b45349.png,aptos,150f92b45349,150f92b45349.png,A:\DR_classification\data\organized\aptos\train\0_No_DR\150f92b45349.png,train/0_No_DR/150f92b45349.png,train,0,No_DR
aptos:train/0_No_DR/150fc7127582.png,aptos,150fc7127582,150fc7127582.png,A:\DR_classification\data\organized\aptos\train\0_No_DR\150fc7127582.png,train/0_No_DR/150fc7127582.png,train,0,No_DR
aptos:train/0_No_DR/152db3de8120.png,aptos,152db3de8120,152db3de8120.png,A:\DR_classification\data\organized\aptos\train\0_No_DR\152db3de8120.png,train/0_No_DR/152db3de8120.png,train,0,No_DR
aptos:train/0_No_DR/155e2df6bfcf.png,aptos,155e2df6bfcf,155e2df6bfcf.png,A:\DR_classification\data\organized\aptos\train\0_No_DR\155e2df6bfcf.png,train/0_No_DR/155e2df6bfcf.png,train,0,No_DR
aptos:train/0_No_DR/15b21c80cc31.png,aptos,15b21c80cc31,15b21c80cc31.png,A:\DR_classification\data\organized\aptos\train\0_No_DR\15b21c80cc31.png,train/0_No_DR/15b21c80cc31.png,train,0,No_DR
aptos:train/0_No_DR/15c24478ac72.png,aptos,15c24478ac72,15c24478ac72.png,A:\DR_classification\data\organized\aptos\train\0_No_DR\15c24478ac72.png,train/0_No_DR/15c24478ac72.png,train,0,No_DR
aptos:train/0_No_DR/15e24b73d4a7.png,aptos,15e24b73d4a7,15e24b73d4a7.png,A:\DR_classification\data\organized\aptos\train\0_No_DR\15e24b73d4a7.png,train/0_No_DR/15e24b73d4a7.png,train,0,No_DR
aptos:train/0_No_DR/15f8d769935c.png,aptos,15f8d769935c,15f8d769935c.png,A:\DR_classification\data\organized\aptos\train\0_No_DR\15f8d769935c.png,train/0_No_DR/15f8d769935c.png,train,0,No_DR
aptos:train/0_No_DR/1601c939412f.png,aptos,1601c939412f,1601c939412f.png,A:\DR_classification\data\organized\aptos\train\0_No_DR\1601c939412f.png,train/0_No_DR/1601c939412f.png,train,0,No_DR
aptos:train/0_No_DR/16060f05d047.png,aptos,16060f05d047,16060f05d047.png,A:\DR_classification\data\organized\aptos\train\0_No_DR\16060f05d047.png,train/0_No_DR/16060f05d047.png,train,0,No_DR
aptos:train/0_No_DR/1633f8291a80.png,aptos,1633f8291a80,1633f8291a80.png,A:\DR_classification\data\organized\aptos\train\0_No_DR\1633f8291a80.png,train/0_No_DR/1633f8291a80.png,train,0,No_DR
aptos:train/0_No_DR/165634a6167e.png,aptos,165634a6167e,165634a6167e.png,A:\DR_classification\data\organized\aptos\train\0_No_DR\165634a6167e.png,train/0_No_DR/165634a6167e.png,train,0,No_DR
aptos:train/0_No_DR/165c548185f8.png,aptos,165c548185f8,165c548185f8.png,A:\DR_classification\data\organized\aptos\train\0_No_DR\165c548185f8.png,train/0_No_DR/165c548185f8.png,train,0,No_DR
aptos:train/0_No_DR/174db0854291.png,aptos,174db0854291,174db0854291.png,A:\DR_classification\data\organized\aptos\train\0_No_DR\174db0854291.png,train/0_No_DR/174db0854291.png,train,0,No_DR
aptos:train/0_No_DR/178412895d5e.png,aptos,178412895d5e,178412895d5e.png,A:\DR_classification\data\organized\aptos\train\0_No_DR\178412895d5e.png,train/0_No_DR/178412895d5e.png,train,0,No_DR
aptos:train/0_No_DR/17d7d6b092f4.png,aptos,17d7d6b092f4,17d7d6b092f4.png,A:\DR_classification\data\organized\aptos\train\0_No_DR\17d7d6b092f4.png,train/0_No_DR/17d7d6b092f4.png,train,0,No_DR
aptos:train/0_No_DR/17d997fe1090.png,aptos,17d997fe1090,17d997fe1090.png,A:\DR_classification\data\organized\aptos\train\0_No_DR\17d997fe1090.png,train/0_No_DR/17d997fe1090.png,train,0,No_DR
aptos:train/0_No_DR/17f6c7072f61.png,aptos,17f6c7072f61,17f6c7072f61.png,A:\DR_classification\data\organized\aptos\train\0_No_DR\17f6c7072f61.png,train/0_No_DR/17f6c7072f61.png,train,0,No_DR
aptos:train/0_No_DR/184a185e7447.png,aptos,184a185e7447,184a185e7447.png,A:\DR_classification\data\organized\aptos\train\0_No_DR\184a185e7447.png,train/0_No_DR/184a185e7447.png,train,0,No_DR
aptos:train/0_No_DR/18621b9ca978.png,aptos,18621b9ca978,18621b9ca978.png,A:\DR_classification\data\organized\aptos\train\0_No_DR\18621b9ca978.png,train/0_No_DR/18621b9ca978.png,train,0,No_DR
aptos:train/0_No_DR/1864d3411143.png,aptos,1864d3411143,1864d3411143.png,A:\DR_classification\data\organized\aptos\train\0_No_DR\1864d3411143.png,train/0_No_DR/1864d3411143.png,train,0,No_DR
aptos:train/0_No_DR/186c1835eec5.png,aptos,186c1835eec5,186c1835eec5.png,A:\DR_classification\data\organized\aptos\train\0_No_DR\186c1835eec5.png,train/0_No_DR/186c1835eec5.png,train,0,No_DR
aptos:train/0_No_DR/188219f2d9c6.png,aptos,188219f2d9c6,188219f2d9c6.png,A:\DR_classification\data\organized\aptos\train\0_No_DR\188219f2d9c6.png,train/0_No_DR/188219f2d9c6.png,train,0,No_DR
aptos:train/0_No_DR/1891698febce.png,aptos,1891698febce,1891698febce.png,A:\DR_classification\data\organized\aptos\train\0_No_DR\1891698febce.png,train/0_No_DR/1891698febce.png,train,0,No_DR
aptos:train/0_No_DR/189cbbc9e5e3.png,aptos,189cbbc9e5e3,189cbbc9e5e3.png,A:\DR_classification\data\organized\aptos\train\0_No_DR\189cbbc9e5e3.png,train/0_No_DR/189cbbc9e5e3.png,train,0,No_DR
aptos:train/0_No_DR/18b7e34eab8f.png,aptos,18b7e34eab8f,18b7e34eab8f.png,A:\DR_classification\data\organized\aptos\train\0_No_DR\18b7e34eab8f.png,train/0_No_DR/18b7e34eab8f.png,train,0,No_DR
aptos:train/0_No_DR/18b99159a14f.png,aptos,18b99159a14f,18b99159a14f.png,A:\DR_classification\data\organized\aptos\train\0_No_DR\18b99159a14f.png,train/0_No_DR/18b99159a14f.png,train,0,No_DR
aptos:train/0_No_DR/191cf5668f33.png,aptos,191cf5668f33,191cf5668f33.png,A:\DR_classification\data\organized\aptos\train\0_No_DR\191cf5668f33.png,train/0_No_DR/191cf5668f33.png,train,0,No_DR
aptos:train/0_No_DR/19545647508e.png,aptos,19545647508e,19545647508e.png,A:\DR_classification\data\organized\aptos\train\0_No_DR\19545647508e.png,train/0_No_DR/19545647508e.png,train,0,No_DR
aptos:train/0_No_DR/19b0e3c734f5.png,aptos,19b0e3c734f5,19b0e3c734f5.png,A:\DR_classification\data\organized\aptos\train\0_No_DR\19b0e3c734f5.png,train/0_No_DR/19b0e3c734f5.png,train,0,No_DR
aptos:train/0_No_DR/1a19f2ef4472.png,aptos,1a19f2ef4472,1a19f2ef4472.png,A:\DR_classification\data\organized\aptos\train\0_No_DR\1a19f2ef4472.png,train/0_No_DR/1a19f2ef4472.png,train,0,No_DR
aptos:train/0_No_DR/1a1e974a7dbf.png,aptos,1a1e974a7dbf,1a1e974a7dbf.png,A:\DR_classification\data\organized\aptos\train\0_No_DR\1a1e974a7dbf.png,train/0_No_DR/1a1e974a7dbf.png,train,0,No_DR
aptos:train/0_No_DR/1ae3c58759fb.png,aptos,1ae3c58759fb,1ae3c58759fb.png,A:\DR_classification\data\organized\aptos\train\0_No_DR\1ae3c58759fb.png,train/0_No_DR/1ae3c58759fb.png,train,0,No_DR
aptos:train/0_No_DR/1b3647865779.png,aptos,1b3647865779,1b3647865779.png,A:\DR_classification\data\organized\aptos\train\0_No_DR\1b3647865779.png,train/0_No_DR/1b3647865779.png,train,0,No_DR
aptos:train/0_No_DR/1b398c0494d1.png,aptos,1b398c0494d1,1b398c0494d1.png,A:\DR_classification\data\organized\aptos\train\0_No_DR\1b398c0494d1.png,train/0_No_DR/1b398c0494d1.png,train,0,No_DR
aptos:train/0_No_DR/1b862fb6f65d.png,aptos,1b862fb6f65d,1b862fb6f65d.png,A:\DR_classification\data\organized\aptos\train\0_No_DR\1b862fb6f65d.png,train/0_No_DR/1b862fb6f65d.png,train,0,No_DR
aptos:train/0_No_DR/1b8701231c8f.png,aptos,1b8701231c8f,1b8701231c8f.png,A:\DR_classification\data\organized\aptos\train\0_No_DR\1b8701231c8f.png,train/0_No_DR/1b8701231c8f.png,train,0,No_DR
aptos:train/0_No_DR/1c13a1483f4a.png,aptos,1c13a1483f4a,1c13a1483f4a.png,A:\DR_classification\data\organized\aptos\train\0_No_DR\1c13a1483f4a.png,train/0_No_DR/1c13a1483f4a.png,train,0,No_DR
aptos:train/0_No_DR/1ca35d483772.png,aptos,1ca35d483772,1ca35d483772.png,A:\DR_classification\data\organized\aptos\train\0_No_DR\1ca35d483772.png,train/0_No_DR/1ca35d483772.png,train,0,No_DR
aptos:train/0_No_DR/1ca62b3e4fd3.png,aptos,1ca62b3e4fd3,1ca62b3e4fd3.png,A:\DR_classification\data\organized\aptos\train\0_No_DR\1ca62b3e4fd3.png,train/0_No_DR/1ca62b3e4fd3.png,train,0,No_DR
aptos:train/0_No_DR/1cb6961d141c.png,aptos,1cb6961d141c,1cb6961d141c.png,A:\DR_classification\data\organized\aptos\train\0_No_DR\1cb6961d141c.png,train/0_No_DR/1cb6961d141c.png,train,0,No_DR
aptos:train/0_No_DR/1cc58b15f466.png,aptos,1cc58b15f466,1cc58b15f466.png,A:\DR_classification\data\organized\aptos\train\0_No_DR\1cc58b15f466.png,train/0_No_DR/1cc58b15f466.png,train,0,No_DR
aptos:train/0_No_DR/1d0b93317aa8.png,aptos,1d0b93317aa8,1d0b93317aa8.png,A:\DR_classification\data\organized\aptos\train\0_No_DR\1d0b93317aa8.png,train/0_No_DR/1d0b93317aa8.png,train,0,No_DR
aptos:train/0_No_DR/1d2472849dce.png,aptos,1d2472849dce,1d2472849dce.png,A:\DR_classification\data\organized\aptos\train\0_No_DR\1d2472849dce.png,train/0_No_DR/1d2472849dce.png,train,0,No_DR
aptos:train/0_No_DR/1d29cb2f4296.png,aptos,1d29cb2f4296,1d29cb2f4296.png,A:\DR_classification\data\organized\aptos\train\0_No_DR\1d29cb2f4296.png,train/0_No_DR/1d29cb2f4296.png,train,0,No_DR
aptos:train/0_No_DR/1d37f1c8b6d8.png,aptos,1d37f1c8b6d8,1d37f1c8b6d8.png,A:\DR_classification\data\organized\aptos\train\0_No_DR\1d37f1c8b6d8.png,train/0_No_DR/1d37f1c8b6d8.png,train,0,No_DR
aptos:train/0_No_DR/1da4a17c18c9.png,aptos,1da4a17c18c9,1da4a17c18c9.png,A:\DR_classification\data\organized\aptos\train\0_No_DR\1da4a17c18c9.png,train/0_No_DR/1da4a17c18c9.png,train,0,No_DR
aptos:train/0_No_DR/1db0393cdbc1.png,aptos,1db0393cdbc1,1db0393cdbc1.png,A:\DR_classification\data\organized\aptos\train\0_No_DR\1db0393cdbc1.png,train/0_No_DR/1db0393cdbc1.png,train,0,No_DR
aptos:train/0_No_DR/1db6bb46c102.png,aptos,1db6bb46c102,1db6bb46c102.png,A:\DR_classification\data\organized\aptos\train\0_No_DR\1db6bb46c102.png,train/0_No_DR/1db6bb46c102.png,train,0,No_DR
aptos:train/0_No_DR/1df0431bfa73.png,aptos,1df0431bfa73,1df0431bfa73.png,A:\DR_classification\data\organized\aptos\train\0_No_DR\1df0431bfa73.png,train/0_No_DR/1df0431bfa73.png,train,0,No_DR
aptos:train/0_No_DR/1df0a4c23c95.png,aptos,1df0a4c23c95,1df0a4c23c95.png,A:\DR_classification\data\organized\aptos\train\0_No_DR\1df0a4c23c95.png,train/0_No_DR/1df0a4c23c95.png,train,0,No_DR
aptos:train/0_No_DR/1df1530b9b8d.png,aptos,1df1530b9b8d,1df1530b9b8d.png,A:\DR_classification\data\organized\aptos\train\0_No_DR\1df1530b9b8d.png,train/0_No_DR/1df1530b9b8d.png,train,0,No_DR
aptos:train/0_No_DR/1dfe599d12a9.png,aptos,1dfe599d12a9,1dfe599d12a9.png,A:\DR_classification\data\organized\aptos\train\0_No_DR\1dfe599d12a9.png,train/0_No_DR/1dfe599d12a9.png,train,0,No_DR
aptos:train/0_No_DR/1e036f2e7095.png,aptos,1e036f2e7095,1e036f2e7095.png,A:\DR_classification\data\organized\aptos\train\0_No_DR\1e036f2e7095.png,train/0_No_DR/1e036f2e7095.png,train,0,No_DR
aptos:train/0_No_DR/1e7ccd4a1c87.png,aptos,1e7ccd4a1c87,1e7ccd4a1c87.png,A:\DR_classification\data\organized\aptos\train\0_No_DR\1e7ccd4a1c87.png,train/0_No_DR/1e7ccd4a1c87.png,train,0,No_DR
aptos:train/0_No_DR/1e8c31e29dd3.png,aptos,1e8c31e29dd3,1e8c31e29dd3.png,A:\DR_classification\data\organized\aptos\train\0_No_DR\1e8c31e29dd3.png,train/0_No_DR/1e8c31e29dd3.png,train,0,No_DR
aptos:train/0_No_DR/1ec95179cdfe.png,aptos,1ec95179cdfe,1ec95179cdfe.png,A:\DR_classification\data\organized\aptos\train\0_No_DR\1ec95179cdfe.png,train/0_No_DR/1ec95179cdfe.png,train,0,No_DR
aptos:train/0_No_DR/1ee355480567.png,aptos,1ee355480567,1ee355480567.png,A:\DR_classification\data\organized\aptos\train\0_No_DR\1ee355480567.png,train/0_No_DR/1ee355480567.png,train,0,No_DR
aptos:train/0_No_DR/1f15ca672675.png,aptos,1f15ca672675,1f15ca672675.png,A:\DR_classification\data\organized\aptos\train\0_No_DR\1f15ca672675.png,train/0_No_DR/1f15ca672675.png,train,0,No_DR
aptos:train/0_No_DR/1f3f32efaf20.png,aptos,1f3f32efaf20,1f3f32efaf20.png,A:\DR_classification\data\organized\aptos\train\0_No_DR\1f3f32efaf20.png,train/0_No_DR/1f3f32efaf20.png,train,0,No_DR
aptos:train/0_No_DR/1f4fb37e0854.png,aptos,1f4fb37e0854,1f4fb37e0854.png,A:\DR_classification\data\organized\aptos\train\0_No_DR\1f4fb37e0854.png,train/0_No_DR/1f4fb37e0854.png,train,0,No_DR
aptos:train/0_No_DR/1fb455685328.png,aptos,1fb455685328,1fb455685328.png,A:\DR_classification\data\organized\aptos\train\0_No_DR\1fb455685328.png,train/0_No_DR/1fb455685328.png,train,0,No_DR
aptos:train/0_No_DR/1fddd7c98fd2.png,aptos,1fddd7c98fd2,1fddd7c98fd2.png,A:\DR_classification\data\organized\aptos\train\0_No_DR\1fddd7c98fd2.png,train/0_No_DR/1fddd7c98fd2.png,train,0,No_DR
aptos:train/0_No_DR/201f882365d3.png,aptos,201f882365d3,201f882365d3.png,A:\DR_classification\data\organized\aptos\train\0_No_DR\201f882365d3.png,train/0_No_DR/201f882365d3.png,train,0,No_DR
aptos:train/0_No_DR/207dd0487264.png,aptos,207dd0487264,207dd0487264.png,A:\DR_classification\data\organized\aptos\train\0_No_DR\207dd0487264.png,train/0_No_DR/207dd0487264.png,train,0,No_DR
aptos:train/0_No_DR/20f86e068276.png,aptos,20f86e068276,20f86e068276.png,A:\DR_classification\data\organized\aptos\train\0_No_DR\20f86e068276.png,train/0_No_DR/20f86e068276.png,train,0,No_DR
aptos:train/0_No_DR/21037f5c7790.png,aptos,21037f5c7790,21037f5c7790.png,A:\DR_classification\data\organized\aptos\train\0_No_DR\21037f5c7790.png,train/0_No_DR/21037f5c7790.png,train,0,No_DR
aptos:train/0_No_DR/210bfe0127c6.png,aptos,210bfe0127c6,210bfe0127c6.png,A:\DR_classification\data\organized\aptos\train\0_No_DR\210bfe0127c6.png,train/0_No_DR/210bfe0127c6.png,train,0,No_DR
aptos:train/0_No_DR/215d2b7c3fde.png,aptos,215d2b7c3fde,215d2b7c3fde.png,A:\DR_classification\data\organized\aptos\train\0_No_DR\215d2b7c3fde.png,train/0_No_DR/215d2b7c3fde.png,train,0,No_DR
aptos:train/0_No_DR/218c822a3dd9.png,aptos,218c822a3dd9,218c822a3dd9.png,A:\DR_classification\data\organized\aptos\train\0_No_DR\218c822a3dd9.png,train/0_No_DR/218c822a3dd9.png,train,0,No_DR
aptos:train/0_No_DR/2209daf71aab.png,aptos,2209daf71aab,2209daf71aab.png,A:\DR_classification\data\organized\aptos\train\0_No_DR\2209daf71aab.png,train/0_No_DR/2209daf71aab.png,train,0,No_DR
aptos:train/0_No_DR/2221cf5c7935.png,aptos,2221cf5c7935,2221cf5c7935.png,A:\DR_classification\data\organized\aptos\train\0_No_DR\2221cf5c7935.png,train/0_No_DR/2221cf5c7935.png,train,0,No_DR
aptos:train/0_No_DR/22449af52060.png,aptos,22449af52060,22449af52060.png,A:\DR_classification\data\organized\aptos\train\0_No_DR\22449af52060.png,train/0_No_DR/22449af52060.png,train,0,No_DR
aptos:train/0_No_DR/224c14366e11.png,aptos,224c14366e11,224c14366e11.png,A:\DR_classification\data\organized\aptos\train\0_No_DR\224c14366e11.png,train/0_No_DR/224c14366e11.png,train,0,No_DR
aptos:train/0_No_DR/22d843b2bbd1.png,aptos,22d843b2bbd1,22d843b2bbd1.png,A:\DR_classification\data\organized\aptos\train\0_No_DR\22d843b2bbd1.png,train/0_No_DR/22d843b2bbd1.png,train,0,No_DR
aptos:train/0_No_DR/233d948e2544.png,aptos,233d948e2544,233d948e2544.png,A:\DR_classification\data\organized\aptos\train\0_No_DR\233d948e2544.png,train/0_No_DR/233d948e2544.png,train,0,No_DR
aptos:train/0_No_DR/237aa50edc34.png,aptos,237aa50edc34,237aa50edc34.png,A:\DR_classification\data\organized\aptos\train\0_No_DR\237aa50edc34.png,train/0_No_DR/237aa50edc34.png,train,0,No_DR
aptos:train/0_No_DR/2399d68d407f.png,aptos,2399d68d407f,2399d68d407f.png,A:\DR_classification\data\organized\aptos\train\0_No_DR\2399d68d407f.png,train/0_No_DR/2399d68d407f.png,train,0,No_DR
aptos:train/0_No_DR/2408799a09b2.png,aptos,2408799a09b2,2408799a09b2.png,A:\DR_classification\data\organized\aptos\train\0_No_DR\2408799a09b2.png,train/0_No_DR/2408799a09b2.png,train,0,No_DR
aptos:train/0_No_DR/240b25a7debe.png,aptos,240b25a7debe,240b25a7debe.png,A:\DR_classification\data\organized\aptos\train\0_No_DR\240b25a7debe.png,train/0_No_DR/240b25a7debe.png,train,0,No_DR
aptos:train/0_No_DR/242fc19be06f.png,aptos,242fc19be06f,242fc19be06f.png,A:\DR_classification\data\organized\aptos\train\0_No_DR\242fc19be06f.png,train/0_No_DR/242fc19be06f.png,train,0,No_DR
aptos:train/0_No_DR/248dec89b3a2.png,aptos,248dec89b3a2,248dec89b3a2.png,A:\DR_classification\data\organized\aptos\train\0_No_DR\248dec89b3a2.png,train/0_No_DR/248dec89b3a2.png,train,0,No_DR
aptos:train/0_No_DR/24de56d433cd.png,aptos,24de56d433cd,24de56d433cd.png,A:\DR_classification\data\organized\aptos\train\0_No_DR\24de56d433cd.png,train/0_No_DR/24de56d433cd.png,train,0,No_DR
aptos:train/0_No_DR/24f271c87e73.png,aptos,24f271c87e73,24f271c87e73.png,A:\DR_classification\data\organized\aptos\train\0_No_DR\24f271c87e73.png,train/0_No_DR/24f271c87e73.png,train,0,No_DR
aptos:train/0_No_DR/24f3e70f0419.png,aptos,24f3e70f0419,24f3e70f0419.png,A:\DR_classification\data\organized\aptos\train\0_No_DR\24f3e70f0419.png,train/0_No_DR/24f3e70f0419.png,train,0,No_DR
aptos:train/0_No_DR/252305189b3a.png,aptos,252305189b3a,252305189b3a.png,A:\DR_classification\data\organized\aptos\train\0_No_DR\252305189b3a.png,train/0_No_DR/252305189b3a.png,train,0,No_DR
aptos:train/0_No_DR/253e96488cfb.png,aptos,253e96488cfb,253e96488cfb.png,A:\DR_classification\data\organized\aptos\train\0_No_DR\253e96488cfb.png,train/0_No_DR/253e96488cfb.png,train,0,No_DR
aptos:train/0_No_DR/2585bbc91909.png,aptos,2585bbc91909,2585bbc91909.png,A:\DR_classification\data\organized\aptos\train\0_No_DR\2585bbc91909.png,train/0_No_DR/2585bbc91909.png,train,0,No_DR
aptos:train/0_No_DR/25b4080f598b.png,aptos,25b4080f598b,25b4080f598b.png,A:\DR_classification\data\organized\aptos\train\0_No_DR\25b4080f598b.png,train/0_No_DR/25b4080f598b.png,train,0,No_DR
aptos:train/0_No_DR/260a455692b5.png,aptos,260a455692b5,260a455692b5.png,A:\DR_classification\data\organized\aptos\train\0_No_DR\260a455692b5.png,train/0_No_DR/260a455692b5.png,train,0,No_DR
aptos:train/0_No_DR/263d8851e33b.png,aptos,263d8851e33b,263d8851e33b.png,A:\DR_classification\data\organized\aptos\train\0_No_DR\263d8851e33b.png,train/0_No_DR/263d8851e33b.png,train,0,No_DR
aptos:train/0_No_DR/26cd40b57ad1.png,aptos,26cd40b57ad1,26cd40b57ad1.png,A:\DR_classification\data\organized\aptos\train\0_No_DR\26cd40b57ad1.png,train/0_No_DR/26cd40b57ad1.png,train,0,No_DR
aptos:train/0_No_DR/26d9576e8043.png,aptos,26d9576e8043,26d9576e8043.png,A:\DR_classification\data\organized\aptos\train\0_No_DR\26d9576e8043.png,train/0_No_DR/26d9576e8043.png,train,0,No_DR
aptos:train/0_No_DR/274f4de2a59d.png,aptos,274f4de2a59d,274f4de2a59d.png,A:\DR_classification\data\organized\aptos\train\0_No_DR\274f4de2a59d.png,train/0_No_DR/274f4de2a59d.png,train,0,No_DR
aptos:train/0_No_DR/276b14f72328.png,aptos,276b14f72328,276b14f72328.png,A:\DR_classification\data\organized\aptos\train\0_No_DR\276b14f72328.png,train/0_No_DR/276b14f72328.png,train,0,No_DR
aptos:train/0_No_DR/27933cdbe0cc.png,aptos,27933cdbe0cc,27933cdbe0cc.png,A:\DR_classification\data\organized\aptos\train\0_No_DR\27933cdbe0cc.png,train/0_No_DR/27933cdbe0cc.png,train,0,No_DR
aptos:train/0_No_DR/27f82ada84ac.png,aptos,27f82ada84ac,27f82ada84ac.png,A:\DR_classification\data\organized\aptos\train\0_No_DR\27f82ada84ac.png,train/0_No_DR/27f82ada84ac.png,train,0,No_DR
aptos:train/0_No_DR/2821998fc002.png,aptos,2821998fc002,2821998fc002.png,A:\DR_classification\data\organized\aptos\train\0_No_DR\2821998fc002.png,train/0_No_DR/2821998fc002.png,train,0,No_DR
aptos:train/0_No_DR/28503940d10b.png,aptos,28503940d10b,28503940d10b.png,A:\DR_classification\data\organized\aptos\train\0_No_DR\28503940d10b.png,train/0_No_DR/28503940d10b.png,train,0,No_DR
aptos:train/0_No_DR/286e9981dd9b.png,aptos,286e9981dd9b,286e9981dd9b.png,A:\DR_classification\data\organized\aptos\train\0_No_DR\286e9981dd9b.png,train/0_No_DR/286e9981dd9b.png,train,0,No_DR
aptos:train/0_No_DR/28751f290ba3.png,aptos,28751f290ba3,28751f290ba3.png,A:\DR_classification\data\organized\aptos\train\0_No_DR\28751f290ba3.png,train/0_No_DR/28751f290ba3.png,train,0,No_DR
aptos:train/0_No_DR/28dc010a0780.png,aptos,28dc010a0780,28dc010a0780.png,A:\DR_classification\data\organized\aptos\train\0_No_DR\28dc010a0780.png,train/0_No_DR/28dc010a0780.png,train,0,No_DR
aptos:train/0_No_DR/28f73575e1f2.png,aptos,28f73575e1f2,28f73575e1f2.png,A:\DR_classification\data\organized\aptos\train\0_No_DR\28f73575e1f2.png,train/0_No_DR/28f73575e1f2.png,train,0,No_DR
aptos:train/0_No_DR/291f581d365e.png,aptos,291f581d365e,291f581d365e.png,A:\DR_classification\data\organized\aptos\train\0_No_DR\291f581d365e.png,train/0_No_DR/291f581d365e.png,train,0,No_DR
aptos:train/0_No_DR/2927665214e1.png,aptos,2927665214e1,2927665214e1.png,A:\DR_classification\data\organized\aptos\train\0_No_DR\2927665214e1.png,train/0_No_DR/2927665214e1.png,train,0,No_DR
aptos:train/0_No_DR/2974c6ad1d58.png,aptos,2974c6ad1d58,2974c6ad1d58.png,A:\DR_classification\data\organized\aptos\train\0_No_DR\2974c6ad1d58.png,train/0_No_DR/2974c6ad1d58.png,train,0,No_DR
aptos:train/0_No_DR/29a13e666266.png,aptos,29a13e666266,29a13e666266.png,A:\DR_classification\data\organized\aptos\train\0_No_DR\29a13e666266.png,train/0_No_DR/29a13e666266.png,train,0,No_DR
aptos:train/0_No_DR/29f9e1ac9507.png,aptos,29f9e1ac9507,29f9e1ac9507.png,A:\DR_classification\data\organized\aptos\train\0_No_DR\29f9e1ac9507.png,train/0_No_DR/29f9e1ac9507.png,train,0,No_DR
aptos:train/0_No_DR/2a2274bcb00a.png,aptos,2a2274bcb00a,2a2274bcb00a.png,A:\DR_classification\data\organized\aptos\train\0_No_DR\2a2274bcb00a.png,train/0_No_DR/2a2274bcb00a.png,train,0,No_DR
aptos:train/0_No_DR/2a2a6435f7f3.png,aptos,2a2a6435f7f3,2a2a6435f7f3.png,A:\DR_classification\data\organized\aptos\train\0_No_DR\2a2a6435f7f3.png,train/0_No_DR/2a2a6435f7f3.png,train,0,No_DR
aptos:train/0_No_DR/2a4520f1f9a3.png,aptos,2a4520f1f9a3,2a4520f1f9a3.png,A:\DR_classification\data\organized\aptos\train\0_No_DR\2a4520f1f9a3.png,train/0_No_DR/2a4520f1f9a3.png,train,0,No_DR
aptos:train/0_No_DR/2a93334f663a.png,aptos,2a93334f663a,2a93334f663a.png,A:\DR_classification\data\organized\aptos\train\0_No_DR\2a93334f663a.png,train/0_No_DR/2a93334f663a.png,train,0,No_DR
aptos:train/0_No_DR/2b2f5a0f880d.png,aptos,2b2f5a0f880d,2b2f5a0f880d.png,A:\DR_classification\data\organized\aptos\train\0_No_DR\2b2f5a0f880d.png,train/0_No_DR/2b2f5a0f880d.png,train,0,No_DR
aptos:train/0_No_DR/2b5bb6d33959.png,aptos,2b5bb6d33959,2b5bb6d33959.png,A:\DR_classification\data\organized\aptos\train\0_No_DR\2b5bb6d33959.png,train/0_No_DR/2b5bb6d33959.png,train,0,No_DR
aptos:train/0_No_DR/2bb3c492d6d3.png,aptos,2bb3c492d6d3,2bb3c492d6d3.png,A:\DR_classification\data\organized\aptos\train\0_No_DR\2bb3c492d6d3.png,train/0_No_DR/2bb3c492d6d3.png,train,0,No_DR
aptos:train/0_No_DR/2c77bf969079.png,aptos,2c77bf969079,2c77bf969079.png,A:\DR_classification\data\organized\aptos\train\0_No_DR\2c77bf969079.png,train/0_No_DR/2c77bf969079.png,train,0,No_DR
aptos:train/0_No_DR/2c8101f14723.png,aptos,2c8101f14723,2c8101f14723.png,A:\DR_classification\data\organized\aptos\train\0_No_DR\2c8101f14723.png,train/0_No_DR/2c8101f14723.png,train,0,No_DR
aptos:train/0_No_DR/2c827005b8f8.png,aptos,2c827005b8f8,2c827005b8f8.png,A:\DR_classification\data\organized\aptos\train\0_No_DR\2c827005b8f8.png,train/0_No_DR/2c827005b8f8.png,train,0,No_DR
aptos:train/0_No_DR/2cdcc910778d.png,aptos,2cdcc910778d,2cdcc910778d.png,A:\DR_classification\data\organized\aptos\train\0_No_DR\2cdcc910778d.png,train/0_No_DR/2cdcc910778d.png,train,0,No_DR
aptos:train/0_No_DR/2cf18033da31.png,aptos,2cf18033da31,2cf18033da31.png,A:\DR_classification\data\organized\aptos\train\0_No_DR\2cf18033da31.png,train/0_No_DR/2cf18033da31.png,train,0,No_DR
aptos:train/0_No_DR/2d04cead4d3a.png,aptos,2d04cead4d3a,2d04cead4d3a.png,A:\DR_classification\data\organized\aptos\train\0_No_DR\2d04cead4d3a.png,train/0_No_DR/2d04cead4d3a.png,train,0,No_DR
aptos:train/0_No_DR/2d07162a13b1.png,aptos,2d07162a13b1,2d07162a13b1.png,A:\DR_classification\data\organized\aptos\train\0_No_DR\2d07162a13b1.png,train/0_No_DR/2d07162a13b1.png,train,0,No_DR
aptos:train/0_No_DR/2d3f4094c08a.png,aptos,2d3f4094c08a,2d3f4094c08a.png,A:\DR_classification\data\organized\aptos\train\0_No_DR\2d3f4094c08a.png,train/0_No_DR/2d3f4094c08a.png,train,0,No_DR
aptos:train/0_No_DR/2dc647e00ad3.png,aptos,2dc647e00ad3,2dc647e00ad3.png,A:\DR_classification\data\organized\aptos\train\0_No_DR\2dc647e00ad3.png,train/0_No_DR/2dc647e00ad3.png,train,0,No_DR
aptos:train/0_No_DR/2dd28ac497d2.png,aptos,2dd28ac497d2,2dd28ac497d2.png,A:\DR_classification\data\organized\aptos\train\0_No_DR\2dd28ac497d2.png,train/0_No_DR/2dd28ac497d2.png,train,0,No_DR
aptos:train/0_No_DR/2eba4279e503.png,aptos,2eba4279e503,2eba4279e503.png,A:\DR_classification\data\organized\aptos\train\0_No_DR\2eba4279e503.png,train/0_No_DR/2eba4279e503.png,train,0,No_DR
aptos:train/0_No_DR/2ef955d6d9ff.png,aptos,2ef955d6d9ff,2ef955d6d9ff.png,A:\DR_classification\data\organized\aptos\train\0_No_DR\2ef955d6d9ff.png,train/0_No_DR/2ef955d6d9ff.png,train,0,No_DR
aptos:train/0_No_DR/2f143453bb71.png,aptos,2f143453bb71,2f143453bb71.png,A:\DR_classification\data\organized\aptos\train\0_No_DR\2f143453bb71.png,train/0_No_DR/2f143453bb71.png,train,0,No_DR
aptos:train/0_No_DR/2f7fbdcc9a4b.png,aptos,2f7fbdcc9a4b,2f7fbdcc9a4b.png,A:\DR_classification\data\organized\aptos\train\0_No_DR\2f7fbdcc9a4b.png,train/0_No_DR/2f7fbdcc9a4b.png,train,0,No_DR
aptos:train/0_No_DR/2f81ee5f2926.png,aptos,2f81ee5f2926,2f81ee5f2926.png,A:\DR_classification\data\organized\aptos\train\0_No_DR\2f81ee5f2926.png,train/0_No_DR/2f81ee5f2926.png,train,0,No_DR
aptos:train/0_No_DR/2f8d14a7d390.png,aptos,2f8d14a7d390,2f8d14a7d390.png,A:\DR_classification\data\organized\aptos\train\0_No_DR\2f8d14a7d390.png,train/0_No_DR/2f8d14a7d390.png,train,0,No_DR
aptos:train/0_No_DR/2fdfb80ea53c.png,aptos,2fdfb80ea53c,2fdfb80ea53c.png,A:\DR_classification\data\organized\aptos\train\0_No_DR\2fdfb80ea53c.png,train/0_No_DR/2fdfb80ea53c.png,train,0,No_DR
aptos:train/0_No_DR/30263a7d5609.png,aptos,30263a7d5609,30263a7d5609.png,A:\DR_classification\data\organized\aptos\train\0_No_DR\30263a7d5609.png,train/0_No_DR/30263a7d5609.png,train,0,No_DR
aptos:train/0_No_DR/306c841af3fc.png,aptos,306c841af3fc,306c841af3fc.png,A:\DR_classification\data\organized\aptos\train\0_No_DR\306c841af3fc.png,train/0_No_DR/306c841af3fc.png,train,0,No_DR
aptos:train/0_No_DR/30db694bee42.png,aptos,30db694bee42,30db694bee42.png,A:\DR_classification\data\organized\aptos\train\0_No_DR\30db694bee42.png,train/0_No_DR/30db694bee42.png,train,0,No_DR
aptos:train/0_No_DR/315c1a0d87fd.png,aptos,315c1a0d87fd,315c1a0d87fd.png,A:\DR_classification\data\organized\aptos\train\0_No_DR\315c1a0d87fd.png,train/0_No_DR/315c1a0d87fd.png,train,0,No_DR
aptos:train/0_No_DR/3232b34cbe99.png,aptos,3232b34cbe99,3232b34cbe99.png,A:\DR_classification\data\organized\aptos\train\0_No_DR\3232b34cbe99.png,train/0_No_DR/3232b34cbe99.png,train,0,No_DR
aptos:train/0_No_DR/3254e48c8aa0.png,aptos,3254e48c8aa0,3254e48c8aa0.png,A:\DR_classification\data\organized\aptos\train\0_No_DR\3254e48c8aa0.png,train/0_No_DR/3254e48c8aa0.png,train,0,No_DR
aptos:train/0_No_DR/328d141ed3aa.png,aptos,328d141ed3aa,328d141ed3aa.png,A:\DR_classification\data\organized\aptos\train\0_No_DR\328d141ed3aa.png,train/0_No_DR/328d141ed3aa.png,train,0,No_DR
aptos:train/0_No_DR/32d7d360d891.png,aptos,32d7d360d891,32d7d360d891.png,A:\DR_classification\data\organized\aptos\train\0_No_DR\32d7d360d891.png,train/0_No_DR/32d7d360d891.png,train,0,No_DR
aptos:train/0_No_DR/331121c65e88.png,aptos,331121c65e88,331121c65e88.png,A:\DR_classification\data\organized\aptos\train\0_No_DR\331121c65e88.png,train/0_No_DR/331121c65e88.png,train,0,No_DR
aptos:train/0_No_DR/3325b1fe55d2.png,aptos,3325b1fe55d2,3325b1fe55d2.png,A:\DR_classification\data\organized\aptos\train\0_No_DR\3325b1fe55d2.png,train/0_No_DR/3325b1fe55d2.png,train,0,No_DR
aptos:train/0_No_DR/33596a635b53.png,aptos,33596a635b53,33596a635b53.png,A:\DR_classification\data\organized\aptos\train\0_No_DR\33596a635b53.png,train/0_No_DR/33596a635b53.png,train,0,No_DR
aptos:train/0_No_DR/338326891d84.png,aptos,338326891d84,338326891d84.png,A:\DR_classification\data\organized\aptos\train\0_No_DR\338326891d84.png,train/0_No_DR/338326891d84.png,train,0,No_DR
aptos:train/0_No_DR/33b978734eab.png,aptos,33b978734eab,33b978734eab.png,A:\DR_classification\data\organized\aptos\train\0_No_DR\33b978734eab.png,train/0_No_DR/33b978734eab.png,train,0,No_DR
aptos:train/0_No_DR/33d72035c27a.png,aptos,33d72035c27a,33d72035c27a.png,A:\DR_classification\data\organized\aptos\train\0_No_DR\33d72035c27a.png,train/0_No_DR/33d72035c27a.png,train,0,No_DR
aptos:train/0_No_DR/33e7bf536fc5.png,aptos,33e7bf536fc5,33e7bf536fc5.png,A:\DR_classification\data\organized\aptos\train\0_No_DR\33e7bf536fc5.png,train/0_No_DR/33e7bf536fc5.png,train,0,No_DR
aptos:train/0_No_DR/345b1f0abbba.png,aptos,345b1f0abbba,345b1f0abbba.png,A:\DR_classification\data\organized\aptos\train\0_No_DR\345b1f0abbba.png,train/0_No_DR/345b1f0abbba.png,train,0,No_DR
aptos:train/0_No_DR/3486f7096276.png,aptos,3486f7096276,3486f7096276.png,A:\DR_classification\data\organized\aptos\train\0_No_DR\3486f7096276.png,train/0_No_DR/3486f7096276.png,train,0,No_DR
aptos:train/0_No_DR/34a7dbd3f05c.png,aptos,34a7dbd3f05c,34a7dbd3f05c.png,A:\DR_classification\data\organized\aptos\train\0_No_DR\34a7dbd3f05c.png,train/0_No_DR/34a7dbd3f05c.png,train,0,No_DR
aptos:train/0_No_DR/34acae864963.png,aptos,34acae864963,34acae864963.png,A:\DR_classification\data\organized\aptos\train\0_No_DR\34acae864963.png,train/0_No_DR/34acae864963.png,train,0,No_DR
aptos:train/0_No_DR/35362d43e753.png,aptos,35362d43e753,35362d43e753.png,A:\DR_classification\data\organized\aptos\train\0_No_DR\35362d43e753.png,train/0_No_DR/35362d43e753.png,train,0,No_DR
aptos:train/0_No_DR/356304d15a5c.png,aptos,356304d15a5c,356304d15a5c.png,A:\DR_classification\data\organized\aptos\train\0_No_DR\356304d15a5c.png,train/0_No_DR/356304d15a5c.png,train,0,No_DR
aptos:train/0_No_DR/35777eb7859d.png,aptos,35777eb7859d,35777eb7859d.png,A:\DR_classification\data\organized\aptos\train\0_No_DR\35777eb7859d.png,train/0_No_DR/35777eb7859d.png,train,0,No_DR
aptos:train/0_No_DR/357f02a779d7.png,aptos,357f02a779d7,357f02a779d7.png,A:\DR_classification\data\organized\aptos\train\0_No_DR\357f02a779d7.png,train/0_No_DR/357f02a779d7.png,train,0,No_DR
aptos:train/0_No_DR/3580a545016d.png,aptos,3580a545016d,3580a545016d.png,A:\DR_classification\data\organized\aptos\train\0_No_DR\3580a545016d.png,train/0_No_DR/3580a545016d.png,train,0,No_DR
aptos:train/0_No_DR/359bab5d784b.png,aptos,359bab5d784b,359bab5d784b.png,A:\DR_classification\data\organized\aptos\train\0_No_DR\359bab5d784b.png,train/0_No_DR/359bab5d784b.png,train,0,No_DR
aptos:train/0_No_DR/35ac70c0d08f.png,aptos,35ac70c0d08f,35ac70c0d08f.png,A:\DR_classification\data\organized\aptos\train\0_No_DR\35ac70c0d08f.png,train/0_No_DR/35ac70c0d08f.png,train,0,No_DR
aptos:train/0_No_DR/35df2bc6ae95.png,aptos,35df2bc6ae95,35df2bc6ae95.png,A:\DR_classification\data\organized\aptos\train\0_No_DR\35df2bc6ae95.png,train/0_No_DR/35df2bc6ae95.png,train,0,No_DR
aptos:train/0_No_DR/3601dac9bed7.png,aptos,3601dac9bed7,3601dac9bed7.png,A:\DR_classification\data\organized\aptos\train\0_No_DR\3601dac9bed7.png,train/0_No_DR/3601dac9bed7.png,train,0,No_DR
aptos:train/0_No_DR/360832d84ce0.png,aptos,360832d84ce0,360832d84ce0.png,A:\DR_classification\data\organized\aptos\train\0_No_DR\360832d84ce0.png,train/0_No_DR/360832d84ce0.png,train,0,No_DR
aptos:train/0_No_DR/369229040a34.png,aptos,369229040a34,369229040a34.png,A:\DR_classification\data\organized\aptos\train\0_No_DR\369229040a34.png,train/0_No_DR/369229040a34.png,train,0,No_DR
aptos:train/0_No_DR/3694e8c8e09a.png,aptos,3694e8c8e09a,3694e8c8e09a.png,A:\DR_classification\data\organized\aptos\train\0_No_DR\3694e8c8e09a.png,train/0_No_DR/3694e8c8e09a.png,train,0,No_DR
aptos:train/0_No_DR/370f575adb23.png,aptos,370f575adb23,370f575adb23.png,A:\DR_classification\data\organized\aptos\train\0_No_DR\370f575adb23.png,train/0_No_DR/370f575adb23.png,train,0,No_DR
aptos:train/0_No_DR/3710ff45299c.png,aptos,3710ff45299c,3710ff45299c.png,A:\DR_classification\data\organized\aptos\train\0_No_DR\3710ff45299c.png,train/0_No_DR/3710ff45299c.png,train,0,No_DR
aptos:train/0_No_DR/37c523296d42.png,aptos,37c523296d42,37c523296d42.png,A:\DR_classification\data\organized\aptos\train\0_No_DR\37c523296d42.png,train/0_No_DR/37c523296d42.png,train,0,No_DR
aptos:train/0_No_DR/3823acc4e464.png,aptos,3823acc4e464,3823acc4e464.png,A:\DR_classification\data\organized\aptos\train\0_No_DR\3823acc4e464.png,train/0_No_DR/3823acc4e464.png,train,0,No_DR
aptos:train/0_No_DR/384db24ebbd7.png,aptos,384db24ebbd7,384db24ebbd7.png,A:\DR_classification\data\organized\aptos\train\0_No_DR\384db24ebbd7.png,train/0_No_DR/384db24ebbd7.png,train,0,No_DR
aptos:train/0_No_DR/387138ddf43d.png,aptos,387138ddf43d,387138ddf43d.png,A:\DR_classification\data\organized\aptos\train\0_No_DR\387138ddf43d.png,train/0_No_DR/387138ddf43d.png,train,0,No_DR
aptos:train/0_No_DR/389552047476.png,aptos,389552047476,389552047476.png,A:\DR_classification\data\organized\aptos\train\0_No_DR\389552047476.png,train/0_No_DR/389552047476.png,train,0,No_DR
aptos:train/0_No_DR/38c7153457e2.png,aptos,38c7153457e2,38c7153457e2.png,A:\DR_classification\data\organized\aptos\train\0_No_DR\38c7153457e2.png,train/0_No_DR/38c7153457e2.png,train,0,No_DR
aptos:train/0_No_DR/38f1901f214a.png,aptos,38f1901f214a,38f1901f214a.png,A:\DR_classification\data\organized\aptos\train\0_No_DR\38f1901f214a.png,train/0_No_DR/38f1901f214a.png,train,0,No_DR
aptos:train/0_No_DR/3908b3cfd620.png,aptos,3908b3cfd620,3908b3cfd620.png,A:\DR_classification\data\organized\aptos\train\0_No_DR\3908b3cfd620.png,train/0_No_DR/3908b3cfd620.png,train,0,No_DR
aptos:train/0_No_DR/393fa5a023a5.png,aptos,393fa5a023a5,393fa5a023a5.png,A:\DR_classification\data\organized\aptos\train\0_No_DR\393fa5a023a5.png,train/0_No_DR/393fa5a023a5.png,train,0,No_DR
aptos:train/0_No_DR/39fd8ef3a45c.png,aptos,39fd8ef3a45c,39fd8ef3a45c.png,A:\DR_classification\data\organized\aptos\train\0_No_DR\39fd8ef3a45c.png,train/0_No_DR/39fd8ef3a45c.png,train,0,No_DR
aptos:train/0_No_DR/3a4cfea0a766.png,aptos,3a4cfea0a766,3a4cfea0a766.png,A:\DR_classification\data\organized\aptos\train\0_No_DR\3a4cfea0a766.png,train/0_No_DR/3a4cfea0a766.png,train,0,No_DR
aptos:train/0_No_DR/3ac92ac3d65a.png,aptos,3ac92ac3d65a,3ac92ac3d65a.png,A:\DR_classification\data\organized\aptos\train\0_No_DR\3ac92ac3d65a.png,train/0_No_DR/3ac92ac3d65a.png,train,0,No_DR
aptos:train/0_No_DR/3af9aaa880e9.png,aptos,3af9aaa880e9,3af9aaa880e9.png,A:\DR_classification\data\organized\aptos\train\0_No_DR\3af9aaa880e9.png,train/0_No_DR/3af9aaa880e9.png,train,0,No_DR
aptos:train/0_No_DR/3b0190bbe615.png,aptos,3b0190bbe615,3b0190bbe615.png,A:\DR_classification\data\organized\aptos\train\0_No_DR\3b0190bbe615.png,train/0_No_DR/3b0190bbe615.png,train,0,No_DR
aptos:train/0_No_DR/3b10191dfd25.png,aptos,3b10191dfd25,3b10191dfd25.png,A:\DR_classification\data\organized\aptos\train\0_No_DR\3b10191dfd25.png,train/0_No_DR/3b10191dfd25.png,train,0,No_DR
aptos:train/0_No_DR/3b2b91590590.png,aptos,3b2b91590590,3b2b91590590.png,A:\DR_classification\data\organized\aptos\train\0_No_DR\3b2b91590590.png,train/0_No_DR/3b2b91590590.png,train,0,No_DR
aptos:train/0_No_DR/3b5dffe159b6.png,aptos,3b5dffe159b6,3b5dffe159b6.png,A:\DR_classification\data\organized\aptos\train\0_No_DR\3b5dffe159b6.png,train/0_No_DR/3b5dffe159b6.png,train,0,No_DR
aptos:train/0_No_DR/3bf2deaa5ef0.png,aptos,3bf2deaa5ef0,3bf2deaa5ef0.png,A:\DR_classification\data\organized\aptos\train\0_No_DR\3bf2deaa5ef0.png,train/0_No_DR/3bf2deaa5ef0.png,train,0,No_DR
aptos:train/0_No_DR/3bf3085ac167.png,aptos,3bf3085ac167,3bf3085ac167.png,A:\DR_classification\data\organized\aptos\train\0_No_DR\3bf3085ac167.png,train/0_No_DR/3bf3085ac167.png,train,0,No_DR
aptos:train/0_No_DR/3c28fd846b43.png,aptos,3c28fd846b43,3c28fd846b43.png,A:\DR_classification\data\organized\aptos\train\0_No_DR\3c28fd846b43.png,train/0_No_DR/3c28fd846b43.png,train,0,No_DR
aptos:train/0_No_DR/3c326543fff6.png,aptos,3c326543fff6,3c326543fff6.png,A:\DR_classification\data\organized\aptos\train\0_No_DR\3c326543fff6.png,train/0_No_DR/3c326543fff6.png,train,0,No_DR
aptos:train/0_No_DR/3c42512c81e0.png,aptos,3c42512c81e0,3c42512c81e0.png,A:\DR_classification\data\organized\aptos\train\0_No_DR\3c42512c81e0.png,train/0_No_DR/3c42512c81e0.png,train,0,No_DR
aptos:train/0_No_DR/3c9529918097.png,aptos,3c9529918097,3c9529918097.png,A:\DR_classification\data\organized\aptos\train\0_No_DR\3c9529918097.png,train/0_No_DR/3c9529918097.png,train,0,No_DR
aptos:train/0_No_DR/3ca12e02dd4e.png,aptos,3ca12e02dd4e,3ca12e02dd4e.png,A:\DR_classification\data\organized\aptos\train\0_No_DR\3ca12e02dd4e.png,train/0_No_DR/3ca12e02dd4e.png,train,0,No_DR
aptos:train/0_No_DR/3cd9713c0ecb.png,aptos,3cd9713c0ecb,3cd9713c0ecb.png,A:\DR_classification\data\organized\aptos\train\0_No_DR\3cd9713c0ecb.png,train/0_No_DR/3cd9713c0ecb.png,train,0,No_DR
aptos:train/0_No_DR/3cdef7c591cc.png,aptos,3cdef7c591cc,3cdef7c591cc.png,A:\DR_classification\data\organized\aptos\train\0_No_DR\3cdef7c591cc.png,train/0_No_DR/3cdef7c591cc.png,train,0,No_DR
aptos:train/0_No_DR/3ce2f8a77a32.png,aptos,3ce2f8a77a32,3ce2f8a77a32.png,A:\DR_classification\data\organized\aptos\train\0_No_DR\3ce2f8a77a32.png,train/0_No_DR/3ce2f8a77a32.png,train,0,No_DR
aptos:train/0_No_DR/3d2ecffe0386.png,aptos,3d2ecffe0386,3d2ecffe0386.png,A:\DR_classification\data\organized\aptos\train\0_No_DR\3d2ecffe0386.png,train/0_No_DR/3d2ecffe0386.png,train,0,No_DR
aptos:train/0_No_DR/3f0d3629d69e.png,aptos,3f0d3629d69e,3f0d3629d69e.png,A:\DR_classification\data\organized\aptos\train\0_No_DR\3f0d3629d69e.png,train/0_No_DR/3f0d3629d69e.png,train,0,No_DR
aptos:train/0_No_DR/3f44d749cd0b.png,aptos,3f44d749cd0b,3f44d749cd0b.png,A:\DR_classification\data\organized\aptos\train\0_No_DR\3f44d749cd0b.png,train/0_No_DR/3f44d749cd0b.png,train,0,No_DR
aptos:train/0_No_DR/3f6c627e2ff2.png,aptos,3f6c627e2ff2,3f6c627e2ff2.png,A:\DR_classification\data\organized\aptos\train\0_No_DR\3f6c627e2ff2.png,train/0_No_DR/3f6c627e2ff2.png,train,0,No_DR
aptos:train/0_No_DR/3f82631e9080.png,aptos,3f82631e9080,3f82631e9080.png,A:\DR_classification\data\organized\aptos\train\0_No_DR\3f82631e9080.png,train/0_No_DR/3f82631e9080.png,train,0,No_DR
aptos:train/0_No_DR/3fd45879afe6.png,aptos,3fd45879afe6,3fd45879afe6.png,A:\DR_classification\data\organized\aptos\train\0_No_DR\3fd45879afe6.png,train/0_No_DR/3fd45879afe6.png,train,0,No_DR
aptos:train/0_No_DR/3fe282197c1c.png,aptos,3fe282197c1c,3fe282197c1c.png,A:\DR_classification\data\organized\aptos\train\0_No_DR\3fe282197c1c.png,train/0_No_DR/3fe282197c1c.png,train,0,No_DR
aptos:train/0_No_DR/4036471a1bb7.png,aptos,4036471a1bb7,4036471a1bb7.png,A:\DR_classification\data\organized\aptos\train\0_No_DR\4036471a1bb7.png,train/0_No_DR/4036471a1bb7.png,train,0,No_DR
aptos:train/0_No_DR/404ede327e98.png,aptos,404ede327e98,404ede327e98.png,A:\DR_classification\data\organized\aptos\train\0_No_DR\404ede327e98.png,train/0_No_DR/404ede327e98.png,train,0,No_DR
aptos:train/0_No_DR/40dd4e6e4444.png,aptos,40dd4e6e4444,40dd4e6e4444.png,A:\DR_classification\data\organized\aptos\train\0_No_DR\40dd4e6e4444.png,train/0_No_DR/40dd4e6e4444.png,train,0,No_DR
aptos:train/0_No_DR/41345cec5957.png,aptos,41345cec5957,41345cec5957.png,A:\DR_classification\data\organized\aptos\train\0_No_DR\41345cec5957.png,train/0_No_DR/41345cec5957.png,train,0,No_DR
aptos:train/0_No_DR/4145dcb25053.png,aptos,4145dcb25053,4145dcb25053.png,A:\DR_classification\data\organized\aptos\train\0_No_DR\4145dcb25053.png,train/0_No_DR/4145dcb25053.png,train,0,No_DR
aptos:train/0_No_DR/415d5c5e785f.png,aptos,415d5c5e785f,415d5c5e785f.png,A:\DR_classification\data\organized\aptos\train\0_No_DR\415d5c5e785f.png,train/0_No_DR/415d5c5e785f.png,train,0,No_DR
aptos:train/0_No_DR/415f2d2bd2a1.png,aptos,415f2d2bd2a1,415f2d2bd2a1.png,A:\DR_classification\data\organized\aptos\train\0_No_DR\415f2d2bd2a1.png,train/0_No_DR/415f2d2bd2a1.png,train,0,No_DR
aptos:train/0_No_DR/41960d5f58c2.png,aptos,41960d5f58c2,41960d5f58c2.png,A:\DR_classification\data\organized\aptos\train\0_No_DR\41960d5f58c2.png,train/0_No_DR/41960d5f58c2.png,train,0,No_DR
aptos:train/0_No_DR/41ab357d103f.png,aptos,41ab357d103f,41ab357d103f.png,A:\DR_classification\data\organized\aptos\train\0_No_DR\41ab357d103f.png,train/0_No_DR/41ab357d103f.png,train,0,No_DR
aptos:train/0_No_DR/4205e9deb058.png,aptos,4205e9deb058,4205e9deb058.png,A:\DR_classification\data\organized\aptos\train\0_No_DR\4205e9deb058.png,train/0_No_DR/4205e9deb058.png,train,0,No_DR
aptos:train/0_No_DR/4210809074c1.png,aptos,4210809074c1,4210809074c1.png,A:\DR_classification\data\organized\aptos\train\0_No_DR\4210809074c1.png,train/0_No_DR/4210809074c1.png,train,0,No_DR
aptos:train/0_No_DR/42af7282349b.png,aptos,42af7282349b,42af7282349b.png,A:\DR_classification\data\organized\aptos\train\0_No_DR\42af7282349b.png,train/0_No_DR/42af7282349b.png,train,0,No_DR
aptos:train/0_No_DR/42b9c1977681.png,aptos,42b9c1977681,42b9c1977681.png,A:\DR_classification\data\organized\aptos\train\0_No_DR\42b9c1977681.png,train/0_No_DR/42b9c1977681.png,train,0,No_DR
aptos:train/0_No_DR/42c65af5ab16.png,aptos,42c65af5ab16,42c65af5ab16.png,A:\DR_classification\data\organized\aptos\train\0_No_DR\42c65af5ab16.png,train/0_No_DR/42c65af5ab16.png,train,0,No_DR
aptos:train/0_No_DR/4318b6adeb97.png,aptos,4318b6adeb97,4318b6adeb97.png,A:\DR_classification\data\organized\aptos\train\0_No_DR\4318b6adeb97.png,train/0_No_DR/4318b6adeb97.png,train,0,No_DR
aptos:train/0_No_DR/435414ccccf7.png,aptos,435414ccccf7,435414ccccf7.png,A:\DR_classification\data\organized\aptos\train\0_No_DR\435414ccccf7.png,train/0_No_DR/435414ccccf7.png,train,0,No_DR
aptos:train/0_No_DR/436e7a7af761.png,aptos,436e7a7af761,436e7a7af761.png,A:\DR_classification\data\organized\aptos\train\0_No_DR\436e7a7af761.png,train/0_No_DR/436e7a7af761.png,train,0,No_DR
aptos:train/0_No_DR/436fa3fd145a.png,aptos,436fa3fd145a,436fa3fd145a.png,A:\DR_classification\data\organized\aptos\train\0_No_DR\436fa3fd145a.png,train/0_No_DR/436fa3fd145a.png,train,0,No_DR
aptos:train/0_No_DR/43bc7c066dfb.png,aptos,43bc7c066dfb,43bc7c066dfb.png,A:\DR_classification\data\organized\aptos\train\0_No_DR\43bc7c066dfb.png,train/0_No_DR/43bc7c066dfb.png,train,0,No_DR
aptos:train/0_No_DR/43e9c66eb0f3.png,aptos,43e9c66eb0f3,43e9c66eb0f3.png,A:\DR_classification\data\organized\aptos\train\0_No_DR\43e9c66eb0f3.png,train/0_No_DR/43e9c66eb0f3.png,train,0,No_DR
aptos:train/0_No_DR/43f22d1be8dd.png,aptos,43f22d1be8dd,43f22d1be8dd.png,A:\DR_classification\data\organized\aptos\train\0_No_DR\43f22d1be8dd.png,train/0_No_DR/43f22d1be8dd.png,train,0,No_DR
aptos:train/0_No_DR/4403538fb50f.png,aptos,4403538fb50f,4403538fb50f.png,A:\DR_classification\data\organized\aptos\train\0_No_DR\4403538fb50f.png,train/0_No_DR/4403538fb50f.png,train,0,No_DR
aptos:train/0_No_DR/44271f3cb18f.png,aptos,44271f3cb18f,44271f3cb18f.png,A:\DR_classification\data\organized\aptos\train\0_No_DR\44271f3cb18f.png,train/0_No_DR/44271f3cb18f.png,train,0,No_DR
aptos:train/0_No_DR/4464bb62bf20.png,aptos,4464bb62bf20,4464bb62bf20.png,A:\DR_classification\data\organized\aptos\train\0_No_DR\4464bb62bf20.png,train/0_No_DR/4464bb62bf20.png,train,0,No_DR
aptos:train/0_No_DR/44a4d04162cc.png,aptos,44a4d04162cc,44a4d04162cc.png,A:\DR_classification\data\organized\aptos\train\0_No_DR\44a4d04162cc.png,train/0_No_DR/44a4d04162cc.png,train,0,No_DR
aptos:train/0_No_DR/44a86263117b.png,aptos,44a86263117b,44a86263117b.png,A:\DR_classification\data\organized\aptos\train\0_No_DR\44a86263117b.png,train/0_No_DR/44a86263117b.png,train,0,No_DR
aptos:train/0_No_DR/4528fbbd43a3.png,aptos,4528fbbd43a3,4528fbbd43a3.png,A:\DR_classification\data\organized\aptos\train\0_No_DR\4528fbbd43a3.png,train/0_No_DR/4528fbbd43a3.png,train,0,No_DR
aptos:train/0_No_DR/45369821d6a3.png,aptos,45369821d6a3,45369821d6a3.png,A:\DR_classification\data\organized\aptos\train\0_No_DR\45369821d6a3.png,train/0_No_DR/45369821d6a3.png,train,0,No_DR
aptos:train/0_No_DR/461fa5292fda.png,aptos,461fa5292fda,461fa5292fda.png,A:\DR_classification\data\organized\aptos\train\0_No_DR\461fa5292fda.png,train/0_No_DR/461fa5292fda.png,train,0,No_DR
aptos:train/0_No_DR/462937ece243.png,aptos,462937ece243,462937ece243.png,A:\DR_classification\data\organized\aptos\train\0_No_DR\462937ece243.png,train/0_No_DR/462937ece243.png,train,0,No_DR
aptos:train/0_No_DR/46acc506fa61.png,aptos,46acc506fa61,46acc506fa61.png,A:\DR_classification\data\organized\aptos\train\0_No_DR\46acc506fa61.png,train/0_No_DR/46acc506fa61.png,train,0,No_DR
aptos:train/0_No_DR/4731e708ede3.png,aptos,4731e708ede3,4731e708ede3.png,A:\DR_classification\data\organized\aptos\train\0_No_DR\4731e708ede3.png,train/0_No_DR/4731e708ede3.png,train,0,No_DR
aptos:train/0_No_DR/482088e6be44.png,aptos,482088e6be44,482088e6be44.png,A:\DR_classification\data\organized\aptos\train\0_No_DR\482088e6be44.png,train/0_No_DR/482088e6be44.png,train,0,No_DR
aptos:train/0_No_DR/484dbeb9bf2a.png,aptos,484dbeb9bf2a,484dbeb9bf2a.png,A:\DR_classification\data\organized\aptos\train\0_No_DR\484dbeb9bf2a.png,train/0_No_DR/484dbeb9bf2a.png,train,0,No_DR
aptos:train/0_No_DR/4860f7813654.png,aptos,4860f7813654,4860f7813654.png,A:\DR_classification\data\organized\aptos\train\0_No_DR\4860f7813654.png,train/0_No_DR/4860f7813654.png,train,0,No_DR
aptos:train/0_No_DR/4926dea289f8.png,aptos,4926dea289f8,4926dea289f8.png,A:\DR_classification\data\organized\aptos\train\0_No_DR\4926dea289f8.png,train/0_No_DR/4926dea289f8.png,train,0,No_DR
aptos:train/0_No_DR/4927945ecfed.png,aptos,4927945ecfed,4927945ecfed.png,A:\DR_classification\data\organized\aptos\train\0_No_DR\4927945ecfed.png,train/0_No_DR/4927945ecfed.png,train,0,No_DR
aptos:train/0_No_DR/493d99f030e2.png,aptos,493d99f030e2,493d99f030e2.png,A:\DR_classification\data\organized\aptos\train\0_No_DR\493d99f030e2.png,train/0_No_DR/493d99f030e2.png,train,0,No_DR
aptos:train/0_No_DR/495106ae3b68.png,aptos,495106ae3b68,495106ae3b68.png,A:\DR_classification\data\organized\aptos\train\0_No_DR\495106ae3b68.png,train/0_No_DR/495106ae3b68.png,train,0,No_DR
aptos:train/0_No_DR/4958bfcc9f38.png,aptos,4958bfcc9f38,4958bfcc9f38.png,A:\DR_classification\data\organized\aptos\train\0_No_DR\4958bfcc9f38.png,train/0_No_DR/4958bfcc9f38.png,train,0,No_DR
aptos:train/0_No_DR/496155f71d0a.png,aptos,496155f71d0a,496155f71d0a.png,A:\DR_classification\data\organized\aptos\train\0_No_DR\496155f71d0a.png,train/0_No_DR/496155f71d0a.png,train,0,No_DR
aptos:train/0_No_DR/4982378d72f9.png,aptos,4982378d72f9,4982378d72f9.png,A:\DR_classification\data\organized\aptos\train\0_No_DR\4982378d72f9.png,train/0_No_DR/4982378d72f9.png,train,0,No_DR
aptos:train/0_No_DR/49e4b95ee2dc.png,aptos,49e4b95ee2dc,49e4b95ee2dc.png,A:\DR_classification\data\organized\aptos\train\0_No_DR\49e4b95ee2dc.png,train/0_No_DR/49e4b95ee2dc.png,train,0,No_DR
aptos:train/0_No_DR/49eb73968c44.png,aptos,49eb73968c44,49eb73968c44.png,A:\DR_classification\data\organized\aptos\train\0_No_DR\49eb73968c44.png,train/0_No_DR/49eb73968c44.png,train,0,No_DR
aptos:train/0_No_DR/4a05f81b3aba.png,aptos,4a05f81b3aba,4a05f81b3aba.png,A:\DR_classification\data\organized\aptos\train\0_No_DR\4a05f81b3aba.png,train/0_No_DR/4a05f81b3aba.png,train,0,No_DR
aptos:train/0_No_DR/4a1afe4044f4.png,aptos,4a1afe4044f4,4a1afe4044f4.png,A:\DR_classification\data\organized\aptos\train\0_No_DR\4a1afe4044f4.png,train/0_No_DR/4a1afe4044f4.png,train,0,No_DR
aptos:train/0_No_DR/4a4cb731f91a.png,aptos,4a4cb731f91a,4a4cb731f91a.png,A:\DR_classification\data\organized\aptos\train\0_No_DR\4a4cb731f91a.png,train/0_No_DR/4a4cb731f91a.png,train,0,No_DR
aptos:train/0_No_DR/4a589edaea60.png,aptos,4a589edaea60,4a589edaea60.png,A:\DR_classification\data\organized\aptos\train\0_No_DR\4a589edaea60.png,train/0_No_DR/4a589edaea60.png,train,0,No_DR
aptos:train/0_No_DR/4a5a6efc0bef.png,aptos,4a5a6efc0bef,4a5a6efc0bef.png,A:\DR_classification\data\organized\aptos\train\0_No_DR\4a5a6efc0bef.png,train/0_No_DR/4a5a6efc0bef.png,train,0,No_DR
aptos:train/0_No_DR/4aa3d771c5e4.png,aptos,4aa3d771c5e4,4aa3d771c5e4.png,A:\DR_classification\data\organized\aptos\train\0_No_DR\4aa3d771c5e4.png,train/0_No_DR/4aa3d771c5e4.png,train,0,No_DR
aptos:train/0_No_DR/4ab8c0cece7f.png,aptos,4ab8c0cece7f,4ab8c0cece7f.png,A:\DR_classification\data\organized\aptos\train\0_No_DR\4ab8c0cece7f.png,train/0_No_DR/4ab8c0cece7f.png,train,0,No_DR
aptos:train/0_No_DR/4ad8d3ec8789.png,aptos,4ad8d3ec8789,4ad8d3ec8789.png,A:\DR_classification\data\organized\aptos\train\0_No_DR\4ad8d3ec8789.png,train/0_No_DR/4ad8d3ec8789.png,train,0,No_DR
aptos:train/0_No_DR/4b6895d0cf8d.png,aptos,4b6895d0cf8d,4b6895d0cf8d.png,A:\DR_classification\data\organized\aptos\train\0_No_DR\4b6895d0cf8d.png,train/0_No_DR/4b6895d0cf8d.png,train,0,No_DR
aptos:train/0_No_DR/4bd5d0b30198.png,aptos,4bd5d0b30198,4bd5d0b30198.png,A:\DR_classification\data\organized\aptos\train\0_No_DR\4bd5d0b30198.png,train/0_No_DR/4bd5d0b30198.png,train,0,No_DR
aptos:train/0_No_DR/4c389d033cb0.png,aptos,4c389d033cb0,4c389d033cb0.png,A:\DR_classification\data\organized\aptos\train\0_No_DR\4c389d033cb0.png,train/0_No_DR/4c389d033cb0.png,train,0,No_DR
aptos:train/0_No_DR/4c53cc97ea13.png,aptos,4c53cc97ea13,4c53cc97ea13.png,A:\DR_classification\data\organized\aptos\train\0_No_DR\4c53cc97ea13.png,train/0_No_DR/4c53cc97ea13.png,train,0,No_DR
aptos:train/0_No_DR/4c60f6fcea75.png,aptos,4c60f6fcea75,4c60f6fcea75.png,A:\DR_classification\data\organized\aptos\train\0_No_DR\4c60f6fcea75.png,train/0_No_DR/4c60f6fcea75.png,train,0,No_DR
aptos:train/0_No_DR/4c635a01593d.png,aptos,4c635a01593d,4c635a01593d.png,A:\DR_classification\data\organized\aptos\train\0_No_DR\4c635a01593d.png,train/0_No_DR/4c635a01593d.png,train,0,No_DR
aptos:train/0_No_DR/4ccee4db09b6.png,aptos,4ccee4db09b6,4ccee4db09b6.png,A:\DR_classification\data\organized\aptos\train\0_No_DR\4ccee4db09b6.png,train/0_No_DR/4ccee4db09b6.png,train,0,No_DR
aptos:train/0_No_DR/4cf4d528c08e.png,aptos,4cf4d528c08e,4cf4d528c08e.png,A:\DR_classification\data\organized\aptos\train\0_No_DR\4cf4d528c08e.png,train/0_No_DR/4cf4d528c08e.png,train,0,No_DR
aptos:train/0_No_DR/4cfd22ae43d4.png,aptos,4cfd22ae43d4,4cfd22ae43d4.png,A:\DR_classification\data\organized\aptos\train\0_No_DR\4cfd22ae43d4.png,train/0_No_DR/4cfd22ae43d4.png,train,0,No_DR
aptos:train/0_No_DR/4d17559ac1e2.png,aptos,4d17559ac1e2,4d17559ac1e2.png,A:\DR_classification\data\organized\aptos\train\0_No_DR\4d17559ac1e2.png,train/0_No_DR/4d17559ac1e2.png,train,0,No_DR
aptos:train/0_No_DR/4d1e7def7624.png,aptos,4d1e7def7624,4d1e7def7624.png,A:\DR_classification\data\organized\aptos\train\0_No_DR\4d1e7def7624.png,train/0_No_DR/4d1e7def7624.png,train,0,No_DR
aptos:train/0_No_DR/4d3de40ced3a.png,aptos,4d3de40ced3a,4d3de40ced3a.png,A:\DR_classification\data\organized\aptos\train\0_No_DR\4d3de40ced3a.png,train/0_No_DR/4d3de40ced3a.png,train,0,No_DR
aptos:train/0_No_DR/4dd4a4bf2421.png,aptos,4dd4a4bf2421,4dd4a4bf2421.png,A:\DR_classification\data\organized\aptos\train\0_No_DR\4dd4a4bf2421.png,train/0_No_DR/4dd4a4bf2421.png,train,0,No_DR
aptos:train/0_No_DR/4dd7b322f342.png,aptos,4dd7b322f342,4dd7b322f342.png,A:\DR_classification\data\organized\aptos\train\0_No_DR\4dd7b322f342.png,train/0_No_DR/4dd7b322f342.png,train,0,No_DR
aptos:train/0_No_DR/4e1e252317b5.png,aptos,4e1e252317b5,4e1e252317b5.png,A:\DR_classification\data\organized\aptos\train\0_No_DR\4e1e252317b5.png,train/0_No_DR/4e1e252317b5.png,train,0,No_DR
aptos:train/0_No_DR/4e231670b48c.png,aptos,4e231670b48c,4e231670b48c.png,A:\DR_classification\data\organized\aptos\train\0_No_DR\4e231670b48c.png,train/0_No_DR/4e231670b48c.png,train,0,No_DR
aptos:train/0_No_DR/4e4a6224a04e.png,aptos,4e4a6224a04e,4e4a6224a04e.png,A:\DR_classification\data\organized\aptos\train\0_No_DR\4e4a6224a04e.png,train/0_No_DR/4e4a6224a04e.png,train,0,No_DR
aptos:train/0_No_DR/4e54ccfd49b2.png,aptos,4e54ccfd49b2,4e54ccfd49b2.png,A:\DR_classification\data\organized\aptos\train\0_No_DR\4e54ccfd49b2.png,train/0_No_DR/4e54ccfd49b2.png,train,0,No_DR
aptos:train/0_No_DR/4e8585a96739.png,aptos,4e8585a96739,4e8585a96739.png,A:\DR_classification\data\organized\aptos\train\0_No_DR\4e8585a96739.png,train/0_No_DR/4e8585a96739.png,train,0,No_DR
aptos:train/0_No_DR/4eabad7948cf.png,aptos,4eabad7948cf,4eabad7948cf.png,A:\DR_classification\data\organized\aptos\train\0_No_DR\4eabad7948cf.png,train/0_No_DR/4eabad7948cf.png,train,0,No_DR
aptos:train/0_No_DR/4eaf2f81819d.png,aptos,4eaf2f81819d,4eaf2f81819d.png,A:\DR_classification\data\organized\aptos\train\0_No_DR\4eaf2f81819d.png,train/0_No_DR/4eaf2f81819d.png,train,0,No_DR
aptos:train/0_No_DR/4ec7796df40e.png,aptos,4ec7796df40e,4ec7796df40e.png,A:\DR_classification\data\organized\aptos\train\0_No_DR\4ec7796df40e.png,train/0_No_DR/4ec7796df40e.png,train,0,No_DR
aptos:train/0_No_DR/4f5dd7660b17.png,aptos,4f5dd7660b17,4f5dd7660b17.png,A:\DR_classification\data\organized\aptos\train\0_No_DR\4f5dd7660b17.png,train/0_No_DR/4f5dd7660b17.png,train,0,No_DR
aptos:train/0_No_DR/4f6abc40c72d.png,aptos,4f6abc40c72d,4f6abc40c72d.png,A:\DR_classification\data\organized\aptos\train\0_No_DR\4f6abc40c72d.png,train/0_No_DR/4f6abc40c72d.png,train,0,No_DR
aptos:train/0_No_DR/501c319f7a9f.png,aptos,501c319f7a9f,501c319f7a9f.png,A:\DR_classification\data\organized\aptos\train\0_No_DR\501c319f7a9f.png,train/0_No_DR/501c319f7a9f.png,train,0,No_DR
aptos:train/0_No_DR/504a69096fcb.png,aptos,504a69096fcb,504a69096fcb.png,A:\DR_classification\data\organized\aptos\train\0_No_DR\504a69096fcb.png,train/0_No_DR/504a69096fcb.png,train,0,No_DR
aptos:train/0_No_DR/5069feccd866.png,aptos,5069feccd866,5069feccd866.png,A:\DR_classification\data\organized\aptos\train\0_No_DR\5069feccd866.png,train/0_No_DR/5069feccd866.png,train,0,No_DR
aptos:train/0_No_DR/5077cdb88aed.png,aptos,5077cdb88aed,5077cdb88aed.png,A:\DR_classification\data\organized\aptos\train\0_No_DR\5077cdb88aed.png,train/0_No_DR/5077cdb88aed.png,train,0,No_DR
aptos:train/0_No_DR/5078caaf1f57.png,aptos,5078caaf1f57,5078caaf1f57.png,A:\DR_classification\data\organized\aptos\train\0_No_DR\5078caaf1f57.png,train/0_No_DR/5078caaf1f57.png,train,0,No_DR
aptos:train/0_No_DR/50915e2329a1.png,aptos,50915e2329a1,50915e2329a1.png,A:\DR_classification\data\organized\aptos\train\0_No_DR\50915e2329a1.png,train/0_No_DR/50915e2329a1.png,train,0,No_DR
aptos:train/0_No_DR/50f5201fd18a.png,aptos,50f5201fd18a,50f5201fd18a.png,A:\DR_classification\data\organized\aptos\train\0_No_DR\50f5201fd18a.png,train/0_No_DR/50f5201fd18a.png,train,0,No_DR
aptos:train/0_No_DR/511fd66b2df8.png,aptos,511fd66b2df8,511fd66b2df8.png,A:\DR_classification\data\organized\aptos\train\0_No_DR\511fd66b2df8.png,train/0_No_DR/511fd66b2df8.png,train,0,No_DR
aptos:train/0_No_DR/519c6e8f78dc.png,aptos,519c6e8f78dc,519c6e8f78dc.png,A:\DR_classification\data\organized\aptos\train\0_No_DR\519c6e8f78dc.png,train/0_No_DR/519c6e8f78dc.png,train,0,No_DR
aptos:train/0_No_DR/51a078d6d43a.png,aptos,51a078d6d43a,51a078d6d43a.png,A:\DR_classification\data\organized\aptos\train\0_No_DR\51a078d6d43a.png,train/0_No_DR/51a078d6d43a.png,train,0,No_DR
aptos:train/0_No_DR/51aa3361294c.png,aptos,51aa3361294c,51aa3361294c.png,A:\DR_classification\data\organized\aptos\train\0_No_DR\51aa3361294c.png,train/0_No_DR/51aa3361294c.png,train,0,No_DR
aptos:train/0_No_DR/51af8a689511.png,aptos,51af8a689511,51af8a689511.png,A:\DR_classification\data\organized\aptos\train\0_No_DR\51af8a689511.png,train/0_No_DR/51af8a689511.png,train,0,No_DR
aptos:train/0_No_DR/51cd8d2057fa.png,aptos,51cd8d2057fa,51cd8d2057fa.png,A:\DR_classification\data\organized\aptos\train\0_No_DR\51cd8d2057fa.png,train/0_No_DR/51cd8d2057fa.png,train,0,No_DR
aptos:train/0_No_DR/521b5377a727.png,aptos,521b5377a727,521b5377a727.png,A:\DR_classification\data\organized\aptos\train\0_No_DR\521b5377a727.png,train/0_No_DR/521b5377a727.png,train,0,No_DR
aptos:train/0_No_DR/525d0dd8dc45.png,aptos,525d0dd8dc45,525d0dd8dc45.png,A:\DR_classification\data\organized\aptos\train\0_No_DR\525d0dd8dc45.png,train/0_No_DR/525d0dd8dc45.png,train,0,No_DR
aptos:train/0_No_DR/5264a54e1830.png,aptos,5264a54e1830,5264a54e1830.png,A:\DR_classification\data\organized\aptos\train\0_No_DR\5264a54e1830.png,train/0_No_DR/5264a54e1830.png,train,0,No_DR
aptos:train/0_No_DR/5288f7441f64.png,aptos,5288f7441f64,5288f7441f64.png,A:\DR_classification\data\organized\aptos\train\0_No_DR\5288f7441f64.png,train/0_No_DR/5288f7441f64.png,train,0,No_DR
aptos:train/0_No_DR/5293576816aa.png,aptos,5293576816aa,5293576816aa.png,A:\DR_classification\data\organized\aptos\train\0_No_DR\5293576816aa.png,train/0_No_DR/5293576816aa.png,train,0,No_DR
aptos:train/0_No_DR/529906ff9dfa.png,aptos,529906ff9dfa,529906ff9dfa.png,A:\DR_classification\data\organized\aptos\train\0_No_DR\529906ff9dfa.png,train/0_No_DR/529906ff9dfa.png,train,0,No_DR
aptos:train/0_No_DR/5299a532f0e0.png,aptos,5299a532f0e0,5299a532f0e0.png,A:\DR_classification\data\organized\aptos\train\0_No_DR\5299a532f0e0.png,train/0_No_DR/5299a532f0e0.png,train,0,No_DR
aptos:train/0_No_DR/52ddde91a349.png,aptos,52ddde91a349,52ddde91a349.png,A:\DR_classification\data\organized\aptos\train\0_No_DR\52ddde91a349.png,train/0_No_DR/52ddde91a349.png,train,0,No_DR
aptos:train/0_No_DR/52edbe29d655.png,aptos,52edbe29d655,52edbe29d655.png,A:\DR_classification\data\organized\aptos\train\0_No_DR\52edbe29d655.png,train/0_No_DR/52edbe29d655.png,train,0,No_DR
aptos:train/0_No_DR/5321ab64f9ea.png,aptos,5321ab64f9ea,5321ab64f9ea.png,A:\DR_classification\data\organized\aptos\train\0_No_DR\5321ab64f9ea.png,train/0_No_DR/5321ab64f9ea.png,train,0,No_DR
aptos:train/0_No_DR/53327edb9e4d.png,aptos,53327edb9e4d,53327edb9e4d.png,A:\DR_classification\data\organized\aptos\train\0_No_DR\53327edb9e4d.png,train/0_No_DR/53327edb9e4d.png,train,0,No_DR
aptos:train/0_No_DR/535682537302.png,aptos,535682537302,535682537302.png,A:\DR_classification\data\organized\aptos\train\0_No_DR\535682537302.png,train/0_No_DR/535682537302.png,train,0,No_DR
aptos:train/0_No_DR/537e5c578f40.png,aptos,537e5c578f40,537e5c578f40.png,A:\DR_classification\data\organized\aptos\train\0_No_DR\537e5c578f40.png,train/0_No_DR/537e5c578f40.png,train,0,No_DR
aptos:train/0_No_DR/542964865b1e.png,aptos,542964865b1e,542964865b1e.png,A:\DR_classification\data\organized\aptos\train\0_No_DR\542964865b1e.png,train/0_No_DR/542964865b1e.png,train,0,No_DR
aptos:train/0_No_DR/5445255635f0.png,aptos,5445255635f0,5445255635f0.png,A:\DR_classification\data\organized\aptos\train\0_No_DR\5445255635f0.png,train/0_No_DR/5445255635f0.png,train,0,No_DR
aptos:train/0_No_DR/54b322c66d01.png,aptos,54b322c66d01,54b322c66d01.png,A:\DR_classification\data\organized\aptos\train\0_No_DR\54b322c66d01.png,train/0_No_DR/54b322c66d01.png,train,0,No_DR
aptos:train/0_No_DR/54f57cf26126.png,aptos,54f57cf26126,54f57cf26126.png,A:\DR_classification\data\organized\aptos\train\0_No_DR\54f57cf26126.png,train/0_No_DR/54f57cf26126.png,train,0,No_DR
aptos:train/0_No_DR/555d0bef3c5b.png,aptos,555d0bef3c5b,555d0bef3c5b.png,A:\DR_classification\data\organized\aptos\train\0_No_DR\555d0bef3c5b.png,train/0_No_DR/555d0bef3c5b.png,train,0,No_DR
aptos:train/0_No_DR/55968f0e63c4.png,aptos,55968f0e63c4,55968f0e63c4.png,A:\DR_classification\data\organized\aptos\train\0_No_DR\55968f0e63c4.png,train/0_No_DR/55968f0e63c4.png,train,0,No_DR
aptos:train/0_No_DR/55f7f018c61c.png,aptos,55f7f018c61c,55f7f018c61c.png,A:\DR_classification\data\organized\aptos\train\0_No_DR\55f7f018c61c.png,train/0_No_DR/55f7f018c61c.png,train,0,No_DR
aptos:train/0_No_DR/571bbdbf585e.png,aptos,571bbdbf585e,571bbdbf585e.png,A:\DR_classification\data\organized\aptos\train\0_No_DR\571bbdbf585e.png,train/0_No_DR/571bbdbf585e.png,train,0,No_DR
aptos:train/0_No_DR/5728b8aa98ef.png,aptos,5728b8aa98ef,5728b8aa98ef.png,A:\DR_classification\data\organized\aptos\train\0_No_DR\5728b8aa98ef.png,train/0_No_DR/5728b8aa98ef.png,train,0,No_DR
aptos:train/0_No_DR/573ea80a53be.png,aptos,573ea80a53be,573ea80a53be.png,A:\DR_classification\data\organized\aptos\train\0_No_DR\573ea80a53be.png,train/0_No_DR/573ea80a53be.png,train,0,No_DR
aptos:train/0_No_DR/57a5e4274275.png,aptos,57a5e4274275,57a5e4274275.png,A:\DR_classification\data\organized\aptos\train\0_No_DR\57a5e4274275.png,train/0_No_DR/57a5e4274275.png,train,0,No_DR
aptos:train/0_No_DR/57a710de68a4.png,aptos,57a710de68a4,57a710de68a4.png,A:\DR_classification\data\organized\aptos\train\0_No_DR\57a710de68a4.png,train/0_No_DR/57a710de68a4.png,train,0,No_DR
aptos:train/0_No_DR/57db4781e7ec.png,aptos,57db4781e7ec,57db4781e7ec.png,A:\DR_classification\data\organized\aptos\train\0_No_DR\57db4781e7ec.png,train/0_No_DR/57db4781e7ec.png,train,0,No_DR
aptos:train/0_No_DR/57f5ad4b5b29.png,aptos,57f5ad4b5b29,57f5ad4b5b29.png,A:\DR_classification\data\organized\aptos\train\0_No_DR\57f5ad4b5b29.png,train/0_No_DR/57f5ad4b5b29.png,train,0,No_DR
aptos:train/0_No_DR/58059e73d2d4.png,aptos,58059e73d2d4,58059e73d2d4.png,A:\DR_classification\data\organized\aptos\train\0_No_DR\58059e73d2d4.png,train/0_No_DR/58059e73d2d4.png,train,0,No_DR
aptos:train/0_No_DR/586f5c56081e.png,aptos,586f5c56081e,586f5c56081e.png,A:\DR_classification\data\organized\aptos\train\0_No_DR\586f5c56081e.png,train/0_No_DR/586f5c56081e.png,train,0,No_DR
aptos:train/0_No_DR/5889a0c75cac.png,aptos,5889a0c75cac,5889a0c75cac.png,A:\DR_classification\data\organized\aptos\train\0_No_DR\5889a0c75cac.png,train/0_No_DR/5889a0c75cac.png,train,0,No_DR
aptos:train/0_No_DR/58af2c054ced.png,aptos,58af2c054ced,58af2c054ced.png,A:\DR_classification\data\organized\aptos\train\0_No_DR\58af2c054ced.png,train/0_No_DR/58af2c054ced.png,train,0,No_DR
aptos:train/0_No_DR/58c12863f33d.png,aptos,58c12863f33d,58c12863f33d.png,A:\DR_classification\data\organized\aptos\train\0_No_DR\58c12863f33d.png,train/0_No_DR/58c12863f33d.png,train,0,No_DR
aptos:train/0_No_DR/58eb3809f456.png,aptos,58eb3809f456,58eb3809f456.png,A:\DR_classification\data\organized\aptos\train\0_No_DR\58eb3809f456.png,train/0_No_DR/58eb3809f456.png,train,0,No_DR
aptos:train/0_No_DR/58f07741ee3b.png,aptos,58f07741ee3b,58f07741ee3b.png,A:\DR_classification\data\organized\aptos\train\0_No_DR\58f07741ee3b.png,train/0_No_DR/58f07741ee3b.png,train,0,No_DR
aptos:train/0_No_DR/596f4fdb0004.png,aptos,596f4fdb0004,596f4fdb0004.png,A:\DR_classification\data\organized\aptos\train\0_No_DR\596f4fdb0004.png,train/0_No_DR/596f4fdb0004.png,train,0,No_DR
aptos:train/0_No_DR/598b8f5b3822.png,aptos,598b8f5b3822,598b8f5b3822.png,A:\DR_classification\data\organized\aptos\train\0_No_DR\598b8f5b3822.png,train/0_No_DR/598b8f5b3822.png,train,0,No_DR
aptos:train/0_No_DR/599498e9e4bc.png,aptos,599498e9e4bc,599498e9e4bc.png,A:\DR_classification\data\organized\aptos\train\0_No_DR\599498e9e4bc.png,train/0_No_DR/599498e9e4bc.png,train,0,No_DR
aptos:train/0_No_DR/5995321563b7.png,aptos,5995321563b7,5995321563b7.png,A:\DR_classification\data\organized\aptos\train\0_No_DR\5995321563b7.png,train/0_No_DR/5995321563b7.png,train,0,No_DR
aptos:train/0_No_DR/5a0fe0ee4301.png,aptos,5a0fe0ee4301,5a0fe0ee4301.png,A:\DR_classification\data\organized\aptos\train\0_No_DR\5a0fe0ee4301.png,train/0_No_DR/5a0fe0ee4301.png,train,0,No_DR
aptos:train/0_No_DR/5a179c123fd8.png,aptos,5a179c123fd8,5a179c123fd8.png,A:\DR_classification\data\organized\aptos\train\0_No_DR\5a179c123fd8.png,train/0_No_DR/5a179c123fd8.png,train,0,No_DR
aptos:train/0_No_DR/5a444c32cd9a.png,aptos,5a444c32cd9a,5a444c32cd9a.png,A:\DR_classification\data\organized\aptos\train\0_No_DR\5a444c32cd9a.png,train/0_No_DR/5a444c32cd9a.png,train,0,No_DR
aptos:train/0_No_DR/5a93c0f783c4.png,aptos,5a93c0f783c4,5a93c0f783c4.png,A:\DR_classification\data\organized\aptos\train\0_No_DR\5a93c0f783c4.png,train/0_No_DR/5a93c0f783c4.png,train,0,No_DR
aptos:train/0_No_DR/5ac7a414560e.png,aptos,5ac7a414560e,5ac7a414560e.png,A:\DR_classification\data\organized\aptos\train\0_No_DR\5ac7a414560e.png,train/0_No_DR/5ac7a414560e.png,train,0,No_DR
aptos:train/0_No_DR/5b1c4cefeb24.png,aptos,5b1c4cefeb24,5b1c4cefeb24.png,A:\DR_classification\data\organized\aptos\train\0_No_DR\5b1c4cefeb24.png,train/0_No_DR/5b1c4cefeb24.png,train,0,No_DR
aptos:train/0_No_DR/5b2648ad455e.png,aptos,5b2648ad455e,5b2648ad455e.png,A:\DR_classification\data\organized\aptos\train\0_No_DR\5b2648ad455e.png,train/0_No_DR/5b2648ad455e.png,train,0,No_DR
aptos:train/0_No_DR/5b32ece9c627.png,aptos,5b32ece9c627,5b32ece9c627.png,A:\DR_classification\data\organized\aptos\train\0_No_DR\5b32ece9c627.png,train/0_No_DR/5b32ece9c627.png,train,0,No_DR
aptos:train/0_No_DR/5b3d41626ec5.png,aptos,5b3d41626ec5,5b3d41626ec5.png,A:\DR_classification\data\organized\aptos\train\0_No_DR\5b3d41626ec5.png,train/0_No_DR/5b3d41626ec5.png,train,0,No_DR
aptos:train/0_No_DR/5b47043942f4.png,aptos,5b47043942f4,5b47043942f4.png,A:\DR_classification\data\organized\aptos\train\0_No_DR\5b47043942f4.png,train/0_No_DR/5b47043942f4.png,train,0,No_DR
aptos:train/0_No_DR/5b994ff78547.png,aptos,5b994ff78547,5b994ff78547.png,A:\DR_classification\data\organized\aptos\train\0_No_DR\5b994ff78547.png,train/0_No_DR/5b994ff78547.png,train,0,No_DR
aptos:train/0_No_DR/5baed382f062.png,aptos,5baed382f062,5baed382f062.png,A:\DR_classification\data\organized\aptos\train\0_No_DR\5baed382f062.png,train/0_No_DR/5baed382f062.png,train,0,No_DR
aptos:train/0_No_DR/5bea250d8bf5.png,aptos,5bea250d8bf5,5bea250d8bf5.png,A:\DR_classification\data\organized\aptos\train\0_No_DR\5bea250d8bf5.png,train/0_No_DR/5bea250d8bf5.png,train,0,No_DR
aptos:train/0_No_DR/5bf3357a2823.png,aptos,5bf3357a2823,5bf3357a2823.png,A:\DR_classification\data\organized\aptos\train\0_No_DR\5bf3357a2823.png,train/0_No_DR/5bf3357a2823.png,train,0,No_DR
aptos:train/0_No_DR/5bf6f2958e53.png,aptos,5bf6f2958e53,5bf6f2958e53.png,A:\DR_classification\data\organized\aptos\train\0_No_DR\5bf6f2958e53.png,train/0_No_DR/5bf6f2958e53.png,train,0,No_DR
aptos:train/0_No_DR/5c817060c0ed.png,aptos,5c817060c0ed,5c817060c0ed.png,A:\DR_classification\data\organized\aptos\train\0_No_DR\5c817060c0ed.png,train/0_No_DR/5c817060c0ed.png,train,0,No_DR
aptos:train/0_No_DR/5ca73d28f17f.png,aptos,5ca73d28f17f,5ca73d28f17f.png,A:\DR_classification\data\organized\aptos\train\0_No_DR\5ca73d28f17f.png,train/0_No_DR/5ca73d28f17f.png,train,0,No_DR
aptos:train/0_No_DR/5ca779ace6e7.png,aptos,5ca779ace6e7,5ca779ace6e7.png,A:\DR_classification\data\organized\aptos\train\0_No_DR\5ca779ace6e7.png,train/0_No_DR/5ca779ace6e7.png,train,0,No_DR
aptos:train/0_No_DR/5cbe88914a72.png,aptos,5cbe88914a72,5cbe88914a72.png,A:\DR_classification\data\organized\aptos\train\0_No_DR\5cbe88914a72.png,train/0_No_DR/5cbe88914a72.png,train,0,No_DR
aptos:train/0_No_DR/5d4e5fd34d91.png,aptos,5d4e5fd34d91,5d4e5fd34d91.png,A:\DR_classification\data\organized\aptos\train\0_No_DR\5d4e5fd34d91.png,train/0_No_DR/5d4e5fd34d91.png,train,0,No_DR
aptos:train/0_No_DR/5d6239c0fd39.png,aptos,5d6239c0fd39,5d6239c0fd39.png,A:\DR_classification\data\organized\aptos\train\0_No_DR\5d6239c0fd39.png,train/0_No_DR/5d6239c0fd39.png,train,0,No_DR
aptos:train/0_No_DR/5d9c841eb245.png,aptos,5d9c841eb245,5d9c841eb245.png,A:\DR_classification\data\organized\aptos\train\0_No_DR\5d9c841eb245.png,train/0_No_DR/5d9c841eb245.png,train,0,No_DR
aptos:train/0_No_DR/5db2e3a4594a.png,aptos,5db2e3a4594a,5db2e3a4594a.png,A:\DR_classification\data\organized\aptos\train\0_No_DR\5db2e3a4594a.png,train/0_No_DR/5db2e3a4594a.png,train,0,No_DR
aptos:train/0_No_DR/5de4615a5161.png,aptos,5de4615a5161,5de4615a5161.png,A:\DR_classification\data\organized\aptos\train\0_No_DR\5de4615a5161.png,train/0_No_DR/5de4615a5161.png,train,0,No_DR
aptos:train/0_No_DR/5e505e25cd3e.png,aptos,5e505e25cd3e,5e505e25cd3e.png,A:\DR_classification\data\organized\aptos\train\0_No_DR\5e505e25cd3e.png,train/0_No_DR/5e505e25cd3e.png,train,0,No_DR
aptos:train/0_No_DR/5e5275ddee29.png,aptos,5e5275ddee29,5e5275ddee29.png,A:\DR_classification\data\organized\aptos\train\0_No_DR\5e5275ddee29.png,train/0_No_DR/5e5275ddee29.png,train,0,No_DR
aptos:train/0_No_DR/5e97cb2b0888.png,aptos,5e97cb2b0888,5e97cb2b0888.png,A:\DR_classification\data\organized\aptos\train\0_No_DR\5e97cb2b0888.png,train/0_No_DR/5e97cb2b0888.png,train,0,No_DR
aptos:train/0_No_DR/5ead17e894ae.png,aptos,5ead17e894ae,5ead17e894ae.png,A:\DR_classification\data\organized\aptos\train\0_No_DR\5ead17e894ae.png,train/0_No_DR/5ead17e894ae.png,train,0,No_DR
aptos:train/0_No_DR/5eb8fb1aad41.png,aptos,5eb8fb1aad41,5eb8fb1aad41.png,A:\DR_classification\data\organized\aptos\train\0_No_DR\5eb8fb1aad41.png,train/0_No_DR/5eb8fb1aad41.png,train,0,No_DR
aptos:train/0_No_DR/5f4a8c074bd5.png,aptos,5f4a8c074bd5,5f4a8c074bd5.png,A:\DR_classification\data\organized\aptos\train\0_No_DR\5f4a8c074bd5.png,train/0_No_DR/5f4a8c074bd5.png,train,0,No_DR
aptos:train/0_No_DR/5fcff7280019.png,aptos,5fcff7280019,5fcff7280019.png,A:\DR_classification\data\organized\aptos\train\0_No_DR\5fcff7280019.png,train/0_No_DR/5fcff7280019.png,train,0,No_DR
aptos:train/0_No_DR/606daaf0bfc7.png,aptos,606daaf0bfc7,606daaf0bfc7.png,A:\DR_classification\data\organized\aptos\train\0_No_DR\606daaf0bfc7.png,train/0_No_DR/606daaf0bfc7.png,train,0,No_DR
aptos:train/0_No_DR/60edda7b4871.png,aptos,60edda7b4871,60edda7b4871.png,A:\DR_classification\data\organized\aptos\train\0_No_DR\60edda7b4871.png,train/0_No_DR/60edda7b4871.png,train,0,No_DR
aptos:train/0_No_DR/6107a2e9f60e.png,aptos,6107a2e9f60e,6107a2e9f60e.png,A:\DR_classification\data\organized\aptos\train\0_No_DR\6107a2e9f60e.png,train/0_No_DR/6107a2e9f60e.png,train,0,No_DR
aptos:train/0_No_DR/6155cf375354.png,aptos,6155cf375354,6155cf375354.png,A:\DR_classification\data\organized\aptos\train\0_No_DR\6155cf375354.png,train/0_No_DR/6155cf375354.png,train,0,No_DR
aptos:train/0_No_DR/6180920bc224.png,aptos,6180920bc224,6180920bc224.png,A:\DR_classification\data\organized\aptos\train\0_No_DR\6180920bc224.png,train/0_No_DR/6180920bc224.png,train,0,No_DR
aptos:train/0_No_DR/61a62b1dcc36.png,aptos,61a62b1dcc36,61a62b1dcc36.png,A:\DR_classification\data\organized\aptos\train\0_No_DR\61a62b1dcc36.png,train/0_No_DR/61a62b1dcc36.png,train,0,No_DR
aptos:train/0_No_DR/61c667663f2f.png,aptos,61c667663f2f,61c667663f2f.png,A:\DR_classification\data\organized\aptos\train\0_No_DR\61c667663f2f.png,train/0_No_DR/61c667663f2f.png,train,0,No_DR
aptos:train/0_No_DR/61d9c88a3a4b.png,aptos,61d9c88a3a4b,61d9c88a3a4b.png,A:\DR_classification\data\organized\aptos\train\0_No_DR\61d9c88a3a4b.png,train/0_No_DR/61d9c88a3a4b.png,train,0,No_DR
aptos:train/0_No_DR/61da799bf0aa.png,aptos,61da799bf0aa,61da799bf0aa.png,A:\DR_classification\data\organized\aptos\train\0_No_DR\61da799bf0aa.png,train/0_No_DR/61da799bf0aa.png,train,0,No_DR
aptos:train/0_No_DR/628b581aa905.png,aptos,628b581aa905,628b581aa905.png,A:\DR_classification\data\organized\aptos\train\0_No_DR\628b581aa905.png,train/0_No_DR/628b581aa905.png,train,0,No_DR
aptos:train/0_No_DR/6294b378d09f.png,aptos,6294b378d09f,6294b378d09f.png,A:\DR_classification\data\organized\aptos\train\0_No_DR\6294b378d09f.png,train/0_No_DR/6294b378d09f.png,train,0,No_DR
aptos:train/0_No_DR/62b826899151.png,aptos,62b826899151,62b826899151.png,A:\DR_classification\data\organized\aptos\train\0_No_DR\62b826899151.png,train/0_No_DR/62b826899151.png,train,0,No_DR
aptos:train/0_No_DR/6324d77cf926.png,aptos,6324d77cf926,6324d77cf926.png,A:\DR_classification\data\organized\aptos\train\0_No_DR\6324d77cf926.png,train/0_No_DR/6324d77cf926.png,train,0,No_DR
aptos:train/0_No_DR/633fe9dbaf39.png,aptos,633fe9dbaf39,633fe9dbaf39.png,A:\DR_classification\data\organized\aptos\train\0_No_DR\633fe9dbaf39.png,train/0_No_DR/633fe9dbaf39.png,train,0,No_DR
aptos:train/0_No_DR/63b71347e95d.png,aptos,63b71347e95d,63b71347e95d.png,A:\DR_classification\data\organized\aptos\train\0_No_DR\63b71347e95d.png,train/0_No_DR/63b71347e95d.png,train,0,No_DR
aptos:train/0_No_DR/63c0eafd6aa9.png,aptos,63c0eafd6aa9,63c0eafd6aa9.png,A:\DR_classification\data\organized\aptos\train\0_No_DR\63c0eafd6aa9.png,train/0_No_DR/63c0eafd6aa9.png,train,0,No_DR
aptos:train/0_No_DR/63e041a757eb.png,aptos,63e041a757eb,63e041a757eb.png,A:\DR_classification\data\organized\aptos\train\0_No_DR\63e041a757eb.png,train/0_No_DR/63e041a757eb.png,train,0,No_DR
aptos:train/0_No_DR/64ac539f58cb.png,aptos,64ac539f58cb,64ac539f58cb.png,A:\DR_classification\data\organized\aptos\train\0_No_DR\64ac539f58cb.png,train/0_No_DR/64ac539f58cb.png,train,0,No_DR
aptos:train/0_No_DR/64b9206afb3f.png,aptos,64b9206afb3f,64b9206afb3f.png,A:\DR_classification\data\organized\aptos\train\0_No_DR\64b9206afb3f.png,train/0_No_DR/64b9206afb3f.png,train,0,No_DR
aptos:train/0_No_DR/650104ede84c.png,aptos,650104ede84c,650104ede84c.png,A:\DR_classification\data\organized\aptos\train\0_No_DR\650104ede84c.png,train/0_No_DR/650104ede84c.png,train,0,No_DR
aptos:train/0_No_DR/658ad9f09f5d.png,aptos,658ad9f09f5d,658ad9f09f5d.png,A:\DR_classification\data\organized\aptos\train\0_No_DR\658ad9f09f5d.png,train/0_No_DR/658ad9f09f5d.png,train,0,No_DR
aptos:train/0_No_DR/65a7fe9482fe.png,aptos,65a7fe9482fe,65a7fe9482fe.png,A:\DR_classification\data\organized\aptos\train\0_No_DR\65a7fe9482fe.png,train/0_No_DR/65a7fe9482fe.png,train,0,No_DR
aptos:train/0_No_DR/65cf00be6fb4.png,aptos,65cf00be6fb4,65cf00be6fb4.png,A:\DR_classification\data\organized\aptos\train\0_No_DR\65cf00be6fb4.png,train/0_No_DR/65cf00be6fb4.png,train,0,No_DR
aptos:train/0_No_DR/65e6f1bd9875.png,aptos,65e6f1bd9875,65e6f1bd9875.png,A:\DR_classification\data\organized\aptos\train\0_No_DR\65e6f1bd9875.png,train/0_No_DR/65e6f1bd9875.png,train,0,No_DR
aptos:train/0_No_DR/65f5d2a6eb7e.png,aptos,65f5d2a6eb7e,65f5d2a6eb7e.png,A:\DR_classification\data\organized\aptos\train\0_No_DR\65f5d2a6eb7e.png,train/0_No_DR/65f5d2a6eb7e.png,train,0,No_DR
aptos:train/0_No_DR/66366a90d1ef.png,aptos,66366a90d1ef,66366a90d1ef.png,A:\DR_classification\data\organized\aptos\train\0_No_DR\66366a90d1ef.png,train/0_No_DR/66366a90d1ef.png,train,0,No_DR
aptos:train/0_No_DR/66393d8c60ba.png,aptos,66393d8c60ba,66393d8c60ba.png,A:\DR_classification\data\organized\aptos\train\0_No_DR\66393d8c60ba.png,train/0_No_DR/66393d8c60ba.png,train,0,No_DR
aptos:train/0_No_DR/66460ecab347.png,aptos,66460ecab347,66460ecab347.png,A:\DR_classification\data\organized\aptos\train\0_No_DR\66460ecab347.png,train/0_No_DR/66460ecab347.png,train,0,No_DR
aptos:train/0_No_DR/6653ad026901.png,aptos,6653ad026901,6653ad026901.png,A:\DR_classification\data\organized\aptos\train\0_No_DR\6653ad026901.png,train/0_No_DR/6653ad026901.png,train,0,No_DR
aptos:train/0_No_DR/668a319c2d23.png,aptos,668a319c2d23,668a319c2d23.png,A:\DR_classification\data\organized\aptos\train\0_No_DR\668a319c2d23.png,train/0_No_DR/668a319c2d23.png,train,0,No_DR
aptos:train/0_No_DR/66b88a4bc474.png,aptos,66b88a4bc474,66b88a4bc474.png,A:\DR_classification\data\organized\aptos\train\0_No_DR\66b88a4bc474.png,train/0_No_DR/66b88a4bc474.png,train,0,No_DR
aptos:train/0_No_DR/66bfec8d6bcd.png,aptos,66bfec8d6bcd,66bfec8d6bcd.png,A:\DR_classification\data\organized\aptos\train\0_No_DR\66bfec8d6bcd.png,train/0_No_DR/66bfec8d6bcd.png,train,0,No_DR
aptos:train/0_No_DR/675de69373f8.png,aptos,675de69373f8,675de69373f8.png,A:\DR_classification\data\organized\aptos\train\0_No_DR\675de69373f8.png,train/0_No_DR/675de69373f8.png,train,0,No_DR
aptos:train/0_No_DR/67d8f94f04e0.png,aptos,67d8f94f04e0,67d8f94f04e0.png,A:\DR_classification\data\organized\aptos\train\0_No_DR\67d8f94f04e0.png,train/0_No_DR/67d8f94f04e0.png,train,0,No_DR
aptos:train/0_No_DR/67ed8cc78b97.png,aptos,67ed8cc78b97,67ed8cc78b97.png,A:\DR_classification\data\organized\aptos\train\0_No_DR\67ed8cc78b97.png,train/0_No_DR/67ed8cc78b97.png,train,0,No_DR
aptos:train/0_No_DR/682312e82ee3.png,aptos,682312e82ee3,682312e82ee3.png,A:\DR_classification\data\organized\aptos\train\0_No_DR\682312e82ee3.png,train/0_No_DR/682312e82ee3.png,train,0,No_DR
aptos:train/0_No_DR/684dd88a0d49.png,aptos,684dd88a0d49,684dd88a0d49.png,A:\DR_classification\data\organized\aptos\train\0_No_DR\684dd88a0d49.png,train/0_No_DR/684dd88a0d49.png,train,0,No_DR
aptos:train/0_No_DR/68ddb15a74de.png,aptos,68ddb15a74de,68ddb15a74de.png,A:\DR_classification\data\organized\aptos\train\0_No_DR\68ddb15a74de.png,train/0_No_DR/68ddb15a74de.png,train,0,No_DR
aptos:train/0_No_DR/691eeb59b4cb.png,aptos,691eeb59b4cb,691eeb59b4cb.png,A:\DR_classification\data\organized\aptos\train\0_No_DR\691eeb59b4cb.png,train/0_No_DR/691eeb59b4cb.png,train,0,No_DR
aptos:train/0_No_DR/692e946b1f85.png,aptos,692e946b1f85,692e946b1f85.png,A:\DR_classification\data\organized\aptos\train\0_No_DR\692e946b1f85.png,train/0_No_DR/692e946b1f85.png,train,0,No_DR
aptos:train/0_No_DR/6966abf40b8c.png,aptos,6966abf40b8c,6966abf40b8c.png,A:\DR_classification\data\organized\aptos\train\0_No_DR\6966abf40b8c.png,train/0_No_DR/6966abf40b8c.png,train,0,No_DR
aptos:train/0_No_DR/69c4cbb630de.png,aptos,69c4cbb630de,69c4cbb630de.png,A:\DR_classification\data\organized\aptos\train\0_No_DR\69c4cbb630de.png,train/0_No_DR/69c4cbb630de.png,train,0,No_DR
aptos:train/0_No_DR/69f43381317b.png,aptos,69f43381317b,69f43381317b.png,A:\DR_classification\data\organized\aptos\train\0_No_DR\69f43381317b.png,train/0_No_DR/69f43381317b.png,train,0,No_DR
aptos:train/0_No_DR/6a2642131e4a.png,aptos,6a2642131e4a,6a2642131e4a.png,A:\DR_classification\data\organized\aptos\train\0_No_DR\6a2642131e4a.png,train/0_No_DR/6a2642131e4a.png,train,0,No_DR
aptos:train/0_No_DR/6a2c3f4ef329.png,aptos,6a2c3f4ef329,6a2c3f4ef329.png,A:\DR_classification\data\organized\aptos\train\0_No_DR\6a2c3f4ef329.png,train/0_No_DR/6a2c3f4ef329.png,train,0,No_DR
aptos:train/0_No_DR/6a57a3db3eff.png,aptos,6a57a3db3eff,6a57a3db3eff.png,A:\DR_classification\data\organized\aptos\train\0_No_DR\6a57a3db3eff.png,train/0_No_DR/6a57a3db3eff.png,train,0,No_DR
aptos:train/0_No_DR/6a905a7202d2.png,aptos,6a905a7202d2,6a905a7202d2.png,A:\DR_classification\data\organized\aptos\train\0_No_DR\6a905a7202d2.png,train/0_No_DR/6a905a7202d2.png,train,0,No_DR
aptos:train/0_No_DR/6af071b0ac6e.png,aptos,6af071b0ac6e,6af071b0ac6e.png,A:\DR_classification\data\organized\aptos\train\0_No_DR\6af071b0ac6e.png,train/0_No_DR/6af071b0ac6e.png,train,0,No_DR
aptos:train/0_No_DR/6b30767595d8.png,aptos,6b30767595d8,6b30767595d8.png,A:\DR_classification\data\organized\aptos\train\0_No_DR\6b30767595d8.png,train/0_No_DR/6b30767595d8.png,train,0,No_DR
aptos:train/0_No_DR/6b3860e8f64f.png,aptos,6b3860e8f64f,6b3860e8f64f.png,A:\DR_classification\data\organized\aptos\train\0_No_DR\6b3860e8f64f.png,train/0_No_DR/6b3860e8f64f.png,train,0,No_DR
aptos:train/0_No_DR/6b664ed2a938.png,aptos,6b664ed2a938,6b664ed2a938.png,A:\DR_classification\data\organized\aptos\train\0_No_DR\6b664ed2a938.png,train/0_No_DR/6b664ed2a938.png,train,0,No_DR
aptos:train/0_No_DR/6bb30ec3231a.png,aptos,6bb30ec3231a,6bb30ec3231a.png,A:\DR_classification\data\organized\aptos\train\0_No_DR\6bb30ec3231a.png,train/0_No_DR/6bb30ec3231a.png,train,0,No_DR
aptos:train/0_No_DR/6bf26b777e3a.png,aptos,6bf26b777e3a,6bf26b777e3a.png,A:\DR_classification\data\organized\aptos\train\0_No_DR\6bf26b777e3a.png,train/0_No_DR/6bf26b777e3a.png,train,0,No_DR
aptos:train/0_No_DR/6bf2a81a5d91.png,aptos,6bf2a81a5d91,6bf2a81a5d91.png,A:\DR_classification\data\organized\aptos\train\0_No_DR\6bf2a81a5d91.png,train/0_No_DR/6bf2a81a5d91.png,train,0,No_DR
aptos:train/0_No_DR/6c00dd8bf708.png,aptos,6c00dd8bf708,6c00dd8bf708.png,A:\DR_classification\data\organized\aptos\train\0_No_DR\6c00dd8bf708.png,train/0_No_DR/6c00dd8bf708.png,train,0,No_DR
aptos:train/0_No_DR/6c30dd481717.png,aptos,6c30dd481717,6c30dd481717.png,A:\DR_classification\data\organized\aptos\train\0_No_DR\6c30dd481717.png,train/0_No_DR/6c30dd481717.png,train,0,No_DR
aptos:train/0_No_DR/6c3589d7ed8d.png,aptos,6c3589d7ed8d,6c3589d7ed8d.png,A:\DR_classification\data\organized\aptos\train\0_No_DR\6c3589d7ed8d.png,train/0_No_DR/6c3589d7ed8d.png,train,0,No_DR
aptos:train/0_No_DR/6c4ec95dd8ba.png,aptos,6c4ec95dd8ba,6c4ec95dd8ba.png,A:\DR_classification\data\organized\aptos\train\0_No_DR\6c4ec95dd8ba.png,train/0_No_DR/6c4ec95dd8ba.png,train,0,No_DR
aptos:train/0_No_DR/6c6505a0c637.png,aptos,6c6505a0c637,6c6505a0c637.png,A:\DR_classification\data\organized\aptos\train\0_No_DR\6c6505a0c637.png,train/0_No_DR/6c6505a0c637.png,train,0,No_DR
aptos:train/0_No_DR/6c9c902a97de.png,aptos,6c9c902a97de,6c9c902a97de.png,A:\DR_classification\data\organized\aptos\train\0_No_DR\6c9c902a97de.png,train/0_No_DR/6c9c902a97de.png,train,0,No_DR
aptos:train/0_No_DR/6ccfdb031184.png,aptos,6ccfdb031184,6ccfdb031184.png,A:\DR_classification\data\organized\aptos\train\0_No_DR\6ccfdb031184.png,train/0_No_DR/6ccfdb031184.png,train,0,No_DR
aptos:train/0_No_DR/6cee2e148520.png,aptos,6cee2e148520,6cee2e148520.png,A:\DR_classification\data\organized\aptos\train\0_No_DR\6cee2e148520.png,train/0_No_DR/6cee2e148520.png,train,0,No_DR
aptos:train/0_No_DR/6d10709053ae.png,aptos,6d10709053ae,6d10709053ae.png,A:\DR_classification\data\organized\aptos\train\0_No_DR\6d10709053ae.png,train/0_No_DR/6d10709053ae.png,train,0,No_DR
aptos:train/0_No_DR/6d4f6c9a8406.png,aptos,6d4f6c9a8406,6d4f6c9a8406.png,A:\DR_classification\data\organized\aptos\train\0_No_DR\6d4f6c9a8406.png,train/0_No_DR/6d4f6c9a8406.png,train,0,No_DR
aptos:train/0_No_DR/6d5a8362dd1e.png,aptos,6d5a8362dd1e,6d5a8362dd1e.png,A:\DR_classification\data\organized\aptos\train\0_No_DR\6d5a8362dd1e.png,train/0_No_DR/6d5a8362dd1e.png,train,0,No_DR
aptos:train/0_No_DR/6d6be4cfc73f.png,aptos,6d6be4cfc73f,6d6be4cfc73f.png,A:\DR_classification\data\organized\aptos\train\0_No_DR\6d6be4cfc73f.png,train/0_No_DR/6d6be4cfc73f.png,train,0,No_DR
aptos:train/0_No_DR/6d6fcf49e515.png,aptos,6d6fcf49e515,6d6fcf49e515.png,A:\DR_classification\data\organized\aptos\train\0_No_DR\6d6fcf49e515.png,train/0_No_DR/6d6fcf49e515.png,train,0,No_DR
aptos:train/0_No_DR/6dc0281f11e3.png,aptos,6dc0281f11e3,6dc0281f11e3.png,A:\DR_classification\data\organized\aptos\train\0_No_DR\6dc0281f11e3.png,train/0_No_DR/6dc0281f11e3.png,train,0,No_DR
aptos:train/0_No_DR/6dc07f968794.png,aptos,6dc07f968794,6dc07f968794.png,A:\DR_classification\data\organized\aptos\train\0_No_DR\6dc07f968794.png,train/0_No_DR/6dc07f968794.png,train,0,No_DR
aptos:train/0_No_DR/6df8b7b6e837.png,aptos,6df8b7b6e837,6df8b7b6e837.png,A:\DR_classification\data\organized\aptos\train\0_No_DR\6df8b7b6e837.png,train/0_No_DR/6df8b7b6e837.png,train,0,No_DR
aptos:train/0_No_DR/6e0f78e188ff.png,aptos,6e0f78e188ff,6e0f78e188ff.png,A:\DR_classification\data\organized\aptos\train\0_No_DR\6e0f78e188ff.png,train/0_No_DR/6e0f78e188ff.png,train,0,No_DR
aptos:train/0_No_DR/6e3526053de0.png,aptos,6e3526053de0,6e3526053de0.png,A:\DR_classification\data\organized\aptos\train\0_No_DR\6e3526053de0.png,train/0_No_DR/6e3526053de0.png,train,0,No_DR
aptos:train/0_No_DR/6e44f6d04fc9.png,aptos,6e44f6d04fc9,6e44f6d04fc9.png,A:\DR_classification\data\organized\aptos\train\0_No_DR\6e44f6d04fc9.png,train/0_No_DR/6e44f6d04fc9.png,train,0,No_DR
aptos:train/0_No_DR/6e861bc3bd7b.png,aptos,6e861bc3bd7b,6e861bc3bd7b.png,A:\DR_classification\data\organized\aptos\train\0_No_DR\6e861bc3bd7b.png,train/0_No_DR/6e861bc3bd7b.png,train,0,No_DR
aptos:train/0_No_DR/6f3b62e5b7f5.png,aptos,6f3b62e5b7f5,6f3b62e5b7f5.png,A:\DR_classification\data\organized\aptos\train\0_No_DR\6f3b62e5b7f5.png,train/0_No_DR/6f3b62e5b7f5.png,train,0,No_DR
aptos:train/0_No_DR/6f460f9968c7.png,aptos,6f460f9968c7,6f460f9968c7.png,A:\DR_classification\data\organized\aptos\train\0_No_DR\6f460f9968c7.png,train/0_No_DR/6f460f9968c7.png,train,0,No_DR
aptos:train/0_No_DR/6f689fced922.png,aptos,6f689fced922,6f689fced922.png,A:\DR_classification\data\organized\aptos\train\0_No_DR\6f689fced922.png,train/0_No_DR/6f689fced922.png,train,0,No_DR
aptos:train/0_No_DR/6fbaaf8eb67a.png,aptos,6fbaaf8eb67a,6fbaaf8eb67a.png,A:\DR_classification\data\organized\aptos\train\0_No_DR\6fbaaf8eb67a.png,train/0_No_DR/6fbaaf8eb67a.png,train,0,No_DR
aptos:train/0_No_DR/6fe4751a3b42.png,aptos,6fe4751a3b42,6fe4751a3b42.png,A:\DR_classification\data\organized\aptos\train\0_No_DR\6fe4751a3b42.png,train/0_No_DR/6fe4751a3b42.png,train,0,No_DR
aptos:train/0_No_DR/6fe67fd7f5d1.png,aptos,6fe67fd7f5d1,6fe67fd7f5d1.png,A:\DR_classification\data\organized\aptos\train\0_No_DR\6fe67fd7f5d1.png,train/0_No_DR/6fe67fd7f5d1.png,train,0,No_DR
aptos:train/0_No_DR/70d0392397de.png,aptos,70d0392397de,70d0392397de.png,A:\DR_classification\data\organized\aptos\train\0_No_DR\70d0392397de.png,train/0_No_DR/70d0392397de.png,train,0,No_DR
aptos:train/0_No_DR/7131bf4c9e6f.png,aptos,7131bf4c9e6f,7131bf4c9e6f.png,A:\DR_classification\data\organized\aptos\train\0_No_DR\7131bf4c9e6f.png,train/0_No_DR/7131bf4c9e6f.png,train,0,No_DR
aptos:train/0_No_DR/71e43b4f8ba6.png,aptos,71e43b4f8ba6,71e43b4f8ba6.png,A:\DR_classification\data\organized\aptos\train\0_No_DR\71e43b4f8ba6.png,train/0_No_DR/71e43b4f8ba6.png,train,0,No_DR
aptos:train/0_No_DR/721214151233.png,aptos,721214151233,721214151233.png,A:\DR_classification\data\organized\aptos\train\0_No_DR\721214151233.png,train/0_No_DR/721214151233.png,train,0,No_DR
aptos:train/0_No_DR/7214fc7cbe03.png,aptos,7214fc7cbe03,7214fc7cbe03.png,A:\DR_classification\data\organized\aptos\train\0_No_DR\7214fc7cbe03.png,train/0_No_DR/7214fc7cbe03.png,train,0,No_DR
aptos:train/0_No_DR/72606afaf3da.png,aptos,72606afaf3da,72606afaf3da.png,A:\DR_classification\data\organized\aptos\train\0_No_DR\72606afaf3da.png,train/0_No_DR/72606afaf3da.png,train,0,No_DR
aptos:train/0_No_DR/7269a1d84a57.png,aptos,7269a1d84a57,7269a1d84a57.png,A:\DR_classification\data\organized\aptos\train\0_No_DR\7269a1d84a57.png,train/0_No_DR/7269a1d84a57.png,train,0,No_DR
aptos:train/0_No_DR/726dff37edc0.png,aptos,726dff37edc0,726dff37edc0.png,A:\DR_classification\data\organized\aptos\train\0_No_DR\726dff37edc0.png,train/0_No_DR/726dff37edc0.png,train,0,No_DR
aptos:train/0_No_DR/72a867980067.png,aptos,72a867980067,72a867980067.png,A:\DR_classification\data\organized\aptos\train\0_No_DR\72a867980067.png,train/0_No_DR/72a867980067.png,train,0,No_DR
aptos:train/0_No_DR/72c31aa48e2c.png,aptos,72c31aa48e2c,72c31aa48e2c.png,A:\DR_classification\data\organized\aptos\train\0_No_DR\72c31aa48e2c.png,train/0_No_DR/72c31aa48e2c.png,train,0,No_DR
aptos:train/0_No_DR/735836b1ffa6.png,aptos,735836b1ffa6,735836b1ffa6.png,A:\DR_classification\data\organized\aptos\train\0_No_DR\735836b1ffa6.png,train/0_No_DR/735836b1ffa6.png,train,0,No_DR
aptos:train/0_No_DR/737ef6226677.png,aptos,737ef6226677,737ef6226677.png,A:\DR_classification\data\organized\aptos\train\0_No_DR\737ef6226677.png,train/0_No_DR/737ef6226677.png,train,0,No_DR
aptos:train/0_No_DR/73d40ce06a67.png,aptos,73d40ce06a67,73d40ce06a67.png,A:\DR_classification\data\organized\aptos\train\0_No_DR\73d40ce06a67.png,train/0_No_DR/73d40ce06a67.png,train,0,No_DR
aptos:train/0_No_DR/73ef3c3dcbe4.png,aptos,73ef3c3dcbe4,73ef3c3dcbe4.png,A:\DR_classification\data\organized\aptos\train\0_No_DR\73ef3c3dcbe4.png,train/0_No_DR/73ef3c3dcbe4.png,train,0,No_DR
aptos:train/0_No_DR/74211a2b6dcf.png,aptos,74211a2b6dcf,74211a2b6dcf.png,A:\DR_classification\data\organized\aptos\train\0_No_DR\74211a2b6dcf.png,train/0_No_DR/74211a2b6dcf.png,train,0,No_DR
aptos:train/0_No_DR/7435e9a3e36e.png,aptos,7435e9a3e36e,7435e9a3e36e.png,A:\DR_classification\data\organized\aptos\train\0_No_DR\7435e9a3e36e.png,train/0_No_DR/7435e9a3e36e.png,train,0,No_DR
aptos:train/0_No_DR/75238d945315.png,aptos,75238d945315,75238d945315.png,A:\DR_classification\data\organized\aptos\train\0_No_DR\75238d945315.png,train/0_No_DR/75238d945315.png,train,0,No_DR
aptos:train/0_No_DR/7526c59c36d3.png,aptos,7526c59c36d3,7526c59c36d3.png,A:\DR_classification\data\organized\aptos\train\0_No_DR\7526c59c36d3.png,train/0_No_DR/7526c59c36d3.png,train,0,No_DR
aptos:train/0_No_DR/7526cf435753.png,aptos,7526cf435753,7526cf435753.png,A:\DR_classification\data\organized\aptos\train\0_No_DR\7526cf435753.png,train/0_No_DR/7526cf435753.png,train,0,No_DR
aptos:train/0_No_DR/75369248dba0.png,aptos,75369248dba0,75369248dba0.png,A:\DR_classification\data\organized\aptos\train\0_No_DR\75369248dba0.png,train/0_No_DR/75369248dba0.png,train,0,No_DR
aptos:train/0_No_DR/7569ac24762e.png,aptos,7569ac24762e,7569ac24762e.png,A:\DR_classification\data\organized\aptos\train\0_No_DR\7569ac24762e.png,train/0_No_DR/7569ac24762e.png,train,0,No_DR
aptos:train/0_No_DR/757e39293591.png,aptos,757e39293591,757e39293591.png,A:\DR_classification\data\organized\aptos\train\0_No_DR\757e39293591.png,train/0_No_DR/757e39293591.png,train,0,No_DR
aptos:train/0_No_DR/75a071608ea6.png,aptos,75a071608ea6,75a071608ea6.png,A:\DR_classification\data\organized\aptos\train\0_No_DR\75a071608ea6.png,train/0_No_DR/75a071608ea6.png,train,0,No_DR
aptos:train/0_No_DR/7635921c5efb.png,aptos,7635921c5efb,7635921c5efb.png,A:\DR_classification\data\organized\aptos\train\0_No_DR\7635921c5efb.png,train/0_No_DR/7635921c5efb.png,train,0,No_DR
aptos:train/0_No_DR/763ad1236efe.png,aptos,763ad1236efe,763ad1236efe.png,A:\DR_classification\data\organized\aptos\train\0_No_DR\763ad1236efe.png,train/0_No_DR/763ad1236efe.png,train,0,No_DR
aptos:train/0_No_DR/76516f828d88.png,aptos,76516f828d88,76516f828d88.png,A:\DR_classification\data\organized\aptos\train\0_No_DR\76516f828d88.png,train/0_No_DR/76516f828d88.png,train,0,No_DR
aptos:train/0_No_DR/767d777ee889.png,aptos,767d777ee889,767d777ee889.png,A:\DR_classification\data\organized\aptos\train\0_No_DR\767d777ee889.png,train/0_No_DR/767d777ee889.png,train,0,No_DR
aptos:train/0_No_DR/76b950c6ed5e.png,aptos,76b950c6ed5e,76b950c6ed5e.png,A:\DR_classification\data\organized\aptos\train\0_No_DR\76b950c6ed5e.png,train/0_No_DR/76b950c6ed5e.png,train,0,No_DR
aptos:train/0_No_DR/76cb010f7aa0.png,aptos,76cb010f7aa0,76cb010f7aa0.png,A:\DR_classification\data\organized\aptos\train\0_No_DR\76cb010f7aa0.png,train/0_No_DR/76cb010f7aa0.png,train,0,No_DR
aptos:train/0_No_DR/76df141d966b.png,aptos,76df141d966b,76df141d966b.png,A:\DR_classification\data\organized\aptos\train\0_No_DR\76df141d966b.png,train/0_No_DR/76df141d966b.png,train,0,No_DR
aptos:train/0_No_DR/76e5b50f95a7.png,aptos,76e5b50f95a7,76e5b50f95a7.png,A:\DR_classification\data\organized\aptos\train\0_No_DR\76e5b50f95a7.png,train/0_No_DR/76e5b50f95a7.png,train,0,No_DR
aptos:train/0_No_DR/76f3473df8a6.png,aptos,76f3473df8a6,76f3473df8a6.png,A:\DR_classification\data\organized\aptos\train\0_No_DR\76f3473df8a6.png,train/0_No_DR/76f3473df8a6.png,train,0,No_DR
aptos:train/0_No_DR/77a1f1398fdb.png,aptos,77a1f1398fdb,77a1f1398fdb.png,A:\DR_classification\data\organized\aptos\train\0_No_DR\77a1f1398fdb.png,train/0_No_DR/77a1f1398fdb.png,train,0,No_DR
aptos:train/0_No_DR/77ab222bf85c.png,aptos,77ab222bf85c,77ab222bf85c.png,A:\DR_classification\data\organized\aptos\train\0_No_DR\77ab222bf85c.png,train/0_No_DR/77ab222bf85c.png,train,0,No_DR
aptos:train/0_No_DR/77acc2cafee1.png,aptos,77acc2cafee1,77acc2cafee1.png,A:\DR_classification\data\organized\aptos\train\0_No_DR\77acc2cafee1.png,train/0_No_DR/77acc2cafee1.png,train,0,No_DR
aptos:train/0_No_DR/77b7b71ebcc3.png,aptos,77b7b71ebcc3,77b7b71ebcc3.png,A:\DR_classification\data\organized\aptos\train\0_No_DR\77b7b71ebcc3.png,train/0_No_DR/77b7b71ebcc3.png,train,0,No_DR
aptos:train/0_No_DR/77e15f213b04.png,aptos,77e15f213b04,77e15f213b04.png,A:\DR_classification\data\organized\aptos\train\0_No_DR\77e15f213b04.png,train/0_No_DR/77e15f213b04.png,train,0,No_DR
aptos:train/0_No_DR/780f9daaa24b.png,aptos,780f9daaa24b,780f9daaa24b.png,A:\DR_classification\data\organized\aptos\train\0_No_DR\780f9daaa24b.png,train/0_No_DR/780f9daaa24b.png,train,0,No_DR
aptos:train/0_No_DR/7828dd083cdc.png,aptos,7828dd083cdc,7828dd083cdc.png,A:\DR_classification\data\organized\aptos\train\0_No_DR\7828dd083cdc.png,train/0_No_DR/7828dd083cdc.png,train,0,No_DR
aptos:train/0_No_DR/7831ce1d895e.png,aptos,7831ce1d895e,7831ce1d895e.png,A:\DR_classification\data\organized\aptos\train\0_No_DR\7831ce1d895e.png,train/0_No_DR/7831ce1d895e.png,train,0,No_DR
aptos:train/0_No_DR/784d6d302f98.png,aptos,784d6d302f98,784d6d302f98.png,A:\DR_classification\data\organized\aptos\train\0_No_DR\784d6d302f98.png,train/0_No_DR/784d6d302f98.png,train,0,No_DR
aptos:train/0_No_DR/78937523f7a8.png,aptos,78937523f7a8,78937523f7a8.png,A:\DR_classification\data\organized\aptos\train\0_No_DR\78937523f7a8.png,train/0_No_DR/78937523f7a8.png,train,0,No_DR
aptos:train/0_No_DR/79ade634c633.png,aptos,79ade634c633,79ade634c633.png,A:\DR_classification\data\organized\aptos\train\0_No_DR\79ade634c633.png,train/0_No_DR/79ade634c633.png,train,0,No_DR
aptos:train/0_No_DR/7a06ea127e02.png,aptos,7a06ea127e02,7a06ea127e02.png,A:\DR_classification\data\organized\aptos\train\0_No_DR\7a06ea127e02.png,train/0_No_DR/7a06ea127e02.png,train,0,No_DR
aptos:train/0_No_DR/7a12f49e29df.png,aptos,7a12f49e29df,7a12f49e29df.png,A:\DR_classification\data\organized\aptos\train\0_No_DR\7a12f49e29df.png,train/0_No_DR/7a12f49e29df.png,train,0,No_DR
aptos:train/0_No_DR/7a39c91416e2.png,aptos,7a39c91416e2,7a39c91416e2.png,A:\DR_classification\data\organized\aptos\train\0_No_DR\7a39c91416e2.png,train/0_No_DR/7a39c91416e2.png,train,0,No_DR
aptos:train/0_No_DR/7a42443ed106.png,aptos,7a42443ed106,7a42443ed106.png,A:\DR_classification\data\organized\aptos\train\0_No_DR\7a42443ed106.png,train/0_No_DR/7a42443ed106.png,train,0,No_DR
aptos:train/0_No_DR/7a46cfa69bae.png,aptos,7a46cfa69bae,7a46cfa69bae.png,A:\DR_classification\data\organized\aptos\train\0_No_DR\7a46cfa69bae.png,train/0_No_DR/7a46cfa69bae.png,train,0,No_DR
aptos:train/0_No_DR/7a9f45fdf29b.png,aptos,7a9f45fdf29b,7a9f45fdf29b.png,A:\DR_classification\data\organized\aptos\train\0_No_DR\7a9f45fdf29b.png,train/0_No_DR/7a9f45fdf29b.png,train,0,No_DR
aptos:train/0_No_DR/7aabd768abff.png,aptos,7aabd768abff,7aabd768abff.png,A:\DR_classification\data\organized\aptos\train\0_No_DR\7aabd768abff.png,train/0_No_DR/7aabd768abff.png,train,0,No_DR
aptos:train/0_No_DR/7ad0c4975890.png,aptos,7ad0c4975890,7ad0c4975890.png,A:\DR_classification\data\organized\aptos\train\0_No_DR\7ad0c4975890.png,train/0_No_DR/7ad0c4975890.png,train,0,No_DR
aptos:train/0_No_DR/7b691d9ced34.png,aptos,7b691d9ced34,7b691d9ced34.png,A:\DR_classification\data\organized\aptos\train\0_No_DR\7b691d9ced34.png,train/0_No_DR/7b691d9ced34.png,train,0,No_DR
aptos:train/0_No_DR/7b87b0015282.png,aptos,7b87b0015282,7b87b0015282.png,A:\DR_classification\data\organized\aptos\train\0_No_DR\7b87b0015282.png,train/0_No_DR/7b87b0015282.png,train,0,No_DR
aptos:train/0_No_DR/7b9d519cbd66.png,aptos,7b9d519cbd66,7b9d519cbd66.png,A:\DR_classification\data\organized\aptos\train\0_No_DR\7b9d519cbd66.png,train/0_No_DR/7b9d519cbd66.png,train,0,No_DR
aptos:train/0_No_DR/7bc00e58d419.png,aptos,7bc00e58d419,7bc00e58d419.png,A:\DR_classification\data\organized\aptos\train\0_No_DR\7bc00e58d419.png,train/0_No_DR/7bc00e58d419.png,train,0,No_DR
aptos:train/0_No_DR/7be1b9aa78aa.png,aptos,7be1b9aa78aa,7be1b9aa78aa.png,A:\DR_classification\data\organized\aptos\train\0_No_DR\7be1b9aa78aa.png,train/0_No_DR/7be1b9aa78aa.png,train,0,No_DR
aptos:train/0_No_DR/7c3747c0b2c3.png,aptos,7c3747c0b2c3,7c3747c0b2c3.png,A:\DR_classification\data\organized\aptos\train\0_No_DR\7c3747c0b2c3.png,train/0_No_DR/7c3747c0b2c3.png,train,0,No_DR
aptos:train/0_No_DR/7ccf9d25dc48.png,aptos,7ccf9d25dc48,7ccf9d25dc48.png,A:\DR_classification\data\organized\aptos\train\0_No_DR\7ccf9d25dc48.png,train/0_No_DR/7ccf9d25dc48.png,train,0,No_DR
aptos:train/0_No_DR/7ce671f952be.png,aptos,7ce671f952be,7ce671f952be.png,A:\DR_classification\data\organized\aptos\train\0_No_DR\7ce671f952be.png,train/0_No_DR/7ce671f952be.png,train,0,No_DR
aptos:train/0_No_DR/7d0a871c45db.png,aptos,7d0a871c45db,7d0a871c45db.png,A:\DR_classification\data\organized\aptos\train\0_No_DR\7d0a871c45db.png,train/0_No_DR/7d0a871c45db.png,train,0,No_DR
aptos:train/0_No_DR/7d48f8cdfb69.png,aptos,7d48f8cdfb69,7d48f8cdfb69.png,A:\DR_classification\data\organized\aptos\train\0_No_DR\7d48f8cdfb69.png,train/0_No_DR/7d48f8cdfb69.png,train,0,No_DR
aptos:train/0_No_DR/7da558d92100.png,aptos,7da558d92100,7da558d92100.png,A:\DR_classification\data\organized\aptos\train\0_No_DR\7da558d92100.png,train/0_No_DR/7da558d92100.png,train,0,No_DR
aptos:train/0_No_DR/7e5a76c4e103.png,aptos,7e5a76c4e103,7e5a76c4e103.png,A:\DR_classification\data\organized\aptos\train\0_No_DR\7e5a76c4e103.png,train/0_No_DR/7e5a76c4e103.png,train,0,No_DR
aptos:train/0_No_DR/7e77b61e1639.png,aptos,7e77b61e1639,7e77b61e1639.png,A:\DR_classification\data\organized\aptos\train\0_No_DR\7e77b61e1639.png,train/0_No_DR/7e77b61e1639.png,train,0,No_DR
aptos:train/0_No_DR/7e9081e95bf6.png,aptos,7e9081e95bf6,7e9081e95bf6.png,A:\DR_classification\data\organized\aptos\train\0_No_DR\7e9081e95bf6.png,train/0_No_DR/7e9081e95bf6.png,train,0,No_DR
aptos:train/0_No_DR/7e980424868e.png,aptos,7e980424868e,7e980424868e.png,A:\DR_classification\data\organized\aptos\train\0_No_DR\7e980424868e.png,train/0_No_DR/7e980424868e.png,train,0,No_DR
aptos:train/0_No_DR/7ed4128b2a4e.png,aptos,7ed4128b2a4e,7ed4128b2a4e.png,A:\DR_classification\data\organized\aptos\train\0_No_DR\7ed4128b2a4e.png,train/0_No_DR/7ed4128b2a4e.png,train,0,No_DR
aptos:train/0_No_DR/7eeb191ad06b.png,aptos,7eeb191ad06b,7eeb191ad06b.png,A:\DR_classification\data\organized\aptos\train\0_No_DR\7eeb191ad06b.png,train/0_No_DR/7eeb191ad06b.png,train,0,No_DR
aptos:train/0_No_DR/7eee3d1f1268.png,aptos,7eee3d1f1268,7eee3d1f1268.png,A:\DR_classification\data\organized\aptos\train\0_No_DR\7eee3d1f1268.png,train/0_No_DR/7eee3d1f1268.png,train,0,No_DR
aptos:train/0_No_DR/7f0ffeb0a333.png,aptos,7f0ffeb0a333,7f0ffeb0a333.png,A:\DR_classification\data\organized\aptos\train\0_No_DR\7f0ffeb0a333.png,train/0_No_DR/7f0ffeb0a333.png,train,0,No_DR
aptos:train/0_No_DR/7f1f3269f546.png,aptos,7f1f3269f546,7f1f3269f546.png,A:\DR_classification\data\organized\aptos\train\0_No_DR\7f1f3269f546.png,train/0_No_DR/7f1f3269f546.png,train,0,No_DR
aptos:train/0_No_DR/7f39c36469b5.png,aptos,7f39c36469b5,7f39c36469b5.png,A:\DR_classification\data\organized\aptos\train\0_No_DR\7f39c36469b5.png,train/0_No_DR/7f39c36469b5.png,train,0,No_DR
aptos:train/0_No_DR/7f43becd3e83.png,aptos,7f43becd3e83,7f43becd3e83.png,A:\DR_classification\data\organized\aptos\train\0_No_DR\7f43becd3e83.png,train/0_No_DR/7f43becd3e83.png,train,0,No_DR
aptos:train/0_No_DR/7fc3a8bb40de.png,aptos,7fc3a8bb40de,7fc3a8bb40de.png,A:\DR_classification\data\organized\aptos\train\0_No_DR\7fc3a8bb40de.png,train/0_No_DR/7fc3a8bb40de.png,train,0,No_DR
aptos:train/0_No_DR/7fdb177b8f7d.png,aptos,7fdb177b8f7d,7fdb177b8f7d.png,A:\DR_classification\data\organized\aptos\train\0_No_DR\7fdb177b8f7d.png,train/0_No_DR/7fdb177b8f7d.png,train,0,No_DR
aptos:train/0_No_DR/7fe7309d0b4f.png,aptos,7fe7309d0b4f,7fe7309d0b4f.png,A:\DR_classification\data\organized\aptos\train\0_No_DR\7fe7309d0b4f.png,train/0_No_DR/7fe7309d0b4f.png,train,0,No_DR
aptos:train/0_No_DR/8010c931321f.png,aptos,8010c931321f,8010c931321f.png,A:\DR_classification\data\organized\aptos\train\0_No_DR\8010c931321f.png,train/0_No_DR/8010c931321f.png,train,0,No_DR
aptos:train/0_No_DR/80b5697f2a5e.png,aptos,80b5697f2a5e,80b5697f2a5e.png,A:\DR_classification\data\organized\aptos\train\0_No_DR\80b5697f2a5e.png,train/0_No_DR/80b5697f2a5e.png,train,0,No_DR
aptos:train/0_No_DR/80e6e425f966.png,aptos,80e6e425f966,80e6e425f966.png,A:\DR_classification\data\organized\aptos\train\0_No_DR\80e6e425f966.png,train/0_No_DR/80e6e425f966.png,train,0,No_DR
aptos:train/0_No_DR/80ed04a84a16.png,aptos,80ed04a84a16,80ed04a84a16.png,A:\DR_classification\data\organized\aptos\train\0_No_DR\80ed04a84a16.png,train/0_No_DR/80ed04a84a16.png,train,0,No_DR
aptos:train/0_No_DR/80f6b30ece8c.png,aptos,80f6b30ece8c,80f6b30ece8c.png,A:\DR_classification\data\organized\aptos\train\0_No_DR\80f6b30ece8c.png,train/0_No_DR/80f6b30ece8c.png,train,0,No_DR
aptos:train/0_No_DR/810ed108f5b7.png,aptos,810ed108f5b7,810ed108f5b7.png,A:\DR_classification\data\organized\aptos\train\0_No_DR\810ed108f5b7.png,train/0_No_DR/810ed108f5b7.png,train,0,No_DR
aptos:train/0_No_DR/81704925f759.png,aptos,81704925f759,81704925f759.png,A:\DR_classification\data\organized\aptos\train\0_No_DR\81704925f759.png,train/0_No_DR/81704925f759.png,train,0,No_DR
aptos:train/0_No_DR/81914ceb4e74.png,aptos,81914ceb4e74,81914ceb4e74.png,A:\DR_classification\data\organized\aptos\train\0_No_DR\81914ceb4e74.png,train/0_No_DR/81914ceb4e74.png,train,0,No_DR
aptos:train/0_No_DR/8191ae701985.png,aptos,8191ae701985,8191ae701985.png,A:\DR_classification\data\organized\aptos\train\0_No_DR\8191ae701985.png,train/0_No_DR/8191ae701985.png,train,0,No_DR
aptos:train/0_No_DR/81d79d53ed7b.png,aptos,81d79d53ed7b,81d79d53ed7b.png,A:\DR_classification\data\organized\aptos\train\0_No_DR\81d79d53ed7b.png,train/0_No_DR/81d79d53ed7b.png,train,0,No_DR
aptos:train/0_No_DR/8241e43408a8.png,aptos,8241e43408a8,8241e43408a8.png,A:\DR_classification\data\organized\aptos\train\0_No_DR\8241e43408a8.png,train/0_No_DR/8241e43408a8.png,train,0,No_DR
aptos:train/0_No_DR/82d364726a58.png,aptos,82d364726a58,82d364726a58.png,A:\DR_classification\data\organized\aptos\train\0_No_DR\82d364726a58.png,train/0_No_DR/82d364726a58.png,train,0,No_DR
aptos:train/0_No_DR/82e5bc01f8a4.png,aptos,82e5bc01f8a4,82e5bc01f8a4.png,A:\DR_classification\data\organized\aptos\train\0_No_DR\82e5bc01f8a4.png,train/0_No_DR/82e5bc01f8a4.png,train,0,No_DR
aptos:train/0_No_DR/83038ca49b6d.png,aptos,83038ca49b6d,83038ca49b6d.png,A:\DR_classification\data\organized\aptos\train\0_No_DR\83038ca49b6d.png,train/0_No_DR/83038ca49b6d.png,train,0,No_DR
aptos:train/0_No_DR/8329e80c10ac.png,aptos,8329e80c10ac,8329e80c10ac.png,A:\DR_classification\data\organized\aptos\train\0_No_DR\8329e80c10ac.png,train/0_No_DR/8329e80c10ac.png,train,0,No_DR
aptos:train/0_No_DR/8344c783da65.png,aptos,8344c783da65,8344c783da65.png,A:\DR_classification\data\organized\aptos\train\0_No_DR\8344c783da65.png,train/0_No_DR/8344c783da65.png,train,0,No_DR
aptos:train/0_No_DR/83517eaeccb9.png,aptos,83517eaeccb9,83517eaeccb9.png,A:\DR_classification\data\organized\aptos\train\0_No_DR\83517eaeccb9.png,train/0_No_DR/83517eaeccb9.png,train,0,No_DR
aptos:train/0_No_DR/835b9f6e12ba.png,aptos,835b9f6e12ba,835b9f6e12ba.png,A:\DR_classification\data\organized\aptos\train\0_No_DR\835b9f6e12ba.png,train/0_No_DR/835b9f6e12ba.png,train,0,No_DR
aptos:train/0_No_DR/837acf120946.png,aptos,837acf120946,837acf120946.png,A:\DR_classification\data\organized\aptos\train\0_No_DR\837acf120946.png,train/0_No_DR/837acf120946.png,train,0,No_DR
aptos:train/0_No_DR/838b3e4d0bb4.png,aptos,838b3e4d0bb4,838b3e4d0bb4.png,A:\DR_classification\data\organized\aptos\train\0_No_DR\838b3e4d0bb4.png,train/0_No_DR/838b3e4d0bb4.png,train,0,No_DR
aptos:train/0_No_DR/83a63c4a3e4a.png,aptos,83a63c4a3e4a,83a63c4a3e4a.png,A:\DR_classification\data\organized\aptos\train\0_No_DR\83a63c4a3e4a.png,train/0_No_DR/83a63c4a3e4a.png,train,0,No_DR
aptos:train/0_No_DR/83df53d58f28.png,aptos,83df53d58f28,83df53d58f28.png,A:\DR_classification\data\organized\aptos\train\0_No_DR\83df53d58f28.png,train/0_No_DR/83df53d58f28.png,train,0,No_DR
aptos:train/0_No_DR/8433a032b96c.png,aptos,8433a032b96c,8433a032b96c.png,A:\DR_classification\data\organized\aptos\train\0_No_DR\8433a032b96c.png,train/0_No_DR/8433a032b96c.png,train,0,No_DR
aptos:train/0_No_DR/8448af27ba07.png,aptos,8448af27ba07,8448af27ba07.png,A:\DR_classification\data\organized\aptos\train\0_No_DR\8448af27ba07.png,train/0_No_DR/8448af27ba07.png,train,0,No_DR
aptos:train/0_No_DR/847b04287c9c.png,aptos,847b04287c9c,847b04287c9c.png,A:\DR_classification\data\organized\aptos\train\0_No_DR\847b04287c9c.png,train/0_No_DR/847b04287c9c.png,train,0,No_DR
aptos:train/0_No_DR/84b4da14bc23.png,aptos,84b4da14bc23,84b4da14bc23.png,A:\DR_classification\data\organized\aptos\train\0_No_DR\84b4da14bc23.png,train/0_No_DR/84b4da14bc23.png,train,0,No_DR
aptos:train/0_No_DR/84b79243e430.png,aptos,84b79243e430,84b79243e430.png,A:\DR_classification\data\organized\aptos\train\0_No_DR\84b79243e430.png,train/0_No_DR/84b79243e430.png,train,0,No_DR
aptos:train/0_No_DR/84b88e8d3bca.png,aptos,84b88e8d3bca,84b88e8d3bca.png,A:\DR_classification\data\organized\aptos\train\0_No_DR\84b88e8d3bca.png,train/0_No_DR/84b88e8d3bca.png,train,0,No_DR
aptos:train/0_No_DR/851e40a21f81.png,aptos,851e40a21f81,851e40a21f81.png,A:\DR_classification\data\organized\aptos\train\0_No_DR\851e40a21f81.png,train/0_No_DR/851e40a21f81.png,train,0,No_DR
aptos:train/0_No_DR/8564b7aa3c1a.png,aptos,8564b7aa3c1a,8564b7aa3c1a.png,A:\DR_classification\data\organized\aptos\train\0_No_DR\8564b7aa3c1a.png,train/0_No_DR/8564b7aa3c1a.png,train,0,No_DR
aptos:train/0_No_DR/85f99e7e4052.png,aptos,85f99e7e4052,85f99e7e4052.png,A:\DR_classification\data\organized\aptos\train\0_No_DR\85f99e7e4052.png,train/0_No_DR/85f99e7e4052.png,train,0,No_DR
aptos:train/0_No_DR/86410aa13b3e.png,aptos,86410aa13b3e,86410aa13b3e.png,A:\DR_classification\data\organized\aptos\train\0_No_DR\86410aa13b3e.png,train/0_No_DR/86410aa13b3e.png,train,0,No_DR
aptos:train/0_No_DR/8650d32f4a9e.png,aptos,8650d32f4a9e,8650d32f4a9e.png,A:\DR_classification\data\organized\aptos\train\0_No_DR\8650d32f4a9e.png,train/0_No_DR/8650d32f4a9e.png,train,0,No_DR
aptos:train/0_No_DR/8660e1864665.png,aptos,8660e1864665,8660e1864665.png,A:\DR_classification\data\organized\aptos\train\0_No_DR\8660e1864665.png,train/0_No_DR/8660e1864665.png,train,0,No_DR
aptos:train/0_No_DR/8693ab1fd2be.png,aptos,8693ab1fd2be,8693ab1fd2be.png,A:\DR_classification\data\organized\aptos\train\0_No_DR\8693ab1fd2be.png,train/0_No_DR/8693ab1fd2be.png,train,0,No_DR
aptos:train/0_No_DR/86d58f850a0c.png,aptos,86d58f850a0c,86d58f850a0c.png,A:\DR_classification\data\organized\aptos\train\0_No_DR\86d58f850a0c.png,train/0_No_DR/86d58f850a0c.png,train,0,No_DR
aptos:train/0_No_DR/870f433e8f37.png,aptos,870f433e8f37,870f433e8f37.png,A:\DR_classification\data\organized\aptos\train\0_No_DR\870f433e8f37.png,train/0_No_DR/870f433e8f37.png,train,0,No_DR
aptos:train/0_No_DR/870fbe6eaa68.png,aptos,870fbe6eaa68,870fbe6eaa68.png,A:\DR_classification\data\organized\aptos\train\0_No_DR\870fbe6eaa68.png,train/0_No_DR/870fbe6eaa68.png,train,0,No_DR
aptos:train/0_No_DR/874f8c1929f6.png,aptos,874f8c1929f6,874f8c1929f6.png,A:\DR_classification\data\organized\aptos\train\0_No_DR\874f8c1929f6.png,train/0_No_DR/874f8c1929f6.png,train,0,No_DR
aptos:train/0_No_DR/876deb29f000.png,aptos,876deb29f000,876deb29f000.png,A:\DR_classification\data\organized\aptos\train\0_No_DR\876deb29f000.png,train/0_No_DR/876deb29f000.png,train,0,No_DR
aptos:train/0_No_DR/878e356c8fc9.png,aptos,878e356c8fc9,878e356c8fc9.png,A:\DR_classification\data\organized\aptos\train\0_No_DR\878e356c8fc9.png,train/0_No_DR/878e356c8fc9.png,train,0,No_DR
aptos:train/0_No_DR/87a9f4d20f07.png,aptos,87a9f4d20f07,87a9f4d20f07.png,A:\DR_classification\data\organized\aptos\train\0_No_DR\87a9f4d20f07.png,train/0_No_DR/87a9f4d20f07.png,train,0,No_DR
aptos:train/0_No_DR/87b671c6d4c5.png,aptos,87b671c6d4c5,87b671c6d4c5.png,A:\DR_classification\data\organized\aptos\train\0_No_DR\87b671c6d4c5.png,train/0_No_DR/87b671c6d4c5.png,train,0,No_DR
aptos:train/0_No_DR/880edb2cdb69.png,aptos,880edb2cdb69,880edb2cdb69.png,A:\DR_classification\data\organized\aptos\train\0_No_DR\880edb2cdb69.png,train/0_No_DR/880edb2cdb69.png,train,0,No_DR
aptos:train/0_No_DR/881ec6186e68.png,aptos,881ec6186e68,881ec6186e68.png,A:\DR_classification\data\organized\aptos\train\0_No_DR\881ec6186e68.png,train/0_No_DR/881ec6186e68.png,train,0,No_DR
aptos:train/0_No_DR/883c6a184f16.png,aptos,883c6a184f16,883c6a184f16.png,A:\DR_classification\data\organized\aptos\train\0_No_DR\883c6a184f16.png,train/0_No_DR/883c6a184f16.png,train,0,No_DR
aptos:train/0_No_DR/8846b09384a4.png,aptos,8846b09384a4,8846b09384a4.png,A:\DR_classification\data\organized\aptos\train\0_No_DR\8846b09384a4.png,train/0_No_DR/8846b09384a4.png,train,0,No_DR
aptos:train/0_No_DR/885fa5fc5da8.png,aptos,885fa5fc5da8,885fa5fc5da8.png,A:\DR_classification\data\organized\aptos\train\0_No_DR\885fa5fc5da8.png,train/0_No_DR/885fa5fc5da8.png,train,0,No_DR
aptos:train/0_No_DR/88e5051f65bd.png,aptos,88e5051f65bd,88e5051f65bd.png,A:\DR_classification\data\organized\aptos\train\0_No_DR\88e5051f65bd.png,train/0_No_DR/88e5051f65bd.png,train,0,No_DR
aptos:train/0_No_DR/8906c9ed54a2.png,aptos,8906c9ed54a2,8906c9ed54a2.png,A:\DR_classification\data\organized\aptos\train\0_No_DR\8906c9ed54a2.png,train/0_No_DR/8906c9ed54a2.png,train,0,No_DR
aptos:train/0_No_DR/891329021e12.png,aptos,891329021e12,891329021e12.png,A:\DR_classification\data\organized\aptos\train\0_No_DR\891329021e12.png,train/0_No_DR/891329021e12.png,train,0,No_DR
aptos:train/0_No_DR/895fe2bfc5b6.png,aptos,895fe2bfc5b6,895fe2bfc5b6.png,A:\DR_classification\data\organized\aptos\train\0_No_DR\895fe2bfc5b6.png,train/0_No_DR/895fe2bfc5b6.png,train,0,No_DR
aptos:train/0_No_DR/896ad584a841.png,aptos,896ad584a841,896ad584a841.png,A:\DR_classification\data\organized\aptos\train\0_No_DR\896ad584a841.png,train/0_No_DR/896ad584a841.png,train,0,No_DR
aptos:train/0_No_DR/898f0bc8acfa.png,aptos,898f0bc8acfa,898f0bc8acfa.png,A:\DR_classification\data\organized\aptos\train\0_No_DR\898f0bc8acfa.png,train/0_No_DR/898f0bc8acfa.png,train,0,No_DR
aptos:train/0_No_DR/8a7765e785fb.png,aptos,8a7765e785fb,8a7765e785fb.png,A:\DR_classification\data\organized\aptos\train\0_No_DR\8a7765e785fb.png,train/0_No_DR/8a7765e785fb.png,train,0,No_DR
aptos:train/0_No_DR/8a81f62320d6.png,aptos,8a81f62320d6,8a81f62320d6.png,A:\DR_classification\data\organized\aptos\train\0_No_DR\8a81f62320d6.png,train/0_No_DR/8a81f62320d6.png,train,0,No_DR
aptos:train/0_No_DR/8a87dd2a784e.png,aptos,8a87dd2a784e,8a87dd2a784e.png,A:\DR_classification\data\organized\aptos\train\0_No_DR\8a87dd2a784e.png,train/0_No_DR/8a87dd2a784e.png,train,0,No_DR
aptos:train/0_No_DR/8a8a251770cd.png,aptos,8a8a251770cd,8a8a251770cd.png,A:\DR_classification\data\organized\aptos\train\0_No_DR\8a8a251770cd.png,train/0_No_DR/8a8a251770cd.png,train,0,No_DR
aptos:train/0_No_DR/8aa3c4681542.png,aptos,8aa3c4681542,8aa3c4681542.png,A:\DR_classification\data\organized\aptos\train\0_No_DR\8aa3c4681542.png,train/0_No_DR/8aa3c4681542.png,train,0,No_DR
aptos:train/0_No_DR/8ab3faa3701f.png,aptos,8ab3faa3701f,8ab3faa3701f.png,A:\DR_classification\data\organized\aptos\train\0_No_DR\8ab3faa3701f.png,train/0_No_DR/8ab3faa3701f.png,train,0,No_DR
aptos:train/0_No_DR/8af50c9d0a86.png,aptos,8af50c9d0a86,8af50c9d0a86.png,A:\DR_classification\data\organized\aptos\train\0_No_DR\8af50c9d0a86.png,train/0_No_DR/8af50c9d0a86.png,train,0,No_DR
aptos:train/0_No_DR/8b079e79035f.png,aptos,8b079e79035f,8b079e79035f.png,A:\DR_classification\data\organized\aptos\train\0_No_DR\8b079e79035f.png,train/0_No_DR/8b079e79035f.png,train,0,No_DR
aptos:train/0_No_DR/8b568d47a1fd.png,aptos,8b568d47a1fd,8b568d47a1fd.png,A:\DR_classification\data\organized\aptos\train\0_No_DR\8b568d47a1fd.png,train/0_No_DR/8b568d47a1fd.png,train,0,No_DR
aptos:train/0_No_DR/8b58f9a338e8.png,aptos,8b58f9a338e8,8b58f9a338e8.png,A:\DR_classification\data\organized\aptos\train\0_No_DR\8b58f9a338e8.png,train/0_No_DR/8b58f9a338e8.png,train,0,No_DR
aptos:train/0_No_DR/8b8fe3fc8950.png,aptos,8b8fe3fc8950,8b8fe3fc8950.png,A:\DR_classification\data\organized\aptos\train\0_No_DR\8b8fe3fc8950.png,train/0_No_DR/8b8fe3fc8950.png,train,0,No_DR
aptos:train/0_No_DR/8be6629a6039.png,aptos,8be6629a6039,8be6629a6039.png,A:\DR_classification\data\organized\aptos\train\0_No_DR\8be6629a6039.png,train/0_No_DR/8be6629a6039.png,train,0,No_DR
aptos:train/0_No_DR/8bf05909e1e1.png,aptos,8bf05909e1e1,8bf05909e1e1.png,A:\DR_classification\data\organized\aptos\train\0_No_DR\8bf05909e1e1.png,train/0_No_DR/8bf05909e1e1.png,train,0,No_DR
aptos:train/0_No_DR/8bf2d925dc0c.png,aptos,8bf2d925dc0c,8bf2d925dc0c.png,A:\DR_classification\data\organized\aptos\train\0_No_DR\8bf2d925dc0c.png,train/0_No_DR/8bf2d925dc0c.png,train,0,No_DR
aptos:train/0_No_DR/8c29a76fa08c.png,aptos,8c29a76fa08c,8c29a76fa08c.png,A:\DR_classification\data\organized\aptos\train\0_No_DR\8c29a76fa08c.png,train/0_No_DR/8c29a76fa08c.png,train,0,No_DR
aptos:train/0_No_DR/8ceff4c4c860.png,aptos,8ceff4c4c860,8ceff4c4c860.png,A:\DR_classification\data\organized\aptos\train\0_No_DR\8ceff4c4c860.png,train/0_No_DR/8ceff4c4c860.png,train,0,No_DR
aptos:train/0_No_DR/8d4d14a4ab07.png,aptos,8d4d14a4ab07,8d4d14a4ab07.png,A:\DR_classification\data\organized\aptos\train\0_No_DR\8d4d14a4ab07.png,train/0_No_DR/8d4d14a4ab07.png,train,0,No_DR
aptos:train/0_No_DR/8d4ff745a409.png,aptos,8d4ff745a409,8d4ff745a409.png,A:\DR_classification\data\organized\aptos\train\0_No_DR\8d4ff745a409.png,train/0_No_DR/8d4ff745a409.png,train,0,No_DR
aptos:train/0_No_DR/8d9516ea3587.png,aptos,8d9516ea3587,8d9516ea3587.png,A:\DR_classification\data\organized\aptos\train\0_No_DR\8d9516ea3587.png,train/0_No_DR/8d9516ea3587.png,train,0,No_DR
aptos:train/0_No_DR/8e2a3978c244.png,aptos,8e2a3978c244,8e2a3978c244.png,A:\DR_classification\data\organized\aptos\train\0_No_DR\8e2a3978c244.png,train/0_No_DR/8e2a3978c244.png,train,0,No_DR
aptos:train/0_No_DR/8e4a354e3da2.png,aptos,8e4a354e3da2,8e4a354e3da2.png,A:\DR_classification\data\organized\aptos\train\0_No_DR\8e4a354e3da2.png,train/0_No_DR/8e4a354e3da2.png,train,0,No_DR
aptos:train/0_No_DR/8e67f2d7e0ee.png,aptos,8e67f2d7e0ee,8e67f2d7e0ee.png,A:\DR_classification\data\organized\aptos\train\0_No_DR\8e67f2d7e0ee.png,train/0_No_DR/8e67f2d7e0ee.png,train,0,No_DR
aptos:train/0_No_DR/8e6df9eedcd8.png,aptos,8e6df9eedcd8,8e6df9eedcd8.png,A:\DR_classification\data\organized\aptos\train\0_No_DR\8e6df9eedcd8.png,train/0_No_DR/8e6df9eedcd8.png,train,0,No_DR
aptos:train/0_No_DR/8ead8f37423c.png,aptos,8ead8f37423c,8ead8f37423c.png,A:\DR_classification\data\organized\aptos\train\0_No_DR\8ead8f37423c.png,train/0_No_DR/8ead8f37423c.png,train,0,No_DR
aptos:train/0_No_DR/8ed586c43023.png,aptos,8ed586c43023,8ed586c43023.png,A:\DR_classification\data\organized\aptos\train\0_No_DR\8ed586c43023.png,train/0_No_DR/8ed586c43023.png,train,0,No_DR
aptos:train/0_No_DR/8ee50c26fc13.png,aptos,8ee50c26fc13,8ee50c26fc13.png,A:\DR_classification\data\organized\aptos\train\0_No_DR\8ee50c26fc13.png,train/0_No_DR/8ee50c26fc13.png,train,0,No_DR
aptos:train/0_No_DR/8f10e41a2f02.png,aptos,8f10e41a2f02,8f10e41a2f02.png,A:\DR_classification\data\organized\aptos\train\0_No_DR\8f10e41a2f02.png,train/0_No_DR/8f10e41a2f02.png,train,0,No_DR
aptos:train/0_No_DR/8f14bca04b47.png,aptos,8f14bca04b47,8f14bca04b47.png,A:\DR_classification\data\organized\aptos\train\0_No_DR\8f14bca04b47.png,train/0_No_DR/8f14bca04b47.png,train,0,No_DR
aptos:train/0_No_DR/8f9819752ca0.png,aptos,8f9819752ca0,8f9819752ca0.png,A:\DR_classification\data\organized\aptos\train\0_No_DR\8f9819752ca0.png,train/0_No_DR/8f9819752ca0.png,train,0,No_DR
aptos:train/0_No_DR/8fbb2ca39911.png,aptos,8fbb2ca39911,8fbb2ca39911.png,A:\DR_classification\data\organized\aptos\train\0_No_DR\8fbb2ca39911.png,train/0_No_DR/8fbb2ca39911.png,train,0,No_DR
aptos:train/0_No_DR/8ffa608170d3.png,aptos,8ffa608170d3,8ffa608170d3.png,A:\DR_classification\data\organized\aptos\train\0_No_DR\8ffa608170d3.png,train/0_No_DR/8ffa608170d3.png,train,0,No_DR
aptos:train/0_No_DR/901a3552fe26.png,aptos,901a3552fe26,901a3552fe26.png,A:\DR_classification\data\organized\aptos\train\0_No_DR\901a3552fe26.png,train/0_No_DR/901a3552fe26.png,train,0,No_DR
aptos:train/0_No_DR/9039cbfcbb2f.png,aptos,9039cbfcbb2f,9039cbfcbb2f.png,A:\DR_classification\data\organized\aptos\train\0_No_DR\9039cbfcbb2f.png,train/0_No_DR/9039cbfcbb2f.png,train,0,No_DR
aptos:train/0_No_DR/904b03ad5594.png,aptos,904b03ad5594,904b03ad5594.png,A:\DR_classification\data\organized\aptos\train\0_No_DR\904b03ad5594.png,train/0_No_DR/904b03ad5594.png,train,0,No_DR
aptos:train/0_No_DR/906d02fb822d.png,aptos,906d02fb822d,906d02fb822d.png,A:\DR_classification\data\organized\aptos\train\0_No_DR\906d02fb822d.png,train/0_No_DR/906d02fb822d.png,train,0,No_DR
aptos:train/0_No_DR/90a9a41eec6d.png,aptos,90a9a41eec6d,90a9a41eec6d.png,A:\DR_classification\data\organized\aptos\train\0_No_DR\90a9a41eec6d.png,train/0_No_DR/90a9a41eec6d.png,train,0,No_DR
aptos:train/0_No_DR/90bde2ff8953.png,aptos,90bde2ff8953,90bde2ff8953.png,A:\DR_classification\data\organized\aptos\train\0_No_DR\90bde2ff8953.png,train/0_No_DR/90bde2ff8953.png,train,0,No_DR
aptos:train/0_No_DR/9122b31414d3.png,aptos,9122b31414d3,9122b31414d3.png,A:\DR_classification\data\organized\aptos\train\0_No_DR\9122b31414d3.png,train/0_No_DR/9122b31414d3.png,train,0,No_DR
aptos:train/0_No_DR/912fbe06407e.png,aptos,912fbe06407e,912fbe06407e.png,A:\DR_classification\data\organized\aptos\train\0_No_DR\912fbe06407e.png,train/0_No_DR/912fbe06407e.png,train,0,No_DR
aptos:train/0_No_DR/91b7a4179ecf.png,aptos,91b7a4179ecf,91b7a4179ecf.png,A:\DR_classification\data\organized\aptos\train\0_No_DR\91b7a4179ecf.png,train/0_No_DR/91b7a4179ecf.png,train,0,No_DR
aptos:train/0_No_DR/922586d86cd8.png,aptos,922586d86cd8,922586d86cd8.png,A:\DR_classification\data\organized\aptos\train\0_No_DR\922586d86cd8.png,train/0_No_DR/922586d86cd8.png,train,0,No_DR
aptos:train/0_No_DR/9232dc06cfdc.png,aptos,9232dc06cfdc,9232dc06cfdc.png,A:\DR_classification\data\organized\aptos\train\0_No_DR\9232dc06cfdc.png,train/0_No_DR/9232dc06cfdc.png,train,0,No_DR
aptos:train/0_No_DR/92587e494d51.png,aptos,92587e494d51,92587e494d51.png,A:\DR_classification\data\organized\aptos\train\0_No_DR\92587e494d51.png,train/0_No_DR/92587e494d51.png,train,0,No_DR
aptos:train/0_No_DR/9274e75dc4d5.png,aptos,9274e75dc4d5,9274e75dc4d5.png,A:\DR_classification\data\organized\aptos\train\0_No_DR\9274e75dc4d5.png,train/0_No_DR/9274e75dc4d5.png,train,0,No_DR
aptos:train/0_No_DR/9287e57326d0.png,aptos,9287e57326d0,9287e57326d0.png,A:\DR_classification\data\organized\aptos\train\0_No_DR\9287e57326d0.png,train/0_No_DR/9287e57326d0.png,train,0,No_DR
aptos:train/0_No_DR/92889b863ae6.png,aptos,92889b863ae6,92889b863ae6.png,A:\DR_classification\data\organized\aptos\train\0_No_DR\92889b863ae6.png,train/0_No_DR/92889b863ae6.png,train,0,No_DR
aptos:train/0_No_DR/92e3d608fd3c.png,aptos,92e3d608fd3c,92e3d608fd3c.png,A:\DR_classification\data\organized\aptos\train\0_No_DR\92e3d608fd3c.png,train/0_No_DR/92e3d608fd3c.png,train,0,No_DR
aptos:train/0_No_DR/930fee99213a.png,aptos,930fee99213a,930fee99213a.png,A:\DR_classification\data\organized\aptos\train\0_No_DR\930fee99213a.png,train/0_No_DR/930fee99213a.png,train,0,No_DR
aptos:train/0_No_DR/934104859e68.png,aptos,934104859e68,934104859e68.png,A:\DR_classification\data\organized\aptos\train\0_No_DR\934104859e68.png,train/0_No_DR/934104859e68.png,train,0,No_DR
aptos:train/0_No_DR/936299166bea.png,aptos,936299166bea,936299166bea.png,A:\DR_classification\data\organized\aptos\train\0_No_DR\936299166bea.png,train/0_No_DR/936299166bea.png,train,0,No_DR
aptos:train/0_No_DR/937bc1b924b1.png,aptos,937bc1b924b1,937bc1b924b1.png,A:\DR_classification\data\organized\aptos\train\0_No_DR\937bc1b924b1.png,train/0_No_DR/937bc1b924b1.png,train,0,No_DR
aptos:train/0_No_DR/93802d1e3c41.png,aptos,93802d1e3c41,93802d1e3c41.png,A:\DR_classification\data\organized\aptos\train\0_No_DR\93802d1e3c41.png,train/0_No_DR/93802d1e3c41.png,train,0,No_DR
aptos:train/0_No_DR/93a1b984de84.png,aptos,93a1b984de84,93a1b984de84.png,A:\DR_classification\data\organized\aptos\train\0_No_DR\93a1b984de84.png,train/0_No_DR/93a1b984de84.png,train,0,No_DR
aptos:train/0_No_DR/93d6d20a5ee3.png,aptos,93d6d20a5ee3,93d6d20a5ee3.png,A:\DR_classification\data\organized\aptos\train\0_No_DR\93d6d20a5ee3.png,train/0_No_DR/93d6d20a5ee3.png,train,0,No_DR
aptos:train/0_No_DR/94076a9fb9b5.png,aptos,94076a9fb9b5,94076a9fb9b5.png,A:\DR_classification\data\organized\aptos\train\0_No_DR\94076a9fb9b5.png,train/0_No_DR/94076a9fb9b5.png,train,0,No_DR
aptos:train/0_No_DR/94145d1f42cf.png,aptos,94145d1f42cf,94145d1f42cf.png,A:\DR_classification\data\organized\aptos\train\0_No_DR\94145d1f42cf.png,train/0_No_DR/94145d1f42cf.png,train,0,No_DR
aptos:train/0_No_DR/941d874c8afb.png,aptos,941d874c8afb,941d874c8afb.png,A:\DR_classification\data\organized\aptos\train\0_No_DR\941d874c8afb.png,train/0_No_DR/941d874c8afb.png,train,0,No_DR
aptos:train/0_No_DR/94b9ccc73bb9.png,aptos,94b9ccc73bb9,94b9ccc73bb9.png,A:\DR_classification\data\organized\aptos\train\0_No_DR\94b9ccc73bb9.png,train/0_No_DR/94b9ccc73bb9.png,train,0,No_DR
aptos:train/0_No_DR/94f9ecf4b8d2.png,aptos,94f9ecf4b8d2,94f9ecf4b8d2.png,A:\DR_classification\data\organized\aptos\train\0_No_DR\94f9ecf4b8d2.png,train/0_No_DR/94f9ecf4b8d2.png,train,0,No_DR
aptos:train/0_No_DR/9519a590985d.png,aptos,9519a590985d,9519a590985d.png,A:\DR_classification\data\organized\aptos\train\0_No_DR\9519a590985d.png,train/0_No_DR/9519a590985d.png,train,0,No_DR
aptos:train/0_No_DR/958c1fa044ba.png,aptos,958c1fa044ba,958c1fa044ba.png,A:\DR_classification\data\organized\aptos\train\0_No_DR\958c1fa044ba.png,train/0_No_DR/958c1fa044ba.png,train,0,No_DR
aptos:train/0_No_DR/959bb2d01091.png,aptos,959bb2d01091,959bb2d01091.png,A:\DR_classification\data\organized\aptos\train\0_No_DR\959bb2d01091.png,train/0_No_DR/959bb2d01091.png,train,0,No_DR
aptos:train/0_No_DR/962c0fc85e13.png,aptos,962c0fc85e13,962c0fc85e13.png,A:\DR_classification\data\organized\aptos\train\0_No_DR\962c0fc85e13.png,train/0_No_DR/962c0fc85e13.png,train,0,No_DR
aptos:train/0_No_DR/966c07831334.png,aptos,966c07831334,966c07831334.png,A:\DR_classification\data\organized\aptos\train\0_No_DR\966c07831334.png,train/0_No_DR/966c07831334.png,train,0,No_DR
aptos:train/0_No_DR/96b5474ae604.png,aptos,96b5474ae604,96b5474ae604.png,A:\DR_classification\data\organized\aptos\train\0_No_DR\96b5474ae604.png,train/0_No_DR/96b5474ae604.png,train,0,No_DR
aptos:train/0_No_DR/96ea316ed0ab.png,aptos,96ea316ed0ab,96ea316ed0ab.png,A:\DR_classification\data\organized\aptos\train\0_No_DR\96ea316ed0ab.png,train/0_No_DR/96ea316ed0ab.png,train,0,No_DR
aptos:train/0_No_DR/973b0facfa9b.png,aptos,973b0facfa9b,973b0facfa9b.png,A:\DR_classification\data\organized\aptos\train\0_No_DR\973b0facfa9b.png,train/0_No_DR/973b0facfa9b.png,train,0,No_DR
aptos:train/0_No_DR/974c7d7b9c64.png,aptos,974c7d7b9c64,974c7d7b9c64.png,A:\DR_classification\data\organized\aptos\train\0_No_DR\974c7d7b9c64.png,train/0_No_DR/974c7d7b9c64.png,train,0,No_DR
aptos:train/0_No_DR/97a235367f9d.png,aptos,97a235367f9d,97a235367f9d.png,A:\DR_classification\data\organized\aptos\train\0_No_DR\97a235367f9d.png,train/0_No_DR/97a235367f9d.png,train,0,No_DR
aptos:train/0_No_DR/97c6cb55866d.png,aptos,97c6cb55866d,97c6cb55866d.png,A:\DR_classification\data\organized\aptos\train\0_No_DR\97c6cb55866d.png,train/0_No_DR/97c6cb55866d.png,train,0,No_DR
aptos:train/0_No_DR/97d02a9b94f7.png,aptos,97d02a9b94f7,97d02a9b94f7.png,A:\DR_classification\data\organized\aptos\train\0_No_DR\97d02a9b94f7.png,train/0_No_DR/97d02a9b94f7.png,train,0,No_DR
aptos:train/0_No_DR/97f290d31813.png,aptos,97f290d31813,97f290d31813.png,A:\DR_classification\data\organized\aptos\train\0_No_DR\97f290d31813.png,train/0_No_DR/97f290d31813.png,train,0,No_DR
aptos:train/0_No_DR/97fdee242fea.png,aptos,97fdee242fea,97fdee242fea.png,A:\DR_classification\data\organized\aptos\train\0_No_DR\97fdee242fea.png,train/0_No_DR/97fdee242fea.png,train,0,No_DR
aptos:train/0_No_DR/983c98354e9c.png,aptos,983c98354e9c,983c98354e9c.png,A:\DR_classification\data\organized\aptos\train\0_No_DR\983c98354e9c.png,train/0_No_DR/983c98354e9c.png,train,0,No_DR
aptos:train/0_No_DR/98441214557f.png,aptos,98441214557f,98441214557f.png,A:\DR_classification\data\organized\aptos\train\0_No_DR\98441214557f.png,train/0_No_DR/98441214557f.png,train,0,No_DR
aptos:train/0_No_DR/9870ce41cac4.png,aptos,9870ce41cac4,9870ce41cac4.png,A:\DR_classification\data\organized\aptos\train\0_No_DR\9870ce41cac4.png,train/0_No_DR/9870ce41cac4.png,train,0,No_DR
aptos:train/0_No_DR/98e44127872f.png,aptos,98e44127872f,98e44127872f.png,A:\DR_classification\data\organized\aptos\train\0_No_DR\98e44127872f.png,train/0_No_DR/98e44127872f.png,train,0,No_DR
aptos:train/0_No_DR/99240ee00485.png,aptos,99240ee00485,99240ee00485.png,A:\DR_classification\data\organized\aptos\train\0_No_DR\99240ee00485.png,train/0_No_DR/99240ee00485.png,train,0,No_DR
aptos:train/0_No_DR/992599744a23.png,aptos,992599744a23,992599744a23.png,A:\DR_classification\data\organized\aptos\train\0_No_DR\992599744a23.png,train/0_No_DR/992599744a23.png,train,0,No_DR
aptos:train/0_No_DR/992b9a07b25f.png,aptos,992b9a07b25f,992b9a07b25f.png,A:\DR_classification\data\organized\aptos\train\0_No_DR\992b9a07b25f.png,train/0_No_DR/992b9a07b25f.png,train,0,No_DR
aptos:train/0_No_DR/99c626e58464.png,aptos,99c626e58464,99c626e58464.png,A:\DR_classification\data\organized\aptos\train\0_No_DR\99c626e58464.png,train/0_No_DR/99c626e58464.png,train,0,No_DR
aptos:train/0_No_DR/99c6a123ed6a.png,aptos,99c6a123ed6a,99c6a123ed6a.png,A:\DR_classification\data\organized\aptos\train\0_No_DR\99c6a123ed6a.png,train/0_No_DR/99c6a123ed6a.png,train,0,No_DR
aptos:train/0_No_DR/9a159d4674cd.png,aptos,9a159d4674cd,9a159d4674cd.png,A:\DR_classification\data\organized\aptos\train\0_No_DR\9a159d4674cd.png,train/0_No_DR/9a159d4674cd.png,train,0,No_DR
aptos:train/0_No_DR/9a326446c431.png,aptos,9a326446c431,9a326446c431.png,A:\DR_classification\data\organized\aptos\train\0_No_DR\9a326446c431.png,train/0_No_DR/9a326446c431.png,train,0,No_DR
aptos:train/0_No_DR/9a56cfb980ec.png,aptos,9a56cfb980ec,9a56cfb980ec.png,A:\DR_classification\data\organized\aptos\train\0_No_DR\9a56cfb980ec.png,train/0_No_DR/9a56cfb980ec.png,train,0,No_DR
aptos:train/0_No_DR/9ac41b9a809e.png,aptos,9ac41b9a809e,9ac41b9a809e.png,A:\DR_classification\data\organized\aptos\train\0_No_DR\9ac41b9a809e.png,train/0_No_DR/9ac41b9a809e.png,train,0,No_DR
aptos:train/0_No_DR/9b4fc15df3c8.png,aptos,9b4fc15df3c8,9b4fc15df3c8.png,A:\DR_classification\data\organized\aptos\train\0_No_DR\9b4fc15df3c8.png,train/0_No_DR/9b4fc15df3c8.png,train,0,No_DR
aptos:train/0_No_DR/9b57e43b44e7.png,aptos,9b57e43b44e7,9b57e43b44e7.png,A:\DR_classification\data\organized\aptos\train\0_No_DR\9b57e43b44e7.png,train/0_No_DR/9b57e43b44e7.png,train,0,No_DR
aptos:train/0_No_DR/9b70f84400af.png,aptos,9b70f84400af,9b70f84400af.png,A:\DR_classification\data\organized\aptos\train\0_No_DR\9b70f84400af.png,train/0_No_DR/9b70f84400af.png,train,0,No_DR
aptos:train/0_No_DR/9ba469af2980.png,aptos,9ba469af2980,9ba469af2980.png,A:\DR_classification\data\organized\aptos\train\0_No_DR\9ba469af2980.png,train/0_No_DR/9ba469af2980.png,train,0,No_DR
aptos:train/0_No_DR/9bbb6c455913.png,aptos,9bbb6c455913,9bbb6c455913.png,A:\DR_classification\data\organized\aptos\train\0_No_DR\9bbb6c455913.png,train/0_No_DR/9bbb6c455913.png,train,0,No_DR
aptos:train/0_No_DR/9bd008aab548.png,aptos,9bd008aab548,9bd008aab548.png,A:\DR_classification\data\organized\aptos\train\0_No_DR\9bd008aab548.png,train/0_No_DR/9bd008aab548.png,train,0,No_DR
aptos:train/0_No_DR/9c14ce27cbfc.png,aptos,9c14ce27cbfc,9c14ce27cbfc.png,A:\DR_classification\data\organized\aptos\train\0_No_DR\9c14ce27cbfc.png,train/0_No_DR/9c14ce27cbfc.png,train,0,No_DR
aptos:train/0_No_DR/9c514d2d5b3f.png,aptos,9c514d2d5b3f,9c514d2d5b3f.png,A:\DR_classification\data\organized\aptos\train\0_No_DR\9c514d2d5b3f.png,train/0_No_DR/9c514d2d5b3f.png,train,0,No_DR
aptos:train/0_No_DR/9c6512166557.png,aptos,9c6512166557,9c6512166557.png,A:\DR_classification\data\organized\aptos\train\0_No_DR\9c6512166557.png,train/0_No_DR/9c6512166557.png,train,0,No_DR
aptos:train/0_No_DR/9c893e16c055.png,aptos,9c893e16c055,9c893e16c055.png,A:\DR_classification\data\organized\aptos\train\0_No_DR\9c893e16c055.png,train/0_No_DR/9c893e16c055.png,train,0,No_DR
aptos:train/0_No_DR/9ce46d400cd6.png,aptos,9ce46d400cd6,9ce46d400cd6.png,A:\DR_classification\data\organized\aptos\train\0_No_DR\9ce46d400cd6.png,train/0_No_DR/9ce46d400cd6.png,train,0,No_DR
aptos:train/0_No_DR/9cf7c1349673.png,aptos,9cf7c1349673,9cf7c1349673.png,A:\DR_classification\data\organized\aptos\train\0_No_DR\9cf7c1349673.png,train/0_No_DR/9cf7c1349673.png,train,0,No_DR
aptos:train/0_No_DR/9d1feed37610.png,aptos,9d1feed37610,9d1feed37610.png,A:\DR_classification\data\organized\aptos\train\0_No_DR\9d1feed37610.png,train/0_No_DR/9d1feed37610.png,train,0,No_DR
aptos:train/0_No_DR/9d62478042b6.png,aptos,9d62478042b6,9d62478042b6.png,A:\DR_classification\data\organized\aptos\train\0_No_DR\9d62478042b6.png,train/0_No_DR/9d62478042b6.png,train,0,No_DR
aptos:train/0_No_DR/9d75de31f1b8.png,aptos,9d75de31f1b8,9d75de31f1b8.png,A:\DR_classification\data\organized\aptos\train\0_No_DR\9d75de31f1b8.png,train/0_No_DR/9d75de31f1b8.png,train,0,No_DR
aptos:train/0_No_DR/9e2058917304.png,aptos,9e2058917304,9e2058917304.png,A:\DR_classification\data\organized\aptos\train\0_No_DR\9e2058917304.png,train/0_No_DR/9e2058917304.png,train,0,No_DR
aptos:train/0_No_DR/9e2a8135f471.png,aptos,9e2a8135f471,9e2a8135f471.png,A:\DR_classification\data\organized\aptos\train\0_No_DR\9e2a8135f471.png,train/0_No_DR/9e2a8135f471.png,train,0,No_DR
aptos:train/0_No_DR/9e2ba2b979f1.png,aptos,9e2ba2b979f1,9e2ba2b979f1.png,A:\DR_classification\data\organized\aptos\train\0_No_DR\9e2ba2b979f1.png,train/0_No_DR/9e2ba2b979f1.png,train,0,No_DR
aptos:train/0_No_DR/9e5737f771c3.png,aptos,9e5737f771c3,9e5737f771c3.png,A:\DR_classification\data\organized\aptos\train\0_No_DR\9e5737f771c3.png,train/0_No_DR/9e5737f771c3.png,train,0,No_DR
aptos:train/0_No_DR/9e99ae6ee7af.png,aptos,9e99ae6ee7af,9e99ae6ee7af.png,A:\DR_classification\data\organized\aptos\train\0_No_DR\9e99ae6ee7af.png,train/0_No_DR/9e99ae6ee7af.png,train,0,No_DR
aptos:train/0_No_DR/9ed6c2b25767.png,aptos,9ed6c2b25767,9ed6c2b25767.png,A:\DR_classification\data\organized\aptos\train\0_No_DR\9ed6c2b25767.png,train/0_No_DR/9ed6c2b25767.png,train,0,No_DR
aptos:train/0_No_DR/9f1b14dfa14c.png,aptos,9f1b14dfa14c,9f1b14dfa14c.png,A:\DR_classification\data\organized\aptos\train\0_No_DR\9f1b14dfa14c.png,train/0_No_DR/9f1b14dfa14c.png,train,0,No_DR
aptos:train/0_No_DR/9f285b3e57ed.png,aptos,9f285b3e57ed,9f285b3e57ed.png,A:\DR_classification\data\organized\aptos\train\0_No_DR\9f285b3e57ed.png,train/0_No_DR/9f285b3e57ed.png,train,0,No_DR
aptos:train/0_No_DR/9f8112c710be.png,aptos,9f8112c710be,9f8112c710be.png,A:\DR_classification\data\organized\aptos\train\0_No_DR\9f8112c710be.png,train/0_No_DR/9f8112c710be.png,train,0,No_DR
aptos:train/0_No_DR/9fa02dfb5553.png,aptos,9fa02dfb5553,9fa02dfb5553.png,A:\DR_classification\data\organized\aptos\train\0_No_DR\9fa02dfb5553.png,train/0_No_DR/9fa02dfb5553.png,train,0,No_DR
aptos:train/0_No_DR/a0445785e2f7.png,aptos,a0445785e2f7,a0445785e2f7.png,A:\DR_classification\data\organized\aptos\train\0_No_DR\a0445785e2f7.png,train/0_No_DR/a0445785e2f7.png,train,0,No_DR
aptos:train/0_No_DR/a07d9a5045cb.png,aptos,a07d9a5045cb,a07d9a5045cb.png,A:\DR_classification\data\organized\aptos\train\0_No_DR\a07d9a5045cb.png,train/0_No_DR/a07d9a5045cb.png,train,0,No_DR
aptos:train/0_No_DR/a07efb1ecfc0.png,aptos,a07efb1ecfc0,a07efb1ecfc0.png,A:\DR_classification\data\organized\aptos\train\0_No_DR\a07efb1ecfc0.png,train/0_No_DR/a07efb1ecfc0.png,train,0,No_DR
aptos:train/0_No_DR/a08a0133754a.png,aptos,a08a0133754a,a08a0133754a.png,A:\DR_classification\data\organized\aptos\train\0_No_DR\a08a0133754a.png,train/0_No_DR/a08a0133754a.png,train,0,No_DR
aptos:train/0_No_DR/a0fd94e2ad76.png,aptos,a0fd94e2ad76,a0fd94e2ad76.png,A:\DR_classification\data\organized\aptos\train\0_No_DR\a0fd94e2ad76.png,train/0_No_DR/a0fd94e2ad76.png,train,0,No_DR
aptos:train/0_No_DR/a12ca80bb8c7.png,aptos,a12ca80bb8c7,a12ca80bb8c7.png,A:\DR_classification\data\organized\aptos\train\0_No_DR\a12ca80bb8c7.png,train/0_No_DR/a12ca80bb8c7.png,train,0,No_DR
aptos:train/0_No_DR/a1822dd8d05d.png,aptos,a1822dd8d05d,a1822dd8d05d.png,A:\DR_classification\data\organized\aptos\train\0_No_DR\a1822dd8d05d.png,train/0_No_DR/a1822dd8d05d.png,train,0,No_DR
aptos:train/0_No_DR/a1872f9c0cba.png,aptos,a1872f9c0cba,a1872f9c0cba.png,A:\DR_classification\data\organized\aptos\train\0_No_DR\a1872f9c0cba.png,train/0_No_DR/a1872f9c0cba.png,train,0,No_DR
aptos:train/0_No_DR/a188c60b93fb.png,aptos,a188c60b93fb,a188c60b93fb.png,A:\DR_classification\data\organized\aptos\train\0_No_DR\a188c60b93fb.png,train/0_No_DR/a188c60b93fb.png,train,0,No_DR
aptos:train/0_No_DR/a1b28bcbce00.png,aptos,a1b28bcbce00,a1b28bcbce00.png,A:\DR_classification\data\organized\aptos\train\0_No_DR\a1b28bcbce00.png,train/0_No_DR/a1b28bcbce00.png,train,0,No_DR
aptos:train/0_No_DR/a1e236fbc863.png,aptos,a1e236fbc863,a1e236fbc863.png,A:\DR_classification\data\organized\aptos\train\0_No_DR\a1e236fbc863.png,train/0_No_DR/a1e236fbc863.png,train,0,No_DR
aptos:train/0_No_DR/a1eb88562239.png,aptos,a1eb88562239,a1eb88562239.png,A:\DR_classification\data\organized\aptos\train\0_No_DR\a1eb88562239.png,train/0_No_DR/a1eb88562239.png,train,0,No_DR
aptos:train/0_No_DR/a1edf0e66592.png,aptos,a1edf0e66592,a1edf0e66592.png,A:\DR_classification\data\organized\aptos\train\0_No_DR\a1edf0e66592.png,train/0_No_DR/a1edf0e66592.png,train,0,No_DR
aptos:train/0_No_DR/a2163f0c2af5.png,aptos,a2163f0c2af5,a2163f0c2af5.png,A:\DR_classification\data\organized\aptos\train\0_No_DR\a2163f0c2af5.png,train/0_No_DR/a2163f0c2af5.png,train,0,No_DR
aptos:train/0_No_DR/a2811f512c1c.png,aptos,a2811f512c1c,a2811f512c1c.png,A:\DR_classification\data\organized\aptos\train\0_No_DR\a2811f512c1c.png,train/0_No_DR/a2811f512c1c.png,train,0,No_DR
aptos:train/0_No_DR/a2b97d98f130.png,aptos,a2b97d98f130,a2b97d98f130.png,A:\DR_classification\data\organized\aptos\train\0_No_DR\a2b97d98f130.png,train/0_No_DR/a2b97d98f130.png,train,0,No_DR
aptos:train/0_No_DR/a3132c8828e4.png,aptos,a3132c8828e4,a3132c8828e4.png,A:\DR_classification\data\organized\aptos\train\0_No_DR\a3132c8828e4.png,train/0_No_DR/a3132c8828e4.png,train,0,No_DR
aptos:train/0_No_DR/a34fc5376669.png,aptos,a34fc5376669,a34fc5376669.png,A:\DR_classification\data\organized\aptos\train\0_No_DR\a34fc5376669.png,train/0_No_DR/a34fc5376669.png,train,0,No_DR
aptos:train/0_No_DR/a384e688e228.png,aptos,a384e688e228,a384e688e228.png,A:\DR_classification\data\organized\aptos\train\0_No_DR\a384e688e228.png,train/0_No_DR/a384e688e228.png,train,0,No_DR
aptos:train/0_No_DR/a419fcb2dfb5.png,aptos,a419fcb2dfb5,a419fcb2dfb5.png,A:\DR_classification\data\organized\aptos\train\0_No_DR\a419fcb2dfb5.png,train/0_No_DR/a419fcb2dfb5.png,train,0,No_DR
aptos:train/0_No_DR/a44345b27804.png,aptos,a44345b27804,a44345b27804.png,A:\DR_classification\data\organized\aptos\train\0_No_DR\a44345b27804.png,train/0_No_DR/a44345b27804.png,train,0,No_DR
aptos:train/0_No_DR/a45c30da0c72.png,aptos,a45c30da0c72,a45c30da0c72.png,A:\DR_classification\data\organized\aptos\train\0_No_DR\a45c30da0c72.png,train/0_No_DR/a45c30da0c72.png,train,0,No_DR
aptos:train/0_No_DR/a528be013a04.png,aptos,a528be013a04,a528be013a04.png,A:\DR_classification\data\organized\aptos\train\0_No_DR\a528be013a04.png,train/0_No_DR/a528be013a04.png,train,0,No_DR
aptos:train/0_No_DR/a53d6d2472a6.png,aptos,a53d6d2472a6,a53d6d2472a6.png,A:\DR_classification\data\organized\aptos\train\0_No_DR\a53d6d2472a6.png,train/0_No_DR/a53d6d2472a6.png,train,0,No_DR
aptos:train/0_No_DR/a5bb85afc6e8.png,aptos,a5bb85afc6e8,a5bb85afc6e8.png,A:\DR_classification\data\organized\aptos\train\0_No_DR\a5bb85afc6e8.png,train/0_No_DR/a5bb85afc6e8.png,train,0,No_DR
aptos:train/0_No_DR/a61723fc38c2.png,aptos,a61723fc38c2,a61723fc38c2.png,A:\DR_classification\data\organized\aptos\train\0_No_DR\a61723fc38c2.png,train/0_No_DR/a61723fc38c2.png,train,0,No_DR
aptos:train/0_No_DR/a62e995f167c.png,aptos,a62e995f167c,a62e995f167c.png,A:\DR_classification\data\organized\aptos\train\0_No_DR\a62e995f167c.png,train/0_No_DR/a62e995f167c.png,train,0,No_DR
aptos:train/0_No_DR/a6731dd737af.png,aptos,a6731dd737af,a6731dd737af.png,A:\DR_classification\data\organized\aptos\train\0_No_DR\a6731dd737af.png,train/0_No_DR/a6731dd737af.png,train,0,No_DR
aptos:train/0_No_DR/a6b6d27c1b32.png,aptos,a6b6d27c1b32,a6b6d27c1b32.png,A:\DR_classification\data\organized\aptos\train\0_No_DR\a6b6d27c1b32.png,train/0_No_DR/a6b6d27c1b32.png,train,0,No_DR
aptos:train/0_No_DR/a70d0f12a641.png,aptos,a70d0f12a641,a70d0f12a641.png,A:\DR_classification\data\organized\aptos\train\0_No_DR\a70d0f12a641.png,train/0_No_DR/a70d0f12a641.png,train,0,No_DR
aptos:train/0_No_DR/a73c3d516c59.png,aptos,a73c3d516c59,a73c3d516c59.png,A:\DR_classification\data\organized\aptos\train\0_No_DR\a73c3d516c59.png,train/0_No_DR/a73c3d516c59.png,train,0,No_DR
aptos:train/0_No_DR/a73d012c4c38.png,aptos,a73d012c4c38,a73d012c4c38.png,A:\DR_classification\data\organized\aptos\train\0_No_DR\a73d012c4c38.png,train/0_No_DR/a73d012c4c38.png,train,0,No_DR
aptos:train/0_No_DR/a76132e79688.png,aptos,a76132e79688,a76132e79688.png,A:\DR_classification\data\organized\aptos\train\0_No_DR\a76132e79688.png,train/0_No_DR/a76132e79688.png,train,0,No_DR
aptos:train/0_No_DR/a7673ac44509.png,aptos,a7673ac44509,a7673ac44509.png,A:\DR_classification\data\organized\aptos\train\0_No_DR\a7673ac44509.png,train/0_No_DR/a7673ac44509.png,train,0,No_DR
aptos:train/0_No_DR/a7c10ca6c117.png,aptos,a7c10ca6c117,a7c10ca6c117.png,A:\DR_classification\data\organized\aptos\train\0_No_DR\a7c10ca6c117.png,train/0_No_DR/a7c10ca6c117.png,train,0,No_DR
aptos:train/0_No_DR/a821b6ecef33.png,aptos,a821b6ecef33,a821b6ecef33.png,A:\DR_classification\data\organized\aptos\train\0_No_DR\a821b6ecef33.png,train/0_No_DR/a821b6ecef33.png,train,0,No_DR
aptos:train/0_No_DR/a8263d248523.png,aptos,a8263d248523,a8263d248523.png,A:\DR_classification\data\organized\aptos\train\0_No_DR\a8263d248523.png,train/0_No_DR/a8263d248523.png,train,0,No_DR
aptos:train/0_No_DR/a82a12ad3fb1.png,aptos,a82a12ad3fb1,a82a12ad3fb1.png,A:\DR_classification\data\organized\aptos\train\0_No_DR\a82a12ad3fb1.png,train/0_No_DR/a82a12ad3fb1.png,train,0,No_DR
aptos:train/0_No_DR/a85cda5f725d.png,aptos,a85cda5f725d,a85cda5f725d.png,A:\DR_classification\data\organized\aptos\train\0_No_DR\a85cda5f725d.png,train/0_No_DR/a85cda5f725d.png,train,0,No_DR
aptos:train/0_No_DR/a86128b601a7.png,aptos,a86128b601a7,a86128b601a7.png,A:\DR_classification\data\organized\aptos\train\0_No_DR\a86128b601a7.png,train/0_No_DR/a86128b601a7.png,train,0,No_DR
aptos:train/0_No_DR/a88365134c3c.png,aptos,a88365134c3c,a88365134c3c.png,A:\DR_classification\data\organized\aptos\train\0_No_DR\a88365134c3c.png,train/0_No_DR/a88365134c3c.png,train,0,No_DR
aptos:train/0_No_DR/a8854768549f.png,aptos,a8854768549f,a8854768549f.png,A:\DR_classification\data\organized\aptos\train\0_No_DR\a8854768549f.png,train/0_No_DR/a8854768549f.png,train,0,No_DR
aptos:train/0_No_DR/a8a6588c8eb7.png,aptos,a8a6588c8eb7,a8a6588c8eb7.png,A:\DR_classification\data\organized\aptos\train\0_No_DR\a8a6588c8eb7.png,train/0_No_DR/a8a6588c8eb7.png,train,0,No_DR
aptos:train/0_No_DR/a8aed92940fb.png,aptos,a8aed92940fb,a8aed92940fb.png,A:\DR_classification\data\organized\aptos\train\0_No_DR\a8aed92940fb.png,train/0_No_DR/a8aed92940fb.png,train,0,No_DR
aptos:train/0_No_DR/a8b637abd96b.png,aptos,a8b637abd96b,a8b637abd96b.png,A:\DR_classification\data\organized\aptos\train\0_No_DR\a8b637abd96b.png,train/0_No_DR/a8b637abd96b.png,train,0,No_DR
aptos:train/0_No_DR/a8c9fcdbc0be.png,aptos,a8c9fcdbc0be,a8c9fcdbc0be.png,A:\DR_classification\data\organized\aptos\train\0_No_DR\a8c9fcdbc0be.png,train/0_No_DR/a8c9fcdbc0be.png,train,0,No_DR
aptos:train/0_No_DR/a94da3d3b5c0.png,aptos,a94da3d3b5c0,a94da3d3b5c0.png,A:\DR_classification\data\organized\aptos\train\0_No_DR\a94da3d3b5c0.png,train/0_No_DR/a94da3d3b5c0.png,train,0,No_DR
aptos:train/0_No_DR/a95d9d61ddd4.png,aptos,a95d9d61ddd4,a95d9d61ddd4.png,A:\DR_classification\data\organized\aptos\train\0_No_DR\a95d9d61ddd4.png,train/0_No_DR/a95d9d61ddd4.png,train,0,No_DR
aptos:train/0_No_DR/a963ac561580.png,aptos,a963ac561580,a963ac561580.png,A:\DR_classification\data\organized\aptos\train\0_No_DR\a963ac561580.png,train/0_No_DR/a963ac561580.png,train,0,No_DR
aptos:train/0_No_DR/a96ff96bbae5.png,aptos,a96ff96bbae5,a96ff96bbae5.png,A:\DR_classification\data\organized\aptos\train\0_No_DR\a96ff96bbae5.png,train/0_No_DR/a96ff96bbae5.png,train,0,No_DR
aptos:train/0_No_DR/a987aa7aac37.png,aptos,a987aa7aac37,a987aa7aac37.png,A:\DR_classification\data\organized\aptos\train\0_No_DR\a987aa7aac37.png,train/0_No_DR/a987aa7aac37.png,train,0,No_DR
aptos:train/0_No_DR/a9a3225cf4b5.png,aptos,a9a3225cf4b5,a9a3225cf4b5.png,A:\DR_classification\data\organized\aptos\train\0_No_DR\a9a3225cf4b5.png,train/0_No_DR/a9a3225cf4b5.png,train,0,No_DR
aptos:train/0_No_DR/a9b3177f01c0.png,aptos,a9b3177f01c0,a9b3177f01c0.png,A:\DR_classification\data\organized\aptos\train\0_No_DR\a9b3177f01c0.png,train/0_No_DR/a9b3177f01c0.png,train,0,No_DR
aptos:train/0_No_DR/a9bc2f892cb3.png,aptos,a9bc2f892cb3,a9bc2f892cb3.png,A:\DR_classification\data\organized\aptos\train\0_No_DR\a9bc2f892cb3.png,train/0_No_DR/a9bc2f892cb3.png,train,0,No_DR
aptos:train/0_No_DR/a9dc80cba9a4.png,aptos,a9dc80cba9a4,a9dc80cba9a4.png,A:\DR_classification\data\organized\aptos\train\0_No_DR\a9dc80cba9a4.png,train/0_No_DR/a9dc80cba9a4.png,train,0,No_DR
aptos:train/0_No_DR/a9e3d186cd1b.png,aptos,a9e3d186cd1b,a9e3d186cd1b.png,A:\DR_classification\data\organized\aptos\train\0_No_DR\a9e3d186cd1b.png,train/0_No_DR/a9e3d186cd1b.png,train,0,No_DR
aptos:train/0_No_DR/aa60813e1a8d.png,aptos,aa60813e1a8d,aa60813e1a8d.png,A:\DR_classification\data\organized\aptos\train\0_No_DR\aa60813e1a8d.png,train/0_No_DR/aa60813e1a8d.png,train,0,No_DR
aptos:train/0_No_DR/aa6242f9e08c.png,aptos,aa6242f9e08c,aa6242f9e08c.png,A:\DR_classification\data\organized\aptos\train\0_No_DR\aa6242f9e08c.png,train/0_No_DR/aa6242f9e08c.png,train,0,No_DR
aptos:train/0_No_DR/aa8a1e814811.png,aptos,aa8a1e814811,aa8a1e814811.png,A:\DR_classification\data\organized\aptos\train\0_No_DR\aa8a1e814811.png,train/0_No_DR/aa8a1e814811.png,train,0,No_DR
aptos:train/0_No_DR/aa94cc4bfd84.png,aptos,aa94cc4bfd84,aa94cc4bfd84.png,A:\DR_classification\data\organized\aptos\train\0_No_DR\aa94cc4bfd84.png,train/0_No_DR/aa94cc4bfd84.png,train,0,No_DR
aptos:train/0_No_DR/aaaadb174012.png,aptos,aaaadb174012,aaaadb174012.png,A:\DR_classification\data\organized\aptos\train\0_No_DR\aaaadb174012.png,train/0_No_DR/aaaadb174012.png,train,0,No_DR
aptos:train/0_No_DR/aabd867043cf.png,aptos,aabd867043cf,aabd867043cf.png,A:\DR_classification\data\organized\aptos\train\0_No_DR\aabd867043cf.png,train/0_No_DR/aabd867043cf.png,train,0,No_DR
aptos:train/0_No_DR/aafb0c944f14.png,aptos,aafb0c944f14,aafb0c944f14.png,A:\DR_classification\data\organized\aptos\train\0_No_DR\aafb0c944f14.png,train/0_No_DR/aafb0c944f14.png,train,0,No_DR
aptos:train/0_No_DR/ab32db41c409.png,aptos,ab32db41c409,ab32db41c409.png,A:\DR_classification\data\organized\aptos\train\0_No_DR\ab32db41c409.png,train/0_No_DR/ab32db41c409.png,train,0,No_DR
aptos:train/0_No_DR/ab653b8554c0.png,aptos,ab653b8554c0,ab653b8554c0.png,A:\DR_classification\data\organized\aptos\train\0_No_DR\ab653b8554c0.png,train/0_No_DR/ab653b8554c0.png,train,0,No_DR
aptos:train/0_No_DR/ab724603ee93.png,aptos,ab724603ee93,ab724603ee93.png,A:\DR_classification\data\organized\aptos\train\0_No_DR\ab724603ee93.png,train/0_No_DR/ab724603ee93.png,train,0,No_DR
aptos:train/0_No_DR/ab78a66dee6a.png,aptos,ab78a66dee6a,ab78a66dee6a.png,A:\DR_classification\data\organized\aptos\train\0_No_DR\ab78a66dee6a.png,train/0_No_DR/ab78a66dee6a.png,train,0,No_DR
aptos:train/0_No_DR/ab7991df166b.png,aptos,ab7991df166b,ab7991df166b.png,A:\DR_classification\data\organized\aptos\train\0_No_DR\ab7991df166b.png,train/0_No_DR/ab7991df166b.png,train,0,No_DR
aptos:train/0_No_DR/ab88081e5654.png,aptos,ab88081e5654,ab88081e5654.png,A:\DR_classification\data\organized\aptos\train\0_No_DR\ab88081e5654.png,train/0_No_DR/ab88081e5654.png,train,0,No_DR
aptos:train/0_No_DR/abbb8791785e.png,aptos,abbb8791785e,abbb8791785e.png,A:\DR_classification\data\organized\aptos\train\0_No_DR\abbb8791785e.png,train/0_No_DR/abbb8791785e.png,train,0,No_DR
aptos:train/0_No_DR/abe940882578.png,aptos,abe940882578,abe940882578.png,A:\DR_classification\data\organized\aptos\train\0_No_DR\abe940882578.png,train/0_No_DR/abe940882578.png,train,0,No_DR
aptos:train/0_No_DR/ac0a48ccbf70.png,aptos,ac0a48ccbf70,ac0a48ccbf70.png,A:\DR_classification\data\organized\aptos\train\0_No_DR\ac0a48ccbf70.png,train/0_No_DR/ac0a48ccbf70.png,train,0,No_DR
aptos:train/0_No_DR/ac17cc18a994.png,aptos,ac17cc18a994,ac17cc18a994.png,A:\DR_classification\data\organized\aptos\train\0_No_DR\ac17cc18a994.png,train/0_No_DR/ac17cc18a994.png,train,0,No_DR
aptos:train/0_No_DR/ac81fc200162.png,aptos,ac81fc200162,ac81fc200162.png,A:\DR_classification\data\organized\aptos\train\0_No_DR\ac81fc200162.png,train/0_No_DR/ac81fc200162.png,train,0,No_DR
aptos:train/0_No_DR/ace2281f00c4.png,aptos,ace2281f00c4,ace2281f00c4.png,A:\DR_classification\data\organized\aptos\train\0_No_DR\ace2281f00c4.png,train/0_No_DR/ace2281f00c4.png,train,0,No_DR
aptos:train/0_No_DR/ace287a5c991.png,aptos,ace287a5c991,ace287a5c991.png,A:\DR_classification\data\organized\aptos\train\0_No_DR\ace287a5c991.png,train/0_No_DR/ace287a5c991.png,train,0,No_DR
aptos:train/0_No_DR/ad029ba7fa8b.png,aptos,ad029ba7fa8b,ad029ba7fa8b.png,A:\DR_classification\data\organized\aptos\train\0_No_DR\ad029ba7fa8b.png,train/0_No_DR/ad029ba7fa8b.png,train,0,No_DR
aptos:train/0_No_DR/ad1aa75d5630.png,aptos,ad1aa75d5630,ad1aa75d5630.png,A:\DR_classification\data\organized\aptos\train\0_No_DR\ad1aa75d5630.png,train/0_No_DR/ad1aa75d5630.png,train,0,No_DR
aptos:train/0_No_DR/ad20080452de.png,aptos,ad20080452de,ad20080452de.png,A:\DR_classification\data\organized\aptos\train\0_No_DR\ad20080452de.png,train/0_No_DR/ad20080452de.png,train,0,No_DR
aptos:train/0_No_DR/ad312ca98202.png,aptos,ad312ca98202,ad312ca98202.png,A:\DR_classification\data\organized\aptos\train\0_No_DR\ad312ca98202.png,train/0_No_DR/ad312ca98202.png,train,0,No_DR
aptos:train/0_No_DR/ad6b07d5c338.png,aptos,ad6b07d5c338,ad6b07d5c338.png,A:\DR_classification\data\organized\aptos\train\0_No_DR\ad6b07d5c338.png,train/0_No_DR/ad6b07d5c338.png,train,0,No_DR
aptos:train/0_No_DR/ad93d88c87ea.png,aptos,ad93d88c87ea,ad93d88c87ea.png,A:\DR_classification\data\organized\aptos\train\0_No_DR\ad93d88c87ea.png,train/0_No_DR/ad93d88c87ea.png,train,0,No_DR
aptos:train/0_No_DR/ad944bd56bb6.png,aptos,ad944bd56bb6,ad944bd56bb6.png,A:\DR_classification\data\organized\aptos\train\0_No_DR\ad944bd56bb6.png,train/0_No_DR/ad944bd56bb6.png,train,0,No_DR
aptos:train/0_No_DR/addf66a50f42.png,aptos,addf66a50f42,addf66a50f42.png,A:\DR_classification\data\organized\aptos\train\0_No_DR\addf66a50f42.png,train/0_No_DR/addf66a50f42.png,train,0,No_DR
aptos:train/0_No_DR/ae20112e7a1e.png,aptos,ae20112e7a1e,ae20112e7a1e.png,A:\DR_classification\data\organized\aptos\train\0_No_DR\ae20112e7a1e.png,train/0_No_DR/ae20112e7a1e.png,train,0,No_DR
aptos:train/0_No_DR/ae57c8630249.png,aptos,ae57c8630249,ae57c8630249.png,A:\DR_classification\data\organized\aptos\train\0_No_DR\ae57c8630249.png,train/0_No_DR/ae57c8630249.png,train,0,No_DR
aptos:train/0_No_DR/ae61e19fb766.png,aptos,ae61e19fb766,ae61e19fb766.png,A:\DR_classification\data\organized\aptos\train\0_No_DR\ae61e19fb766.png,train/0_No_DR/ae61e19fb766.png,train,0,No_DR
aptos:train/0_No_DR/ae94ce412de9.png,aptos,ae94ce412de9,ae94ce412de9.png,A:\DR_classification\data\organized\aptos\train\0_No_DR\ae94ce412de9.png,train/0_No_DR/ae94ce412de9.png,train,0,No_DR
aptos:train/0_No_DR/aebe87a423c8.png,aptos,aebe87a423c8,aebe87a423c8.png,A:\DR_classification\data\organized\aptos\train\0_No_DR\aebe87a423c8.png,train/0_No_DR/aebe87a423c8.png,train,0,No_DR
aptos:train/0_No_DR/aec51513cf45.png,aptos,aec51513cf45,aec51513cf45.png,A:\DR_classification\data\organized\aptos\train\0_No_DR\aec51513cf45.png,train/0_No_DR/aec51513cf45.png,train,0,No_DR
aptos:train/0_No_DR/aeccef0bdc26.png,aptos,aeccef0bdc26,aeccef0bdc26.png,A:\DR_classification\data\organized\aptos\train\0_No_DR\aeccef0bdc26.png,train/0_No_DR/aeccef0bdc26.png,train,0,No_DR
aptos:train/0_No_DR/af345c68e836.png,aptos,af345c68e836,af345c68e836.png,A:\DR_classification\data\organized\aptos\train\0_No_DR\af345c68e836.png,train/0_No_DR/af345c68e836.png,train,0,No_DR
aptos:train/0_No_DR/af5a0bc4e1fa.png,aptos,af5a0bc4e1fa,af5a0bc4e1fa.png,A:\DR_classification\data\organized\aptos\train\0_No_DR\af5a0bc4e1fa.png,train/0_No_DR/af5a0bc4e1fa.png,train,0,No_DR
aptos:train/0_No_DR/af6166d57f13.png,aptos,af6166d57f13,af6166d57f13.png,A:\DR_classification\data\organized\aptos\train\0_No_DR\af6166d57f13.png,train/0_No_DR/af6166d57f13.png,train,0,No_DR
aptos:train/0_No_DR/af6a1508cd95.png,aptos,af6a1508cd95,af6a1508cd95.png,A:\DR_classification\data\organized\aptos\train\0_No_DR\af6a1508cd95.png,train/0_No_DR/af6a1508cd95.png,train,0,No_DR
aptos:train/0_No_DR/af7a36454670.png,aptos,af7a36454670,af7a36454670.png,A:\DR_classification\data\organized\aptos\train\0_No_DR\af7a36454670.png,train/0_No_DR/af7a36454670.png,train,0,No_DR
aptos:train/0_No_DR/af87d48ffe01.png,aptos,af87d48ffe01,af87d48ffe01.png,A:\DR_classification\data\organized\aptos\train\0_No_DR\af87d48ffe01.png,train/0_No_DR/af87d48ffe01.png,train,0,No_DR
aptos:train/0_No_DR/afc345cc9145.png,aptos,afc345cc9145,afc345cc9145.png,A:\DR_classification\data\organized\aptos\train\0_No_DR\afc345cc9145.png,train/0_No_DR/afc345cc9145.png,train,0,No_DR
aptos:train/0_No_DR/afc744fad65e.png,aptos,afc744fad65e,afc744fad65e.png,A:\DR_classification\data\organized\aptos\train\0_No_DR\afc744fad65e.png,train/0_No_DR/afc744fad65e.png,train,0,No_DR
aptos:train/0_No_DR/b05922e7abd3.png,aptos,b05922e7abd3,b05922e7abd3.png,A:\DR_classification\data\organized\aptos\train\0_No_DR\b05922e7abd3.png,train/0_No_DR/b05922e7abd3.png,train,0,No_DR
aptos:train/0_No_DR/b086c7cd3868.png,aptos,b086c7cd3868,b086c7cd3868.png,A:\DR_classification\data\organized\aptos\train\0_No_DR\b086c7cd3868.png,train/0_No_DR/b086c7cd3868.png,train,0,No_DR
aptos:train/0_No_DR/b0acd3593310.png,aptos,b0acd3593310,b0acd3593310.png,A:\DR_classification\data\organized\aptos\train\0_No_DR\b0acd3593310.png,train/0_No_DR/b0acd3593310.png,train,0,No_DR
aptos:train/0_No_DR/b0c9a492e068.png,aptos,b0c9a492e068,b0c9a492e068.png,A:\DR_classification\data\organized\aptos\train\0_No_DR\b0c9a492e068.png,train/0_No_DR/b0c9a492e068.png,train,0,No_DR
aptos:train/0_No_DR/b0f8613305a3.png,aptos,b0f8613305a3,b0f8613305a3.png,A:\DR_classification\data\organized\aptos\train\0_No_DR\b0f8613305a3.png,train/0_No_DR/b0f8613305a3.png,train,0,No_DR
aptos:train/0_No_DR/b10fca20c885.png,aptos,b10fca20c885,b10fca20c885.png,A:\DR_classification\data\organized\aptos\train\0_No_DR\b10fca20c885.png,train/0_No_DR/b10fca20c885.png,train,0,No_DR
aptos:train/0_No_DR/b11dcdcbc8c8.png,aptos,b11dcdcbc8c8,b11dcdcbc8c8.png,A:\DR_classification\data\organized\aptos\train\0_No_DR\b11dcdcbc8c8.png,train/0_No_DR/b11dcdcbc8c8.png,train,0,No_DR
aptos:train/0_No_DR/b16dd4483ca5.png,aptos,b16dd4483ca5,b16dd4483ca5.png,A:\DR_classification\data\organized\aptos\train\0_No_DR\b16dd4483ca5.png,train/0_No_DR/b16dd4483ca5.png,train,0,No_DR
aptos:train/0_No_DR/b200c23b299b.png,aptos,b200c23b299b,b200c23b299b.png,A:\DR_classification\data\organized\aptos\train\0_No_DR\b200c23b299b.png,train/0_No_DR/b200c23b299b.png,train,0,No_DR
aptos:train/0_No_DR/b22cc1bf0b8a.png,aptos,b22cc1bf0b8a,b22cc1bf0b8a.png,A:\DR_classification\data\organized\aptos\train\0_No_DR\b22cc1bf0b8a.png,train/0_No_DR/b22cc1bf0b8a.png,train,0,No_DR
aptos:train/0_No_DR/b294927b14b0.png,aptos,b294927b14b0,b294927b14b0.png,A:\DR_classification\data\organized\aptos\train\0_No_DR\b294927b14b0.png,train/0_No_DR/b294927b14b0.png,train,0,No_DR
aptos:train/0_No_DR/b2b79b37d314.png,aptos,b2b79b37d314,b2b79b37d314.png,A:\DR_classification\data\organized\aptos\train\0_No_DR\b2b79b37d314.png,train/0_No_DR/b2b79b37d314.png,train,0,No_DR
aptos:train/0_No_DR/b3a994760537.png,aptos,b3a994760537,b3a994760537.png,A:\DR_classification\data\organized\aptos\train\0_No_DR\b3a994760537.png,train/0_No_DR/b3a994760537.png,train,0,No_DR
aptos:train/0_No_DR/b3f31c371e59.png,aptos,b3f31c371e59,b3f31c371e59.png,A:\DR_classification\data\organized\aptos\train\0_No_DR\b3f31c371e59.png,train/0_No_DR/b3f31c371e59.png,train,0,No_DR
aptos:train/0_No_DR/b43440c6ebe4.png,aptos,b43440c6ebe4,b43440c6ebe4.png,A:\DR_classification\data\organized\aptos\train\0_No_DR\b43440c6ebe4.png,train/0_No_DR/b43440c6ebe4.png,train,0,No_DR
aptos:train/0_No_DR/b46b09a45f39.png,aptos,b46b09a45f39,b46b09a45f39.png,A:\DR_classification\data\organized\aptos\train\0_No_DR\b46b09a45f39.png,train/0_No_DR/b46b09a45f39.png,train,0,No_DR
aptos:train/0_No_DR/b4e15102cd7a.png,aptos,b4e15102cd7a,b4e15102cd7a.png,A:\DR_classification\data\organized\aptos\train\0_No_DR\b4e15102cd7a.png,train/0_No_DR/b4e15102cd7a.png,train,0,No_DR
aptos:train/0_No_DR/b5204c0decc7.png,aptos,b5204c0decc7,b5204c0decc7.png,A:\DR_classification\data\organized\aptos\train\0_No_DR\b5204c0decc7.png,train/0_No_DR/b5204c0decc7.png,train,0,No_DR
aptos:train/0_No_DR/b532dedd928c.png,aptos,b532dedd928c,b532dedd928c.png,A:\DR_classification\data\organized\aptos\train\0_No_DR\b532dedd928c.png,train/0_No_DR/b532dedd928c.png,train,0,No_DR
aptos:train/0_No_DR/b549af91bd30.png,aptos,b549af91bd30,b549af91bd30.png,A:\DR_classification\data\organized\aptos\train\0_No_DR\b549af91bd30.png,train/0_No_DR/b549af91bd30.png,train,0,No_DR
aptos:train/0_No_DR/b598bc9753c2.png,aptos,b598bc9753c2,b598bc9753c2.png,A:\DR_classification\data\organized\aptos\train\0_No_DR\b598bc9753c2.png,train/0_No_DR/b598bc9753c2.png,train,0,No_DR
aptos:train/0_No_DR/b5a3ca5c0a80.png,aptos,b5a3ca5c0a80,b5a3ca5c0a80.png,A:\DR_classification\data\organized\aptos\train\0_No_DR\b5a3ca5c0a80.png,train/0_No_DR/b5a3ca5c0a80.png,train,0,No_DR
aptos:train/0_No_DR/b5b913358b32.png,aptos,b5b913358b32,b5b913358b32.png,A:\DR_classification\data\organized\aptos\train\0_No_DR\b5b913358b32.png,train/0_No_DR/b5b913358b32.png,train,0,No_DR
aptos:train/0_No_DR/b5bf7b84fc66.png,aptos,b5bf7b84fc66,b5bf7b84fc66.png,A:\DR_classification\data\organized\aptos\train\0_No_DR\b5bf7b84fc66.png,train/0_No_DR/b5bf7b84fc66.png,train,0,No_DR
aptos:train/0_No_DR/b5e6ae31493c.png,aptos,b5e6ae31493c,b5e6ae31493c.png,A:\DR_classification\data\organized\aptos\train\0_No_DR\b5e6ae31493c.png,train/0_No_DR/b5e6ae31493c.png,train,0,No_DR
aptos:train/0_No_DR/b64e1eef3d63.png,aptos,b64e1eef3d63,b64e1eef3d63.png,A:\DR_classification\data\organized\aptos\train\0_No_DR\b64e1eef3d63.png,train/0_No_DR/b64e1eef3d63.png,train,0,No_DR
aptos:train/0_No_DR/b66f23ffa730.png,aptos,b66f23ffa730,b66f23ffa730.png,A:\DR_classification\data\organized\aptos\train\0_No_DR\b66f23ffa730.png,train/0_No_DR/b66f23ffa730.png,train,0,No_DR
aptos:train/0_No_DR/b67ae80f7eba.png,aptos,b67ae80f7eba,b67ae80f7eba.png,A:\DR_classification\data\organized\aptos\train\0_No_DR\b67ae80f7eba.png,train/0_No_DR/b67ae80f7eba.png,train,0,No_DR
aptos:train/0_No_DR/b69c224edd6e.png,aptos,b69c224edd6e,b69c224edd6e.png,A:\DR_classification\data\organized\aptos\train\0_No_DR\b69c224edd6e.png,train/0_No_DR/b69c224edd6e.png,train,0,No_DR
aptos:train/0_No_DR/b6bf847fbcb2.png,aptos,b6bf847fbcb2,b6bf847fbcb2.png,A:\DR_classification\data\organized\aptos\train\0_No_DR\b6bf847fbcb2.png,train/0_No_DR/b6bf847fbcb2.png,train,0,No_DR
aptos:train/0_No_DR/b6fd109b1bc9.png,aptos,b6fd109b1bc9,b6fd109b1bc9.png,A:\DR_classification\data\organized\aptos\train\0_No_DR\b6fd109b1bc9.png,train/0_No_DR/b6fd109b1bc9.png,train,0,No_DR
aptos:train/0_No_DR/b70e7c26f51e.png,aptos,b70e7c26f51e,b70e7c26f51e.png,A:\DR_classification\data\organized\aptos\train\0_No_DR\b70e7c26f51e.png,train/0_No_DR/b70e7c26f51e.png,train,0,No_DR
aptos:train/0_No_DR/b73d0bcd3d33.png,aptos,b73d0bcd3d33,b73d0bcd3d33.png,A:\DR_classification\data\organized\aptos\train\0_No_DR\b73d0bcd3d33.png,train/0_No_DR/b73d0bcd3d33.png,train,0,No_DR
aptos:train/0_No_DR/b759cbef90c5.png,aptos,b759cbef90c5,b759cbef90c5.png,A:\DR_classification\data\organized\aptos\train\0_No_DR\b759cbef90c5.png,train/0_No_DR/b759cbef90c5.png,train,0,No_DR
aptos:train/0_No_DR/b77b88926843.png,aptos,b77b88926843,b77b88926843.png,A:\DR_classification\data\organized\aptos\train\0_No_DR\b77b88926843.png,train/0_No_DR/b77b88926843.png,train,0,No_DR
aptos:train/0_No_DR/b7983cb3f270.png,aptos,b7983cb3f270,b7983cb3f270.png,A:\DR_classification\data\organized\aptos\train\0_No_DR\b7983cb3f270.png,train/0_No_DR/b7983cb3f270.png,train,0,No_DR
aptos:train/0_No_DR/b7a1bb106051.png,aptos,b7a1bb106051,b7a1bb106051.png,A:\DR_classification\data\organized\aptos\train\0_No_DR\b7a1bb106051.png,train/0_No_DR/b7a1bb106051.png,train,0,No_DR
aptos:train/0_No_DR/b8297a2291f5.png,aptos,b8297a2291f5,b8297a2291f5.png,A:\DR_classification\data\organized\aptos\train\0_No_DR\b8297a2291f5.png,train/0_No_DR/b8297a2291f5.png,train,0,No_DR
aptos:train/0_No_DR/b835b6e31a59.png,aptos,b835b6e31a59,b835b6e31a59.png,A:\DR_classification\data\organized\aptos\train\0_No_DR\b835b6e31a59.png,train/0_No_DR/b835b6e31a59.png,train,0,No_DR
aptos:train/0_No_DR/b842b43cb7fb.png,aptos,b842b43cb7fb,b842b43cb7fb.png,A:\DR_classification\data\organized\aptos\train\0_No_DR\b842b43cb7fb.png,train/0_No_DR/b842b43cb7fb.png,train,0,No_DR
aptos:train/0_No_DR/b8dab47a260e.png,aptos,b8dab47a260e,b8dab47a260e.png,A:\DR_classification\data\organized\aptos\train\0_No_DR\b8dab47a260e.png,train/0_No_DR/b8dab47a260e.png,train,0,No_DR
aptos:train/0_No_DR/b8e9a8f4617d.png,aptos,b8e9a8f4617d,b8e9a8f4617d.png,A:\DR_classification\data\organized\aptos\train\0_No_DR\b8e9a8f4617d.png,train/0_No_DR/b8e9a8f4617d.png,train,0,No_DR
aptos:train/0_No_DR/b92eacd1392a.png,aptos,b92eacd1392a,b92eacd1392a.png,A:\DR_classification\data\organized\aptos\train\0_No_DR\b92eacd1392a.png,train/0_No_DR/b92eacd1392a.png,train,0,No_DR
aptos:train/0_No_DR/b9519abce0c1.png,aptos,b9519abce0c1,b9519abce0c1.png,A:\DR_classification\data\organized\aptos\train\0_No_DR\b9519abce0c1.png,train/0_No_DR/b9519abce0c1.png,train,0,No_DR
aptos:train/0_No_DR/b963a11638f2.png,aptos,b963a11638f2,b963a11638f2.png,A:\DR_classification\data\organized\aptos\train\0_No_DR\b963a11638f2.png,train/0_No_DR/b963a11638f2.png,train,0,No_DR
aptos:train/0_No_DR/b9c7c5182075.png,aptos,b9c7c5182075,b9c7c5182075.png,A:\DR_classification\data\organized\aptos\train\0_No_DR\b9c7c5182075.png,train/0_No_DR/b9c7c5182075.png,train,0,No_DR
aptos:train/0_No_DR/b9d0b83d70c3.png,aptos,b9d0b83d70c3,b9d0b83d70c3.png,A:\DR_classification\data\organized\aptos\train\0_No_DR\b9d0b83d70c3.png,train/0_No_DR/b9d0b83d70c3.png,train,0,No_DR
aptos:train/0_No_DR/b9fe7da14a32.png,aptos,b9fe7da14a32,b9fe7da14a32.png,A:\DR_classification\data\organized\aptos\train\0_No_DR\b9fe7da14a32.png,train/0_No_DR/b9fe7da14a32.png,train,0,No_DR
aptos:train/0_No_DR/ba0107fb1bfd.png,aptos,ba0107fb1bfd,ba0107fb1bfd.png,A:\DR_classification\data\organized\aptos\train\0_No_DR\ba0107fb1bfd.png,train/0_No_DR/ba0107fb1bfd.png,train,0,No_DR
aptos:train/0_No_DR/bab776139279.png,aptos,bab776139279,bab776139279.png,A:\DR_classification\data\organized\aptos\train\0_No_DR\bab776139279.png,train/0_No_DR/bab776139279.png,train,0,No_DR
aptos:train/0_No_DR/bacfa2b8e706.png,aptos,bacfa2b8e706,bacfa2b8e706.png,A:\DR_classification\data\organized\aptos\train\0_No_DR\bacfa2b8e706.png,train/0_No_DR/bacfa2b8e706.png,train,0,No_DR
aptos:train/0_No_DR/bb08949dd70a.png,aptos,bb08949dd70a,bb08949dd70a.png,A:\DR_classification\data\organized\aptos\train\0_No_DR\bb08949dd70a.png,train/0_No_DR/bb08949dd70a.png,train,0,No_DR
aptos:train/0_No_DR/bb2f89488ecd.png,aptos,bb2f89488ecd,bb2f89488ecd.png,A:\DR_classification\data\organized\aptos\train\0_No_DR\bb2f89488ecd.png,train/0_No_DR/bb2f89488ecd.png,train,0,No_DR
aptos:train/0_No_DR/bc8c6a778cde.png,aptos,bc8c6a778cde,bc8c6a778cde.png,A:\DR_classification\data\organized\aptos\train\0_No_DR\bc8c6a778cde.png,train/0_No_DR/bc8c6a778cde.png,train,0,No_DR
aptos:train/0_No_DR/bc92a61a1f9c.png,aptos,bc92a61a1f9c,bc92a61a1f9c.png,A:\DR_classification\data\organized\aptos\train\0_No_DR\bc92a61a1f9c.png,train/0_No_DR/bc92a61a1f9c.png,train,0,No_DR
aptos:train/0_No_DR/bd06028eb7dd.png,aptos,bd06028eb7dd,bd06028eb7dd.png,A:\DR_classification\data\organized\aptos\train\0_No_DR\bd06028eb7dd.png,train/0_No_DR/bd06028eb7dd.png,train,0,No_DR
aptos:train/0_No_DR/bd34a0639575.png,aptos,bd34a0639575,bd34a0639575.png,A:\DR_classification\data\organized\aptos\train\0_No_DR\bd34a0639575.png,train/0_No_DR/bd34a0639575.png,train,0,No_DR
aptos:train/0_No_DR/bd375ba756b1.png,aptos,bd375ba756b1,bd375ba756b1.png,A:\DR_classification\data\organized\aptos\train\0_No_DR\bd375ba756b1.png,train/0_No_DR/bd375ba756b1.png,train,0,No_DR
aptos:train/0_No_DR/bdc6c60e9133.png,aptos,bdc6c60e9133,bdc6c60e9133.png,A:\DR_classification\data\organized\aptos\train\0_No_DR\bdc6c60e9133.png,train/0_No_DR/bdc6c60e9133.png,train,0,No_DR
aptos:train/0_No_DR/bdf47b9f10c4.png,aptos,bdf47b9f10c4,bdf47b9f10c4.png,A:\DR_classification\data\organized\aptos\train\0_No_DR\bdf47b9f10c4.png,train/0_No_DR/bdf47b9f10c4.png,train,0,No_DR
aptos:train/0_No_DR/be197b663520.png,aptos,be197b663520,be197b663520.png,A:\DR_classification\data\organized\aptos\train\0_No_DR\be197b663520.png,train/0_No_DR/be197b663520.png,train,0,No_DR
aptos:train/0_No_DR/be3a7d9e981e.png,aptos,be3a7d9e981e,be3a7d9e981e.png,A:\DR_classification\data\organized\aptos\train\0_No_DR\be3a7d9e981e.png,train/0_No_DR/be3a7d9e981e.png,train,0,No_DR
aptos:train/0_No_DR/be521870a0ea.png,aptos,be521870a0ea,be521870a0ea.png,A:\DR_classification\data\organized\aptos\train\0_No_DR\be521870a0ea.png,train/0_No_DR/be521870a0ea.png,train,0,No_DR
aptos:train/0_No_DR/be6cbf6e5b10.png,aptos,be6cbf6e5b10,be6cbf6e5b10.png,A:\DR_classification\data\organized\aptos\train\0_No_DR\be6cbf6e5b10.png,train/0_No_DR/be6cbf6e5b10.png,train,0,No_DR
aptos:train/0_No_DR/be7f791a7877.png,aptos,be7f791a7877,be7f791a7877.png,A:\DR_classification\data\organized\aptos\train\0_No_DR\be7f791a7877.png,train/0_No_DR/be7f791a7877.png,train,0,No_DR
aptos:train/0_No_DR/be8697eb2078.png,aptos,be8697eb2078,be8697eb2078.png,A:\DR_classification\data\organized\aptos\train\0_No_DR\be8697eb2078.png,train/0_No_DR/be8697eb2078.png,train,0,No_DR
aptos:train/0_No_DR/beb00fa6e7c9.png,aptos,beb00fa6e7c9,beb00fa6e7c9.png,A:\DR_classification\data\organized\aptos\train\0_No_DR\beb00fa6e7c9.png,train/0_No_DR/beb00fa6e7c9.png,train,0,No_DR
aptos:train/0_No_DR/beb2ad14fd2d.png,aptos,beb2ad14fd2d,beb2ad14fd2d.png,A:\DR_classification\data\organized\aptos\train\0_No_DR\beb2ad14fd2d.png,train/0_No_DR/beb2ad14fd2d.png,train,0,No_DR
aptos:train/0_No_DR/bebfbd907cac.png,aptos,bebfbd907cac,bebfbd907cac.png,A:\DR_classification\data\organized\aptos\train\0_No_DR\bebfbd907cac.png,train/0_No_DR/bebfbd907cac.png,train,0,No_DR
aptos:train/0_No_DR/beeca5f14618.png,aptos,beeca5f14618,beeca5f14618.png,A:\DR_classification\data\organized\aptos\train\0_No_DR\beeca5f14618.png,train/0_No_DR/beeca5f14618.png,train,0,No_DR
aptos:train/0_No_DR/bf6cbccacf39.png,aptos,bf6cbccacf39,bf6cbccacf39.png,A:\DR_classification\data\organized\aptos\train\0_No_DR\bf6cbccacf39.png,train/0_No_DR/bf6cbccacf39.png,train,0,No_DR
aptos:train/0_No_DR/bf811911acf9.png,aptos,bf811911acf9,bf811911acf9.png,A:\DR_classification\data\organized\aptos\train\0_No_DR\bf811911acf9.png,train/0_No_DR/bf811911acf9.png,train,0,No_DR
aptos:train/0_No_DR/bf87aedf2489.png,aptos,bf87aedf2489,bf87aedf2489.png,A:\DR_classification\data\organized\aptos\train\0_No_DR\bf87aedf2489.png,train/0_No_DR/bf87aedf2489.png,train,0,No_DR
aptos:train/0_No_DR/bfa30ebf63a8.png,aptos,bfa30ebf63a8,bfa30ebf63a8.png,A:\DR_classification\data\organized\aptos\train\0_No_DR\bfa30ebf63a8.png,train/0_No_DR/bfa30ebf63a8.png,train,0,No_DR
aptos:train/0_No_DR/bff51afc76d4.png,aptos,bff51afc76d4,bff51afc76d4.png,A:\DR_classification\data\organized\aptos\train\0_No_DR\bff51afc76d4.png,train/0_No_DR/bff51afc76d4.png,train,0,No_DR
aptos:train/0_No_DR/bffca6eeb2bf.png,aptos,bffca6eeb2bf,bffca6eeb2bf.png,A:\DR_classification\data\organized\aptos\train\0_No_DR\bffca6eeb2bf.png,train/0_No_DR/bffca6eeb2bf.png,train,0,No_DR
aptos:train/0_No_DR/c06024f05a16.png,aptos,c06024f05a16,c06024f05a16.png,A:\DR_classification\data\organized\aptos\train\0_No_DR\c06024f05a16.png,train/0_No_DR/c06024f05a16.png,train,0,No_DR
aptos:train/0_No_DR/c1437a7a52c9.png,aptos,c1437a7a52c9,c1437a7a52c9.png,A:\DR_classification\data\organized\aptos\train\0_No_DR\c1437a7a52c9.png,train/0_No_DR/c1437a7a52c9.png,train,0,No_DR
aptos:train/0_No_DR/c1819db0aece.png,aptos,c1819db0aece,c1819db0aece.png,A:\DR_classification\data\organized\aptos\train\0_No_DR\c1819db0aece.png,train/0_No_DR/c1819db0aece.png,train,0,No_DR
aptos:train/0_No_DR/c21eb81de9fc.png,aptos,c21eb81de9fc,c21eb81de9fc.png,A:\DR_classification\data\organized\aptos\train\0_No_DR\c21eb81de9fc.png,train/0_No_DR/c21eb81de9fc.png,train,0,No_DR
aptos:train/0_No_DR/c23ff6dcf15e.png,aptos,c23ff6dcf15e,c23ff6dcf15e.png,A:\DR_classification\data\organized\aptos\train\0_No_DR\c23ff6dcf15e.png,train/0_No_DR/c23ff6dcf15e.png,train,0,No_DR
aptos:train/0_No_DR/c24bcf7a1bc4.png,aptos,c24bcf7a1bc4,c24bcf7a1bc4.png,A:\DR_classification\data\organized\aptos\train\0_No_DR\c24bcf7a1bc4.png,train/0_No_DR/c24bcf7a1bc4.png,train,0,No_DR
aptos:train/0_No_DR/c25e02b39c01.png,aptos,c25e02b39c01,c25e02b39c01.png,A:\DR_classification\data\organized\aptos\train\0_No_DR\c25e02b39c01.png,train/0_No_DR/c25e02b39c01.png,train,0,No_DR
aptos:train/0_No_DR/c2a58b2cfd0b.png,aptos,c2a58b2cfd0b,c2a58b2cfd0b.png,A:\DR_classification\data\organized\aptos\train\0_No_DR\c2a58b2cfd0b.png,train/0_No_DR/c2a58b2cfd0b.png,train,0,No_DR
aptos:train/0_No_DR/c3789c1dab96.png,aptos,c3789c1dab96,c3789c1dab96.png,A:\DR_classification\data\organized\aptos\train\0_No_DR\c3789c1dab96.png,train/0_No_DR/c3789c1dab96.png,train,0,No_DR
aptos:train/0_No_DR/c38dec54a9f7.png,aptos,c38dec54a9f7,c38dec54a9f7.png,A:\DR_classification\data\organized\aptos\train\0_No_DR\c38dec54a9f7.png,train/0_No_DR/c38dec54a9f7.png,train,0,No_DR
aptos:train/0_No_DR/c3aa424eff9a.png,aptos,c3aa424eff9a,c3aa424eff9a.png,A:\DR_classification\data\organized\aptos\train\0_No_DR\c3aa424eff9a.png,train/0_No_DR/c3aa424eff9a.png,train,0,No_DR
aptos:train/0_No_DR/c3b15bf9b4bc.png,aptos,c3b15bf9b4bc,c3b15bf9b4bc.png,A:\DR_classification\data\organized\aptos\train\0_No_DR\c3b15bf9b4bc.png,train/0_No_DR/c3b15bf9b4bc.png,train,0,No_DR
aptos:train/0_No_DR/c446985355f1.png,aptos,c446985355f1,c446985355f1.png,A:\DR_classification\data\organized\aptos\train\0_No_DR\c446985355f1.png,train/0_No_DR/c446985355f1.png,train,0,No_DR
aptos:train/0_No_DR/c4aef0d88d1b.png,aptos,c4aef0d88d1b,c4aef0d88d1b.png,A:\DR_classification\data\organized\aptos\train\0_No_DR\c4aef0d88d1b.png,train/0_No_DR/c4aef0d88d1b.png,train,0,No_DR
aptos:train/0_No_DR/c56293f53191.png,aptos,c56293f53191,c56293f53191.png,A:\DR_classification\data\organized\aptos\train\0_No_DR\c56293f53191.png,train/0_No_DR/c56293f53191.png,train,0,No_DR
aptos:train/0_No_DR/c57c164bca05.png,aptos,c57c164bca05,c57c164bca05.png,A:\DR_classification\data\organized\aptos\train\0_No_DR\c57c164bca05.png,train/0_No_DR/c57c164bca05.png,train,0,No_DR
aptos:train/0_No_DR/c58971bcebb2.png,aptos,c58971bcebb2,c58971bcebb2.png,A:\DR_classification\data\organized\aptos\train\0_No_DR\c58971bcebb2.png,train/0_No_DR/c58971bcebb2.png,train,0,No_DR
aptos:train/0_No_DR/c58e5c0c5b33.png,aptos,c58e5c0c5b33,c58e5c0c5b33.png,A:\DR_classification\data\organized\aptos\train\0_No_DR\c58e5c0c5b33.png,train/0_No_DR/c58e5c0c5b33.png,train,0,No_DR
aptos:train/0_No_DR/c597ef460944.png,aptos,c597ef460944,c597ef460944.png,A:\DR_classification\data\organized\aptos\train\0_No_DR\c597ef460944.png,train/0_No_DR/c597ef460944.png,train,0,No_DR
aptos:train/0_No_DR/c5a0e84e955d.png,aptos,c5a0e84e955d,c5a0e84e955d.png,A:\DR_classification\data\organized\aptos\train\0_No_DR\c5a0e84e955d.png,train/0_No_DR/c5a0e84e955d.png,train,0,No_DR
aptos:train/0_No_DR/c5a6f432a1ec.png,aptos,c5a6f432a1ec,c5a6f432a1ec.png,A:\DR_classification\data\organized\aptos\train\0_No_DR\c5a6f432a1ec.png,train/0_No_DR/c5a6f432a1ec.png,train,0,No_DR
aptos:train/0_No_DR/c5b58cc992af.png,aptos,c5b58cc992af,c5b58cc992af.png,A:\DR_classification\data\organized\aptos\train\0_No_DR\c5b58cc992af.png,train/0_No_DR/c5b58cc992af.png,train,0,No_DR
aptos:train/0_No_DR/c5bec7f1e5f3.png,aptos,c5bec7f1e5f3,c5bec7f1e5f3.png,A:\DR_classification\data\organized\aptos\train\0_No_DR\c5bec7f1e5f3.png,train/0_No_DR/c5bec7f1e5f3.png,train,0,No_DR
aptos:train/0_No_DR/c62cef02efa2.png,aptos,c62cef02efa2,c62cef02efa2.png,A:\DR_classification\data\organized\aptos\train\0_No_DR\c62cef02efa2.png,train/0_No_DR/c62cef02efa2.png,train,0,No_DR
aptos:train/0_No_DR/c639d837f5e4.png,aptos,c639d837f5e4,c639d837f5e4.png,A:\DR_classification\data\organized\aptos\train\0_No_DR\c639d837f5e4.png,train/0_No_DR/c639d837f5e4.png,train,0,No_DR
aptos:train/0_No_DR/c64c0966b4cf.png,aptos,c64c0966b4cf,c64c0966b4cf.png,A:\DR_classification\data\organized\aptos\train\0_No_DR\c64c0966b4cf.png,train/0_No_DR/c64c0966b4cf.png,train,0,No_DR
aptos:train/0_No_DR/c6916bc42016.png,aptos,c6916bc42016,c6916bc42016.png,A:\DR_classification\data\organized\aptos\train\0_No_DR\c6916bc42016.png,train/0_No_DR/c6916bc42016.png,train,0,No_DR
aptos:train/0_No_DR/c6a8f8f998a2.png,aptos,c6a8f8f998a2,c6a8f8f998a2.png,A:\DR_classification\data\organized\aptos\train\0_No_DR\c6a8f8f998a2.png,train/0_No_DR/c6a8f8f998a2.png,train,0,No_DR
aptos:train/0_No_DR/c6d4e4a3bd4c.png,aptos,c6d4e4a3bd4c,c6d4e4a3bd4c.png,A:\DR_classification\data\organized\aptos\train\0_No_DR\c6d4e4a3bd4c.png,train/0_No_DR/c6d4e4a3bd4c.png,train,0,No_DR
aptos:train/0_No_DR/c704bd669f36.png,aptos,c704bd669f36,c704bd669f36.png,A:\DR_classification\data\organized\aptos\train\0_No_DR\c704bd669f36.png,train/0_No_DR/c704bd669f36.png,train,0,No_DR
aptos:train/0_No_DR/c755a0c4edcc.png,aptos,c755a0c4edcc,c755a0c4edcc.png,A:\DR_classification\data\organized\aptos\train\0_No_DR\c755a0c4edcc.png,train/0_No_DR/c755a0c4edcc.png,train,0,No_DR
aptos:train/0_No_DR/c80b0f27541a.png,aptos,c80b0f27541a,c80b0f27541a.png,A:\DR_classification\data\organized\aptos\train\0_No_DR\c80b0f27541a.png,train/0_No_DR/c80b0f27541a.png,train,0,No_DR
aptos:train/0_No_DR/c85b79d70079.png,aptos,c85b79d70079,c85b79d70079.png,A:\DR_classification\data\organized\aptos\train\0_No_DR\c85b79d70079.png,train/0_No_DR/c85b79d70079.png,train,0,No_DR
aptos:train/0_No_DR/c90c6b94cf40.png,aptos,c90c6b94cf40,c90c6b94cf40.png,A:\DR_classification\data\organized\aptos\train\0_No_DR\c90c6b94cf40.png,train/0_No_DR/c90c6b94cf40.png,train,0,No_DR
aptos:train/0_No_DR/c94f37085d0f.png,aptos,c94f37085d0f,c94f37085d0f.png,A:\DR_classification\data\organized\aptos\train\0_No_DR\c94f37085d0f.png,train/0_No_DR/c94f37085d0f.png,train,0,No_DR
aptos:train/0_No_DR/c97472ef2c66.png,aptos,c97472ef2c66,c97472ef2c66.png,A:\DR_classification\data\organized\aptos\train\0_No_DR\c97472ef2c66.png,train/0_No_DR/c97472ef2c66.png,train,0,No_DR
aptos:train/0_No_DR/c9c563864ab1.png,aptos,c9c563864ab1,c9c563864ab1.png,A:\DR_classification\data\organized\aptos\train\0_No_DR\c9c563864ab1.png,train/0_No_DR/c9c563864ab1.png,train,0,No_DR
aptos:train/0_No_DR/c9e697117f3f.png,aptos,c9e697117f3f,c9e697117f3f.png,A:\DR_classification\data\organized\aptos\train\0_No_DR\c9e697117f3f.png,train/0_No_DR/c9e697117f3f.png,train,0,No_DR
aptos:train/0_No_DR/ca05f7e7801b.png,aptos,ca05f7e7801b,ca05f7e7801b.png,A:\DR_classification\data\organized\aptos\train\0_No_DR\ca05f7e7801b.png,train/0_No_DR/ca05f7e7801b.png,train,0,No_DR
aptos:train/0_No_DR/ca2b54b95ade.png,aptos,ca2b54b95ade,ca2b54b95ade.png,A:\DR_classification\data\organized\aptos\train\0_No_DR\ca2b54b95ade.png,train/0_No_DR/ca2b54b95ade.png,train,0,No_DR
aptos:train/0_No_DR/cad5b1a82e60.png,aptos,cad5b1a82e60,cad5b1a82e60.png,A:\DR_classification\data\organized\aptos\train\0_No_DR\cad5b1a82e60.png,train/0_No_DR/cad5b1a82e60.png,train,0,No_DR
aptos:train/0_No_DR/cb0cc98d7e35.png,aptos,cb0cc98d7e35,cb0cc98d7e35.png,A:\DR_classification\data\organized\aptos\train\0_No_DR\cb0cc98d7e35.png,train/0_No_DR/cb0cc98d7e35.png,train,0,No_DR
aptos:train/0_No_DR/cb2201c226d6.png,aptos,cb2201c226d6,cb2201c226d6.png,A:\DR_classification\data\organized\aptos\train\0_No_DR\cb2201c226d6.png,train/0_No_DR/cb2201c226d6.png,train,0,No_DR
aptos:train/0_No_DR/cb39761f0712.png,aptos,cb39761f0712,cb39761f0712.png,A:\DR_classification\data\organized\aptos\train\0_No_DR\cb39761f0712.png,train/0_No_DR/cb39761f0712.png,train,0,No_DR
aptos:train/0_No_DR/cb68fce07789.png,aptos,cb68fce07789,cb68fce07789.png,A:\DR_classification\data\organized\aptos\train\0_No_DR\cb68fce07789.png,train/0_No_DR/cb68fce07789.png,train,0,No_DR
aptos:train/0_No_DR/cbc23af521f3.png,aptos,cbc23af521f3,cbc23af521f3.png,A:\DR_classification\data\organized\aptos\train\0_No_DR\cbc23af521f3.png,train/0_No_DR/cbc23af521f3.png,train,0,No_DR
aptos:train/0_No_DR/cbe633765ea7.png,aptos,cbe633765ea7,cbe633765ea7.png,A:\DR_classification\data\organized\aptos\train\0_No_DR\cbe633765ea7.png,train/0_No_DR/cbe633765ea7.png,train,0,No_DR
aptos:train/0_No_DR/cc671a73e1cb.png,aptos,cc671a73e1cb,cc671a73e1cb.png,A:\DR_classification\data\organized\aptos\train\0_No_DR\cc671a73e1cb.png,train/0_No_DR/cc671a73e1cb.png,train,0,No_DR
aptos:train/0_No_DR/cc964bf04dbc.png,aptos,cc964bf04dbc,cc964bf04dbc.png,A:\DR_classification\data\organized\aptos\train\0_No_DR\cc964bf04dbc.png,train/0_No_DR/cc964bf04dbc.png,train,0,No_DR
aptos:train/0_No_DR/cd01672507c9.png,aptos,cd01672507c9,cd01672507c9.png,A:\DR_classification\data\organized\aptos\train\0_No_DR\cd01672507c9.png,train/0_No_DR/cd01672507c9.png,train,0,No_DR
aptos:train/0_No_DR/cd01f4f83336.png,aptos,cd01f4f83336,cd01f4f83336.png,A:\DR_classification\data\organized\aptos\train\0_No_DR\cd01f4f83336.png,train/0_No_DR/cd01f4f83336.png,train,0,No_DR
aptos:train/0_No_DR/cd66754e1b3b.png,aptos,cd66754e1b3b,cd66754e1b3b.png,A:\DR_classification\data\organized\aptos\train\0_No_DR\cd66754e1b3b.png,train/0_No_DR/cd66754e1b3b.png,train,0,No_DR
aptos:train/0_No_DR/cd941e5bc659.png,aptos,cd941e5bc659,cd941e5bc659.png,A:\DR_classification\data\organized\aptos\train\0_No_DR\cd941e5bc659.png,train/0_No_DR/cd941e5bc659.png,train,0,No_DR
aptos:train/0_No_DR/ce754234d760.png,aptos,ce754234d760,ce754234d760.png,A:\DR_classification\data\organized\aptos\train\0_No_DR\ce754234d760.png,train/0_No_DR/ce754234d760.png,train,0,No_DR
aptos:train/0_No_DR/ce8d2efd9d4f.png,aptos,ce8d2efd9d4f,ce8d2efd9d4f.png,A:\DR_classification\data\organized\aptos\train\0_No_DR\ce8d2efd9d4f.png,train/0_No_DR/ce8d2efd9d4f.png,train,0,No_DR
aptos:train/0_No_DR/ceb32a193eff.png,aptos,ceb32a193eff,ceb32a193eff.png,A:\DR_classification\data\organized\aptos\train\0_No_DR\ceb32a193eff.png,train/0_No_DR/ceb32a193eff.png,train,0,No_DR
aptos:train/0_No_DR/cec299c2a2d5.png,aptos,cec299c2a2d5,cec299c2a2d5.png,A:\DR_classification\data\organized\aptos\train\0_No_DR\cec299c2a2d5.png,train/0_No_DR/cec299c2a2d5.png,train,0,No_DR
aptos:train/0_No_DR/cf8ae5501bd6.png,aptos,cf8ae5501bd6,cf8ae5501bd6.png,A:\DR_classification\data\organized\aptos\train\0_No_DR\cf8ae5501bd6.png,train/0_No_DR/cf8ae5501bd6.png,train,0,No_DR
aptos:train/0_No_DR/cf8f1bc7a215.png,aptos,cf8f1bc7a215,cf8f1bc7a215.png,A:\DR_classification\data\organized\aptos\train\0_No_DR\cf8f1bc7a215.png,train/0_No_DR/cf8f1bc7a215.png,train,0,No_DR
aptos:train/0_No_DR/cfb17a7cc8d4.png,aptos,cfb17a7cc8d4,cfb17a7cc8d4.png,A:\DR_classification\data\organized\aptos\train\0_No_DR\cfb17a7cc8d4.png,train/0_No_DR/cfb17a7cc8d4.png,train,0,No_DR
aptos:train/0_No_DR/cfdbaef73a8b.png,aptos,cfdbaef73a8b,cfdbaef73a8b.png,A:\DR_classification\data\organized\aptos\train\0_No_DR\cfdbaef73a8b.png,train/0_No_DR/cfdbaef73a8b.png,train,0,No_DR
aptos:train/0_No_DR/cfed7c1172ec.png,aptos,cfed7c1172ec,cfed7c1172ec.png,A:\DR_classification\data\organized\aptos\train\0_No_DR\cfed7c1172ec.png,train/0_No_DR/cfed7c1172ec.png,train,0,No_DR
aptos:train/0_No_DR/cffc50047828.png,aptos,cffc50047828,cffc50047828.png,A:\DR_classification\data\organized\aptos\train\0_No_DR\cffc50047828.png,train/0_No_DR/cffc50047828.png,train,0,No_DR
aptos:train/0_No_DR/d02b79fc3200.png,aptos,d02b79fc3200,d02b79fc3200.png,A:\DR_classification\data\organized\aptos\train\0_No_DR\d02b79fc3200.png,train/0_No_DR/d02b79fc3200.png,train,0,No_DR
aptos:train/0_No_DR/d0926ed2c8e5.png,aptos,d0926ed2c8e5,d0926ed2c8e5.png,A:\DR_classification\data\organized\aptos\train\0_No_DR\d0926ed2c8e5.png,train/0_No_DR/d0926ed2c8e5.png,train,0,No_DR
aptos:train/0_No_DR/d160ebef4117.png,aptos,d160ebef4117,d160ebef4117.png,A:\DR_classification\data\organized\aptos\train\0_No_DR\d160ebef4117.png,train/0_No_DR/d160ebef4117.png,train,0,No_DR
aptos:train/0_No_DR/d16e39b9d6f0.png,aptos,d16e39b9d6f0,d16e39b9d6f0.png,A:\DR_classification\data\organized\aptos\train\0_No_DR\d16e39b9d6f0.png,train/0_No_DR/d16e39b9d6f0.png,train,0,No_DR
aptos:train/0_No_DR/d16e59a2b33a.png,aptos,d16e59a2b33a,d16e59a2b33a.png,A:\DR_classification\data\organized\aptos\train\0_No_DR\d16e59a2b33a.png,train/0_No_DR/d16e59a2b33a.png,train,0,No_DR
aptos:train/0_No_DR/d18f6431ebce.png,aptos,d18f6431ebce,d18f6431ebce.png,A:\DR_classification\data\organized\aptos\train\0_No_DR\d18f6431ebce.png,train/0_No_DR/d18f6431ebce.png,train,0,No_DR
aptos:train/0_No_DR/d1a60c3b9fe5.png,aptos,d1a60c3b9fe5,d1a60c3b9fe5.png,A:\DR_classification\data\organized\aptos\train\0_No_DR\d1a60c3b9fe5.png,train/0_No_DR/d1a60c3b9fe5.png,train,0,No_DR
aptos:train/0_No_DR/d1afdb8cf70d.png,aptos,d1afdb8cf70d,d1afdb8cf70d.png,A:\DR_classification\data\organized\aptos\train\0_No_DR\d1afdb8cf70d.png,train/0_No_DR/d1afdb8cf70d.png,train,0,No_DR
aptos:train/0_No_DR/d1cf31577a59.png,aptos,d1cf31577a59,d1cf31577a59.png,A:\DR_classification\data\organized\aptos\train\0_No_DR\d1cf31577a59.png,train/0_No_DR/d1cf31577a59.png,train,0,No_DR
aptos:train/0_No_DR/d1f7ea924a01.png,aptos,d1f7ea924a01,d1f7ea924a01.png,A:\DR_classification\data\organized\aptos\train\0_No_DR\d1f7ea924a01.png,train/0_No_DR/d1f7ea924a01.png,train,0,No_DR
aptos:train/0_No_DR/d26bb2ed6e71.png,aptos,d26bb2ed6e71,d26bb2ed6e71.png,A:\DR_classification\data\organized\aptos\train\0_No_DR\d26bb2ed6e71.png,train/0_No_DR/d26bb2ed6e71.png,train,0,No_DR
aptos:train/0_No_DR/d26bc6e1230d.png,aptos,d26bc6e1230d,d26bc6e1230d.png,A:\DR_classification\data\organized\aptos\train\0_No_DR\d26bc6e1230d.png,train/0_No_DR/d26bc6e1230d.png,train,0,No_DR
aptos:train/0_No_DR/d27ac9e54901.png,aptos,d27ac9e54901,d27ac9e54901.png,A:\DR_classification\data\organized\aptos\train\0_No_DR\d27ac9e54901.png,train/0_No_DR/d27ac9e54901.png,train,0,No_DR
aptos:train/0_No_DR/d29b37d110f3.png,aptos,d29b37d110f3,d29b37d110f3.png,A:\DR_classification\data\organized\aptos\train\0_No_DR\d29b37d110f3.png,train/0_No_DR/d29b37d110f3.png,train,0,No_DR
aptos:train/0_No_DR/d2cd47ed2c1d.png,aptos,d2cd47ed2c1d,d2cd47ed2c1d.png,A:\DR_classification\data\organized\aptos\train\0_No_DR\d2cd47ed2c1d.png,train/0_No_DR/d2cd47ed2c1d.png,train,0,No_DR
aptos:train/0_No_DR/d2d523e9f669.png,aptos,d2d523e9f669,d2d523e9f669.png,A:\DR_classification\data\organized\aptos\train\0_No_DR\d2d523e9f669.png,train/0_No_DR/d2d523e9f669.png,train,0,No_DR
aptos:train/0_No_DR/d2dc86021c67.png,aptos,d2dc86021c67,d2dc86021c67.png,A:\DR_classification\data\organized\aptos\train\0_No_DR\d2dc86021c67.png,train/0_No_DR/d2dc86021c67.png,train,0,No_DR
aptos:train/0_No_DR/d2fb715b0c41.png,aptos,d2fb715b0c41,d2fb715b0c41.png,A:\DR_classification\data\organized\aptos\train\0_No_DR\d2fb715b0c41.png,train/0_No_DR/d2fb715b0c41.png,train,0,No_DR
aptos:train/0_No_DR/d30d079e6f9a.png,aptos,d30d079e6f9a,d30d079e6f9a.png,A:\DR_classification\data\organized\aptos\train\0_No_DR\d30d079e6f9a.png,train/0_No_DR/d30d079e6f9a.png,train,0,No_DR
aptos:train/0_No_DR/d332d7b8a26e.png,aptos,d332d7b8a26e,d332d7b8a26e.png,A:\DR_classification\data\organized\aptos\train\0_No_DR\d332d7b8a26e.png,train/0_No_DR/d332d7b8a26e.png,train,0,No_DR
aptos:train/0_No_DR/d39752cb6e57.png,aptos,d39752cb6e57,d39752cb6e57.png,A:\DR_classification\data\organized\aptos\train\0_No_DR\d39752cb6e57.png,train/0_No_DR/d39752cb6e57.png,train,0,No_DR
aptos:train/0_No_DR/d3dfd0a2dee6.png,aptos,d3dfd0a2dee6,d3dfd0a2dee6.png,A:\DR_classification\data\organized\aptos\train\0_No_DR\d3dfd0a2dee6.png,train/0_No_DR/d3dfd0a2dee6.png,train,0,No_DR
aptos:train/0_No_DR/d4bc001f7224.png,aptos,d4bc001f7224,d4bc001f7224.png,A:\DR_classification\data\organized\aptos\train\0_No_DR\d4bc001f7224.png,train/0_No_DR/d4bc001f7224.png,train,0,No_DR
aptos:train/0_No_DR/d57d1be1bbd1.png,aptos,d57d1be1bbd1,d57d1be1bbd1.png,A:\DR_classification\data\organized\aptos\train\0_No_DR\d57d1be1bbd1.png,train/0_No_DR/d57d1be1bbd1.png,train,0,No_DR
aptos:train/0_No_DR/d5ad3362424c.png,aptos,d5ad3362424c,d5ad3362424c.png,A:\DR_classification\data\organized\aptos\train\0_No_DR\d5ad3362424c.png,train/0_No_DR/d5ad3362424c.png,train,0,No_DR
aptos:train/0_No_DR/d6130f2ec903.png,aptos,d6130f2ec903,d6130f2ec903.png,A:\DR_classification\data\organized\aptos\train\0_No_DR\d6130f2ec903.png,train/0_No_DR/d6130f2ec903.png,train,0,No_DR
aptos:train/0_No_DR/d667af5742f6.png,aptos,d667af5742f6,d667af5742f6.png,A:\DR_classification\data\organized\aptos\train\0_No_DR\d667af5742f6.png,train/0_No_DR/d667af5742f6.png,train,0,No_DR
aptos:train/0_No_DR/d6803e467592.png,aptos,d6803e467592,d6803e467592.png,A:\DR_classification\data\organized\aptos\train\0_No_DR\d6803e467592.png,train/0_No_DR/d6803e467592.png,train,0,No_DR
aptos:train/0_No_DR/d69698f838db.png,aptos,d69698f838db,d69698f838db.png,A:\DR_classification\data\organized\aptos\train\0_No_DR\d69698f838db.png,train/0_No_DR/d69698f838db.png,train,0,No_DR
aptos:train/0_No_DR/d6b109c82067.png,aptos,d6b109c82067,d6b109c82067.png,A:\DR_classification\data\organized\aptos\train\0_No_DR\d6b109c82067.png,train/0_No_DR/d6b109c82067.png,train,0,No_DR
aptos:train/0_No_DR/d6dbb0820ea5.png,aptos,d6dbb0820ea5,d6dbb0820ea5.png,A:\DR_classification\data\organized\aptos\train\0_No_DR\d6dbb0820ea5.png,train/0_No_DR/d6dbb0820ea5.png,train,0,No_DR
aptos:train/0_No_DR/d6f36ec5564a.png,aptos,d6f36ec5564a,d6f36ec5564a.png,A:\DR_classification\data\organized\aptos\train\0_No_DR\d6f36ec5564a.png,train/0_No_DR/d6f36ec5564a.png,train,0,No_DR
aptos:train/0_No_DR/d6f6bdfd8011.png,aptos,d6f6bdfd8011,d6f6bdfd8011.png,A:\DR_classification\data\organized\aptos\train\0_No_DR\d6f6bdfd8011.png,train/0_No_DR/d6f6bdfd8011.png,train,0,No_DR
aptos:train/0_No_DR/d78b7401096f.png,aptos,d78b7401096f,d78b7401096f.png,A:\DR_classification\data\organized\aptos\train\0_No_DR\d78b7401096f.png,train/0_No_DR/d78b7401096f.png,train,0,No_DR
aptos:train/0_No_DR/d7a01fca9838.png,aptos,d7a01fca9838,d7a01fca9838.png,A:\DR_classification\data\organized\aptos\train\0_No_DR\d7a01fca9838.png,train/0_No_DR/d7a01fca9838.png,train,0,No_DR
aptos:train/0_No_DR/d7bc00091cfc.png,aptos,d7bc00091cfc,d7bc00091cfc.png,A:\DR_classification\data\organized\aptos\train\0_No_DR\d7bc00091cfc.png,train/0_No_DR/d7bc00091cfc.png,train,0,No_DR
aptos:train/0_No_DR/d7e5fe5245e0.png,aptos,d7e5fe5245e0,d7e5fe5245e0.png,A:\DR_classification\data\organized\aptos\train\0_No_DR\d7e5fe5245e0.png,train/0_No_DR/d7e5fe5245e0.png,train,0,No_DR
aptos:train/0_No_DR/d807c53c1399.png,aptos,d807c53c1399,d807c53c1399.png,A:\DR_classification\data\organized\aptos\train\0_No_DR\d807c53c1399.png,train/0_No_DR/d807c53c1399.png,train,0,No_DR
aptos:train/0_No_DR/d838d5b9f571.png,aptos,d838d5b9f571,d838d5b9f571.png,A:\DR_classification\data\organized\aptos\train\0_No_DR\d838d5b9f571.png,train/0_No_DR/d838d5b9f571.png,train,0,No_DR
aptos:train/0_No_DR/d844a7252f4e.png,aptos,d844a7252f4e,d844a7252f4e.png,A:\DR_classification\data\organized\aptos\train\0_No_DR\d844a7252f4e.png,train/0_No_DR/d844a7252f4e.png,train,0,No_DR
aptos:train/0_No_DR/d865997a6280.png,aptos,d865997a6280,d865997a6280.png,A:\DR_classification\data\organized\aptos\train\0_No_DR\d865997a6280.png,train/0_No_DR/d865997a6280.png,train,0,No_DR
aptos:train/0_No_DR/d871895742b1.png,aptos,d871895742b1,d871895742b1.png,A:\DR_classification\data\organized\aptos\train\0_No_DR\d871895742b1.png,train/0_No_DR/d871895742b1.png,train,0,No_DR
aptos:train/0_No_DR/d8da9de62743.png,aptos,d8da9de62743,d8da9de62743.png,A:\DR_classification\data\organized\aptos\train\0_No_DR\d8da9de62743.png,train/0_No_DR/d8da9de62743.png,train,0,No_DR
aptos:train/0_No_DR/d911dd40c63b.png,aptos,d911dd40c63b,d911dd40c63b.png,A:\DR_classification\data\organized\aptos\train\0_No_DR\d911dd40c63b.png,train/0_No_DR/d911dd40c63b.png,train,0,No_DR
aptos:train/0_No_DR/d91635f380b4.png,aptos,d91635f380b4,d91635f380b4.png,A:\DR_classification\data\organized\aptos\train\0_No_DR\d91635f380b4.png,train/0_No_DR/d91635f380b4.png,train,0,No_DR
aptos:train/0_No_DR/d93b61dc8f64.png,aptos,d93b61dc8f64,d93b61dc8f64.png,A:\DR_classification\data\organized\aptos\train\0_No_DR\d93b61dc8f64.png,train/0_No_DR/d93b61dc8f64.png,train,0,No_DR
aptos:train/0_No_DR/d97911a32918.png,aptos,d97911a32918,d97911a32918.png,A:\DR_classification\data\organized\aptos\train\0_No_DR\d97911a32918.png,train/0_No_DR/d97911a32918.png,train,0,No_DR
aptos:train/0_No_DR/d99b0f7dd9b9.png,aptos,d99b0f7dd9b9,d99b0f7dd9b9.png,A:\DR_classification\data\organized\aptos\train\0_No_DR\d99b0f7dd9b9.png,train/0_No_DR/d99b0f7dd9b9.png,train,0,No_DR
aptos:train/0_No_DR/d99dd99be001.png,aptos,d99dd99be001,d99dd99be001.png,A:\DR_classification\data\organized\aptos\train\0_No_DR\d99dd99be001.png,train/0_No_DR/d99dd99be001.png,train,0,No_DR
aptos:train/0_No_DR/d9d2631f043c.png,aptos,d9d2631f043c,d9d2631f043c.png,A:\DR_classification\data\organized\aptos\train\0_No_DR\d9d2631f043c.png,train/0_No_DR/d9d2631f043c.png,train,0,No_DR
aptos:train/0_No_DR/d9e58e4d8689.png,aptos,d9e58e4d8689,d9e58e4d8689.png,A:\DR_classification\data\organized\aptos\train\0_No_DR\d9e58e4d8689.png,train/0_No_DR/d9e58e4d8689.png,train,0,No_DR
aptos:train/0_No_DR/da0a83f074f3.png,aptos,da0a83f074f3,da0a83f074f3.png,A:\DR_classification\data\organized\aptos\train\0_No_DR\da0a83f074f3.png,train/0_No_DR/da0a83f074f3.png,train,0,No_DR
aptos:train/0_No_DR/da2bdf4236ac.png,aptos,da2bdf4236ac,da2bdf4236ac.png,A:\DR_classification\data\organized\aptos\train\0_No_DR\da2bdf4236ac.png,train/0_No_DR/da2bdf4236ac.png,train,0,No_DR
aptos:train/0_No_DR/da3a2275c850.png,aptos,da3a2275c850,da3a2275c850.png,A:\DR_classification\data\organized\aptos\train\0_No_DR\da3a2275c850.png,train/0_No_DR/da3a2275c850.png,train,0,No_DR
aptos:train/0_No_DR/da9262d9f5d9.png,aptos,da9262d9f5d9,da9262d9f5d9.png,A:\DR_classification\data\organized\aptos\train\0_No_DR\da9262d9f5d9.png,train/0_No_DR/da9262d9f5d9.png,train,0,No_DR
aptos:train/0_No_DR/daad7b617f21.png,aptos,daad7b617f21,daad7b617f21.png,A:\DR_classification\data\organized\aptos\train\0_No_DR\daad7b617f21.png,train/0_No_DR/daad7b617f21.png,train,0,No_DR
aptos:train/0_No_DR/db3cd58aa315.png,aptos,db3cd58aa315,db3cd58aa315.png,A:\DR_classification\data\organized\aptos\train\0_No_DR\db3cd58aa315.png,train/0_No_DR/db3cd58aa315.png,train,0,No_DR
aptos:train/0_No_DR/db6207e62c7b.png,aptos,db6207e62c7b,db6207e62c7b.png,A:\DR_classification\data\organized\aptos\train\0_No_DR\db6207e62c7b.png,train/0_No_DR/db6207e62c7b.png,train,0,No_DR
aptos:train/0_No_DR/dc0f6e5b489b.png,aptos,dc0f6e5b489b,dc0f6e5b489b.png,A:\DR_classification\data\organized\aptos\train\0_No_DR\dc0f6e5b489b.png,train/0_No_DR/dc0f6e5b489b.png,train,0,No_DR
aptos:train/0_No_DR/dcc6c0ad5cad.png,aptos,dcc6c0ad5cad,dcc6c0ad5cad.png,A:\DR_classification\data\organized\aptos\train\0_No_DR\dcc6c0ad5cad.png,train/0_No_DR/dcc6c0ad5cad.png,train,0,No_DR
aptos:train/0_No_DR/dccdf750c962.png,aptos,dccdf750c962,dccdf750c962.png,A:\DR_classification\data\organized\aptos\train\0_No_DR\dccdf750c962.png,train/0_No_DR/dccdf750c962.png,train,0,No_DR
aptos:train/0_No_DR/dce73d90c00c.png,aptos,dce73d90c00c,dce73d90c00c.png,A:\DR_classification\data\organized\aptos\train\0_No_DR\dce73d90c00c.png,train/0_No_DR/dce73d90c00c.png,train,0,No_DR
aptos:train/0_No_DR/dcf109df1a2b.png,aptos,dcf109df1a2b,dcf109df1a2b.png,A:\DR_classification\data\organized\aptos\train\0_No_DR\dcf109df1a2b.png,train/0_No_DR/dcf109df1a2b.png,train,0,No_DR
aptos:train/0_No_DR/dd02d60bef14.png,aptos,dd02d60bef14,dd02d60bef14.png,A:\DR_classification\data\organized\aptos\train\0_No_DR\dd02d60bef14.png,train/0_No_DR/dd02d60bef14.png,train,0,No_DR
aptos:train/0_No_DR/dd285d9e97fe.png,aptos,dd285d9e97fe,dd285d9e97fe.png,A:\DR_classification\data\organized\aptos\train\0_No_DR\dd285d9e97fe.png,train/0_No_DR/dd285d9e97fe.png,train,0,No_DR
aptos:train/0_No_DR/ddb222ff7c1d.png,aptos,ddb222ff7c1d,ddb222ff7c1d.png,A:\DR_classification\data\organized\aptos\train\0_No_DR\ddb222ff7c1d.png,train/0_No_DR/ddb222ff7c1d.png,train,0,No_DR
aptos:train/0_No_DR/de2eb5c8aa83.png,aptos,de2eb5c8aa83,de2eb5c8aa83.png,A:\DR_classification\data\organized\aptos\train\0_No_DR\de2eb5c8aa83.png,train/0_No_DR/de2eb5c8aa83.png,train,0,No_DR
aptos:train/0_No_DR/de38adaae009.png,aptos,de38adaae009,de38adaae009.png,A:\DR_classification\data\organized\aptos\train\0_No_DR\de38adaae009.png,train/0_No_DR/de38adaae009.png,train,0,No_DR
aptos:train/0_No_DR/de4cdabbce6d.png,aptos,de4cdabbce6d,de4cdabbce6d.png,A:\DR_classification\data\organized\aptos\train\0_No_DR\de4cdabbce6d.png,train/0_No_DR/de4cdabbce6d.png,train,0,No_DR
aptos:train/0_No_DR/de55ed25e0e8.png,aptos,de55ed25e0e8,de55ed25e0e8.png,A:\DR_classification\data\organized\aptos\train\0_No_DR\de55ed25e0e8.png,train/0_No_DR/de55ed25e0e8.png,train,0,No_DR
aptos:train/0_No_DR/de6210f88536.png,aptos,de6210f88536,de6210f88536.png,A:\DR_classification\data\organized\aptos\train\0_No_DR\de6210f88536.png,train/0_No_DR/de6210f88536.png,train,0,No_DR
aptos:train/0_No_DR/dee1031a76ae.png,aptos,dee1031a76ae,dee1031a76ae.png,A:\DR_classification\data\organized\aptos\train\0_No_DR\dee1031a76ae.png,train/0_No_DR/dee1031a76ae.png,train,0,No_DR
aptos:train/0_No_DR/dee31065f8fe.png,aptos,dee31065f8fe,dee31065f8fe.png,A:\DR_classification\data\organized\aptos\train\0_No_DR\dee31065f8fe.png,train/0_No_DR/dee31065f8fe.png,train,0,No_DR
aptos:train/0_No_DR/df0886f1e76b.png,aptos,df0886f1e76b,df0886f1e76b.png,A:\DR_classification\data\organized\aptos\train\0_No_DR\df0886f1e76b.png,train/0_No_DR/df0886f1e76b.png,train,0,No_DR
aptos:train/0_No_DR/df9cb3729eb1.png,aptos,df9cb3729eb1,df9cb3729eb1.png,A:\DR_classification\data\organized\aptos\train\0_No_DR\df9cb3729eb1.png,train/0_No_DR/df9cb3729eb1.png,train,0,No_DR
aptos:train/0_No_DR/dfc7ec7db0e0.png,aptos,dfc7ec7db0e0,dfc7ec7db0e0.png,A:\DR_classification\data\organized\aptos\train\0_No_DR\dfc7ec7db0e0.png,train/0_No_DR/dfc7ec7db0e0.png,train,0,No_DR
aptos:train/0_No_DR/dfea19863428.png,aptos,dfea19863428,dfea19863428.png,A:\DR_classification\data\organized\aptos\train\0_No_DR\dfea19863428.png,train/0_No_DR/dfea19863428.png,train,0,No_DR
aptos:train/0_No_DR/e01b7bac822b.png,aptos,e01b7bac822b,e01b7bac822b.png,A:\DR_classification\data\organized\aptos\train\0_No_DR\e01b7bac822b.png,train/0_No_DR/e01b7bac822b.png,train,0,No_DR
aptos:train/0_No_DR/e0313be77035.png,aptos,e0313be77035,e0313be77035.png,A:\DR_classification\data\organized\aptos\train\0_No_DR\e0313be77035.png,train/0_No_DR/e0313be77035.png,train,0,No_DR
aptos:train/0_No_DR/e04f3c6619a3.png,aptos,e04f3c6619a3,e04f3c6619a3.png,A:\DR_classification\data\organized\aptos\train\0_No_DR\e04f3c6619a3.png,train/0_No_DR/e04f3c6619a3.png,train,0,No_DR
aptos:train/0_No_DR/e067b06fd655.png,aptos,e067b06fd655,e067b06fd655.png,A:\DR_classification\data\organized\aptos\train\0_No_DR\e067b06fd655.png,train/0_No_DR/e067b06fd655.png,train,0,No_DR
aptos:train/0_No_DR/e087bd4b88f2.png,aptos,e087bd4b88f2,e087bd4b88f2.png,A:\DR_classification\data\organized\aptos\train\0_No_DR\e087bd4b88f2.png,train/0_No_DR/e087bd4b88f2.png,train,0,No_DR
aptos:train/0_No_DR/e0d229db881a.png,aptos,e0d229db881a,e0d229db881a.png,A:\DR_classification\data\organized\aptos\train\0_No_DR\e0d229db881a.png,train/0_No_DR/e0d229db881a.png,train,0,No_DR
aptos:train/0_No_DR/e160a3b19911.png,aptos,e160a3b19911,e160a3b19911.png,A:\DR_classification\data\organized\aptos\train\0_No_DR\e160a3b19911.png,train/0_No_DR/e160a3b19911.png,train,0,No_DR
aptos:train/0_No_DR/e16af45285e5.png,aptos,e16af45285e5,e16af45285e5.png,A:\DR_classification\data\organized\aptos\train\0_No_DR\e16af45285e5.png,train/0_No_DR/e16af45285e5.png,train,0,No_DR
aptos:train/0_No_DR/e1ab92228e60.png,aptos,e1ab92228e60,e1ab92228e60.png,A:\DR_classification\data\organized\aptos\train\0_No_DR\e1ab92228e60.png,train/0_No_DR/e1ab92228e60.png,train,0,No_DR
aptos:train/0_No_DR/e1b8acb1cea1.png,aptos,e1b8acb1cea1,e1b8acb1cea1.png,A:\DR_classification\data\organized\aptos\train\0_No_DR\e1b8acb1cea1.png,train/0_No_DR/e1b8acb1cea1.png,train,0,No_DR
aptos:train/0_No_DR/e1dc02a3dc2a.png,aptos,e1dc02a3dc2a,e1dc02a3dc2a.png,A:\DR_classification\data\organized\aptos\train\0_No_DR\e1dc02a3dc2a.png,train/0_No_DR/e1dc02a3dc2a.png,train,0,No_DR
aptos:train/0_No_DR/e246cd89e1cc.png,aptos,e246cd89e1cc,e246cd89e1cc.png,A:\DR_classification\data\organized\aptos\train\0_No_DR\e246cd89e1cc.png,train/0_No_DR/e246cd89e1cc.png,train,0,No_DR
aptos:train/0_No_DR/e251bdf05b85.png,aptos,e251bdf05b85,e251bdf05b85.png,A:\DR_classification\data\organized\aptos\train\0_No_DR\e251bdf05b85.png,train/0_No_DR/e251bdf05b85.png,train,0,No_DR
aptos:train/0_No_DR/e29e54ff921e.png,aptos,e29e54ff921e,e29e54ff921e.png,A:\DR_classification\data\organized\aptos\train\0_No_DR\e29e54ff921e.png,train/0_No_DR/e29e54ff921e.png,train,0,No_DR
aptos:train/0_No_DR/e2c39ed0c941.png,aptos,e2c39ed0c941,e2c39ed0c941.png,A:\DR_classification\data\organized\aptos\train\0_No_DR\e2c39ed0c941.png,train/0_No_DR/e2c39ed0c941.png,train,0,No_DR
aptos:train/0_No_DR/e2ec22b3d07e.png,aptos,e2ec22b3d07e,e2ec22b3d07e.png,A:\DR_classification\data\organized\aptos\train\0_No_DR\e2ec22b3d07e.png,train/0_No_DR/e2ec22b3d07e.png,train,0,No_DR
aptos:train/0_No_DR/e30a890600e1.png,aptos,e30a890600e1,e30a890600e1.png,A:\DR_classification\data\organized\aptos\train\0_No_DR\e30a890600e1.png,train/0_No_DR/e30a890600e1.png,train,0,No_DR
aptos:train/0_No_DR/e322acd46152.png,aptos,e322acd46152,e322acd46152.png,A:\DR_classification\data\organized\aptos\train\0_No_DR\e322acd46152.png,train/0_No_DR/e322acd46152.png,train,0,No_DR
aptos:train/0_No_DR/e33766353db2.png,aptos,e33766353db2,e33766353db2.png,A:\DR_classification\data\organized\aptos\train\0_No_DR\e33766353db2.png,train/0_No_DR/e33766353db2.png,train,0,No_DR
aptos:train/0_No_DR/e3b47ed5b511.png,aptos,e3b47ed5b511,e3b47ed5b511.png,A:\DR_classification\data\organized\aptos\train\0_No_DR\e3b47ed5b511.png,train/0_No_DR/e3b47ed5b511.png,train,0,No_DR
aptos:train/0_No_DR/e3cd96cb094c.png,aptos,e3cd96cb094c,e3cd96cb094c.png,A:\DR_classification\data\organized\aptos\train\0_No_DR\e3cd96cb094c.png,train/0_No_DR/e3cd96cb094c.png,train,0,No_DR
aptos:train/0_No_DR/e47452069ea1.png,aptos,e47452069ea1,e47452069ea1.png,A:\DR_classification\data\organized\aptos\train\0_No_DR\e47452069ea1.png,train/0_No_DR/e47452069ea1.png,train,0,No_DR
aptos:train/0_No_DR/e47770a2e5d1.png,aptos,e47770a2e5d1,e47770a2e5d1.png,A:\DR_classification\data\organized\aptos\train\0_No_DR\e47770a2e5d1.png,train/0_No_DR/e47770a2e5d1.png,train,0,No_DR
aptos:train/0_No_DR/e4ae1ee6aada.png,aptos,e4ae1ee6aada,e4ae1ee6aada.png,A:\DR_classification\data\organized\aptos\train\0_No_DR\e4ae1ee6aada.png,train/0_No_DR/e4ae1ee6aada.png,train,0,No_DR
aptos:train/0_No_DR/e4b0df29b96f.png,aptos,e4b0df29b96f,e4b0df29b96f.png,A:\DR_classification\data\organized\aptos\train\0_No_DR\e4b0df29b96f.png,train/0_No_DR/e4b0df29b96f.png,train,0,No_DR
aptos:train/0_No_DR/e4c799738a19.png,aptos,e4c799738a19,e4c799738a19.png,A:\DR_classification\data\organized\aptos\train\0_No_DR\e4c799738a19.png,train/0_No_DR/e4c799738a19.png,train,0,No_DR
aptos:train/0_No_DR/e4d3d437b0a8.png,aptos,e4d3d437b0a8,e4d3d437b0a8.png,A:\DR_classification\data\organized\aptos\train\0_No_DR\e4d3d437b0a8.png,train/0_No_DR/e4d3d437b0a8.png,train,0,No_DR
aptos:train/0_No_DR/e4dcca36ceb4.png,aptos,e4dcca36ceb4,e4dcca36ceb4.png,A:\DR_classification\data\organized\aptos\train\0_No_DR\e4dcca36ceb4.png,train/0_No_DR/e4dcca36ceb4.png,train,0,No_DR
aptos:train/0_No_DR/e50b0174690d.png,aptos,e50b0174690d,e50b0174690d.png,A:\DR_classification\data\organized\aptos\train\0_No_DR\e50b0174690d.png,train/0_No_DR/e50b0174690d.png,train,0,No_DR
aptos:train/0_No_DR/e5197d77ec68.png,aptos,e5197d77ec68,e5197d77ec68.png,A:\DR_classification\data\organized\aptos\train\0_No_DR\e5197d77ec68.png,train/0_No_DR/e5197d77ec68.png,train,0,No_DR
aptos:train/0_No_DR/e529c5757d64.png,aptos,e529c5757d64,e529c5757d64.png,A:\DR_classification\data\organized\aptos\train\0_No_DR\e529c5757d64.png,train/0_No_DR/e529c5757d64.png,train,0,No_DR
aptos:train/0_No_DR/e582e56e7942.png,aptos,e582e56e7942,e582e56e7942.png,A:\DR_classification\data\organized\aptos\train\0_No_DR\e582e56e7942.png,train/0_No_DR/e582e56e7942.png,train,0,No_DR
aptos:train/0_No_DR/e594c19e2e1d.png,aptos,e594c19e2e1d,e594c19e2e1d.png,A:\DR_classification\data\organized\aptos\train\0_No_DR\e594c19e2e1d.png,train/0_No_DR/e594c19e2e1d.png,train,0,No_DR
aptos:train/0_No_DR/e5de79795c1d.png,aptos,e5de79795c1d,e5de79795c1d.png,A:\DR_classification\data\organized\aptos\train\0_No_DR\e5de79795c1d.png,train/0_No_DR/e5de79795c1d.png,train,0,No_DR
aptos:train/0_No_DR/e5f73f2855c0.png,aptos,e5f73f2855c0,e5f73f2855c0.png,A:\DR_classification\data\organized\aptos\train\0_No_DR\e5f73f2855c0.png,train/0_No_DR/e5f73f2855c0.png,train,0,No_DR
aptos:train/0_No_DR/e60e4edb3ca9.png,aptos,e60e4edb3ca9,e60e4edb3ca9.png,A:\DR_classification\data\organized\aptos\train\0_No_DR\e60e4edb3ca9.png,train/0_No_DR/e60e4edb3ca9.png,train,0,No_DR
aptos:train/0_No_DR/e6552b7432b3.png,aptos,e6552b7432b3,e6552b7432b3.png,A:\DR_classification\data\organized\aptos\train\0_No_DR\e6552b7432b3.png,train/0_No_DR/e6552b7432b3.png,train,0,No_DR
aptos:train/0_No_DR/e66855a5c583.png,aptos,e66855a5c583,e66855a5c583.png,A:\DR_classification\data\organized\aptos\train\0_No_DR\e66855a5c583.png,train/0_No_DR/e66855a5c583.png,train,0,No_DR
aptos:train/0_No_DR/e66ad813a508.png,aptos,e66ad813a508,e66ad813a508.png,A:\DR_classification\data\organized\aptos\train\0_No_DR\e66ad813a508.png,train/0_No_DR/e66ad813a508.png,train,0,No_DR
aptos:train/0_No_DR/e68bdd36e589.png,aptos,e68bdd36e589,e68bdd36e589.png,A:\DR_classification\data\organized\aptos\train\0_No_DR\e68bdd36e589.png,train/0_No_DR/e68bdd36e589.png,train,0,No_DR
aptos:train/0_No_DR/e6a5e4718873.png,aptos,e6a5e4718873,e6a5e4718873.png,A:\DR_classification\data\organized\aptos\train\0_No_DR\e6a5e4718873.png,train/0_No_DR/e6a5e4718873.png,train,0,No_DR
aptos:train/0_No_DR/e7291472109b.png,aptos,e7291472109b,e7291472109b.png,A:\DR_classification\data\organized\aptos\train\0_No_DR\e7291472109b.png,train/0_No_DR/e7291472109b.png,train,0,No_DR
aptos:train/0_No_DR/e7578d8dba72.png,aptos,e7578d8dba72,e7578d8dba72.png,A:\DR_classification\data\organized\aptos\train\0_No_DR\e7578d8dba72.png,train/0_No_DR/e7578d8dba72.png,train,0,No_DR
aptos:train/0_No_DR/e77a93c3d9a9.png,aptos,e77a93c3d9a9,e77a93c3d9a9.png,A:\DR_classification\data\organized\aptos\train\0_No_DR\e77a93c3d9a9.png,train/0_No_DR/e77a93c3d9a9.png,train,0,No_DR
aptos:train/0_No_DR/e82232a3c28b.png,aptos,e82232a3c28b,e82232a3c28b.png,A:\DR_classification\data\organized\aptos\train\0_No_DR\e82232a3c28b.png,train/0_No_DR/e82232a3c28b.png,train,0,No_DR
aptos:train/0_No_DR/e8e44b3160e3.png,aptos,e8e44b3160e3,e8e44b3160e3.png,A:\DR_classification\data\organized\aptos\train\0_No_DR\e8e44b3160e3.png,train/0_No_DR/e8e44b3160e3.png,train,0,No_DR
aptos:train/0_No_DR/e966850247f4.png,aptos,e966850247f4,e966850247f4.png,A:\DR_classification\data\organized\aptos\train\0_No_DR\e966850247f4.png,train/0_No_DR/e966850247f4.png,train,0,No_DR
aptos:train/0_No_DR/e9678824215d.png,aptos,e9678824215d,e9678824215d.png,A:\DR_classification\data\organized\aptos\train\0_No_DR\e9678824215d.png,train/0_No_DR/e9678824215d.png,train,0,No_DR
aptos:train/0_No_DR/e97ecf4355cb.png,aptos,e97ecf4355cb,e97ecf4355cb.png,A:\DR_classification\data\organized\aptos\train\0_No_DR\e97ecf4355cb.png,train/0_No_DR/e97ecf4355cb.png,train,0,No_DR
aptos:train/0_No_DR/e9f3c85a2a02.png,aptos,e9f3c85a2a02,e9f3c85a2a02.png,A:\DR_classification\data\organized\aptos\train\0_No_DR\e9f3c85a2a02.png,train/0_No_DR/e9f3c85a2a02.png,train,0,No_DR
aptos:train/0_No_DR/ea5c42a78979.png,aptos,ea5c42a78979,ea5c42a78979.png,A:\DR_classification\data\organized\aptos\train\0_No_DR\ea5c42a78979.png,train/0_No_DR/ea5c42a78979.png,train,0,No_DR
aptos:train/0_No_DR/ea7e21bab610.png,aptos,ea7e21bab610,ea7e21bab610.png,A:\DR_classification\data\organized\aptos\train\0_No_DR\ea7e21bab610.png,train/0_No_DR/ea7e21bab610.png,train,0,No_DR
aptos:train/0_No_DR/ea9c41e1ced0.png,aptos,ea9c41e1ced0,ea9c41e1ced0.png,A:\DR_classification\data\organized\aptos\train\0_No_DR\ea9c41e1ced0.png,train/0_No_DR/ea9c41e1ced0.png,train,0,No_DR
aptos:train/0_No_DR/eabc7c716255.png,aptos,eabc7c716255,eabc7c716255.png,A:\DR_classification\data\organized\aptos\train\0_No_DR\eabc7c716255.png,train/0_No_DR/eabc7c716255.png,train,0,No_DR
aptos:train/0_No_DR/eabf421f94d0.png,aptos,eabf421f94d0,eabf421f94d0.png,A:\DR_classification\data\organized\aptos\train\0_No_DR\eabf421f94d0.png,train/0_No_DR/eabf421f94d0.png,train,0,No_DR
aptos:train/0_No_DR/eb050765b323.png,aptos,eb050765b323,eb050765b323.png,A:\DR_classification\data\organized\aptos\train\0_No_DR\eb050765b323.png,train/0_No_DR/eb050765b323.png,train,0,No_DR
aptos:train/0_No_DR/ec0c9f817b03.png,aptos,ec0c9f817b03,ec0c9f817b03.png,A:\DR_classification\data\organized\aptos\train\0_No_DR\ec0c9f817b03.png,train/0_No_DR/ec0c9f817b03.png,train,0,No_DR
aptos:train/0_No_DR/ec363f48867b.png,aptos,ec363f48867b,ec363f48867b.png,A:\DR_classification\data\organized\aptos\train\0_No_DR\ec363f48867b.png,train/0_No_DR/ec363f48867b.png,train,0,No_DR
aptos:train/0_No_DR/ec57cc20d776.png,aptos,ec57cc20d776,ec57cc20d776.png,A:\DR_classification\data\organized\aptos\train\0_No_DR\ec57cc20d776.png,train/0_No_DR/ec57cc20d776.png,train,0,No_DR
aptos:train/0_No_DR/ec6f1797a25a.png,aptos,ec6f1797a25a,ec6f1797a25a.png,A:\DR_classification\data\organized\aptos\train\0_No_DR\ec6f1797a25a.png,train/0_No_DR/ec6f1797a25a.png,train,0,No_DR
aptos:train/0_No_DR/ecad6845f630.png,aptos,ecad6845f630,ecad6845f630.png,A:\DR_classification\data\organized\aptos\train\0_No_DR\ecad6845f630.png,train/0_No_DR/ecad6845f630.png,train,0,No_DR
aptos:train/0_No_DR/ecb4500285ed.png,aptos,ecb4500285ed,ecb4500285ed.png,A:\DR_classification\data\organized\aptos\train\0_No_DR\ecb4500285ed.png,train/0_No_DR/ecb4500285ed.png,train,0,No_DR
aptos:train/0_No_DR/ed2ef440d22c.png,aptos,ed2ef440d22c,ed2ef440d22c.png,A:\DR_classification\data\organized\aptos\train\0_No_DR\ed2ef440d22c.png,train/0_No_DR/ed2ef440d22c.png,train,0,No_DR
aptos:train/0_No_DR/eda1d75cbcf0.png,aptos,eda1d75cbcf0,eda1d75cbcf0.png,A:\DR_classification\data\organized\aptos\train\0_No_DR\eda1d75cbcf0.png,train/0_No_DR/eda1d75cbcf0.png,train,0,No_DR
aptos:train/0_No_DR/eda29a9d78f3.png,aptos,eda29a9d78f3,eda29a9d78f3.png,A:\DR_classification\data\organized\aptos\train\0_No_DR\eda29a9d78f3.png,train/0_No_DR/eda29a9d78f3.png,train,0,No_DR
aptos:train/0_No_DR/ee3fe7809e6a.png,aptos,ee3fe7809e6a,ee3fe7809e6a.png,A:\DR_classification\data\organized\aptos\train\0_No_DR\ee3fe7809e6a.png,train/0_No_DR/ee3fe7809e6a.png,train,0,No_DR
aptos:train/0_No_DR/ee77763a6afb.png,aptos,ee77763a6afb,ee77763a6afb.png,A:\DR_classification\data\organized\aptos\train\0_No_DR\ee77763a6afb.png,train/0_No_DR/ee77763a6afb.png,train,0,No_DR
aptos:train/0_No_DR/eeaea2c5ff34.png,aptos,eeaea2c5ff34,eeaea2c5ff34.png,A:\DR_classification\data\organized\aptos\train\0_No_DR\eeaea2c5ff34.png,train/0_No_DR/eeaea2c5ff34.png,train,0,No_DR
aptos:train/0_No_DR/eebd1e195952.png,aptos,eebd1e195952,eebd1e195952.png,A:\DR_classification\data\organized\aptos\train\0_No_DR\eebd1e195952.png,train/0_No_DR/eebd1e195952.png,train,0,No_DR
aptos:train/0_No_DR/ef247f28004f.png,aptos,ef247f28004f,ef247f28004f.png,A:\DR_classification\data\organized\aptos\train\0_No_DR\ef247f28004f.png,train/0_No_DR/ef247f28004f.png,train,0,No_DR
aptos:train/0_No_DR/ef48780f5d5f.png,aptos,ef48780f5d5f,ef48780f5d5f.png,A:\DR_classification\data\organized\aptos\train\0_No_DR\ef48780f5d5f.png,train/0_No_DR/ef48780f5d5f.png,train,0,No_DR
aptos:train/0_No_DR/ef5155990874.png,aptos,ef5155990874,ef5155990874.png,A:\DR_classification\data\organized\aptos\train\0_No_DR\ef5155990874.png,train/0_No_DR/ef5155990874.png,train,0,No_DR
aptos:train/0_No_DR/ef7eb85b75fc.png,aptos,ef7eb85b75fc,ef7eb85b75fc.png,A:\DR_classification\data\organized\aptos\train\0_No_DR\ef7eb85b75fc.png,train/0_No_DR/ef7eb85b75fc.png,train,0,No_DR
aptos:train/0_No_DR/ef81cd8854cb.png,aptos,ef81cd8854cb,ef81cd8854cb.png,A:\DR_classification\data\organized\aptos\train\0_No_DR\ef81cd8854cb.png,train/0_No_DR/ef81cd8854cb.png,train,0,No_DR
aptos:train/0_No_DR/ef8c39eb9157.png,aptos,ef8c39eb9157,ef8c39eb9157.png,A:\DR_classification\data\organized\aptos\train\0_No_DR\ef8c39eb9157.png,train/0_No_DR/ef8c39eb9157.png,train,0,No_DR
aptos:train/0_No_DR/ef99c499d665.png,aptos,ef99c499d665,ef99c499d665.png,A:\DR_classification\data\organized\aptos\train\0_No_DR\ef99c499d665.png,train/0_No_DR/ef99c499d665.png,train,0,No_DR
aptos:train/0_No_DR/f002ce614c59.png,aptos,f002ce614c59,f002ce614c59.png,A:\DR_classification\data\organized\aptos\train\0_No_DR\f002ce614c59.png,train/0_No_DR/f002ce614c59.png,train,0,No_DR
aptos:train/0_No_DR/f00ce9b9d6f4.png,aptos,f00ce9b9d6f4,f00ce9b9d6f4.png,A:\DR_classification\data\organized\aptos\train\0_No_DR\f00ce9b9d6f4.png,train/0_No_DR/f00ce9b9d6f4.png,train,0,No_DR
aptos:train/0_No_DR/f02057c41256.png,aptos,f02057c41256,f02057c41256.png,A:\DR_classification\data\organized\aptos\train\0_No_DR\f02057c41256.png,train/0_No_DR/f02057c41256.png,train,0,No_DR
aptos:train/0_No_DR/f0267c42907c.png,aptos,f0267c42907c,f0267c42907c.png,A:\DR_classification\data\organized\aptos\train\0_No_DR\f0267c42907c.png,train/0_No_DR/f0267c42907c.png,train,0,No_DR
aptos:train/0_No_DR/f02956bd7c50.png,aptos,f02956bd7c50,f02956bd7c50.png,A:\DR_classification\data\organized\aptos\train\0_No_DR\f02956bd7c50.png,train/0_No_DR/f02956bd7c50.png,train,0,No_DR
aptos:train/0_No_DR/f0546a45ef10.png,aptos,f0546a45ef10,f0546a45ef10.png,A:\DR_classification\data\organized\aptos\train\0_No_DR\f0546a45ef10.png,train/0_No_DR/f0546a45ef10.png,train,0,No_DR
aptos:train/0_No_DR/f06e7a9df795.png,aptos,f06e7a9df795,f06e7a9df795.png,A:\DR_classification\data\organized\aptos\train\0_No_DR\f06e7a9df795.png,train/0_No_DR/f06e7a9df795.png,train,0,No_DR
aptos:train/0_No_DR/f0860c21533b.png,aptos,f0860c21533b,f0860c21533b.png,A:\DR_classification\data\organized\aptos\train\0_No_DR\f0860c21533b.png,train/0_No_DR/f0860c21533b.png,train,0,No_DR
aptos:train/0_No_DR/f09cfc6a4dbd.png,aptos,f09cfc6a4dbd,f09cfc6a4dbd.png,A:\DR_classification\data\organized\aptos\train\0_No_DR\f09cfc6a4dbd.png,train/0_No_DR/f09cfc6a4dbd.png,train,0,No_DR
aptos:train/0_No_DR/f09fd9433dff.png,aptos,f09fd9433dff,f09fd9433dff.png,A:\DR_classification\data\organized\aptos\train\0_No_DR\f09fd9433dff.png,train/0_No_DR/f09fd9433dff.png,train,0,No_DR
aptos:train/0_No_DR/f0a2dc580009.png,aptos,f0a2dc580009,f0a2dc580009.png,A:\DR_classification\data\organized\aptos\train\0_No_DR\f0a2dc580009.png,train/0_No_DR/f0a2dc580009.png,train,0,No_DR
aptos:train/0_No_DR/f0e1201b5c1f.png,aptos,f0e1201b5c1f,f0e1201b5c1f.png,A:\DR_classification\data\organized\aptos\train\0_No_DR\f0e1201b5c1f.png,train/0_No_DR/f0e1201b5c1f.png,train,0,No_DR
aptos:train/0_No_DR/f1979147aad4.png,aptos,f1979147aad4,f1979147aad4.png,A:\DR_classification\data\organized\aptos\train\0_No_DR\f1979147aad4.png,train/0_No_DR/f1979147aad4.png,train,0,No_DR
aptos:train/0_No_DR/f1d719c97838.png,aptos,f1d719c97838,f1d719c97838.png,A:\DR_classification\data\organized\aptos\train\0_No_DR\f1d719c97838.png,train/0_No_DR/f1d719c97838.png,train,0,No_DR
aptos:train/0_No_DR/f252046c0fe6.png,aptos,f252046c0fe6,f252046c0fe6.png,A:\DR_classification\data\organized\aptos\train\0_No_DR\f252046c0fe6.png,train/0_No_DR/f252046c0fe6.png,train,0,No_DR
aptos:train/0_No_DR/f26b02ead915.png,aptos,f26b02ead915,f26b02ead915.png,A:\DR_classification\data\organized\aptos\train\0_No_DR\f26b02ead915.png,train/0_No_DR/f26b02ead915.png,train,0,No_DR
aptos:train/0_No_DR/f298b7d05958.png,aptos,f298b7d05958,f298b7d05958.png,A:\DR_classification\data\organized\aptos\train\0_No_DR\f298b7d05958.png,train/0_No_DR/f298b7d05958.png,train,0,No_DR
aptos:train/0_No_DR/f2c0b41acd05.png,aptos,f2c0b41acd05,f2c0b41acd05.png,A:\DR_classification\data\organized\aptos\train\0_No_DR\f2c0b41acd05.png,train/0_No_DR/f2c0b41acd05.png,train,0,No_DR
aptos:train/0_No_DR/f2f569a64949.png,aptos,f2f569a64949,f2f569a64949.png,A:\DR_classification\data\organized\aptos\train\0_No_DR\f2f569a64949.png,train/0_No_DR/f2f569a64949.png,train,0,No_DR
aptos:train/0_No_DR/f35d80bb1a22.png,aptos,f35d80bb1a22,f35d80bb1a22.png,A:\DR_classification\data\organized\aptos\train\0_No_DR\f35d80bb1a22.png,train/0_No_DR/f35d80bb1a22.png,train,0,No_DR
aptos:train/0_No_DR/f366fb1cc475.png,aptos,f366fb1cc475,f366fb1cc475.png,A:\DR_classification\data\organized\aptos\train\0_No_DR\f366fb1cc475.png,train/0_No_DR/f366fb1cc475.png,train,0,No_DR
aptos:train/0_No_DR/f36cb007a1ef.png,aptos,f36cb007a1ef,f36cb007a1ef.png,A:\DR_classification\data\organized\aptos\train\0_No_DR\f36cb007a1ef.png,train/0_No_DR/f36cb007a1ef.png,train,0,No_DR
aptos:train/0_No_DR/f3a4751af42e.png,aptos,f3a4751af42e,f3a4751af42e.png,A:\DR_classification\data\organized\aptos\train\0_No_DR\f3a4751af42e.png,train/0_No_DR/f3a4751af42e.png,train,0,No_DR
aptos:train/0_No_DR/f3b27ac2d371.png,aptos,f3b27ac2d371,f3b27ac2d371.png,A:\DR_classification\data\organized\aptos\train\0_No_DR\f3b27ac2d371.png,train/0_No_DR/f3b27ac2d371.png,train,0,No_DR
aptos:train/0_No_DR/f3bb996b45ce.png,aptos,f3bb996b45ce,f3bb996b45ce.png,A:\DR_classification\data\organized\aptos\train\0_No_DR\f3bb996b45ce.png,train/0_No_DR/f3bb996b45ce.png,train,0,No_DR
aptos:train/0_No_DR/f42b693a9414.png,aptos,f42b693a9414,f42b693a9414.png,A:\DR_classification\data\organized\aptos\train\0_No_DR\f42b693a9414.png,train/0_No_DR/f42b693a9414.png,train,0,No_DR
aptos:train/0_No_DR/f431f2e119d7.png,aptos,f431f2e119d7,f431f2e119d7.png,A:\DR_classification\data\organized\aptos\train\0_No_DR\f431f2e119d7.png,train/0_No_DR/f431f2e119d7.png,train,0,No_DR
aptos:train/0_No_DR/f451eee2b66b.png,aptos,f451eee2b66b,f451eee2b66b.png,A:\DR_classification\data\organized\aptos\train\0_No_DR\f451eee2b66b.png,train/0_No_DR/f451eee2b66b.png,train,0,No_DR
aptos:train/0_No_DR/f4874247ede6.png,aptos,f4874247ede6,f4874247ede6.png,A:\DR_classification\data\organized\aptos\train\0_No_DR\f4874247ede6.png,train/0_No_DR/f4874247ede6.png,train,0,No_DR
aptos:train/0_No_DR/f4c7ae514c54.png,aptos,f4c7ae514c54,f4c7ae514c54.png,A:\DR_classification\data\organized\aptos\train\0_No_DR\f4c7ae514c54.png,train/0_No_DR/f4c7ae514c54.png,train,0,No_DR
aptos:train/0_No_DR/f4d3169b468a.png,aptos,f4d3169b468a,f4d3169b468a.png,A:\DR_classification\data\organized\aptos\train\0_No_DR\f4d3169b468a.png,train/0_No_DR/f4d3169b468a.png,train,0,No_DR
aptos:train/0_No_DR/f4de9620e3f2.png,aptos,f4de9620e3f2,f4de9620e3f2.png,A:\DR_classification\data\organized\aptos\train\0_No_DR\f4de9620e3f2.png,train/0_No_DR/f4de9620e3f2.png,train,0,No_DR
aptos:train/0_No_DR/f531232ecb55.png,aptos,f531232ecb55,f531232ecb55.png,A:\DR_classification\data\organized\aptos\train\0_No_DR\f531232ecb55.png,train/0_No_DR/f531232ecb55.png,train,0,No_DR
aptos:train/0_No_DR/f5733f77273d.png,aptos,f5733f77273d,f5733f77273d.png,A:\DR_classification\data\organized\aptos\train\0_No_DR\f5733f77273d.png,train/0_No_DR/f5733f77273d.png,train,0,No_DR
aptos:train/0_No_DR/f57cf3b6f48e.png,aptos,f57cf3b6f48e,f57cf3b6f48e.png,A:\DR_classification\data\organized\aptos\train\0_No_DR\f57cf3b6f48e.png,train/0_No_DR/f57cf3b6f48e.png,train,0,No_DR
aptos:train/0_No_DR/f580566e27f5.png,aptos,f580566e27f5,f580566e27f5.png,A:\DR_classification\data\organized\aptos\train\0_No_DR\f580566e27f5.png,train/0_No_DR/f580566e27f5.png,train,0,No_DR
aptos:train/0_No_DR/f62b8a076833.png,aptos,f62b8a076833,f62b8a076833.png,A:\DR_classification\data\organized\aptos\train\0_No_DR\f62b8a076833.png,train/0_No_DR/f62b8a076833.png,train,0,No_DR
aptos:train/0_No_DR/f633c474e8b8.png,aptos,f633c474e8b8,f633c474e8b8.png,A:\DR_classification\data\organized\aptos\train\0_No_DR\f633c474e8b8.png,train/0_No_DR/f633c474e8b8.png,train,0,No_DR
aptos:train/0_No_DR/f64b6e85f1c9.png,aptos,f64b6e85f1c9,f64b6e85f1c9.png,A:\DR_classification\data\organized\aptos\train\0_No_DR\f64b6e85f1c9.png,train/0_No_DR/f64b6e85f1c9.png,train,0,No_DR
aptos:train/0_No_DR/f66c4ee86629.png,aptos,f66c4ee86629,f66c4ee86629.png,A:\DR_classification\data\organized\aptos\train\0_No_DR\f66c4ee86629.png,train/0_No_DR/f66c4ee86629.png,train,0,No_DR
aptos:train/0_No_DR/f68690db78d3.png,aptos,f68690db78d3,f68690db78d3.png,A:\DR_classification\data\organized\aptos\train\0_No_DR\f68690db78d3.png,train/0_No_DR/f68690db78d3.png,train,0,No_DR
aptos:train/0_No_DR/f6d760566a51.png,aptos,f6d760566a51,f6d760566a51.png,A:\DR_classification\data\organized\aptos\train\0_No_DR\f6d760566a51.png,train/0_No_DR/f6d760566a51.png,train,0,No_DR
aptos:train/0_No_DR/f7116e7b2f4e.png,aptos,f7116e7b2f4e,f7116e7b2f4e.png,A:\DR_classification\data\organized\aptos\train\0_No_DR\f7116e7b2f4e.png,train/0_No_DR/f7116e7b2f4e.png,train,0,No_DR
aptos:train/0_No_DR/f71333204618.png,aptos,f71333204618,f71333204618.png,A:\DR_classification\data\organized\aptos\train\0_No_DR\f71333204618.png,train/0_No_DR/f71333204618.png,train,0,No_DR
aptos:train/0_No_DR/f71aca5a7dc3.png,aptos,f71aca5a7dc3,f71aca5a7dc3.png,A:\DR_classification\data\organized\aptos\train\0_No_DR\f71aca5a7dc3.png,train/0_No_DR/f71aca5a7dc3.png,train,0,No_DR
aptos:train/0_No_DR/f71bea807c96.png,aptos,f71bea807c96,f71bea807c96.png,A:\DR_classification\data\organized\aptos\train\0_No_DR\f71bea807c96.png,train/0_No_DR/f71bea807c96.png,train,0,No_DR
aptos:train/0_No_DR/f7508f14dd7b.png,aptos,f7508f14dd7b,f7508f14dd7b.png,A:\DR_classification\data\organized\aptos\train\0_No_DR\f7508f14dd7b.png,train/0_No_DR/f7508f14dd7b.png,train,0,No_DR
aptos:train/0_No_DR/f7735b6d47f7.png,aptos,f7735b6d47f7,f7735b6d47f7.png,A:\DR_classification\data\organized\aptos\train\0_No_DR\f7735b6d47f7.png,train/0_No_DR/f7735b6d47f7.png,train,0,No_DR
aptos:train/0_No_DR/f7defe70afc3.png,aptos,f7defe70afc3,f7defe70afc3.png,A:\DR_classification\data\organized\aptos\train\0_No_DR\f7defe70afc3.png,train/0_No_DR/f7defe70afc3.png,train,0,No_DR
aptos:train/0_No_DR/f7e9fa75c7c1.png,aptos,f7e9fa75c7c1,f7e9fa75c7c1.png,A:\DR_classification\data\organized\aptos\train\0_No_DR\f7e9fa75c7c1.png,train/0_No_DR/f7e9fa75c7c1.png,train,0,No_DR
aptos:train/0_No_DR/f819c65b803c.png,aptos,f819c65b803c,f819c65b803c.png,A:\DR_classification\data\organized\aptos\train\0_No_DR\f819c65b803c.png,train/0_No_DR/f819c65b803c.png,train,0,No_DR
aptos:train/0_No_DR/f85c78201a50.png,aptos,f85c78201a50,f85c78201a50.png,A:\DR_classification\data\organized\aptos\train\0_No_DR\f85c78201a50.png,train/0_No_DR/f85c78201a50.png,train,0,No_DR
aptos:train/0_No_DR/f85fd4fac887.png,aptos,f85fd4fac887,f85fd4fac887.png,A:\DR_classification\data\organized\aptos\train\0_No_DR\f85fd4fac887.png,train/0_No_DR/f85fd4fac887.png,train,0,No_DR
aptos:train/0_No_DR/f86d1c404acb.png,aptos,f86d1c404acb,f86d1c404acb.png,A:\DR_classification\data\organized\aptos\train\0_No_DR\f86d1c404acb.png,train/0_No_DR/f86d1c404acb.png,train,0,No_DR
aptos:train/0_No_DR/f8f5942b690e.png,aptos,f8f5942b690e,f8f5942b690e.png,A:\DR_classification\data\organized\aptos\train\0_No_DR\f8f5942b690e.png,train/0_No_DR/f8f5942b690e.png,train,0,No_DR
aptos:train/0_No_DR/f90f8931a9bc.png,aptos,f90f8931a9bc,f90f8931a9bc.png,A:\DR_classification\data\organized\aptos\train\0_No_DR\f90f8931a9bc.png,train/0_No_DR/f90f8931a9bc.png,train,0,No_DR
aptos:train/0_No_DR/f91cfa82b9d4.png,aptos,f91cfa82b9d4,f91cfa82b9d4.png,A:\DR_classification\data\organized\aptos\train\0_No_DR\f91cfa82b9d4.png,train/0_No_DR/f91cfa82b9d4.png,train,0,No_DR
aptos:train/0_No_DR/f994a3b07935.png,aptos,f994a3b07935,f994a3b07935.png,A:\DR_classification\data\organized\aptos\train\0_No_DR\f994a3b07935.png,train/0_No_DR/f994a3b07935.png,train,0,No_DR
aptos:train/0_No_DR/f9d52509c571.png,aptos,f9d52509c571,f9d52509c571.png,A:\DR_classification\data\organized\aptos\train\0_No_DR\f9d52509c571.png,train/0_No_DR/f9d52509c571.png,train,0,No_DR
aptos:train/0_No_DR/fa573163dd8b.png,aptos,fa573163dd8b,fa573163dd8b.png,A:\DR_classification\data\organized\aptos\train\0_No_DR\fa573163dd8b.png,train/0_No_DR/fa573163dd8b.png,train,0,No_DR
aptos:train/0_No_DR/fa7fa797c650.png,aptos,fa7fa797c650,fa7fa797c650.png,A:\DR_classification\data\organized\aptos\train\0_No_DR\fa7fa797c650.png,train/0_No_DR/fa7fa797c650.png,train,0,No_DR
aptos:train/0_No_DR/fa9bece586fc.png,aptos,fa9bece586fc,fa9bece586fc.png,A:\DR_classification\data\organized\aptos\train\0_No_DR\fa9bece586fc.png,train/0_No_DR/fa9bece586fc.png,train,0,No_DR
aptos:train/0_No_DR/fb1b8771c70a.png,aptos,fb1b8771c70a,fb1b8771c70a.png,A:\DR_classification\data\organized\aptos\train\0_No_DR\fb1b8771c70a.png,train/0_No_DR/fb1b8771c70a.png,train,0,No_DR
aptos:train/0_No_DR/fb767cea406c.png,aptos,fb767cea406c,fb767cea406c.png,A:\DR_classification\data\organized\aptos\train\0_No_DR\fb767cea406c.png,train/0_No_DR/fb767cea406c.png,train,0,No_DR
aptos:train/0_No_DR/fb88783de055.png,aptos,fb88783de055,fb88783de055.png,A:\DR_classification\data\organized\aptos\train\0_No_DR\fb88783de055.png,train/0_No_DR/fb88783de055.png,train,0,No_DR
aptos:train/0_No_DR/fb88d23fc5fe.png,aptos,fb88d23fc5fe,fb88d23fc5fe.png,A:\DR_classification\data\organized\aptos\train\0_No_DR\fb88d23fc5fe.png,train/0_No_DR/fb88d23fc5fe.png,train,0,No_DR
aptos:train/0_No_DR/fbcbc81cf9be.png,aptos,fbcbc81cf9be,fbcbc81cf9be.png,A:\DR_classification\data\organized\aptos\train\0_No_DR\fbcbc81cf9be.png,train/0_No_DR/fbcbc81cf9be.png,train,0,No_DR
aptos:train/0_No_DR/fbdc796290d4.png,aptos,fbdc796290d4,fbdc796290d4.png,A:\DR_classification\data\organized\aptos\train\0_No_DR\fbdc796290d4.png,train/0_No_DR/fbdc796290d4.png,train,0,No_DR
aptos:train/0_No_DR/fbfa925506f6.png,aptos,fbfa925506f6,fbfa925506f6.png,A:\DR_classification\data\organized\aptos\train\0_No_DR\fbfa925506f6.png,train/0_No_DR/fbfa925506f6.png,train,0,No_DR
aptos:train/0_No_DR/fc898dfeb24f.png,aptos,fc898dfeb24f,fc898dfeb24f.png,A:\DR_classification\data\organized\aptos\train\0_No_DR\fc898dfeb24f.png,train/0_No_DR/fc898dfeb24f.png,train,0,No_DR
aptos:train/0_No_DR/fc8fce67fbf8.png,aptos,fc8fce67fbf8,fc8fce67fbf8.png,A:\DR_classification\data\organized\aptos\train\0_No_DR\fc8fce67fbf8.png,train/0_No_DR/fc8fce67fbf8.png,train,0,No_DR
aptos:train/0_No_DR/fca1a8738b8a.png,aptos,fca1a8738b8a,fca1a8738b8a.png,A:\DR_classification\data\organized\aptos\train\0_No_DR\fca1a8738b8a.png,train/0_No_DR/fca1a8738b8a.png,train,0,No_DR
aptos:train/0_No_DR/fce73678f650.png,aptos,fce73678f650,fce73678f650.png,A:\DR_classification\data\organized\aptos\train\0_No_DR\fce73678f650.png,train/0_No_DR/fce73678f650.png,train,0,No_DR
aptos:train/0_No_DR/fd079d2e93a2.png,aptos,fd079d2e93a2,fd079d2e93a2.png,A:\DR_classification\data\organized\aptos\train\0_No_DR\fd079d2e93a2.png,train/0_No_DR/fd079d2e93a2.png,train,0,No_DR
aptos:train/0_No_DR/fd0a70082e7c.png,aptos,fd0a70082e7c,fd0a70082e7c.png,A:\DR_classification\data\organized\aptos\train\0_No_DR\fd0a70082e7c.png,train/0_No_DR/fd0a70082e7c.png,train,0,No_DR
aptos:train/0_No_DR/fd4c946c52bf.png,aptos,fd4c946c52bf,fd4c946c52bf.png,A:\DR_classification\data\organized\aptos\train\0_No_DR\fd4c946c52bf.png,train/0_No_DR/fd4c946c52bf.png,train,0,No_DR
aptos:train/0_No_DR/fd87b6b2e664.png,aptos,fd87b6b2e664,fd87b6b2e664.png,A:\DR_classification\data\organized\aptos\train\0_No_DR\fd87b6b2e664.png,train/0_No_DR/fd87b6b2e664.png,train,0,No_DR
aptos:train/0_No_DR/fdbc252813b1.png,aptos,fdbc252813b1,fdbc252813b1.png,A:\DR_classification\data\organized\aptos\train\0_No_DR\fdbc252813b1.png,train/0_No_DR/fdbc252813b1.png,train,0,No_DR
aptos:train/0_No_DR/fdc685055659.png,aptos,fdc685055659,fdc685055659.png,A:\DR_classification\data\organized\aptos\train\0_No_DR\fdc685055659.png,train/0_No_DR/fdc685055659.png,train,0,No_DR
aptos:train/0_No_DR/fe06dad6851c.png,aptos,fe06dad6851c,fe06dad6851c.png,A:\DR_classification\data\organized\aptos\train\0_No_DR\fe06dad6851c.png,train/0_No_DR/fe06dad6851c.png,train,0,No_DR
aptos:train/0_No_DR/fe0e2dee1834.png,aptos,fe0e2dee1834,fe0e2dee1834.png,A:\DR_classification\data\organized\aptos\train\0_No_DR\fe0e2dee1834.png,train/0_No_DR/fe0e2dee1834.png,train,0,No_DR
aptos:train/0_No_DR/fe3f62695b2d.png,aptos,fe3f62695b2d,fe3f62695b2d.png,A:\DR_classification\data\organized\aptos\train\0_No_DR\fe3f62695b2d.png,train/0_No_DR/fe3f62695b2d.png,train,0,No_DR
aptos:train/0_No_DR/febfb20dc311.png,aptos,febfb20dc311,febfb20dc311.png,A:\DR_classification\data\organized\aptos\train\0_No_DR\febfb20dc311.png,train/0_No_DR/febfb20dc311.png,train,0,No_DR
aptos:train/0_No_DR/fed5bb685832.png,aptos,fed5bb685832,fed5bb685832.png,A:\DR_classification\data\organized\aptos\train\0_No_DR\fed5bb685832.png,train/0_No_DR/fed5bb685832.png,train,0,No_DR
aptos:train/0_No_DR/fefded6bf135.png,aptos,fefded6bf135,fefded6bf135.png,A:\DR_classification\data\organized\aptos\train\0_No_DR\fefded6bf135.png,train/0_No_DR/fefded6bf135.png,train,0,No_DR
aptos:train/0_No_DR/ff03f74667df.png,aptos,ff03f74667df,ff03f74667df.png,A:\DR_classification\data\organized\aptos\train\0_No_DR\ff03f74667df.png,train/0_No_DR/ff03f74667df.png,train,0,No_DR
aptos:train/0_No_DR/ff1e940105f9.png,aptos,ff1e940105f9,ff1e940105f9.png,A:\DR_classification\data\organized\aptos\train\0_No_DR\ff1e940105f9.png,train/0_No_DR/ff1e940105f9.png,train,0,No_DR
aptos:train/0_No_DR/ff4955e76894.png,aptos,ff4955e76894,ff4955e76894.png,A:\DR_classification\data\organized\aptos\train\0_No_DR\ff4955e76894.png,train/0_No_DR/ff4955e76894.png,train,0,No_DR
aptos:train/0_No_DR/ff4cd992667b.png,aptos,ff4cd992667b,ff4cd992667b.png,A:\DR_classification\data\organized\aptos\train\0_No_DR\ff4cd992667b.png,train/0_No_DR/ff4cd992667b.png,train,0,No_DR
aptos:train/0_No_DR/ff59d44a70a7.png,aptos,ff59d44a70a7,ff59d44a70a7.png,A:\DR_classification\data\organized\aptos\train\0_No_DR\ff59d44a70a7.png,train/0_No_DR/ff59d44a70a7.png,train,0,No_DR
aptos:train/0_No_DR/ff631653374e.png,aptos,ff631653374e,ff631653374e.png,A:\DR_classification\data\organized\aptos\train\0_No_DR\ff631653374e.png,train/0_No_DR/ff631653374e.png,train,0,No_DR
aptos:train/0_No_DR/ffc04fed30e6.png,aptos,ffc04fed30e6,ffc04fed30e6.png,A:\DR_classification\data\organized\aptos\train\0_No_DR\ffc04fed30e6.png,train/0_No_DR/ffc04fed30e6.png,train,0,No_DR
aptos:train/0_No_DR/ffd97f8cd5aa.png,aptos,ffd97f8cd5aa,ffd97f8cd5aa.png,A:\DR_classification\data\organized\aptos\train\0_No_DR\ffd97f8cd5aa.png,train/0_No_DR/ffd97f8cd5aa.png,train,0,No_DR
aptos:train/1_Mild/00cb6555d108.png,aptos,00cb6555d108,00cb6555d108.png,A:\DR_classification\data\organized\aptos\train\1_Mild\00cb6555d108.png,train/1_Mild/00cb6555d108.png,train,1,Mild
aptos:train/1_Mild/0124dffecf29.png,aptos,0124dffecf29,0124dffecf29.png,A:\DR_classification\data\organized\aptos\train\1_Mild\0124dffecf29.png,train/1_Mild/0124dffecf29.png,train,1,Mild
aptos:train/1_Mild/01b3aed3ed4c.png,aptos,01b3aed3ed4c,01b3aed3ed4c.png,A:\DR_classification\data\organized\aptos\train\1_Mild\01b3aed3ed4c.png,train/1_Mild/01b3aed3ed4c.png,train,1,Mild
aptos:train/1_Mild/0369f3efe69b.png,aptos,0369f3efe69b,0369f3efe69b.png,A:\DR_classification\data\organized\aptos\train\1_Mild\0369f3efe69b.png,train/1_Mild/0369f3efe69b.png,train,1,Mild
aptos:train/1_Mild/04ac765f91a1.png,aptos,04ac765f91a1,04ac765f91a1.png,A:\DR_classification\data\organized\aptos\train\1_Mild\04ac765f91a1.png,train/1_Mild/04ac765f91a1.png,train,1,Mild
aptos:train/1_Mild/059bc89df7f4.png,aptos,059bc89df7f4,059bc89df7f4.png,A:\DR_classification\data\organized\aptos\train\1_Mild\059bc89df7f4.png,train/1_Mild/059bc89df7f4.png,train,1,Mild
aptos:train/1_Mild/0684311afdfc.png,aptos,0684311afdfc,0684311afdfc.png,A:\DR_classification\data\organized\aptos\train\1_Mild\0684311afdfc.png,train/1_Mild/0684311afdfc.png,train,1,Mild
aptos:train/1_Mild/06b71823f9cd.png,aptos,06b71823f9cd,06b71823f9cd.png,A:\DR_classification\data\organized\aptos\train\1_Mild\06b71823f9cd.png,train/1_Mild/06b71823f9cd.png,train,1,Mild
aptos:train/1_Mild/07929d32b5b3.png,aptos,07929d32b5b3,07929d32b5b3.png,A:\DR_classification\data\organized\aptos\train\1_Mild\07929d32b5b3.png,train/1_Mild/07929d32b5b3.png,train,1,Mild
aptos:train/1_Mild/07a1c7073982.png,aptos,07a1c7073982,07a1c7073982.png,A:\DR_classification\data\organized\aptos\train\1_Mild\07a1c7073982.png,train/1_Mild/07a1c7073982.png,train,1,Mild
aptos:train/1_Mild/086d41d17da8.png,aptos,086d41d17da8,086d41d17da8.png,A:\DR_classification\data\organized\aptos\train\1_Mild\086d41d17da8.png,train/1_Mild/086d41d17da8.png,train,1,Mild
aptos:train/1_Mild/0a3202889f4d.png,aptos,0a3202889f4d,0a3202889f4d.png,A:\DR_classification\data\organized\aptos\train\1_Mild\0a3202889f4d.png,train/1_Mild/0a3202889f4d.png,train,1,Mild
aptos:train/1_Mild/0ad7f631dedb.png,aptos,0ad7f631dedb,0ad7f631dedb.png,A:\DR_classification\data\organized\aptos\train\1_Mild\0ad7f631dedb.png,train/1_Mild/0ad7f631dedb.png,train,1,Mild
aptos:train/1_Mild/0d310aba6373.png,aptos,0d310aba6373,0d310aba6373.png,A:\DR_classification\data\organized\aptos\train\1_Mild\0d310aba6373.png,train/1_Mild/0d310aba6373.png,train,1,Mild
aptos:train/1_Mild/0dc031c94225.png,aptos,0dc031c94225,0dc031c94225.png,A:\DR_classification\data\organized\aptos\train\1_Mild\0dc031c94225.png,train/1_Mild/0dc031c94225.png,train,1,Mild
aptos:train/1_Mild/0dce95217626.png,aptos,0dce95217626,0dce95217626.png,A:\DR_classification\data\organized\aptos\train\1_Mild\0dce95217626.png,train/1_Mild/0dce95217626.png,train,1,Mild
aptos:train/1_Mild/0eb52045349f.png,aptos,0eb52045349f,0eb52045349f.png,A:\DR_classification\data\organized\aptos\train\1_Mild\0eb52045349f.png,train/1_Mild/0eb52045349f.png,train,1,Mild
aptos:train/1_Mild/0f495d87656a.png,aptos,0f495d87656a,0f495d87656a.png,A:\DR_classification\data\organized\aptos\train\1_Mild\0f495d87656a.png,train/1_Mild/0f495d87656a.png,train,1,Mild
aptos:train/1_Mild/101b9ebfc720.png,aptos,101b9ebfc720,101b9ebfc720.png,A:\DR_classification\data\organized\aptos\train\1_Mild\101b9ebfc720.png,train/1_Mild/101b9ebfc720.png,train,1,Mild
aptos:train/1_Mild/10f36b0239fb.png,aptos,10f36b0239fb,10f36b0239fb.png,A:\DR_classification\data\organized\aptos\train\1_Mild\10f36b0239fb.png,train/1_Mild/10f36b0239fb.png,train,1,Mild
aptos:train/1_Mild/1116271db4ea.png,aptos,1116271db4ea,1116271db4ea.png,A:\DR_classification\data\organized\aptos\train\1_Mild\1116271db4ea.png,train/1_Mild/1116271db4ea.png,train,1,Mild
aptos:train/1_Mild/12ce6a1a1f31.png,aptos,12ce6a1a1f31,12ce6a1a1f31.png,A:\DR_classification\data\organized\aptos\train\1_Mild\12ce6a1a1f31.png,train/1_Mild/12ce6a1a1f31.png,train,1,Mild
aptos:train/1_Mild/12e3f5f2cb17.png,aptos,12e3f5f2cb17,12e3f5f2cb17.png,A:\DR_classification\data\organized\aptos\train\1_Mild\12e3f5f2cb17.png,train/1_Mild/12e3f5f2cb17.png,train,1,Mild
aptos:train/1_Mild/13ab8db8c700.png,aptos,13ab8db8c700,13ab8db8c700.png,A:\DR_classification\data\organized\aptos\train\1_Mild\13ab8db8c700.png,train/1_Mild/13ab8db8c700.png,train,1,Mild
aptos:train/1_Mild/15cc2aef772a.png,aptos,15cc2aef772a,15cc2aef772a.png,A:\DR_classification\data\organized\aptos\train\1_Mild\15cc2aef772a.png,train/1_Mild/15cc2aef772a.png,train,1,Mild
aptos:train/1_Mild/17eff993386f.png,aptos,17eff993386f,17eff993386f.png,A:\DR_classification\data\organized\aptos\train\1_Mild\17eff993386f.png,train/1_Mild/17eff993386f.png,train,1,Mild
aptos:train/1_Mild/19722bff5a09.png,aptos,19722bff5a09,19722bff5a09.png,A:\DR_classification\data\organized\aptos\train\1_Mild\19722bff5a09.png,train/1_Mild/19722bff5a09.png,train,1,Mild
aptos:train/1_Mild/1b329a127307.png,aptos,1b329a127307,1b329a127307.png,A:\DR_classification\data\organized\aptos\train\1_Mild\1b329a127307.png,train/1_Mild/1b329a127307.png,train,1,Mild
aptos:train/1_Mild/1bb0ddfe753a.png,aptos,1bb0ddfe753a,1bb0ddfe753a.png,A:\DR_classification\data\organized\aptos\train\1_Mild\1bb0ddfe753a.png,train/1_Mild/1bb0ddfe753a.png,train,1,Mild
aptos:train/1_Mild/1d11794057ff.png,aptos,1d11794057ff,1d11794057ff.png,A:\DR_classification\data\organized\aptos\train\1_Mild\1d11794057ff.png,train/1_Mild/1d11794057ff.png,train,1,Mild
aptos:train/1_Mild/1d674e2e32e0.png,aptos,1d674e2e32e0,1d674e2e32e0.png,A:\DR_classification\data\organized\aptos\train\1_Mild\1d674e2e32e0.png,train/1_Mild/1d674e2e32e0.png,train,1,Mild
aptos:train/1_Mild/1df3e03a8f5f.png,aptos,1df3e03a8f5f,1df3e03a8f5f.png,A:\DR_classification\data\organized\aptos\train\1_Mild\1df3e03a8f5f.png,train/1_Mild/1df3e03a8f5f.png,train,1,Mild
aptos:train/1_Mild/200d947f75db.png,aptos,200d947f75db,200d947f75db.png,A:\DR_classification\data\organized\aptos\train\1_Mild\200d947f75db.png,train/1_Mild/200d947f75db.png,train,1,Mild
aptos:train/1_Mild/22098b1fe461.png,aptos,22098b1fe461,22098b1fe461.png,A:\DR_classification\data\organized\aptos\train\1_Mild\22098b1fe461.png,train/1_Mild/22098b1fe461.png,train,1,Mild
aptos:train/1_Mild/22325552a4e3.png,aptos,22325552a4e3,22325552a4e3.png,A:\DR_classification\data\organized\aptos\train\1_Mild\22325552a4e3.png,train/1_Mild/22325552a4e3.png,train,1,Mild
aptos:train/1_Mild/22a6da005395.png,aptos,22a6da005395,22a6da005395.png,A:\DR_classification\data\organized\aptos\train\1_Mild\22a6da005395.png,train/1_Mild/22a6da005395.png,train,1,Mild
aptos:train/1_Mild/248139c423c4.png,aptos,248139c423c4,248139c423c4.png,A:\DR_classification\data\organized\aptos\train\1_Mild\248139c423c4.png,train/1_Mild/248139c423c4.png,train,1,Mild
aptos:train/1_Mild/25e9fd872182.png,aptos,25e9fd872182,25e9fd872182.png,A:\DR_classification\data\organized\aptos\train\1_Mild\25e9fd872182.png,train/1_Mild/25e9fd872182.png,train,1,Mild
aptos:train/1_Mild/274f5029189b.png,aptos,274f5029189b,274f5029189b.png,A:\DR_classification\data\organized\aptos\train\1_Mild\274f5029189b.png,train/1_Mild/274f5029189b.png,train,1,Mild
aptos:train/1_Mild/27e4c800a449.png,aptos,27e4c800a449,27e4c800a449.png,A:\DR_classification\data\organized\aptos\train\1_Mild\27e4c800a449.png,train/1_Mild/27e4c800a449.png,train,1,Mild
aptos:train/1_Mild/2994f17f58a5.png,aptos,2994f17f58a5,2994f17f58a5.png,A:\DR_classification\data\organized\aptos\train\1_Mild\2994f17f58a5.png,train/1_Mild/2994f17f58a5.png,train,1,Mild
aptos:train/1_Mild/29b52f64d2db.png,aptos,29b52f64d2db,29b52f64d2db.png,A:\DR_classification\data\organized\aptos\train\1_Mild\29b52f64d2db.png,train/1_Mild/29b52f64d2db.png,train,1,Mild
aptos:train/1_Mild/2a08ed6bbcbc.png,aptos,2a08ed6bbcbc,2a08ed6bbcbc.png,A:\DR_classification\data\organized\aptos\train\1_Mild\2a08ed6bbcbc.png,train/1_Mild/2a08ed6bbcbc.png,train,1,Mild
aptos:train/1_Mild/2a8a9e957a6c.png,aptos,2a8a9e957a6c,2a8a9e957a6c.png,A:\DR_classification\data\organized\aptos\train\1_Mild\2a8a9e957a6c.png,train/1_Mild/2a8a9e957a6c.png,train,1,Mild
aptos:train/1_Mild/2d7666b8884f.png,aptos,2d7666b8884f,2d7666b8884f.png,A:\DR_classification\data\organized\aptos\train\1_Mild\2d7666b8884f.png,train/1_Mild/2d7666b8884f.png,train,1,Mild
aptos:train/1_Mild/2f2e1949ad56.png,aptos,2f2e1949ad56,2f2e1949ad56.png,A:\DR_classification\data\organized\aptos\train\1_Mild\2f2e1949ad56.png,train/1_Mild/2f2e1949ad56.png,train,1,Mild
aptos:train/1_Mild/31cb39681f6a.png,aptos,31cb39681f6a,31cb39681f6a.png,A:\DR_classification\data\organized\aptos\train\1_Mild\31cb39681f6a.png,train/1_Mild/31cb39681f6a.png,train,1,Mild
aptos:train/1_Mild/33ffddea8c6e.png,aptos,33ffddea8c6e,33ffddea8c6e.png,A:\DR_classification\data\organized\aptos\train\1_Mild\33ffddea8c6e.png,train/1_Mild/33ffddea8c6e.png,train,1,Mild
aptos:train/1_Mild/3461dc601cc2.png,aptos,3461dc601cc2,3461dc601cc2.png,A:\DR_classification\data\organized\aptos\train\1_Mild\3461dc601cc2.png,train/1_Mild/3461dc601cc2.png,train,1,Mild
aptos:train/1_Mild/358d2224de73.png,aptos,358d2224de73,358d2224de73.png,A:\DR_classification\data\organized\aptos\train\1_Mild\358d2224de73.png,train/1_Mild/358d2224de73.png,train,1,Mild
aptos:train/1_Mild/35d6c4c50072.png,aptos,35d6c4c50072,35d6c4c50072.png,A:\DR_classification\data\organized\aptos\train\1_Mild\35d6c4c50072.png,train/1_Mild/35d6c4c50072.png,train,1,Mild
aptos:train/1_Mild/365f8c01d994.png,aptos,365f8c01d994,365f8c01d994.png,A:\DR_classification\data\organized\aptos\train\1_Mild\365f8c01d994.png,train/1_Mild/365f8c01d994.png,train,1,Mild
aptos:train/1_Mild/36677b70b1ef.png,aptos,36677b70b1ef,36677b70b1ef.png,A:\DR_classification\data\organized\aptos\train\1_Mild\36677b70b1ef.png,train/1_Mild/36677b70b1ef.png,train,1,Mild
aptos:train/1_Mild/382752f6694a.png,aptos,382752f6694a,382752f6694a.png,A:\DR_classification\data\organized\aptos\train\1_Mild\382752f6694a.png,train/1_Mild/382752f6694a.png,train,1,Mild
aptos:train/1_Mild/38b9bb961847.png,aptos,38b9bb961847,38b9bb961847.png,A:\DR_classification\data\organized\aptos\train\1_Mild\38b9bb961847.png,train/1_Mild/38b9bb961847.png,train,1,Mild
aptos:train/1_Mild/38e0e28d35d3.png,aptos,38e0e28d35d3,38e0e28d35d3.png,A:\DR_classification\data\organized\aptos\train\1_Mild\38e0e28d35d3.png,train/1_Mild/38e0e28d35d3.png,train,1,Mild
aptos:train/1_Mild/3b73a3a4a734.png,aptos,3b73a3a4a734,3b73a3a4a734.png,A:\DR_classification\data\organized\aptos\train\1_Mild\3b73a3a4a734.png,train/1_Mild/3b73a3a4a734.png,train,1,Mild
aptos:train/1_Mild/3c72f580d4ba.png,aptos,3c72f580d4ba,3c72f580d4ba.png,A:\DR_classification\data\organized\aptos\train\1_Mild\3c72f580d4ba.png,train/1_Mild/3c72f580d4ba.png,train,1,Mild
aptos:train/1_Mild/3dbc90c7ee7d.png,aptos,3dbc90c7ee7d,3dbc90c7ee7d.png,A:\DR_classification\data\organized\aptos\train\1_Mild\3dbc90c7ee7d.png,train/1_Mild/3dbc90c7ee7d.png,train,1,Mild
aptos:train/1_Mild/3de8ad4151e1.png,aptos,3de8ad4151e1,3de8ad4151e1.png,A:\DR_classification\data\organized\aptos\train\1_Mild\3de8ad4151e1.png,train/1_Mild/3de8ad4151e1.png,train,1,Mild
aptos:train/1_Mild/3ee17aa12e46.png,aptos,3ee17aa12e46,3ee17aa12e46.png,A:\DR_classification\data\organized\aptos\train\1_Mild\3ee17aa12e46.png,train/1_Mild/3ee17aa12e46.png,train,1,Mild
aptos:train/1_Mild/4661006f3ba6.png,aptos,4661006f3ba6,4661006f3ba6.png,A:\DR_classification\data\organized\aptos\train\1_Mild\4661006f3ba6.png,train/1_Mild/4661006f3ba6.png,train,1,Mild
aptos:train/1_Mild/47d1603a555b.png,aptos,47d1603a555b,47d1603a555b.png,A:\DR_classification\data\organized\aptos\train\1_Mild\47d1603a555b.png,train/1_Mild/47d1603a555b.png,train,1,Mild
aptos:train/1_Mild/49386d603494.png,aptos,49386d603494,49386d603494.png,A:\DR_classification\data\organized\aptos\train\1_Mild\49386d603494.png,train/1_Mild/49386d603494.png,train,1,Mild
aptos:train/1_Mild/494fc9c745a3.png,aptos,494fc9c745a3,494fc9c745a3.png,A:\DR_classification\data\organized\aptos\train\1_Mild\494fc9c745a3.png,train/1_Mild/494fc9c745a3.png,train,1,Mild
aptos:train/1_Mild/495255c7492f.png,aptos,495255c7492f,495255c7492f.png,A:\DR_classification\data\organized\aptos\train\1_Mild\495255c7492f.png,train/1_Mild/495255c7492f.png,train,1,Mild
aptos:train/1_Mild/49c5e7f6b8d2.png,aptos,49c5e7f6b8d2,49c5e7f6b8d2.png,A:\DR_classification\data\organized\aptos\train\1_Mild\49c5e7f6b8d2.png,train/1_Mild/49c5e7f6b8d2.png,train,1,Mild
aptos:train/1_Mild/4aa07d720638.png,aptos,4aa07d720638,4aa07d720638.png,A:\DR_classification\data\organized\aptos\train\1_Mild\4aa07d720638.png,train/1_Mild/4aa07d720638.png,train,1,Mild
aptos:train/1_Mild/4c129470cec4.png,aptos,4c129470cec4,4c129470cec4.png,A:\DR_classification\data\organized\aptos\train\1_Mild\4c129470cec4.png,train/1_Mild/4c129470cec4.png,train,1,Mild
aptos:train/1_Mild/4c3c1ed09771.png,aptos,4c3c1ed09771,4c3c1ed09771.png,A:\DR_classification\data\organized\aptos\train\1_Mild\4c3c1ed09771.png,train/1_Mild/4c3c1ed09771.png,train,1,Mild
aptos:train/1_Mild/4e0656629d02.png,aptos,4e0656629d02,4e0656629d02.png,A:\DR_classification\data\organized\aptos\train\1_Mild\4e0656629d02.png,train/1_Mild/4e0656629d02.png,train,1,Mild
aptos:train/1_Mild/4e6071b73120.png,aptos,4e6071b73120,4e6071b73120.png,A:\DR_classification\data\organized\aptos\train\1_Mild\4e6071b73120.png,train/1_Mild/4e6071b73120.png,train,1,Mild
aptos:train/1_Mild/4e82c3c8d31f.png,aptos,4e82c3c8d31f,4e82c3c8d31f.png,A:\DR_classification\data\organized\aptos\train\1_Mild\4e82c3c8d31f.png,train/1_Mild/4e82c3c8d31f.png,train,1,Mild
aptos:train/1_Mild/4f7755e74a9e.png,aptos,4f7755e74a9e,4f7755e74a9e.png,A:\DR_classification\data\organized\aptos\train\1_Mild\4f7755e74a9e.png,train/1_Mild/4f7755e74a9e.png,train,1,Mild
aptos:train/1_Mild/4fa26d065ad3.png,aptos,4fa26d065ad3,4fa26d065ad3.png,A:\DR_classification\data\organized\aptos\train\1_Mild\4fa26d065ad3.png,train/1_Mild/4fa26d065ad3.png,train,1,Mild
aptos:train/1_Mild/50840c36f0b4.png,aptos,50840c36f0b4,50840c36f0b4.png,A:\DR_classification\data\organized\aptos\train\1_Mild\50840c36f0b4.png,train/1_Mild/50840c36f0b4.png,train,1,Mild
aptos:train/1_Mild/513b0a4651fa.png,aptos,513b0a4651fa,513b0a4651fa.png,A:\DR_classification\data\organized\aptos\train\1_Mild\513b0a4651fa.png,train/1_Mild/513b0a4651fa.png,train,1,Mild
aptos:train/1_Mild/523b3f0fc646.png,aptos,523b3f0fc646,523b3f0fc646.png,A:\DR_classification\data\organized\aptos\train\1_Mild\523b3f0fc646.png,train/1_Mild/523b3f0fc646.png,train,1,Mild
aptos:train/1_Mild/52ae917fcea4.png,aptos,52ae917fcea4,52ae917fcea4.png,A:\DR_classification\data\organized\aptos\train\1_Mild\52ae917fcea4.png,train/1_Mild/52ae917fcea4.png,train,1,Mild
aptos:train/1_Mild/531b39880c32.png,aptos,531b39880c32,531b39880c32.png,A:\DR_classification\data\organized\aptos\train\1_Mild\531b39880c32.png,train/1_Mild/531b39880c32.png,train,1,Mild
aptos:train/1_Mild/5347b4c8e9b3.png,aptos,5347b4c8e9b3,5347b4c8e9b3.png,A:\DR_classification\data\organized\aptos\train\1_Mild\5347b4c8e9b3.png,train/1_Mild/5347b4c8e9b3.png,train,1,Mild
aptos:train/1_Mild/53704c80f0d8.png,aptos,53704c80f0d8,53704c80f0d8.png,A:\DR_classification\data\organized\aptos\train\1_Mild\53704c80f0d8.png,train/1_Mild/53704c80f0d8.png,train,1,Mild
aptos:train/1_Mild/53f6c1c65c04.png,aptos,53f6c1c65c04,53f6c1c65c04.png,A:\DR_classification\data\organized\aptos\train\1_Mild\53f6c1c65c04.png,train/1_Mild/53f6c1c65c04.png,train,1,Mild
aptos:train/1_Mild/545df1bbcd61.png,aptos,545df1bbcd61,545df1bbcd61.png,A:\DR_classification\data\organized\aptos\train\1_Mild\545df1bbcd61.png,train/1_Mild/545df1bbcd61.png,train,1,Mild
aptos:train/1_Mild/5548a7961a3e.png,aptos,5548a7961a3e,5548a7961a3e.png,A:\DR_classification\data\organized\aptos\train\1_Mild\5548a7961a3e.png,train/1_Mild/5548a7961a3e.png,train,1,Mild
aptos:train/1_Mild/55eac26bd383.png,aptos,55eac26bd383,55eac26bd383.png,A:\DR_classification\data\organized\aptos\train\1_Mild\55eac26bd383.png,train/1_Mild/55eac26bd383.png,train,1,Mild
aptos:train/1_Mild/5633ced07d8e.png,aptos,5633ced07d8e,5633ced07d8e.png,A:\DR_classification\data\organized\aptos\train\1_Mild\5633ced07d8e.png,train/1_Mild/5633ced07d8e.png,train,1,Mild
aptos:train/1_Mild/5671eb95512b.png,aptos,5671eb95512b,5671eb95512b.png,A:\DR_classification\data\organized\aptos\train\1_Mild\5671eb95512b.png,train/1_Mild/5671eb95512b.png,train,1,Mild
aptos:train/1_Mild/5712e2aa73a2.png,aptos,5712e2aa73a2,5712e2aa73a2.png,A:\DR_classification\data\organized\aptos\train\1_Mild\5712e2aa73a2.png,train/1_Mild/5712e2aa73a2.png,train,1,Mild
aptos:train/1_Mild/5777ef74c9ec.png,aptos,5777ef74c9ec,5777ef74c9ec.png,A:\DR_classification\data\organized\aptos\train\1_Mild\5777ef74c9ec.png,train/1_Mild/5777ef74c9ec.png,train,1,Mild
aptos:train/1_Mild/578109578b46.png,aptos,578109578b46,578109578b46.png,A:\DR_classification\data\organized\aptos\train\1_Mild\578109578b46.png,train/1_Mild/578109578b46.png,train,1,Mild
aptos:train/1_Mild/58184d6fd087.png,aptos,58184d6fd087,58184d6fd087.png,A:\DR_classification\data\organized\aptos\train\1_Mild\58184d6fd087.png,train/1_Mild/58184d6fd087.png,train,1,Mild
aptos:train/1_Mild/582115961a3d.png,aptos,582115961a3d,582115961a3d.png,A:\DR_classification\data\organized\aptos\train\1_Mild\582115961a3d.png,train/1_Mild/582115961a3d.png,train,1,Mild
aptos:train/1_Mild/587146a55885.png,aptos,587146a55885,587146a55885.png,A:\DR_classification\data\organized\aptos\train\1_Mild\587146a55885.png,train/1_Mild/587146a55885.png,train,1,Mild
aptos:train/1_Mild/5a091e8cd95c.png,aptos,5a091e8cd95c,5a091e8cd95c.png,A:\DR_classification\data\organized\aptos\train\1_Mild\5a091e8cd95c.png,train/1_Mild/5a091e8cd95c.png,train,1,Mild
aptos:train/1_Mild/5b068765e846.png,aptos,5b068765e846,5b068765e846.png,A:\DR_classification\data\organized\aptos\train\1_Mild\5b068765e846.png,train/1_Mild/5b068765e846.png,train,1,Mild
aptos:train/1_Mild/5b0e53f53ef3.png,aptos,5b0e53f53ef3,5b0e53f53ef3.png,A:\DR_classification\data\organized\aptos\train\1_Mild\5b0e53f53ef3.png,train/1_Mild/5b0e53f53ef3.png,train,1,Mild
aptos:train/1_Mild/5b72ff04333d.png,aptos,5b72ff04333d,5b72ff04333d.png,A:\DR_classification\data\organized\aptos\train\1_Mild\5b72ff04333d.png,train/1_Mild/5b72ff04333d.png,train,1,Mild
aptos:train/1_Mild/5b804948e35f.png,aptos,5b804948e35f,5b804948e35f.png,A:\DR_classification\data\organized\aptos\train\1_Mild\5b804948e35f.png,train/1_Mild/5b804948e35f.png,train,1,Mild
aptos:train/1_Mild/5cab3ef4b31c.png,aptos,5cab3ef4b31c,5cab3ef4b31c.png,A:\DR_classification\data\organized\aptos\train\1_Mild\5cab3ef4b31c.png,train/1_Mild/5cab3ef4b31c.png,train,1,Mild
aptos:train/1_Mild/6028a575dc27.png,aptos,6028a575dc27,6028a575dc27.png,A:\DR_classification\data\organized\aptos\train\1_Mild\6028a575dc27.png,train/1_Mild/6028a575dc27.png,train,1,Mild
aptos:train/1_Mild/61bbe8db6f3a.png,aptos,61bbe8db6f3a,61bbe8db6f3a.png,A:\DR_classification\data\organized\aptos\train\1_Mild\61bbe8db6f3a.png,train/1_Mild/61bbe8db6f3a.png,train,1,Mild
aptos:train/1_Mild/63363410389a.png,aptos,63363410389a,63363410389a.png,A:\DR_classification\data\organized\aptos\train\1_Mild\63363410389a.png,train/1_Mild/63363410389a.png,train,1,Mild
aptos:train/1_Mild/64eb5a79dfdd.png,aptos,64eb5a79dfdd,64eb5a79dfdd.png,A:\DR_classification\data\organized\aptos\train\1_Mild\64eb5a79dfdd.png,train/1_Mild/64eb5a79dfdd.png,train,1,Mild
aptos:train/1_Mild/655cafb4c932.png,aptos,655cafb4c932,655cafb4c932.png,A:\DR_classification\data\organized\aptos\train\1_Mild\655cafb4c932.png,train/1_Mild/655cafb4c932.png,train,1,Mild
aptos:train/1_Mild/65e51e18242b.png,aptos,65e51e18242b,65e51e18242b.png,A:\DR_classification\data\organized\aptos\train\1_Mild\65e51e18242b.png,train/1_Mild/65e51e18242b.png,train,1,Mild
aptos:train/1_Mild/665ce639a331.png,aptos,665ce639a331,665ce639a331.png,A:\DR_classification\data\organized\aptos\train\1_Mild\665ce639a331.png,train/1_Mild/665ce639a331.png,train,1,Mild
aptos:train/1_Mild/66cd9c28e636.png,aptos,66cd9c28e636,66cd9c28e636.png,A:\DR_classification\data\organized\aptos\train\1_Mild\66cd9c28e636.png,train/1_Mild/66cd9c28e636.png,train,1,Mild
aptos:train/1_Mild/6762b2b48ea5.png,aptos,6762b2b48ea5,6762b2b48ea5.png,A:\DR_classification\data\organized\aptos\train\1_Mild\6762b2b48ea5.png,train/1_Mild/6762b2b48ea5.png,train,1,Mild
aptos:train/1_Mild/677f087cd697.png,aptos,677f087cd697,677f087cd697.png,A:\DR_classification\data\organized\aptos\train\1_Mild\677f087cd697.png,train/1_Mild/677f087cd697.png,train,1,Mild
aptos:train/1_Mild/67f5d89da548.png,aptos,67f5d89da548,67f5d89da548.png,A:\DR_classification\data\organized\aptos\train\1_Mild\67f5d89da548.png,train/1_Mild/67f5d89da548.png,train,1,Mild
aptos:train/1_Mild/68332fdcaa70.png,aptos,68332fdcaa70,68332fdcaa70.png,A:\DR_classification\data\organized\aptos\train\1_Mild\68332fdcaa70.png,train/1_Mild/68332fdcaa70.png,train,1,Mild
aptos:train/1_Mild/6c6efb6b1358.png,aptos,6c6efb6b1358,6c6efb6b1358.png,A:\DR_classification\data\organized\aptos\train\1_Mild\6c6efb6b1358.png,train/1_Mild/6c6efb6b1358.png,train,1,Mild
aptos:train/1_Mild/6cdd0f985270.png,aptos,6cdd0f985270,6cdd0f985270.png,A:\DR_classification\data\organized\aptos\train\1_Mild\6cdd0f985270.png,train/1_Mild/6cdd0f985270.png,train,1,Mild
aptos:train/1_Mild/6d292ca4c9ad.png,aptos,6d292ca4c9ad,6d292ca4c9ad.png,A:\DR_classification\data\organized\aptos\train\1_Mild\6d292ca4c9ad.png,train/1_Mild/6d292ca4c9ad.png,train,1,Mild
aptos:train/1_Mild/6ea07d19b4ce.png,aptos,6ea07d19b4ce,6ea07d19b4ce.png,A:\DR_classification\data\organized\aptos\train\1_Mild\6ea07d19b4ce.png,train/1_Mild/6ea07d19b4ce.png,train,1,Mild
aptos:train/1_Mild/7116128c65ab.png,aptos,7116128c65ab,7116128c65ab.png,A:\DR_classification\data\organized\aptos\train\1_Mild\7116128c65ab.png,train/1_Mild/7116128c65ab.png,train,1,Mild
aptos:train/1_Mild/71c1a3cdbe47.png,aptos,71c1a3cdbe47,71c1a3cdbe47.png,A:\DR_classification\data\organized\aptos\train\1_Mild\71c1a3cdbe47.png,train/1_Mild/71c1a3cdbe47.png,train,1,Mild
aptos:train/1_Mild/7335a2d43ada.png,aptos,7335a2d43ada,7335a2d43ada.png,A:\DR_classification\data\organized\aptos\train\1_Mild\7335a2d43ada.png,train/1_Mild/7335a2d43ada.png,train,1,Mild
aptos:train/1_Mild/7347f5133a6a.png,aptos,7347f5133a6a,7347f5133a6a.png,A:\DR_classification\data\organized\aptos\train\1_Mild\7347f5133a6a.png,train/1_Mild/7347f5133a6a.png,train,1,Mild
aptos:train/1_Mild/73881f55a3ec.png,aptos,73881f55a3ec,73881f55a3ec.png,A:\DR_classification\data\organized\aptos\train\1_Mild\73881f55a3ec.png,train/1_Mild/73881f55a3ec.png,train,1,Mild
aptos:train/1_Mild/7427dedafccf.png,aptos,7427dedafccf,7427dedafccf.png,A:\DR_classification\data\organized\aptos\train\1_Mild\7427dedafccf.png,train/1_Mild/7427dedafccf.png,train,1,Mild
aptos:train/1_Mild/756b0d6488bb.png,aptos,756b0d6488bb,756b0d6488bb.png,A:\DR_classification\data\organized\aptos\train\1_Mild\756b0d6488bb.png,train/1_Mild/756b0d6488bb.png,train,1,Mild
aptos:train/1_Mild/76be29bb30b2.png,aptos,76be29bb30b2,76be29bb30b2.png,A:\DR_classification\data\organized\aptos\train\1_Mild\76be29bb30b2.png,train/1_Mild/76be29bb30b2.png,train,1,Mild
aptos:train/1_Mild/7b20210d9120.png,aptos,7b20210d9120,7b20210d9120.png,A:\DR_classification\data\organized\aptos\train\1_Mild\7b20210d9120.png,train/1_Mild/7b20210d9120.png,train,1,Mild
aptos:train/1_Mild/7ccb267fd394.png,aptos,7ccb267fd394,7ccb267fd394.png,A:\DR_classification\data\organized\aptos\train\1_Mild\7ccb267fd394.png,train/1_Mild/7ccb267fd394.png,train,1,Mild
aptos:train/1_Mild/7ea756985353.png,aptos,7ea756985353,7ea756985353.png,A:\DR_classification\data\organized\aptos\train\1_Mild\7ea756985353.png,train/1_Mild/7ea756985353.png,train,1,Mild
aptos:train/1_Mild/7ef5ff774a48.png,aptos,7ef5ff774a48,7ef5ff774a48.png,A:\DR_classification\data\organized\aptos\train\1_Mild\7ef5ff774a48.png,train/1_Mild/7ef5ff774a48.png,train,1,Mild
aptos:train/1_Mild/80a02014b418.png,aptos,80a02014b418,80a02014b418.png,A:\DR_classification\data\organized\aptos\train\1_Mild\80a02014b418.png,train/1_Mild/80a02014b418.png,train,1,Mild
aptos:train/1_Mild/80d24897669f.png,aptos,80d24897669f,80d24897669f.png,A:\DR_classification\data\organized\aptos\train\1_Mild\80d24897669f.png,train/1_Mild/80d24897669f.png,train,1,Mild
aptos:train/1_Mild/8114d6a160df.png,aptos,8114d6a160df,8114d6a160df.png,A:\DR_classification\data\organized\aptos\train\1_Mild\8114d6a160df.png,train/1_Mild/8114d6a160df.png,train,1,Mild
aptos:train/1_Mild/821789e9053f.png,aptos,821789e9053f,821789e9053f.png,A:\DR_classification\data\organized\aptos\train\1_Mild\821789e9053f.png,train/1_Mild/821789e9053f.png,train,1,Mild
aptos:train/1_Mild/8273fdb4405e.png,aptos,8273fdb4405e,8273fdb4405e.png,A:\DR_classification\data\organized\aptos\train\1_Mild\8273fdb4405e.png,train/1_Mild/8273fdb4405e.png,train,1,Mild
aptos:train/1_Mild/82ac8463fadd.png,aptos,82ac8463fadd,82ac8463fadd.png,A:\DR_classification\data\organized\aptos\train\1_Mild\82ac8463fadd.png,train/1_Mild/82ac8463fadd.png,train,1,Mild
aptos:train/1_Mild/83e529e95b0e.png,aptos,83e529e95b0e,83e529e95b0e.png,A:\DR_classification\data\organized\aptos\train\1_Mild\83e529e95b0e.png,train/1_Mild/83e529e95b0e.png,train,1,Mild
aptos:train/1_Mild/84a72e15b23c.png,aptos,84a72e15b23c,84a72e15b23c.png,A:\DR_classification\data\organized\aptos\train\1_Mild\84a72e15b23c.png,train/1_Mild/84a72e15b23c.png,train,1,Mild
aptos:train/1_Mild/8676427e4625.png,aptos,8676427e4625,8676427e4625.png,A:\DR_classification\data\organized\aptos\train\1_Mild\8676427e4625.png,train/1_Mild/8676427e4625.png,train,1,Mild
aptos:train/1_Mild/89d9c071a56f.png,aptos,89d9c071a56f,89d9c071a56f.png,A:\DR_classification\data\organized\aptos\train\1_Mild\89d9c071a56f.png,train/1_Mild/89d9c071a56f.png,train,1,Mild
aptos:train/1_Mild/89ed6a0dd53f.png,aptos,89ed6a0dd53f,89ed6a0dd53f.png,A:\DR_classification\data\organized\aptos\train\1_Mild\89ed6a0dd53f.png,train/1_Mild/89ed6a0dd53f.png,train,1,Mild
aptos:train/1_Mild/8a01daa423f7.png,aptos,8a01daa423f7,8a01daa423f7.png,A:\DR_classification\data\organized\aptos\train\1_Mild\8a01daa423f7.png,train/1_Mild/8a01daa423f7.png,train,1,Mild
aptos:train/1_Mild/8a25a080f28f.png,aptos,8a25a080f28f,8a25a080f28f.png,A:\DR_classification\data\organized\aptos\train\1_Mild\8a25a080f28f.png,train/1_Mild/8a25a080f28f.png,train,1,Mild
aptos:train/1_Mild/8bbd7835e9aa.png,aptos,8bbd7835e9aa,8bbd7835e9aa.png,A:\DR_classification\data\organized\aptos\train\1_Mild\8bbd7835e9aa.png,train/1_Mild/8bbd7835e9aa.png,train,1,Mild
aptos:train/1_Mild/8c2f0f04e1ed.png,aptos,8c2f0f04e1ed,8c2f0f04e1ed.png,A:\DR_classification\data\organized\aptos\train\1_Mild\8c2f0f04e1ed.png,train/1_Mild/8c2f0f04e1ed.png,train,1,Mild
aptos:train/1_Mild/8dc22e65c06f.png,aptos,8dc22e65c06f,8dc22e65c06f.png,A:\DR_classification\data\organized\aptos\train\1_Mild\8dc22e65c06f.png,train/1_Mild/8dc22e65c06f.png,train,1,Mild
aptos:train/1_Mild/8fc09fecd22f.png,aptos,8fc09fecd22f,8fc09fecd22f.png,A:\DR_classification\data\organized\aptos\train\1_Mild\8fc09fecd22f.png,train/1_Mild/8fc09fecd22f.png,train,1,Mild
aptos:train/1_Mild/8ff863f8874f.png,aptos,8ff863f8874f,8ff863f8874f.png,A:\DR_classification\data\organized\aptos\train\1_Mild\8ff863f8874f.png,train/1_Mild/8ff863f8874f.png,train,1,Mild
aptos:train/1_Mild/93be637084a2.png,aptos,93be637084a2,93be637084a2.png,A:\DR_classification\data\organized\aptos\train\1_Mild\93be637084a2.png,train/1_Mild/93be637084a2.png,train,1,Mild
aptos:train/1_Mild/94111ed3d276.png,aptos,94111ed3d276,94111ed3d276.png,A:\DR_classification\data\organized\aptos\train\1_Mild\94111ed3d276.png,train/1_Mild/94111ed3d276.png,train,1,Mild
aptos:train/1_Mild/944a233fbf8e.png,aptos,944a233fbf8e,944a233fbf8e.png,A:\DR_classification\data\organized\aptos\train\1_Mild\944a233fbf8e.png,train/1_Mild/944a233fbf8e.png,train,1,Mild
aptos:train/1_Mild/95a4cc805c7b.png,aptos,95a4cc805c7b,95a4cc805c7b.png,A:\DR_classification\data\organized\aptos\train\1_Mild\95a4cc805c7b.png,train/1_Mild/95a4cc805c7b.png,train,1,Mild
aptos:train/1_Mild/977e1ca77653.png,aptos,977e1ca77653,977e1ca77653.png,A:\DR_classification\data\organized\aptos\train\1_Mild\977e1ca77653.png,train/1_Mild/977e1ca77653.png,train,1,Mild
aptos:train/1_Mild/9782c0489eca.png,aptos,9782c0489eca,9782c0489eca.png,A:\DR_classification\data\organized\aptos\train\1_Mild\9782c0489eca.png,train/1_Mild/9782c0489eca.png,train,1,Mild
aptos:train/1_Mild/98fbe56dcc2c.png,aptos,98fbe56dcc2c,98fbe56dcc2c.png,A:\DR_classification\data\organized\aptos\train\1_Mild\98fbe56dcc2c.png,train/1_Mild/98fbe56dcc2c.png,train,1,Mild
aptos:train/1_Mild/99132193eaa0.png,aptos,99132193eaa0,99132193eaa0.png,A:\DR_classification\data\organized\aptos\train\1_Mild\99132193eaa0.png,train/1_Mild/99132193eaa0.png,train,1,Mild
aptos:train/1_Mild/99ecdb41d5e7.png,aptos,99ecdb41d5e7,99ecdb41d5e7.png,A:\DR_classification\data\organized\aptos\train\1_Mild\99ecdb41d5e7.png,train/1_Mild/99ecdb41d5e7.png,train,1,Mild
aptos:train/1_Mild/9ed666e982cd.png,aptos,9ed666e982cd,9ed666e982cd.png,A:\DR_classification\data\organized\aptos\train\1_Mild\9ed666e982cd.png,train/1_Mild/9ed666e982cd.png,train,1,Mild
aptos:train/1_Mild/a00b4cb250a7.png,aptos,a00b4cb250a7,a00b4cb250a7.png,A:\DR_classification\data\organized\aptos\train\1_Mild\a00b4cb250a7.png,train/1_Mild/a00b4cb250a7.png,train,1,Mild
aptos:train/1_Mild/a01024054596.png,aptos,a01024054596,a01024054596.png,A:\DR_classification\data\organized\aptos\train\1_Mild\a01024054596.png,train/1_Mild/a01024054596.png,train,1,Mild
aptos:train/1_Mild/a19ecd0a706e.png,aptos,a19ecd0a706e,a19ecd0a706e.png,A:\DR_classification\data\organized\aptos\train\1_Mild\a19ecd0a706e.png,train/1_Mild/a19ecd0a706e.png,train,1,Mild
aptos:train/1_Mild/a2696f444ecb.png,aptos,a2696f444ecb,a2696f444ecb.png,A:\DR_classification\data\organized\aptos\train\1_Mild\a2696f444ecb.png,train/1_Mild/a2696f444ecb.png,train,1,Mild
aptos:train/1_Mild/a28bfb772f50.png,aptos,a28bfb772f50,a28bfb772f50.png,A:\DR_classification\data\organized\aptos\train\1_Mild\a28bfb772f50.png,train/1_Mild/a28bfb772f50.png,train,1,Mild
aptos:train/1_Mild/a32886cb31ab.png,aptos,a32886cb31ab,a32886cb31ab.png,A:\DR_classification\data\organized\aptos\train\1_Mild\a32886cb31ab.png,train/1_Mild/a32886cb31ab.png,train,1,Mild
aptos:train/1_Mild/a3d2a0c4cd17.png,aptos,a3d2a0c4cd17,a3d2a0c4cd17.png,A:\DR_classification\data\organized\aptos\train\1_Mild\a3d2a0c4cd17.png,train/1_Mild/a3d2a0c4cd17.png,train,1,Mild
aptos:train/1_Mild/a443c4fd489c.png,aptos,a443c4fd489c,a443c4fd489c.png,A:\DR_classification\data\organized\aptos\train\1_Mild\a443c4fd489c.png,train/1_Mild/a443c4fd489c.png,train,1,Mild
aptos:train/1_Mild/a77dbec966d4.png,aptos,a77dbec966d4,a77dbec966d4.png,A:\DR_classification\data\organized\aptos\train\1_Mild\a77dbec966d4.png,train/1_Mild/a77dbec966d4.png,train,1,Mild
aptos:train/1_Mild/a7ec056502e7.png,aptos,a7ec056502e7,a7ec056502e7.png,A:\DR_classification\data\organized\aptos\train\1_Mild\a7ec056502e7.png,train/1_Mild/a7ec056502e7.png,train,1,Mild
aptos:train/1_Mild/a8c950a99107.png,aptos,a8c950a99107,a8c950a99107.png,A:\DR_classification\data\organized\aptos\train\1_Mild\a8c950a99107.png,train/1_Mild/a8c950a99107.png,train,1,Mild
aptos:train/1_Mild/ababe19ed448.png,aptos,ababe19ed448,ababe19ed448.png,A:\DR_classification\data\organized\aptos\train\1_Mild\ababe19ed448.png,train/1_Mild/ababe19ed448.png,train,1,Mild
aptos:train/1_Mild/abdb365cacbc.png,aptos,abdb365cacbc,abdb365cacbc.png,A:\DR_classification\data\organized\aptos\train\1_Mild\abdb365cacbc.png,train/1_Mild/abdb365cacbc.png,train,1,Mild
aptos:train/1_Mild/ad1f7445b1a8.png,aptos,ad1f7445b1a8,ad1f7445b1a8.png,A:\DR_classification\data\organized\aptos\train\1_Mild\ad1f7445b1a8.png,train/1_Mild/ad1f7445b1a8.png,train,1,Mild
aptos:train/1_Mild/ad3fc5076852.png,aptos,ad3fc5076852,ad3fc5076852.png,A:\DR_classification\data\organized\aptos\train\1_Mild\ad3fc5076852.png,train/1_Mild/ad3fc5076852.png,train,1,Mild
aptos:train/1_Mild/ae8472f8d310.png,aptos,ae8472f8d310,ae8472f8d310.png,A:\DR_classification\data\organized\aptos\train\1_Mild\ae8472f8d310.png,train/1_Mild/ae8472f8d310.png,train,1,Mild
aptos:train/1_Mild/af133a85ea0c.png,aptos,af133a85ea0c,af133a85ea0c.png,A:\DR_classification\data\organized\aptos\train\1_Mild\af133a85ea0c.png,train/1_Mild/af133a85ea0c.png,train,1,Mild
aptos:train/1_Mild/b07bc463b718.png,aptos,b07bc463b718,b07bc463b718.png,A:\DR_classification\data\organized\aptos\train\1_Mild\b07bc463b718.png,train/1_Mild/b07bc463b718.png,train,1,Mild
aptos:train/1_Mild/b22354b5f94b.png,aptos,b22354b5f94b,b22354b5f94b.png,A:\DR_classification\data\organized\aptos\train\1_Mild\b22354b5f94b.png,train/1_Mild/b22354b5f94b.png,train,1,Mild
aptos:train/1_Mild/b4f41b5bf0ef.png,aptos,b4f41b5bf0ef,b4f41b5bf0ef.png,A:\DR_classification\data\organized\aptos\train\1_Mild\b4f41b5bf0ef.png,train/1_Mild/b4f41b5bf0ef.png,train,1,Mild
aptos:train/1_Mild/b56340f472d2.png,aptos,b56340f472d2,b56340f472d2.png,A:\DR_classification\data\organized\aptos\train\1_Mild\b56340f472d2.png,train/1_Mild/b56340f472d2.png,train,1,Mild
aptos:train/1_Mild/b576c5269ad1.png,aptos,b576c5269ad1,b576c5269ad1.png,A:\DR_classification\data\organized\aptos\train\1_Mild\b576c5269ad1.png,train/1_Mild/b576c5269ad1.png,train,1,Mild
aptos:train/1_Mild/b6a0e348a01e.png,aptos,b6a0e348a01e,b6a0e348a01e.png,A:\DR_classification\data\organized\aptos\train\1_Mild\b6a0e348a01e.png,train/1_Mild/b6a0e348a01e.png,train,1,Mild
aptos:train/1_Mild/b7278b4f2448.png,aptos,b7278b4f2448,b7278b4f2448.png,A:\DR_classification\data\organized\aptos\train\1_Mild\b7278b4f2448.png,train/1_Mild/b7278b4f2448.png,train,1,Mild
aptos:train/1_Mild/b9b99dad668d.png,aptos,b9b99dad668d,b9b99dad668d.png,A:\DR_classification\data\organized\aptos\train\1_Mild\b9b99dad668d.png,train/1_Mild/b9b99dad668d.png,train,1,Mild
aptos:train/1_Mild/bb783d8e496f.png,aptos,bb783d8e496f,bb783d8e496f.png,A:\DR_classification\data\organized\aptos\train\1_Mild\bb783d8e496f.png,train/1_Mild/bb783d8e496f.png,train,1,Mild
aptos:train/1_Mild/bb9a3d835a94.png,aptos,bb9a3d835a94,bb9a3d835a94.png,A:\DR_classification\data\organized\aptos\train\1_Mild\bb9a3d835a94.png,train/1_Mild/bb9a3d835a94.png,train,1,Mild
aptos:train/1_Mild/bc73ce76ec43.png,aptos,bc73ce76ec43,bc73ce76ec43.png,A:\DR_classification\data\organized\aptos\train\1_Mild\bc73ce76ec43.png,train/1_Mild/bc73ce76ec43.png,train,1,Mild
aptos:train/1_Mild/bebb3f167654.png,aptos,bebb3f167654,bebb3f167654.png,A:\DR_classification\data\organized\aptos\train\1_Mild\bebb3f167654.png,train/1_Mild/bebb3f167654.png,train,1,Mild
aptos:train/1_Mild/bf18ff30a8f6.png,aptos,bf18ff30a8f6,bf18ff30a8f6.png,A:\DR_classification\data\organized\aptos\train\1_Mild\bf18ff30a8f6.png,train/1_Mild/bf18ff30a8f6.png,train,1,Mild
aptos:train/1_Mild/c0968d41eb93.png,aptos,c0968d41eb93,c0968d41eb93.png,A:\DR_classification\data\organized\aptos\train\1_Mild\c0968d41eb93.png,train/1_Mild/c0968d41eb93.png,train,1,Mild
aptos:train/1_Mild/c0e15e8e2b46.png,aptos,c0e15e8e2b46,c0e15e8e2b46.png,A:\DR_classification\data\organized\aptos\train\1_Mild\c0e15e8e2b46.png,train/1_Mild/c0e15e8e2b46.png,train,1,Mild
aptos:train/1_Mild/c0f15fe3b4b7.png,aptos,c0f15fe3b4b7,c0f15fe3b4b7.png,A:\DR_classification\data\organized\aptos\train\1_Mild\c0f15fe3b4b7.png,train/1_Mild/c0f15fe3b4b7.png,train,1,Mild
aptos:train/1_Mild/c102db7634d8.png,aptos,c102db7634d8,c102db7634d8.png,A:\DR_classification\data\organized\aptos\train\1_Mild\c102db7634d8.png,train/1_Mild/c102db7634d8.png,train,1,Mild
aptos:train/1_Mild/c1e6fa1ad314.png,aptos,c1e6fa1ad314,c1e6fa1ad314.png,A:\DR_classification\data\organized\aptos\train\1_Mild\c1e6fa1ad314.png,train/1_Mild/c1e6fa1ad314.png,train,1,Mild
aptos:train/1_Mild/c1ebe785503a.png,aptos,c1ebe785503a,c1ebe785503a.png,A:\DR_classification\data\organized\aptos\train\1_Mild\c1ebe785503a.png,train/1_Mild/c1ebe785503a.png,train,1,Mild
aptos:train/1_Mild/c739ff9580d3.png,aptos,c739ff9580d3,c739ff9580d3.png,A:\DR_classification\data\organized\aptos\train\1_Mild\c739ff9580d3.png,train/1_Mild/c739ff9580d3.png,train,1,Mild
aptos:train/1_Mild/c7b622ec8104.png,aptos,c7b622ec8104,c7b622ec8104.png,A:\DR_classification\data\organized\aptos\train\1_Mild\c7b622ec8104.png,train/1_Mild/c7b622ec8104.png,train,1,Mild
aptos:train/1_Mild/c8fc0df22999.png,aptos,c8fc0df22999,c8fc0df22999.png,A:\DR_classification\data\organized\aptos\train\1_Mild\c8fc0df22999.png,train/1_Mild/c8fc0df22999.png,train,1,Mild
aptos:train/1_Mild/c96f743915b5.png,aptos,c96f743915b5,c96f743915b5.png,A:\DR_classification\data\organized\aptos\train\1_Mild\c96f743915b5.png,train/1_Mild/c96f743915b5.png,train,1,Mild
aptos:train/1_Mild/ca1036496659.png,aptos,ca1036496659,ca1036496659.png,A:\DR_classification\data\organized\aptos\train\1_Mild\ca1036496659.png,train/1_Mild/ca1036496659.png,train,1,Mild
aptos:train/1_Mild/ca30a97e9d13.png,aptos,ca30a97e9d13,ca30a97e9d13.png,A:\DR_classification\data\organized\aptos\train\1_Mild\ca30a97e9d13.png,train/1_Mild/ca30a97e9d13.png,train,1,Mild
aptos:train/1_Mild/ca7140ecf389.png,aptos,ca7140ecf389,ca7140ecf389.png,A:\DR_classification\data\organized\aptos\train\1_Mild\ca7140ecf389.png,train/1_Mild/ca7140ecf389.png,train,1,Mild
aptos:train/1_Mild/cab3dfa7962d.png,aptos,cab3dfa7962d,cab3dfa7962d.png,A:\DR_classification\data\organized\aptos\train\1_Mild\cab3dfa7962d.png,train/1_Mild/cab3dfa7962d.png,train,1,Mild
aptos:train/1_Mild/cae51154e1ce.png,aptos,cae51154e1ce,cae51154e1ce.png,A:\DR_classification\data\organized\aptos\train\1_Mild\cae51154e1ce.png,train/1_Mild/cae51154e1ce.png,train,1,Mild
aptos:train/1_Mild/cc9270f06b65.png,aptos,cc9270f06b65,cc9270f06b65.png,A:\DR_classification\data\organized\aptos\train\1_Mild\cc9270f06b65.png,train/1_Mild/cc9270f06b65.png,train,1,Mild
aptos:train/1_Mild/cd45bfa07d41.png,aptos,cd45bfa07d41,cd45bfa07d41.png,A:\DR_classification\data\organized\aptos\train\1_Mild\cd45bfa07d41.png,train/1_Mild/cd45bfa07d41.png,train,1,Mild
aptos:train/1_Mild/cd5714db652d.png,aptos,cd5714db652d,cd5714db652d.png,A:\DR_classification\data\organized\aptos\train\1_Mild\cd5714db652d.png,train/1_Mild/cd5714db652d.png,train,1,Mild
aptos:train/1_Mild/cf0575534cec.png,aptos,cf0575534cec,cf0575534cec.png,A:\DR_classification\data\organized\aptos\train\1_Mild\cf0575534cec.png,train/1_Mild/cf0575534cec.png,train,1,Mild
aptos:train/1_Mild/cf603a9ef2d5.png,aptos,cf603a9ef2d5,cf603a9ef2d5.png,A:\DR_classification\data\organized\aptos\train\1_Mild\cf603a9ef2d5.png,train/1_Mild/cf603a9ef2d5.png,train,1,Mild
aptos:train/1_Mild/d06ccd0cf4b8.png,aptos,d06ccd0cf4b8,d06ccd0cf4b8.png,A:\DR_classification\data\organized\aptos\train\1_Mild\d06ccd0cf4b8.png,train/1_Mild/d06ccd0cf4b8.png,train,1,Mild
aptos:train/1_Mild/d0d59ed675b5.png,aptos,d0d59ed675b5,d0d59ed675b5.png,A:\DR_classification\data\organized\aptos\train\1_Mild\d0d59ed675b5.png,train/1_Mild/d0d59ed675b5.png,train,1,Mild
aptos:train/1_Mild/d3de0d313d61.png,aptos,d3de0d313d61,d3de0d313d61.png,A:\DR_classification\data\organized\aptos\train\1_Mild\d3de0d313d61.png,train/1_Mild/d3de0d313d61.png,train,1,Mild
aptos:train/1_Mild/d66b6f333dc7.png,aptos,d66b6f333dc7,d66b6f333dc7.png,A:\DR_classification\data\organized\aptos\train\1_Mild\d66b6f333dc7.png,train/1_Mild/d66b6f333dc7.png,train,1,Mild
aptos:train/1_Mild/d6e26fe51dce.png,aptos,d6e26fe51dce,d6e26fe51dce.png,A:\DR_classification\data\organized\aptos\train\1_Mild\d6e26fe51dce.png,train/1_Mild/d6e26fe51dce.png,train,1,Mild
aptos:train/1_Mild/d85588ff2ebd.png,aptos,d85588ff2ebd,d85588ff2ebd.png,A:\DR_classification\data\organized\aptos\train\1_Mild\d85588ff2ebd.png,train/1_Mild/d85588ff2ebd.png,train,1,Mild
aptos:train/1_Mild/d85d052900b4.png,aptos,d85d052900b4,d85d052900b4.png,A:\DR_classification\data\organized\aptos\train\1_Mild\d85d052900b4.png,train/1_Mild/d85d052900b4.png,train,1,Mild
aptos:train/1_Mild/da1fb35f5df9.png,aptos,da1fb35f5df9,da1fb35f5df9.png,A:\DR_classification\data\organized\aptos\train\1_Mild\da1fb35f5df9.png,train/1_Mild/da1fb35f5df9.png,train,1,Mild
aptos:train/1_Mild/db4ed1e07aa3.png,aptos,db4ed1e07aa3,db4ed1e07aa3.png,A:\DR_classification\data\organized\aptos\train\1_Mild\db4ed1e07aa3.png,train/1_Mild/db4ed1e07aa3.png,train,1,Mild
aptos:train/1_Mild/db690e2d02f8.png,aptos,db690e2d02f8,db690e2d02f8.png,A:\DR_classification\data\organized\aptos\train\1_Mild\db690e2d02f8.png,train/1_Mild/db690e2d02f8.png,train,1,Mild
aptos:train/1_Mild/dbd062558b81.png,aptos,dbd062558b81,dbd062558b81.png,A:\DR_classification\data\organized\aptos\train\1_Mild\dbd062558b81.png,train/1_Mild/dbd062558b81.png,train,1,Mild
aptos:train/1_Mild/dd19428c3d29.png,aptos,dd19428c3d29,dd19428c3d29.png,A:\DR_classification\data\organized\aptos\train\1_Mild\dd19428c3d29.png,train/1_Mild/dd19428c3d29.png,train,1,Mild
aptos:train/1_Mild/e07045d7c5f7.png,aptos,e07045d7c5f7,e07045d7c5f7.png,A:\DR_classification\data\organized\aptos\train\1_Mild\e07045d7c5f7.png,train/1_Mild/e07045d7c5f7.png,train,1,Mild
aptos:train/1_Mild/e2a233493b90.png,aptos,e2a233493b90,e2a233493b90.png,A:\DR_classification\data\organized\aptos\train\1_Mild\e2a233493b90.png,train/1_Mild/e2a233493b90.png,train,1,Mild
aptos:train/1_Mild/e38f3a65b02b.png,aptos,e38f3a65b02b,e38f3a65b02b.png,A:\DR_classification\data\organized\aptos\train\1_Mild\e38f3a65b02b.png,train/1_Mild/e38f3a65b02b.png,train,1,Mild
aptos:train/1_Mild/e55188915f9d.png,aptos,e55188915f9d,e55188915f9d.png,A:\DR_classification\data\organized\aptos\train\1_Mild\e55188915f9d.png,train/1_Mild/e55188915f9d.png,train,1,Mild
aptos:train/1_Mild/e96bd80a8a53.png,aptos,e96bd80a8a53,e96bd80a8a53.png,A:\DR_classification\data\organized\aptos\train\1_Mild\e96bd80a8a53.png,train/1_Mild/e96bd80a8a53.png,train,1,Mild
aptos:train/1_Mild/ec4649213ccf.png,aptos,ec4649213ccf,ec4649213ccf.png,A:\DR_classification\data\organized\aptos\train\1_Mild\ec4649213ccf.png,train/1_Mild/ec4649213ccf.png,train,1,Mild
aptos:train/1_Mild/ee78ce914066.png,aptos,ee78ce914066,ee78ce914066.png,A:\DR_classification\data\organized\aptos\train\1_Mild\ee78ce914066.png,train/1_Mild/ee78ce914066.png,train,1,Mild
aptos:train/1_Mild/eeb231c3ef1f.png,aptos,eeb231c3ef1f,eeb231c3ef1f.png,A:\DR_classification\data\organized\aptos\train\1_Mild\eeb231c3ef1f.png,train/1_Mild/eeb231c3ef1f.png,train,1,Mild
aptos:train/1_Mild/eed4afc8ec83.png,aptos,eed4afc8ec83,eed4afc8ec83.png,A:\DR_classification\data\organized\aptos\train\1_Mild\eed4afc8ec83.png,train/1_Mild/eed4afc8ec83.png,train,1,Mild
aptos:train/1_Mild/ef8109305128.png,aptos,ef8109305128,ef8109305128.png,A:\DR_classification\data\organized\aptos\train\1_Mild\ef8109305128.png,train/1_Mild/ef8109305128.png,train,1,Mild
aptos:train/1_Mild/f0c13be90519.png,aptos,f0c13be90519,f0c13be90519.png,A:\DR_classification\data\organized\aptos\train\1_Mild\f0c13be90519.png,train/1_Mild/f0c13be90519.png,train,1,Mild
aptos:train/1_Mild/f481f76a6b75.png,aptos,f481f76a6b75,f481f76a6b75.png,A:\DR_classification\data\organized\aptos\train\1_Mild\f481f76a6b75.png,train/1_Mild/f481f76a6b75.png,train,1,Mild
aptos:train/1_Mild/f5650eb52640.png,aptos,f5650eb52640,f5650eb52640.png,A:\DR_classification\data\organized\aptos\train\1_Mild\f5650eb52640.png,train/1_Mild/f5650eb52640.png,train,1,Mild
aptos:train/1_Mild/f6f7dba7104d.png,aptos,f6f7dba7104d,f6f7dba7104d.png,A:\DR_classification\data\organized\aptos\train\1_Mild\f6f7dba7104d.png,train/1_Mild/f6f7dba7104d.png,train,1,Mild
aptos:train/1_Mild/f72ef9ceeaa8.png,aptos,f72ef9ceeaa8,f72ef9ceeaa8.png,A:\DR_classification\data\organized\aptos\train\1_Mild\f72ef9ceeaa8.png,train/1_Mild/f72ef9ceeaa8.png,train,1,Mild
aptos:train/1_Mild/fb6b8200b7f8.png,aptos,fb6b8200b7f8,fb6b8200b7f8.png,A:\DR_classification\data\organized\aptos\train\1_Mild\fb6b8200b7f8.png,train/1_Mild/fb6b8200b7f8.png,train,1,Mild
aptos:train/1_Mild/fe2df69676cf.png,aptos,fe2df69676cf,fe2df69676cf.png,A:\DR_classification\data\organized\aptos\train\1_Mild\fe2df69676cf.png,train/1_Mild/fe2df69676cf.png,train,1,Mild
aptos:train/1_Mild/fecf4c5ae84b.png,aptos,fecf4c5ae84b,fecf4c5ae84b.png,A:\DR_classification\data\organized\aptos\train\1_Mild\fecf4c5ae84b.png,train/1_Mild/fecf4c5ae84b.png,train,1,Mild
aptos:train/2_Moderate/000c1434d8d7.png,aptos,000c1434d8d7,000c1434d8d7.png,A:\DR_classification\data\organized\aptos\train\2_Moderate\000c1434d8d7.png,train/2_Moderate/000c1434d8d7.png,train,2,Moderate
aptos:train/2_Moderate/00a8624548a9.png,aptos,00a8624548a9,00a8624548a9.png,A:\DR_classification\data\organized\aptos\train\2_Moderate\00a8624548a9.png,train/2_Moderate/00a8624548a9.png,train,2,Moderate
aptos:train/2_Moderate/00e4ddff966a.png,aptos,00e4ddff966a,00e4ddff966a.png,A:\DR_classification\data\organized\aptos\train\2_Moderate\00e4ddff966a.png,train/2_Moderate/00e4ddff966a.png,train,2,Moderate
aptos:train/2_Moderate/012a242ac6ff.png,aptos,012a242ac6ff,012a242ac6ff.png,A:\DR_classification\data\organized\aptos\train\2_Moderate\012a242ac6ff.png,train/2_Moderate/012a242ac6ff.png,train,2,Moderate
aptos:train/2_Moderate/01c7808d901d.png,aptos,01c7808d901d,01c7808d901d.png,A:\DR_classification\data\organized\aptos\train\2_Moderate\01c7808d901d.png,train/2_Moderate/01c7808d901d.png,train,2,Moderate
aptos:train/2_Moderate/01eb826f6467.png,aptos,01eb826f6467,01eb826f6467.png,A:\DR_classification\data\organized\aptos\train\2_Moderate\01eb826f6467.png,train/2_Moderate/01eb826f6467.png,train,2,Moderate
aptos:train/2_Moderate/025a169a0bb0.png,aptos,025a169a0bb0,025a169a0bb0.png,A:\DR_classification\data\organized\aptos\train\2_Moderate\025a169a0bb0.png,train/2_Moderate/025a169a0bb0.png,train,2,Moderate
aptos:train/2_Moderate/026dcd9af143.png,aptos,026dcd9af143,026dcd9af143.png,A:\DR_classification\data\organized\aptos\train\2_Moderate\026dcd9af143.png,train/2_Moderate/026dcd9af143.png,train,2,Moderate
aptos:train/2_Moderate/032d7b0b4bf6.png,aptos,032d7b0b4bf6,032d7b0b4bf6.png,A:\DR_classification\data\organized\aptos\train\2_Moderate\032d7b0b4bf6.png,train/2_Moderate/032d7b0b4bf6.png,train,2,Moderate
aptos:train/2_Moderate/03676c71ed1b.png,aptos,03676c71ed1b,03676c71ed1b.png,A:\DR_classification\data\organized\aptos\train\2_Moderate\03676c71ed1b.png,train/2_Moderate/03676c71ed1b.png,train,2,Moderate
aptos:train/2_Moderate/0415fc68b176.png,aptos,0415fc68b176,0415fc68b176.png,A:\DR_classification\data\organized\aptos\train\2_Moderate\0415fc68b176.png,train/2_Moderate/0415fc68b176.png,train,2,Moderate
aptos:train/2_Moderate/041f09eec1e8.png,aptos,041f09eec1e8,041f09eec1e8.png,A:\DR_classification\data\organized\aptos\train\2_Moderate\041f09eec1e8.png,train/2_Moderate/041f09eec1e8.png,train,2,Moderate
aptos:train/2_Moderate/04d029cfb612.png,aptos,04d029cfb612,04d029cfb612.png,A:\DR_classification\data\organized\aptos\train\2_Moderate\04d029cfb612.png,train/2_Moderate/04d029cfb612.png,train,2,Moderate
aptos:train/2_Moderate/052d9a3fe55a.png,aptos,052d9a3fe55a,052d9a3fe55a.png,A:\DR_classification\data\organized\aptos\train\2_Moderate\052d9a3fe55a.png,train/2_Moderate/052d9a3fe55a.png,train,2,Moderate
aptos:train/2_Moderate/064af6592ba6.png,aptos,064af6592ba6,064af6592ba6.png,A:\DR_classification\data\organized\aptos\train\2_Moderate\064af6592ba6.png,train/2_Moderate/064af6592ba6.png,train,2,Moderate
aptos:train/2_Moderate/07083738b75e.png,aptos,07083738b75e,07083738b75e.png,A:\DR_classification\data\organized\aptos\train\2_Moderate\07083738b75e.png,train/2_Moderate/07083738b75e.png,train,2,Moderate
aptos:train/2_Moderate/07419eddd6be.png,aptos,07419eddd6be,07419eddd6be.png,A:\DR_classification\data\organized\aptos\train\2_Moderate\07419eddd6be.png,train/2_Moderate/07419eddd6be.png,train,2,Moderate
aptos:train/2_Moderate/07a3be30563b.png,aptos,07a3be30563b,07a3be30563b.png,A:\DR_classification\data\organized\aptos\train\2_Moderate\07a3be30563b.png,train/2_Moderate/07a3be30563b.png,train,2,Moderate
aptos:train/2_Moderate/07d8db76b301.png,aptos,07d8db76b301,07d8db76b301.png,A:\DR_classification\data\organized\aptos\train\2_Moderate\07d8db76b301.png,train/2_Moderate/07d8db76b301.png,train,2,Moderate
aptos:train/2_Moderate/08752092140d.png,aptos,08752092140d,08752092140d.png,A:\DR_classification\data\organized\aptos\train\2_Moderate\08752092140d.png,train/2_Moderate/08752092140d.png,train,2,Moderate
aptos:train/2_Moderate/08c17a2d95b7.png,aptos,08c17a2d95b7,08c17a2d95b7.png,A:\DR_classification\data\organized\aptos\train\2_Moderate\08c17a2d95b7.png,train/2_Moderate/08c17a2d95b7.png,train,2,Moderate
aptos:train/2_Moderate/094858f005ab.png,aptos,094858f005ab,094858f005ab.png,A:\DR_classification\data\organized\aptos\train\2_Moderate\094858f005ab.png,train/2_Moderate/094858f005ab.png,train,2,Moderate
aptos:train/2_Moderate/09eeafa9656a.png,aptos,09eeafa9656a,09eeafa9656a.png,A:\DR_classification\data\organized\aptos\train\2_Moderate\09eeafa9656a.png,train/2_Moderate/09eeafa9656a.png,train,2,Moderate
aptos:train/2_Moderate/0a1076183736.png,aptos,0a1076183736,0a1076183736.png,A:\DR_classification\data\organized\aptos\train\2_Moderate\0a1076183736.png,train/2_Moderate/0a1076183736.png,train,2,Moderate
aptos:train/2_Moderate/0a9ec1e99ce4.png,aptos,0a9ec1e99ce4,0a9ec1e99ce4.png,A:\DR_classification\data\organized\aptos\train\2_Moderate\0a9ec1e99ce4.png,train/2_Moderate/0a9ec1e99ce4.png,train,2,Moderate
aptos:train/2_Moderate/0afdfe5f422c.png,aptos,0afdfe5f422c,0afdfe5f422c.png,A:\DR_classification\data\organized\aptos\train\2_Moderate\0afdfe5f422c.png,train/2_Moderate/0afdfe5f422c.png,train,2,Moderate
aptos:train/2_Moderate/0c2e2369dfff.png,aptos,0c2e2369dfff,0c2e2369dfff.png,A:\DR_classification\data\organized\aptos\train\2_Moderate\0c2e2369dfff.png,train/2_Moderate/0c2e2369dfff.png,train,2,Moderate
aptos:train/2_Moderate/0c55d58bebaf.png,aptos,0c55d58bebaf,0c55d58bebaf.png,A:\DR_classification\data\organized\aptos\train\2_Moderate\0c55d58bebaf.png,train/2_Moderate/0c55d58bebaf.png,train,2,Moderate
aptos:train/2_Moderate/0c76fd494af6.png,aptos,0c76fd494af6,0c76fd494af6.png,A:\DR_classification\data\organized\aptos\train\2_Moderate\0c76fd494af6.png,train/2_Moderate/0c76fd494af6.png,train,2,Moderate
aptos:train/2_Moderate/0c7e82daf5a0.png,aptos,0c7e82daf5a0,0c7e82daf5a0.png,A:\DR_classification\data\organized\aptos\train\2_Moderate\0c7e82daf5a0.png,train/2_Moderate/0c7e82daf5a0.png,train,2,Moderate
aptos:train/2_Moderate/0ca0aee4d57e.png,aptos,0ca0aee4d57e,0ca0aee4d57e.png,A:\DR_classification\data\organized\aptos\train\2_Moderate\0ca0aee4d57e.png,train/2_Moderate/0ca0aee4d57e.png,train,2,Moderate
aptos:train/2_Moderate/0da09e3ce8f1.png,aptos,0da09e3ce8f1,0da09e3ce8f1.png,A:\DR_classification\data\organized\aptos\train\2_Moderate\0da09e3ce8f1.png,train/2_Moderate/0da09e3ce8f1.png,train,2,Moderate
aptos:train/2_Moderate/0dbaa09a458c.png,aptos,0dbaa09a458c,0dbaa09a458c.png,A:\DR_classification\data\organized\aptos\train\2_Moderate\0dbaa09a458c.png,train/2_Moderate/0dbaa09a458c.png,train,2,Moderate
aptos:train/2_Moderate/0eff8eacb2f7.png,aptos,0eff8eacb2f7,0eff8eacb2f7.png,A:\DR_classification\data\organized\aptos\train\2_Moderate\0eff8eacb2f7.png,train/2_Moderate/0eff8eacb2f7.png,train,2,Moderate
aptos:train/2_Moderate/0fb560f9adb2.png,aptos,0fb560f9adb2,0fb560f9adb2.png,A:\DR_classification\data\organized\aptos\train\2_Moderate\0fb560f9adb2.png,train/2_Moderate/0fb560f9adb2.png,train,2,Moderate
aptos:train/2_Moderate/0fffa73e2402.png,aptos,0fffa73e2402,0fffa73e2402.png,A:\DR_classification\data\organized\aptos\train\2_Moderate\0fffa73e2402.png,train/2_Moderate/0fffa73e2402.png,train,2,Moderate
aptos:train/2_Moderate/10ecc5292ab1.png,aptos,10ecc5292ab1,10ecc5292ab1.png,A:\DR_classification\data\organized\aptos\train\2_Moderate\10ecc5292ab1.png,train/2_Moderate/10ecc5292ab1.png,train,2,Moderate
aptos:train/2_Moderate/10eefba568dd.png,aptos,10eefba568dd,10eefba568dd.png,A:\DR_classification\data\organized\aptos\train\2_Moderate\10eefba568dd.png,train/2_Moderate/10eefba568dd.png,train,2,Moderate
aptos:train/2_Moderate/1120f6d08d95.png,aptos,1120f6d08d95,1120f6d08d95.png,A:\DR_classification\data\organized\aptos\train\2_Moderate\1120f6d08d95.png,train/2_Moderate/1120f6d08d95.png,train,2,Moderate
aptos:train/2_Moderate/115e42dd6a81.png,aptos,115e42dd6a81,115e42dd6a81.png,A:\DR_classification\data\organized\aptos\train\2_Moderate\115e42dd6a81.png,train/2_Moderate/115e42dd6a81.png,train,2,Moderate
aptos:train/2_Moderate/11b5c77fbf79.png,aptos,11b5c77fbf79,11b5c77fbf79.png,A:\DR_classification\data\organized\aptos\train\2_Moderate\11b5c77fbf79.png,train/2_Moderate/11b5c77fbf79.png,train,2,Moderate
aptos:train/2_Moderate/12025b34deb8.png,aptos,12025b34deb8,12025b34deb8.png,A:\DR_classification\data\organized\aptos\train\2_Moderate\12025b34deb8.png,train/2_Moderate/12025b34deb8.png,train,2,Moderate
aptos:train/2_Moderate/1269ab57c2e6.png,aptos,1269ab57c2e6,1269ab57c2e6.png,A:\DR_classification\data\organized\aptos\train\2_Moderate\1269ab57c2e6.png,train/2_Moderate/1269ab57c2e6.png,train,2,Moderate
aptos:train/2_Moderate/12a82fc7d73e.png,aptos,12a82fc7d73e,12a82fc7d73e.png,A:\DR_classification\data\organized\aptos\train\2_Moderate\12a82fc7d73e.png,train/2_Moderate/12a82fc7d73e.png,train,2,Moderate
aptos:train/2_Moderate/12e6e66c80a7.png,aptos,12e6e66c80a7,12e6e66c80a7.png,A:\DR_classification\data\organized\aptos\train\2_Moderate\12e6e66c80a7.png,train/2_Moderate/12e6e66c80a7.png,train,2,Moderate
aptos:train/2_Moderate/13063d1bc4ea.png,aptos,13063d1bc4ea,13063d1bc4ea.png,A:\DR_classification\data\organized\aptos\train\2_Moderate\13063d1bc4ea.png,train/2_Moderate/13063d1bc4ea.png,train,2,Moderate
aptos:train/2_Moderate/13d71389563f.png,aptos,13d71389563f,13d71389563f.png,A:\DR_classification\data\organized\aptos\train\2_Moderate\13d71389563f.png,train/2_Moderate/13d71389563f.png,train,2,Moderate
aptos:train/2_Moderate/1414128bead0.png,aptos,1414128bead0,1414128bead0.png,A:\DR_classification\data\organized\aptos\train\2_Moderate\1414128bead0.png,train/2_Moderate/1414128bead0.png,train,2,Moderate
aptos:train/2_Moderate/141735b57ec0.png,aptos,141735b57ec0,141735b57ec0.png,A:\DR_classification\data\organized\aptos\train\2_Moderate\141735b57ec0.png,train/2_Moderate/141735b57ec0.png,train,2,Moderate
aptos:train/2_Moderate/144a1a426137.png,aptos,144a1a426137,144a1a426137.png,A:\DR_classification\data\organized\aptos\train\2_Moderate\144a1a426137.png,train/2_Moderate/144a1a426137.png,train,2,Moderate
aptos:train/2_Moderate/144b01e7b993.png,aptos,144b01e7b993,144b01e7b993.png,A:\DR_classification\data\organized\aptos\train\2_Moderate\144b01e7b993.png,train/2_Moderate/144b01e7b993.png,train,2,Moderate
aptos:train/2_Moderate/14515b8f19b6.png,aptos,14515b8f19b6,14515b8f19b6.png,A:\DR_classification\data\organized\aptos\train\2_Moderate\14515b8f19b6.png,train/2_Moderate/14515b8f19b6.png,train,2,Moderate
aptos:train/2_Moderate/14ee87d6cc42.png,aptos,14ee87d6cc42,14ee87d6cc42.png,A:\DR_classification\data\organized\aptos\train\2_Moderate\14ee87d6cc42.png,train/2_Moderate/14ee87d6cc42.png,train,2,Moderate
aptos:train/2_Moderate/1541226c5d72.png,aptos,1541226c5d72,1541226c5d72.png,A:\DR_classification\data\organized\aptos\train\2_Moderate\1541226c5d72.png,train/2_Moderate/1541226c5d72.png,train,2,Moderate
aptos:train/2_Moderate/15528e740543.png,aptos,15528e740543,15528e740543.png,A:\DR_classification\data\organized\aptos\train\2_Moderate\15528e740543.png,train/2_Moderate/15528e740543.png,train,2,Moderate
aptos:train/2_Moderate/157d17349cc6.png,aptos,157d17349cc6,157d17349cc6.png,A:\DR_classification\data\organized\aptos\train\2_Moderate\157d17349cc6.png,train/2_Moderate/157d17349cc6.png,train,2,Moderate
aptos:train/2_Moderate/1594ca6c30d3.png,aptos,1594ca6c30d3,1594ca6c30d3.png,A:\DR_classification\data\organized\aptos\train\2_Moderate\1594ca6c30d3.png,train/2_Moderate/1594ca6c30d3.png,train,2,Moderate
aptos:train/2_Moderate/15cd5f52d300.png,aptos,15cd5f52d300,15cd5f52d300.png,A:\DR_classification\data\organized\aptos\train\2_Moderate\15cd5f52d300.png,train/2_Moderate/15cd5f52d300.png,train,2,Moderate
aptos:train/2_Moderate/17188c13e635.png,aptos,17188c13e635,17188c13e635.png,A:\DR_classification\data\organized\aptos\train\2_Moderate\17188c13e635.png,train/2_Moderate/17188c13e635.png,train,2,Moderate
aptos:train/2_Moderate/175dd560810a.png,aptos,175dd560810a,175dd560810a.png,A:\DR_classification\data\organized\aptos\train\2_Moderate\175dd560810a.png,train/2_Moderate/175dd560810a.png,train,2,Moderate
aptos:train/2_Moderate/17eb5d4ad740.png,aptos,17eb5d4ad740,17eb5d4ad740.png,A:\DR_classification\data\organized\aptos\train\2_Moderate\17eb5d4ad740.png,train/2_Moderate/17eb5d4ad740.png,train,2,Moderate
aptos:train/2_Moderate/180afe1d5ef7.png,aptos,180afe1d5ef7,180afe1d5ef7.png,A:\DR_classification\data\organized\aptos\train\2_Moderate\180afe1d5ef7.png,train/2_Moderate/180afe1d5ef7.png,train,2,Moderate
aptos:train/2_Moderate/18323d8f2470.png,aptos,18323d8f2470,18323d8f2470.png,A:\DR_classification\data\organized\aptos\train\2_Moderate\18323d8f2470.png,train/2_Moderate/18323d8f2470.png,train,2,Moderate
aptos:train/2_Moderate/1844a039b4ea.png,aptos,1844a039b4ea,1844a039b4ea.png,A:\DR_classification\data\organized\aptos\train\2_Moderate\1844a039b4ea.png,train/2_Moderate/1844a039b4ea.png,train,2,Moderate
aptos:train/2_Moderate/188a9323be03.png,aptos,188a9323be03,188a9323be03.png,A:\DR_classification\data\organized\aptos\train\2_Moderate\188a9323be03.png,train/2_Moderate/188a9323be03.png,train,2,Moderate
aptos:train/2_Moderate/18af532e7e1e.png,aptos,18af532e7e1e,18af532e7e1e.png,A:\DR_classification\data\organized\aptos\train\2_Moderate\18af532e7e1e.png,train/2_Moderate/18af532e7e1e.png,train,2,Moderate
aptos:train/2_Moderate/18d8fdb140b7.png,aptos,18d8fdb140b7,18d8fdb140b7.png,A:\DR_classification\data\organized\aptos\train\2_Moderate\18d8fdb140b7.png,train/2_Moderate/18d8fdb140b7.png,train,2,Moderate
aptos:train/2_Moderate/18f1f979d30d.png,aptos,18f1f979d30d,18f1f979d30d.png,A:\DR_classification\data\organized\aptos\train\2_Moderate\18f1f979d30d.png,train/2_Moderate/18f1f979d30d.png,train,2,Moderate
aptos:train/2_Moderate/191348830ddf.png,aptos,191348830ddf,191348830ddf.png,A:\DR_classification\data\organized\aptos\train\2_Moderate\191348830ddf.png,train/2_Moderate/191348830ddf.png,train,2,Moderate
aptos:train/2_Moderate/1943983492e5.png,aptos,1943983492e5,1943983492e5.png,A:\DR_classification\data\organized\aptos\train\2_Moderate\1943983492e5.png,train/2_Moderate/1943983492e5.png,train,2,Moderate
aptos:train/2_Moderate/1968183f0e61.png,aptos,1968183f0e61,1968183f0e61.png,A:\DR_classification\data\organized\aptos\train\2_Moderate\1968183f0e61.png,train/2_Moderate/1968183f0e61.png,train,2,Moderate
aptos:train/2_Moderate/1a1b4b2450ca.png,aptos,1a1b4b2450ca,1a1b4b2450ca.png,A:\DR_classification\data\organized\aptos\train\2_Moderate\1a1b4b2450ca.png,train/2_Moderate/1a1b4b2450ca.png,train,2,Moderate
aptos:train/2_Moderate/1a369baf9ee6.png,aptos,1a369baf9ee6,1a369baf9ee6.png,A:\DR_classification\data\organized\aptos\train\2_Moderate\1a369baf9ee6.png,train/2_Moderate/1a369baf9ee6.png,train,2,Moderate
aptos:train/2_Moderate/1b8ad0afe9fb.png,aptos,1b8ad0afe9fb,1b8ad0afe9fb.png,A:\DR_classification\data\organized\aptos\train\2_Moderate\1b8ad0afe9fb.png,train/2_Moderate/1b8ad0afe9fb.png,train,2,Moderate
aptos:train/2_Moderate/1bea04b2bb2d.png,aptos,1bea04b2bb2d,1bea04b2bb2d.png,A:\DR_classification\data\organized\aptos\train\2_Moderate\1bea04b2bb2d.png,train/2_Moderate/1bea04b2bb2d.png,train,2,Moderate
aptos:train/2_Moderate/1c578b72d7b3.png,aptos,1c578b72d7b3,1c578b72d7b3.png,A:\DR_classification\data\organized\aptos\train\2_Moderate\1c578b72d7b3.png,train/2_Moderate/1c578b72d7b3.png,train,2,Moderate
aptos:train/2_Moderate/1c5ad36fb799.png,aptos,1c5ad36fb799,1c5ad36fb799.png,A:\DR_classification\data\organized\aptos\train\2_Moderate\1c5ad36fb799.png,train/2_Moderate/1c5ad36fb799.png,train,2,Moderate
aptos:train/2_Moderate/1c5e6cdc7ee1.png,aptos,1c5e6cdc7ee1,1c5e6cdc7ee1.png,A:\DR_classification\data\organized\aptos\train\2_Moderate\1c5e6cdc7ee1.png,train/2_Moderate/1c5e6cdc7ee1.png,train,2,Moderate
aptos:train/2_Moderate/1cb814ed6332.png,aptos,1cb814ed6332,1cb814ed6332.png,A:\DR_classification\data\organized\aptos\train\2_Moderate\1cb814ed6332.png,train/2_Moderate/1cb814ed6332.png,train,2,Moderate
aptos:train/2_Moderate/1d14dd912671.png,aptos,1d14dd912671,1d14dd912671.png,A:\DR_classification\data\organized\aptos\train\2_Moderate\1d14dd912671.png,train/2_Moderate/1d14dd912671.png,train,2,Moderate
aptos:train/2_Moderate/1d55e689cf84.png,aptos,1d55e689cf84,1d55e689cf84.png,A:\DR_classification\data\organized\aptos\train\2_Moderate\1d55e689cf84.png,train/2_Moderate/1d55e689cf84.png,train,2,Moderate
aptos:train/2_Moderate/1db18bdd43aa.png,aptos,1db18bdd43aa,1db18bdd43aa.png,A:\DR_classification\data\organized\aptos\train\2_Moderate\1db18bdd43aa.png,train/2_Moderate/1db18bdd43aa.png,train,2,Moderate
aptos:train/2_Moderate/1dd9adcbfff4.png,aptos,1dd9adcbfff4,1dd9adcbfff4.png,A:\DR_classification\data\organized\aptos\train\2_Moderate\1dd9adcbfff4.png,train/2_Moderate/1dd9adcbfff4.png,train,2,Moderate
aptos:train/2_Moderate/1dfbede13143.png,aptos,1dfbede13143,1dfbede13143.png,A:\DR_classification\data\organized\aptos\train\2_Moderate\1dfbede13143.png,train/2_Moderate/1dfbede13143.png,train,2,Moderate
aptos:train/2_Moderate/1e1fb019710d.png,aptos,1e1fb019710d,1e1fb019710d.png,A:\DR_classification\data\organized\aptos\train\2_Moderate\1e1fb019710d.png,train/2_Moderate/1e1fb019710d.png,train,2,Moderate
aptos:train/2_Moderate/1e4650743fa2.png,aptos,1e4650743fa2,1e4650743fa2.png,A:\DR_classification\data\organized\aptos\train\2_Moderate\1e4650743fa2.png,train/2_Moderate/1e4650743fa2.png,train,2,Moderate
aptos:train/2_Moderate/1ee1eb7943db.png,aptos,1ee1eb7943db,1ee1eb7943db.png,A:\DR_classification\data\organized\aptos\train\2_Moderate\1ee1eb7943db.png,train/2_Moderate/1ee1eb7943db.png,train,2,Moderate
aptos:train/2_Moderate/1f0e223b8055.png,aptos,1f0e223b8055,1f0e223b8055.png,A:\DR_classification\data\organized\aptos\train\2_Moderate\1f0e223b8055.png,train/2_Moderate/1f0e223b8055.png,train,2,Moderate
aptos:train/2_Moderate/1f4bf8e28b41.png,aptos,1f4bf8e28b41,1f4bf8e28b41.png,A:\DR_classification\data\organized\aptos\train\2_Moderate\1f4bf8e28b41.png,train/2_Moderate/1f4bf8e28b41.png,train,2,Moderate
aptos:train/2_Moderate/1ffaa51a6245.png,aptos,1ffaa51a6245,1ffaa51a6245.png,A:\DR_classification\data\organized\aptos\train\2_Moderate\1ffaa51a6245.png,train/2_Moderate/1ffaa51a6245.png,train,2,Moderate
aptos:train/2_Moderate/203275daf46d.png,aptos,203275daf46d,203275daf46d.png,A:\DR_classification\data\organized\aptos\train\2_Moderate\203275daf46d.png,train/2_Moderate/203275daf46d.png,train,2,Moderate
aptos:train/2_Moderate/20404ec7b518.png,aptos,20404ec7b518,20404ec7b518.png,A:\DR_classification\data\organized\aptos\train\2_Moderate\20404ec7b518.png,train/2_Moderate/20404ec7b518.png,train,2,Moderate
aptos:train/2_Moderate/20688cb25704.png,aptos,20688cb25704,20688cb25704.png,A:\DR_classification\data\organized\aptos\train\2_Moderate\20688cb25704.png,train/2_Moderate/20688cb25704.png,train,2,Moderate
aptos:train/2_Moderate/207a580de0ea.png,aptos,207a580de0ea,207a580de0ea.png,A:\DR_classification\data\organized\aptos\train\2_Moderate\207a580de0ea.png,train/2_Moderate/207a580de0ea.png,train,2,Moderate
aptos:train/2_Moderate/20c883d3bd38.png,aptos,20c883d3bd38,20c883d3bd38.png,A:\DR_classification\data\organized\aptos\train\2_Moderate\20c883d3bd38.png,train/2_Moderate/20c883d3bd38.png,train,2,Moderate
aptos:train/2_Moderate/2131aa3a1e6f.png,aptos,2131aa3a1e6f,2131aa3a1e6f.png,A:\DR_classification\data\organized\aptos\train\2_Moderate\2131aa3a1e6f.png,train/2_Moderate/2131aa3a1e6f.png,train,2,Moderate
aptos:train/2_Moderate/217dad18a5ed.png,aptos,217dad18a5ed,217dad18a5ed.png,A:\DR_classification\data\organized\aptos\train\2_Moderate\217dad18a5ed.png,train/2_Moderate/217dad18a5ed.png,train,2,Moderate
aptos:train/2_Moderate/2241b7e90782.png,aptos,2241b7e90782,2241b7e90782.png,A:\DR_classification\data\organized\aptos\train\2_Moderate\2241b7e90782.png,train/2_Moderate/2241b7e90782.png,train,2,Moderate
aptos:train/2_Moderate/224bb938e2dd.png,aptos,224bb938e2dd,224bb938e2dd.png,A:\DR_classification\data\organized\aptos\train\2_Moderate\224bb938e2dd.png,train/2_Moderate/224bb938e2dd.png,train,2,Moderate
aptos:train/2_Moderate/23175b7ef453.png,aptos,23175b7ef453,23175b7ef453.png,A:\DR_classification\data\organized\aptos\train\2_Moderate\23175b7ef453.png,train/2_Moderate/23175b7ef453.png,train,2,Moderate
aptos:train/2_Moderate/239f2c348ea4.png,aptos,239f2c348ea4,239f2c348ea4.png,A:\DR_classification\data\organized\aptos\train\2_Moderate\239f2c348ea4.png,train/2_Moderate/239f2c348ea4.png,train,2,Moderate
aptos:train/2_Moderate/23fca0693e2a.png,aptos,23fca0693e2a,23fca0693e2a.png,A:\DR_classification\data\organized\aptos\train\2_Moderate\23fca0693e2a.png,train/2_Moderate/23fca0693e2a.png,train,2,Moderate
aptos:train/2_Moderate/246e4506824a.png,aptos,246e4506824a,246e4506824a.png,A:\DR_classification\data\organized\aptos\train\2_Moderate\246e4506824a.png,train/2_Moderate/246e4506824a.png,train,2,Moderate
aptos:train/2_Moderate/25002fe43f92.png,aptos,25002fe43f92,25002fe43f92.png,A:\DR_classification\data\organized\aptos\train\2_Moderate\25002fe43f92.png,train/2_Moderate/25002fe43f92.png,train,2,Moderate
aptos:train/2_Moderate/2532613a584a.png,aptos,2532613a584a,2532613a584a.png,A:\DR_classification\data\organized\aptos\train\2_Moderate\2532613a584a.png,train/2_Moderate/2532613a584a.png,train,2,Moderate
aptos:train/2_Moderate/261c6bd63bff.png,aptos,261c6bd63bff,261c6bd63bff.png,A:\DR_classification\data\organized\aptos\train\2_Moderate\261c6bd63bff.png,train/2_Moderate/261c6bd63bff.png,train,2,Moderate
aptos:train/2_Moderate/26453eb7e989.png,aptos,26453eb7e989,26453eb7e989.png,A:\DR_classification\data\organized\aptos\train\2_Moderate\26453eb7e989.png,train/2_Moderate/26453eb7e989.png,train,2,Moderate
aptos:train/2_Moderate/269f0792f11f.png,aptos,269f0792f11f,269f0792f11f.png,A:\DR_classification\data\organized\aptos\train\2_Moderate\269f0792f11f.png,train/2_Moderate/269f0792f11f.png,train,2,Moderate
aptos:train/2_Moderate/26e231747848.png,aptos,26e231747848,26e231747848.png,A:\DR_classification\data\organized\aptos\train\2_Moderate\26e231747848.png,train/2_Moderate/26e231747848.png,train,2,Moderate
aptos:train/2_Moderate/2700754f71e9.png,aptos,2700754f71e9,2700754f71e9.png,A:\DR_classification\data\organized\aptos\train\2_Moderate\2700754f71e9.png,train/2_Moderate/2700754f71e9.png,train,2,Moderate
aptos:train/2_Moderate/272d9c043c81.png,aptos,272d9c043c81,272d9c043c81.png,A:\DR_classification\data\organized\aptos\train\2_Moderate\272d9c043c81.png,train/2_Moderate/272d9c043c81.png,train,2,Moderate
aptos:train/2_Moderate/2776d70724d3.png,aptos,2776d70724d3,2776d70724d3.png,A:\DR_classification\data\organized\aptos\train\2_Moderate\2776d70724d3.png,train/2_Moderate/2776d70724d3.png,train,2,Moderate
aptos:train/2_Moderate/27b68863349f.png,aptos,27b68863349f,27b68863349f.png,A:\DR_classification\data\organized\aptos\train\2_Moderate\27b68863349f.png,train/2_Moderate/27b68863349f.png,train,2,Moderate
aptos:train/2_Moderate/27fca9f12b3c.png,aptos,27fca9f12b3c,27fca9f12b3c.png,A:\DR_classification\data\organized\aptos\train\2_Moderate\27fca9f12b3c.png,train/2_Moderate/27fca9f12b3c.png,train,2,Moderate
aptos:train/2_Moderate/28824d12d31d.png,aptos,28824d12d31d,28824d12d31d.png,A:\DR_classification\data\organized\aptos\train\2_Moderate\28824d12d31d.png,train/2_Moderate/28824d12d31d.png,train,2,Moderate
aptos:train/2_Moderate/28a4d00927b7.png,aptos,28a4d00927b7,28a4d00927b7.png,A:\DR_classification\data\organized\aptos\train\2_Moderate\28a4d00927b7.png,train/2_Moderate/28a4d00927b7.png,train,2,Moderate
aptos:train/2_Moderate/29580bed2f7d.png,aptos,29580bed2f7d,29580bed2f7d.png,A:\DR_classification\data\organized\aptos\train\2_Moderate\29580bed2f7d.png,train/2_Moderate/29580bed2f7d.png,train,2,Moderate
aptos:train/2_Moderate/295fdc964f6e.png,aptos,295fdc964f6e,295fdc964f6e.png,A:\DR_classification\data\organized\aptos\train\2_Moderate\295fdc964f6e.png,train/2_Moderate/295fdc964f6e.png,train,2,Moderate
aptos:train/2_Moderate/2967e578939f.png,aptos,2967e578939f,2967e578939f.png,A:\DR_classification\data\organized\aptos\train\2_Moderate\2967e578939f.png,train/2_Moderate/2967e578939f.png,train,2,Moderate
aptos:train/2_Moderate/29f44aea93a4.png,aptos,29f44aea93a4,29f44aea93a4.png,A:\DR_classification\data\organized\aptos\train\2_Moderate\29f44aea93a4.png,train/2_Moderate/29f44aea93a4.png,train,2,Moderate
aptos:train/2_Moderate/2a099b247b10.png,aptos,2a099b247b10,2a099b247b10.png,A:\DR_classification\data\organized\aptos\train\2_Moderate\2a099b247b10.png,train/2_Moderate/2a099b247b10.png,train,2,Moderate
aptos:train/2_Moderate/2a3378bcfbcc.png,aptos,2a3378bcfbcc,2a3378bcfbcc.png,A:\DR_classification\data\organized\aptos\train\2_Moderate\2a3378bcfbcc.png,train/2_Moderate/2a3378bcfbcc.png,train,2,Moderate
aptos:train/2_Moderate/2a3a1ed1c285.png,aptos,2a3a1ed1c285,2a3a1ed1c285.png,A:\DR_classification\data\organized\aptos\train\2_Moderate\2a3a1ed1c285.png,train/2_Moderate/2a3a1ed1c285.png,train,2,Moderate
aptos:train/2_Moderate/2af1bf226f51.png,aptos,2af1bf226f51,2af1bf226f51.png,A:\DR_classification\data\organized\aptos\train\2_Moderate\2af1bf226f51.png,train/2_Moderate/2af1bf226f51.png,train,2,Moderate
aptos:train/2_Moderate/2b07790a2422.png,aptos,2b07790a2422,2b07790a2422.png,A:\DR_classification\data\organized\aptos\train\2_Moderate\2b07790a2422.png,train/2_Moderate/2b07790a2422.png,train,2,Moderate
aptos:train/2_Moderate/2bd4d4fbed5c.png,aptos,2bd4d4fbed5c,2bd4d4fbed5c.png,A:\DR_classification\data\organized\aptos\train\2_Moderate\2bd4d4fbed5c.png,train/2_Moderate/2bd4d4fbed5c.png,train,2,Moderate
aptos:train/2_Moderate/2c1d5be654dd.png,aptos,2c1d5be654dd,2c1d5be654dd.png,A:\DR_classification\data\organized\aptos\train\2_Moderate\2c1d5be654dd.png,train/2_Moderate/2c1d5be654dd.png,train,2,Moderate
aptos:train/2_Moderate/2cbfc6182ba2.png,aptos,2cbfc6182ba2,2cbfc6182ba2.png,A:\DR_classification\data\organized\aptos\train\2_Moderate\2cbfc6182ba2.png,train/2_Moderate/2cbfc6182ba2.png,train,2,Moderate
aptos:train/2_Moderate/2cef97083e6f.png,aptos,2cef97083e6f,2cef97083e6f.png,A:\DR_classification\data\organized\aptos\train\2_Moderate\2cef97083e6f.png,train/2_Moderate/2cef97083e6f.png,train,2,Moderate
aptos:train/2_Moderate/2d552318eb07.png,aptos,2d552318eb07,2d552318eb07.png,A:\DR_classification\data\organized\aptos\train\2_Moderate\2d552318eb07.png,train/2_Moderate/2d552318eb07.png,train,2,Moderate
aptos:train/2_Moderate/2d870833c0c9.png,aptos,2d870833c0c9,2d870833c0c9.png,A:\DR_classification\data\organized\aptos\train\2_Moderate\2d870833c0c9.png,train/2_Moderate/2d870833c0c9.png,train,2,Moderate
aptos:train/2_Moderate/2e26762daed5.png,aptos,2e26762daed5,2e26762daed5.png,A:\DR_classification\data\organized\aptos\train\2_Moderate\2e26762daed5.png,train/2_Moderate/2e26762daed5.png,train,2,Moderate
aptos:train/2_Moderate/2e79041ef722.png,aptos,2e79041ef722,2e79041ef722.png,A:\DR_classification\data\organized\aptos\train\2_Moderate\2e79041ef722.png,train/2_Moderate/2e79041ef722.png,train,2,Moderate
aptos:train/2_Moderate/2f9b66784109.png,aptos,2f9b66784109,2f9b66784109.png,A:\DR_classification\data\organized\aptos\train\2_Moderate\2f9b66784109.png,train/2_Moderate/2f9b66784109.png,train,2,Moderate
aptos:train/2_Moderate/2fb3a8606a77.png,aptos,2fb3a8606a77,2fb3a8606a77.png,A:\DR_classification\data\organized\aptos\train\2_Moderate\2fb3a8606a77.png,train/2_Moderate/2fb3a8606a77.png,train,2,Moderate
aptos:train/2_Moderate/2fdffb6160a6.png,aptos,2fdffb6160a6,2fdffb6160a6.png,A:\DR_classification\data\organized\aptos\train\2_Moderate\2fdffb6160a6.png,train/2_Moderate/2fdffb6160a6.png,train,2,Moderate
aptos:train/2_Moderate/300305ce82d2.png,aptos,300305ce82d2,300305ce82d2.png,A:\DR_classification\data\organized\aptos\train\2_Moderate\300305ce82d2.png,train/2_Moderate/300305ce82d2.png,train,2,Moderate
aptos:train/2_Moderate/302bcdb635ff.png,aptos,302bcdb635ff,302bcdb635ff.png,A:\DR_classification\data\organized\aptos\train\2_Moderate\302bcdb635ff.png,train/2_Moderate/302bcdb635ff.png,train,2,Moderate
aptos:train/2_Moderate/308f7fce6f0d.png,aptos,308f7fce6f0d,308f7fce6f0d.png,A:\DR_classification\data\organized\aptos\train\2_Moderate\308f7fce6f0d.png,train/2_Moderate/308f7fce6f0d.png,train,2,Moderate
aptos:train/2_Moderate/310c27067ac0.png,aptos,310c27067ac0,310c27067ac0.png,A:\DR_classification\data\organized\aptos\train\2_Moderate\310c27067ac0.png,train/2_Moderate/310c27067ac0.png,train,2,Moderate
aptos:train/2_Moderate/3128eb593012.png,aptos,3128eb593012,3128eb593012.png,A:\DR_classification\data\organized\aptos\train\2_Moderate\3128eb593012.png,train/2_Moderate/3128eb593012.png,train,2,Moderate
aptos:train/2_Moderate/31452ad8808c.png,aptos,31452ad8808c,31452ad8808c.png,A:\DR_classification\data\organized\aptos\train\2_Moderate\31452ad8808c.png,train/2_Moderate/31452ad8808c.png,train,2,Moderate
aptos:train/2_Moderate/31b5d6fb0256.png,aptos,31b5d6fb0256,31b5d6fb0256.png,A:\DR_classification\data\organized\aptos\train\2_Moderate\31b5d6fb0256.png,train/2_Moderate/31b5d6fb0256.png,train,2,Moderate
aptos:train/2_Moderate/32a3eb37ff40.png,aptos,32a3eb37ff40,32a3eb37ff40.png,A:\DR_classification\data\organized\aptos\train\2_Moderate\32a3eb37ff40.png,train/2_Moderate/32a3eb37ff40.png,train,2,Moderate
aptos:train/2_Moderate/331b87d1b9d1.png,aptos,331b87d1b9d1,331b87d1b9d1.png,A:\DR_classification\data\organized\aptos\train\2_Moderate\331b87d1b9d1.png,train/2_Moderate/331b87d1b9d1.png,train,2,Moderate
aptos:train/2_Moderate/33e8e26a75d4.png,aptos,33e8e26a75d4,33e8e26a75d4.png,A:\DR_classification\data\organized\aptos\train\2_Moderate\33e8e26a75d4.png,train/2_Moderate/33e8e26a75d4.png,train,2,Moderate
aptos:train/2_Moderate/3428230bf1bd.png,aptos,3428230bf1bd,3428230bf1bd.png,A:\DR_classification\data\organized\aptos\train\2_Moderate\3428230bf1bd.png,train/2_Moderate/3428230bf1bd.png,train,2,Moderate
aptos:train/2_Moderate/34723fae6475.png,aptos,34723fae6475,34723fae6475.png,A:\DR_classification\data\organized\aptos\train\2_Moderate\34723fae6475.png,train/2_Moderate/34723fae6475.png,train,2,Moderate
aptos:train/2_Moderate/349f3c0ac83e.png,aptos,349f3c0ac83e,349f3c0ac83e.png,A:\DR_classification\data\organized\aptos\train\2_Moderate\349f3c0ac83e.png,train/2_Moderate/349f3c0ac83e.png,train,2,Moderate
aptos:train/2_Moderate/354b8911d6ed.png,aptos,354b8911d6ed,354b8911d6ed.png,A:\DR_classification\data\organized\aptos\train\2_Moderate\354b8911d6ed.png,train/2_Moderate/354b8911d6ed.png,train,2,Moderate
aptos:train/2_Moderate/362c4a96cebb.png,aptos,362c4a96cebb,362c4a96cebb.png,A:\DR_classification\data\organized\aptos\train\2_Moderate\362c4a96cebb.png,train/2_Moderate/362c4a96cebb.png,train,2,Moderate
aptos:train/2_Moderate/367c7049929c.png,aptos,367c7049929c,367c7049929c.png,A:\DR_classification\data\organized\aptos\train\2_Moderate\367c7049929c.png,train/2_Moderate/367c7049929c.png,train,2,Moderate
aptos:train/2_Moderate/3748349334f6.png,aptos,3748349334f6,3748349334f6.png,A:\DR_classification\data\organized\aptos\train\2_Moderate\3748349334f6.png,train/2_Moderate/3748349334f6.png,train,2,Moderate
aptos:train/2_Moderate/37de05ef12a5.png,aptos,37de05ef12a5,37de05ef12a5.png,A:\DR_classification\data\organized\aptos\train\2_Moderate\37de05ef12a5.png,train/2_Moderate/37de05ef12a5.png,train,2,Moderate
aptos:train/2_Moderate/38487e1a5b1f.png,aptos,38487e1a5b1f,38487e1a5b1f.png,A:\DR_classification\data\organized\aptos\train\2_Moderate\38487e1a5b1f.png,train/2_Moderate/38487e1a5b1f.png,train,2,Moderate
aptos:train/2_Moderate/38e111cac46f.png,aptos,38e111cac46f,38e111cac46f.png,A:\DR_classification\data\organized\aptos\train\2_Moderate\38e111cac46f.png,train/2_Moderate/38e111cac46f.png,train,2,Moderate
aptos:train/2_Moderate/39134907127a.png,aptos,39134907127a,39134907127a.png,A:\DR_classification\data\organized\aptos\train\2_Moderate\39134907127a.png,train/2_Moderate/39134907127a.png,train,2,Moderate
aptos:train/2_Moderate/39923b29988a.png,aptos,39923b29988a,39923b29988a.png,A:\DR_classification\data\organized\aptos\train\2_Moderate\39923b29988a.png,train/2_Moderate/39923b29988a.png,train,2,Moderate
aptos:train/2_Moderate/39b5b05d6cd9.png,aptos,39b5b05d6cd9,39b5b05d6cd9.png,A:\DR_classification\data\organized\aptos\train\2_Moderate\39b5b05d6cd9.png,train/2_Moderate/39b5b05d6cd9.png,train,2,Moderate
aptos:train/2_Moderate/3a122851e526.png,aptos,3a122851e526,3a122851e526.png,A:\DR_classification\data\organized\aptos\train\2_Moderate\3a122851e526.png,train/2_Moderate/3a122851e526.png,train,2,Moderate
aptos:train/2_Moderate/3a61e690f4bb.png,aptos,3a61e690f4bb,3a61e690f4bb.png,A:\DR_classification\data\organized\aptos\train\2_Moderate\3a61e690f4bb.png,train/2_Moderate/3a61e690f4bb.png,train,2,Moderate
aptos:train/2_Moderate/3b58b02c89ed.png,aptos,3b58b02c89ed,3b58b02c89ed.png,A:\DR_classification\data\organized\aptos\train\2_Moderate\3b58b02c89ed.png,train/2_Moderate/3b58b02c89ed.png,train,2,Moderate
aptos:train/2_Moderate/3b9c1f42c2f2.png,aptos,3b9c1f42c2f2,3b9c1f42c2f2.png,A:\DR_classification\data\organized\aptos\train\2_Moderate\3b9c1f42c2f2.png,train/2_Moderate/3b9c1f42c2f2.png,train,2,Moderate
aptos:train/2_Moderate/3c1efa38d0da.png,aptos,3c1efa38d0da,3c1efa38d0da.png,A:\DR_classification\data\organized\aptos\train\2_Moderate\3c1efa38d0da.png,train/2_Moderate/3c1efa38d0da.png,train,2,Moderate
aptos:train/2_Moderate/3c311c9109b0.png,aptos,3c311c9109b0,3c311c9109b0.png,A:\DR_classification\data\organized\aptos\train\2_Moderate\3c311c9109b0.png,train/2_Moderate/3c311c9109b0.png,train,2,Moderate
aptos:train/2_Moderate/3cdda8b3df19.png,aptos,3cdda8b3df19,3cdda8b3df19.png,A:\DR_classification\data\organized\aptos\train\2_Moderate\3cdda8b3df19.png,train/2_Moderate/3cdda8b3df19.png,train,2,Moderate
aptos:train/2_Moderate/3d3e288d490e.png,aptos,3d3e288d490e,3d3e288d490e.png,A:\DR_classification\data\organized\aptos\train\2_Moderate\3d3e288d490e.png,train/2_Moderate/3d3e288d490e.png,train,2,Moderate
aptos:train/2_Moderate/3d663a6a50a3.png,aptos,3d663a6a50a3,3d663a6a50a3.png,A:\DR_classification\data\organized\aptos\train\2_Moderate\3d663a6a50a3.png,train/2_Moderate/3d663a6a50a3.png,train,2,Moderate
aptos:train/2_Moderate/3ddb86eb530e.png,aptos,3ddb86eb530e,3ddb86eb530e.png,A:\DR_classification\data\organized\aptos\train\2_Moderate\3ddb86eb530e.png,train/2_Moderate/3ddb86eb530e.png,train,2,Moderate
aptos:train/2_Moderate/3dfc50108072.png,aptos,3dfc50108072,3dfc50108072.png,A:\DR_classification\data\organized\aptos\train\2_Moderate\3dfc50108072.png,train/2_Moderate/3dfc50108072.png,train,2,Moderate
aptos:train/2_Moderate/3e6bfc4d5c65.png,aptos,3e6bfc4d5c65,3e6bfc4d5c65.png,A:\DR_classification\data\organized\aptos\train\2_Moderate\3e6bfc4d5c65.png,train/2_Moderate/3e6bfc4d5c65.png,train,2,Moderate
aptos:train/2_Moderate/3f3de2a6b0f5.png,aptos,3f3de2a6b0f5,3f3de2a6b0f5.png,A:\DR_classification\data\organized\aptos\train\2_Moderate\3f3de2a6b0f5.png,train/2_Moderate/3f3de2a6b0f5.png,train,2,Moderate
aptos:train/2_Moderate/3f5b4c2948e8.png,aptos,3f5b4c2948e8,3f5b4c2948e8.png,A:\DR_classification\data\organized\aptos\train\2_Moderate\3f5b4c2948e8.png,train/2_Moderate/3f5b4c2948e8.png,train,2,Moderate
aptos:train/2_Moderate/3f8d5c940ba4.png,aptos,3f8d5c940ba4,3f8d5c940ba4.png,A:\DR_classification\data\organized\aptos\train\2_Moderate\3f8d5c940ba4.png,train/2_Moderate/3f8d5c940ba4.png,train,2,Moderate
aptos:train/2_Moderate/3fd7df6099e3.png,aptos,3fd7df6099e3,3fd7df6099e3.png,A:\DR_classification\data\organized\aptos\train\2_Moderate\3fd7df6099e3.png,train/2_Moderate/3fd7df6099e3.png,train,2,Moderate
aptos:train/2_Moderate/3ffa14d60b24.png,aptos,3ffa14d60b24,3ffa14d60b24.png,A:\DR_classification\data\organized\aptos\train\2_Moderate\3ffa14d60b24.png,train/2_Moderate/3ffa14d60b24.png,train,2,Moderate
aptos:train/2_Moderate/40140a925c43.png,aptos,40140a925c43,40140a925c43.png,A:\DR_classification\data\organized\aptos\train\2_Moderate\40140a925c43.png,train/2_Moderate/40140a925c43.png,train,2,Moderate
aptos:train/2_Moderate/40527a5e95dd.png,aptos,40527a5e95dd,40527a5e95dd.png,A:\DR_classification\data\organized\aptos\train\2_Moderate\40527a5e95dd.png,train/2_Moderate/40527a5e95dd.png,train,2,Moderate
aptos:train/2_Moderate/419406328dcd.png,aptos,419406328dcd,419406328dcd.png,A:\DR_classification\data\organized\aptos\train\2_Moderate\419406328dcd.png,train/2_Moderate/419406328dcd.png,train,2,Moderate
aptos:train/2_Moderate/4246ed634f25.png,aptos,4246ed634f25,4246ed634f25.png,A:\DR_classification\data\organized\aptos\train\2_Moderate\4246ed634f25.png,train/2_Moderate/4246ed634f25.png,train,2,Moderate
aptos:train/2_Moderate/4289af3afbd2.png,aptos,4289af3afbd2,4289af3afbd2.png,A:\DR_classification\data\organized\aptos\train\2_Moderate\4289af3afbd2.png,train/2_Moderate/4289af3afbd2.png,train,2,Moderate
aptos:train/2_Moderate/42b08dca9b2f.png,aptos,42b08dca9b2f,42b08dca9b2f.png,A:\DR_classification\data\organized\aptos\train\2_Moderate\42b08dca9b2f.png,train/2_Moderate/42b08dca9b2f.png,train,2,Moderate
aptos:train/2_Moderate/436e1793d240.png,aptos,436e1793d240,436e1793d240.png,A:\DR_classification\data\organized\aptos\train\2_Moderate\436e1793d240.png,train/2_Moderate/436e1793d240.png,train,2,Moderate
aptos:train/2_Moderate/437900a99871.png,aptos,437900a99871,437900a99871.png,A:\DR_classification\data\organized\aptos\train\2_Moderate\437900a99871.png,train/2_Moderate/437900a99871.png,train,2,Moderate
aptos:train/2_Moderate/4384fa687afa.png,aptos,4384fa687afa,4384fa687afa.png,A:\DR_classification\data\organized\aptos\train\2_Moderate\4384fa687afa.png,train/2_Moderate/4384fa687afa.png,train,2,Moderate
aptos:train/2_Moderate/43fb6eda9b97.png,aptos,43fb6eda9b97,43fb6eda9b97.png,A:\DR_classification\data\organized\aptos\train\2_Moderate\43fb6eda9b97.png,train/2_Moderate/43fb6eda9b97.png,train,2,Moderate
aptos:train/2_Moderate/441117562359.png,aptos,441117562359,441117562359.png,A:\DR_classification\data\organized\aptos\train\2_Moderate\441117562359.png,train/2_Moderate/441117562359.png,train,2,Moderate
aptos:train/2_Moderate/4478b870e549.png,aptos,4478b870e549,4478b870e549.png,A:\DR_classification\data\organized\aptos\train\2_Moderate\4478b870e549.png,train/2_Moderate/4478b870e549.png,train,2,Moderate
aptos:train/2_Moderate/44855f666225.png,aptos,44855f666225,44855f666225.png,A:\DR_classification\data\organized\aptos\train\2_Moderate\44855f666225.png,train/2_Moderate/44855f666225.png,train,2,Moderate
aptos:train/2_Moderate/4489d421e5aa.png,aptos,4489d421e5aa,4489d421e5aa.png,A:\DR_classification\data\organized\aptos\train\2_Moderate\4489d421e5aa.png,train/2_Moderate/4489d421e5aa.png,train,2,Moderate
aptos:train/2_Moderate/44e951e45dca.png,aptos,44e951e45dca,44e951e45dca.png,A:\DR_classification\data\organized\aptos\train\2_Moderate\44e951e45dca.png,train/2_Moderate/44e951e45dca.png,train,2,Moderate
aptos:train/2_Moderate/453a1e2754b2.png,aptos,453a1e2754b2,453a1e2754b2.png,A:\DR_classification\data\organized\aptos\train\2_Moderate\453a1e2754b2.png,train/2_Moderate/453a1e2754b2.png,train,2,Moderate
aptos:train/2_Moderate/45ae04cfde5d.png,aptos,45ae04cfde5d,45ae04cfde5d.png,A:\DR_classification\data\organized\aptos\train\2_Moderate\45ae04cfde5d.png,train/2_Moderate/45ae04cfde5d.png,train,2,Moderate
aptos:train/2_Moderate/45c39ab9e797.png,aptos,45c39ab9e797,45c39ab9e797.png,A:\DR_classification\data\organized\aptos\train\2_Moderate\45c39ab9e797.png,train/2_Moderate/45c39ab9e797.png,train,2,Moderate
aptos:train/2_Moderate/465c618f7b23.png,aptos,465c618f7b23,465c618f7b23.png,A:\DR_classification\data\organized\aptos\train\2_Moderate\465c618f7b23.png,train/2_Moderate/465c618f7b23.png,train,2,Moderate
aptos:train/2_Moderate/467b7d9d811c.png,aptos,467b7d9d811c,467b7d9d811c.png,A:\DR_classification\data\organized\aptos\train\2_Moderate\467b7d9d811c.png,train/2_Moderate/467b7d9d811c.png,train,2,Moderate
aptos:train/2_Moderate/46923eea9a4e.png,aptos,46923eea9a4e,46923eea9a4e.png,A:\DR_classification\data\organized\aptos\train\2_Moderate\46923eea9a4e.png,train/2_Moderate/46923eea9a4e.png,train,2,Moderate
aptos:train/2_Moderate/46f56c38051f.png,aptos,46f56c38051f,46f56c38051f.png,A:\DR_classification\data\organized\aptos\train\2_Moderate\46f56c38051f.png,train/2_Moderate/46f56c38051f.png,train,2,Moderate
aptos:train/2_Moderate/475c7ded0f7a.png,aptos,475c7ded0f7a,475c7ded0f7a.png,A:\DR_classification\data\organized\aptos\train\2_Moderate\475c7ded0f7a.png,train/2_Moderate/475c7ded0f7a.png,train,2,Moderate
aptos:train/2_Moderate/47b756014447.png,aptos,47b756014447,47b756014447.png,A:\DR_classification\data\organized\aptos\train\2_Moderate\47b756014447.png,train/2_Moderate/47b756014447.png,train,2,Moderate
aptos:train/2_Moderate/47e51065b819.png,aptos,47e51065b819,47e51065b819.png,A:\DR_classification\data\organized\aptos\train\2_Moderate\47e51065b819.png,train/2_Moderate/47e51065b819.png,train,2,Moderate
aptos:train/2_Moderate/48543037d0b3.png,aptos,48543037d0b3,48543037d0b3.png,A:\DR_classification\data\organized\aptos\train\2_Moderate\48543037d0b3.png,train/2_Moderate/48543037d0b3.png,train,2,Moderate
aptos:train/2_Moderate/48afe8c47454.png,aptos,48afe8c47454,48afe8c47454.png,A:\DR_classification\data\organized\aptos\train\2_Moderate\48afe8c47454.png,train/2_Moderate/48afe8c47454.png,train,2,Moderate
aptos:train/2_Moderate/48c49f662f7d.png,aptos,48c49f662f7d,48c49f662f7d.png,A:\DR_classification\data\organized\aptos\train\2_Moderate\48c49f662f7d.png,train/2_Moderate/48c49f662f7d.png,train,2,Moderate
aptos:train/2_Moderate/48c72dec46e5.png,aptos,48c72dec46e5,48c72dec46e5.png,A:\DR_classification\data\organized\aptos\train\2_Moderate\48c72dec46e5.png,train/2_Moderate/48c72dec46e5.png,train,2,Moderate
aptos:train/2_Moderate/48fda42bd5d4.png,aptos,48fda42bd5d4,48fda42bd5d4.png,A:\DR_classification\data\organized\aptos\train\2_Moderate\48fda42bd5d4.png,train/2_Moderate/48fda42bd5d4.png,train,2,Moderate
aptos:train/2_Moderate/49419f8d5cb4.png,aptos,49419f8d5cb4,49419f8d5cb4.png,A:\DR_classification\data\organized\aptos\train\2_Moderate\49419f8d5cb4.png,train/2_Moderate/49419f8d5cb4.png,train,2,Moderate
aptos:train/2_Moderate/4a0890b08532.png,aptos,4a0890b08532,4a0890b08532.png,A:\DR_classification\data\organized\aptos\train\2_Moderate\4a0890b08532.png,train/2_Moderate/4a0890b08532.png,train,2,Moderate
aptos:train/2_Moderate/4ad6109706e8.png,aptos,4ad6109706e8,4ad6109706e8.png,A:\DR_classification\data\organized\aptos\train\2_Moderate\4ad6109706e8.png,train/2_Moderate/4ad6109706e8.png,train,2,Moderate
aptos:train/2_Moderate/4b1001050f1d.png,aptos,4b1001050f1d,4b1001050f1d.png,A:\DR_classification\data\organized\aptos\train\2_Moderate\4b1001050f1d.png,train/2_Moderate/4b1001050f1d.png,train,2,Moderate
aptos:train/2_Moderate/4b422b48d0d4.png,aptos,4b422b48d0d4,4b422b48d0d4.png,A:\DR_classification\data\organized\aptos\train\2_Moderate\4b422b48d0d4.png,train/2_Moderate/4b422b48d0d4.png,train,2,Moderate
aptos:train/2_Moderate/4b5ffea77373.png,aptos,4b5ffea77373,4b5ffea77373.png,A:\DR_classification\data\organized\aptos\train\2_Moderate\4b5ffea77373.png,train/2_Moderate/4b5ffea77373.png,train,2,Moderate
aptos:train/2_Moderate/4c52922f3bfd.png,aptos,4c52922f3bfd,4c52922f3bfd.png,A:\DR_classification\data\organized\aptos\train\2_Moderate\4c52922f3bfd.png,train/2_Moderate/4c52922f3bfd.png,train,2,Moderate
aptos:train/2_Moderate/4ce74e5eb51d.png,aptos,4ce74e5eb51d,4ce74e5eb51d.png,A:\DR_classification\data\organized\aptos\train\2_Moderate\4ce74e5eb51d.png,train/2_Moderate/4ce74e5eb51d.png,train,2,Moderate
aptos:train/2_Moderate/4d009cebabc9.png,aptos,4d009cebabc9,4d009cebabc9.png,A:\DR_classification\data\organized\aptos\train\2_Moderate\4d009cebabc9.png,train/2_Moderate/4d009cebabc9.png,train,2,Moderate
aptos:train/2_Moderate/4d1cf360b2d7.png,aptos,4d1cf360b2d7,4d1cf360b2d7.png,A:\DR_classification\data\organized\aptos\train\2_Moderate\4d1cf360b2d7.png,train/2_Moderate/4d1cf360b2d7.png,train,2,Moderate
aptos:train/2_Moderate/4d21ce39c905.png,aptos,4d21ce39c905,4d21ce39c905.png,A:\DR_classification\data\organized\aptos\train\2_Moderate\4d21ce39c905.png,train/2_Moderate/4d21ce39c905.png,train,2,Moderate
aptos:train/2_Moderate/4dbce359d0e1.png,aptos,4dbce359d0e1,4dbce359d0e1.png,A:\DR_classification\data\organized\aptos\train\2_Moderate\4dbce359d0e1.png,train/2_Moderate/4dbce359d0e1.png,train,2,Moderate
aptos:train/2_Moderate/4e43d05cc2ef.png,aptos,4e43d05cc2ef,4e43d05cc2ef.png,A:\DR_classification\data\organized\aptos\train\2_Moderate\4e43d05cc2ef.png,train/2_Moderate/4e43d05cc2ef.png,train,2,Moderate
aptos:train/2_Moderate/4e7694eebb91.png,aptos,4e7694eebb91,4e7694eebb91.png,A:\DR_classification\data\organized\aptos\train\2_Moderate\4e7694eebb91.png,train/2_Moderate/4e7694eebb91.png,train,2,Moderate
aptos:train/2_Moderate/4ed31cc07366.png,aptos,4ed31cc07366,4ed31cc07366.png,A:\DR_classification\data\organized\aptos\train\2_Moderate\4ed31cc07366.png,train/2_Moderate/4ed31cc07366.png,train,2,Moderate
aptos:train/2_Moderate/4ef0b485a7da.png,aptos,4ef0b485a7da,4ef0b485a7da.png,A:\DR_classification\data\organized\aptos\train\2_Moderate\4ef0b485a7da.png,train/2_Moderate/4ef0b485a7da.png,train,2,Moderate
aptos:train/2_Moderate/4f20f9a9a65b.png,aptos,4f20f9a9a65b,4f20f9a9a65b.png,A:\DR_classification\data\organized\aptos\train\2_Moderate\4f20f9a9a65b.png,train/2_Moderate/4f20f9a9a65b.png,train,2,Moderate
aptos:train/2_Moderate/4f46d7ee61ed.png,aptos,4f46d7ee61ed,4f46d7ee61ed.png,A:\DR_classification\data\organized\aptos\train\2_Moderate\4f46d7ee61ed.png,train/2_Moderate/4f46d7ee61ed.png,train,2,Moderate
aptos:train/2_Moderate/4f60129e9a5b.png,aptos,4f60129e9a5b,4f60129e9a5b.png,A:\DR_classification\data\organized\aptos\train\2_Moderate\4f60129e9a5b.png,train/2_Moderate/4f60129e9a5b.png,train,2,Moderate
aptos:train/2_Moderate/50d8a8fb7737.png,aptos,50d8a8fb7737,50d8a8fb7737.png,A:\DR_classification\data\organized\aptos\train\2_Moderate\50d8a8fb7737.png,train/2_Moderate/50d8a8fb7737.png,train,2,Moderate
aptos:train/2_Moderate/51030843fde2.png,aptos,51030843fde2,51030843fde2.png,A:\DR_classification\data\organized\aptos\train\2_Moderate\51030843fde2.png,train/2_Moderate/51030843fde2.png,train,2,Moderate
aptos:train/2_Moderate/510aa0a898fa.png,aptos,510aa0a898fa,510aa0a898fa.png,A:\DR_classification\data\organized\aptos\train\2_Moderate\510aa0a898fa.png,train/2_Moderate/510aa0a898fa.png,train,2,Moderate
aptos:train/2_Moderate/51405d042000.png,aptos,51405d042000,51405d042000.png,A:\DR_classification\data\organized\aptos\train\2_Moderate\51405d042000.png,train/2_Moderate/51405d042000.png,train,2,Moderate
aptos:train/2_Moderate/5152bf091152.png,aptos,5152bf091152,5152bf091152.png,A:\DR_classification\data\organized\aptos\train\2_Moderate\5152bf091152.png,train/2_Moderate/5152bf091152.png,train,2,Moderate
aptos:train/2_Moderate/5173d54fc214.png,aptos,5173d54fc214,5173d54fc214.png,A:\DR_classification\data\organized\aptos\train\2_Moderate\5173d54fc214.png,train/2_Moderate/5173d54fc214.png,train,2,Moderate
aptos:train/2_Moderate/5188a8afa879.png,aptos,5188a8afa879,5188a8afa879.png,A:\DR_classification\data\organized\aptos\train\2_Moderate\5188a8afa879.png,train/2_Moderate/5188a8afa879.png,train,2,Moderate
aptos:train/2_Moderate/51cfeccaf40d.png,aptos,51cfeccaf40d,51cfeccaf40d.png,A:\DR_classification\data\organized\aptos\train\2_Moderate\51cfeccaf40d.png,train/2_Moderate/51cfeccaf40d.png,train,2,Moderate
aptos:train/2_Moderate/51d0034d177d.png,aptos,51d0034d177d,51d0034d177d.png,A:\DR_classification\data\organized\aptos\train\2_Moderate\51d0034d177d.png,train/2_Moderate/51d0034d177d.png,train,2,Moderate
aptos:train/2_Moderate/51d574513bcb.png,aptos,51d574513bcb,51d574513bcb.png,A:\DR_classification\data\organized\aptos\train\2_Moderate\51d574513bcb.png,train/2_Moderate/51d574513bcb.png,train,2,Moderate
aptos:train/2_Moderate/51d780864365.png,aptos,51d780864365,51d780864365.png,A:\DR_classification\data\organized\aptos\train\2_Moderate\51d780864365.png,train/2_Moderate/51d780864365.png,train,2,Moderate
aptos:train/2_Moderate/52230bbef30e.png,aptos,52230bbef30e,52230bbef30e.png,A:\DR_classification\data\organized\aptos\train\2_Moderate\52230bbef30e.png,train/2_Moderate/52230bbef30e.png,train,2,Moderate
aptos:train/2_Moderate/523d0c2cb4d6.png,aptos,523d0c2cb4d6,523d0c2cb4d6.png,A:\DR_classification\data\organized\aptos\train\2_Moderate\523d0c2cb4d6.png,train/2_Moderate/523d0c2cb4d6.png,train,2,Moderate
aptos:train/2_Moderate/523ff163211b.png,aptos,523ff163211b,523ff163211b.png,A:\DR_classification\data\organized\aptos\train\2_Moderate\523ff163211b.png,train/2_Moderate/523ff163211b.png,train,2,Moderate
aptos:train/2_Moderate/524f240e0c90.png,aptos,524f240e0c90,524f240e0c90.png,A:\DR_classification\data\organized\aptos\train\2_Moderate\524f240e0c90.png,train/2_Moderate/524f240e0c90.png,train,2,Moderate
aptos:train/2_Moderate/5265dc9acdf8.png,aptos,5265dc9acdf8,5265dc9acdf8.png,A:\DR_classification\data\organized\aptos\train\2_Moderate\5265dc9acdf8.png,train/2_Moderate/5265dc9acdf8.png,train,2,Moderate
aptos:train/2_Moderate/527bea76116c.png,aptos,527bea76116c,527bea76116c.png,A:\DR_classification\data\organized\aptos\train\2_Moderate\527bea76116c.png,train/2_Moderate/527bea76116c.png,train,2,Moderate
aptos:train/2_Moderate/52886bed8a07.png,aptos,52886bed8a07,52886bed8a07.png,A:\DR_classification\data\organized\aptos\train\2_Moderate\52886bed8a07.png,train/2_Moderate/52886bed8a07.png,train,2,Moderate
aptos:train/2_Moderate/52dbec057cc8.png,aptos,52dbec057cc8,52dbec057cc8.png,A:\DR_classification\data\organized\aptos\train\2_Moderate\52dbec057cc8.png,train/2_Moderate/52dbec057cc8.png,train,2,Moderate
aptos:train/2_Moderate/5327f88a1919.png,aptos,5327f88a1919,5327f88a1919.png,A:\DR_classification\data\organized\aptos\train\2_Moderate\5327f88a1919.png,train/2_Moderate/5327f88a1919.png,train,2,Moderate
aptos:train/2_Moderate/541db13517e2.png,aptos,541db13517e2,541db13517e2.png,A:\DR_classification\data\organized\aptos\train\2_Moderate\541db13517e2.png,train/2_Moderate/541db13517e2.png,train,2,Moderate
aptos:train/2_Moderate/547b37da9223.png,aptos,547b37da9223,547b37da9223.png,A:\DR_classification\data\organized\aptos\train\2_Moderate\547b37da9223.png,train/2_Moderate/547b37da9223.png,train,2,Moderate
aptos:train/2_Moderate/5486da4273d7.png,aptos,5486da4273d7,5486da4273d7.png,A:\DR_classification\data\organized\aptos\train\2_Moderate\5486da4273d7.png,train/2_Moderate/5486da4273d7.png,train,2,Moderate
aptos:train/2_Moderate/54cab3596214.png,aptos,54cab3596214,54cab3596214.png,A:\DR_classification\data\organized\aptos\train\2_Moderate\54cab3596214.png,train/2_Moderate/54cab3596214.png,train,2,Moderate
aptos:train/2_Moderate/54dc6e8107cd.png,aptos,54dc6e8107cd,54dc6e8107cd.png,A:\DR_classification\data\organized\aptos\train\2_Moderate\54dc6e8107cd.png,train/2_Moderate/54dc6e8107cd.png,train,2,Moderate
aptos:train/2_Moderate/55034b1dbff2.png,aptos,55034b1dbff2,55034b1dbff2.png,A:\DR_classification\data\organized\aptos\train\2_Moderate\55034b1dbff2.png,train/2_Moderate/55034b1dbff2.png,train,2,Moderate
aptos:train/2_Moderate/55092c0071eb.png,aptos,55092c0071eb,55092c0071eb.png,A:\DR_classification\data\organized\aptos\train\2_Moderate\55092c0071eb.png,train/2_Moderate/55092c0071eb.png,train,2,Moderate
aptos:train/2_Moderate/55fd453001cc.png,aptos,55fd453001cc,55fd453001cc.png,A:\DR_classification\data\organized\aptos\train\2_Moderate\55fd453001cc.png,train/2_Moderate/55fd453001cc.png,train,2,Moderate
aptos:train/2_Moderate/56e56aa08362.png,aptos,56e56aa08362,56e56aa08362.png,A:\DR_classification\data\organized\aptos\train\2_Moderate\56e56aa08362.png,train/2_Moderate/56e56aa08362.png,train,2,Moderate
aptos:train/2_Moderate/5723d0ec895e.png,aptos,5723d0ec895e,5723d0ec895e.png,A:\DR_classification\data\organized\aptos\train\2_Moderate\5723d0ec895e.png,train/2_Moderate/5723d0ec895e.png,train,2,Moderate
aptos:train/2_Moderate/57469423a012.png,aptos,57469423a012,57469423a012.png,A:\DR_classification\data\organized\aptos\train\2_Moderate\57469423a012.png,train/2_Moderate/57469423a012.png,train,2,Moderate
aptos:train/2_Moderate/57760be09c03.png,aptos,57760be09c03,57760be09c03.png,A:\DR_classification\data\organized\aptos\train\2_Moderate\57760be09c03.png,train/2_Moderate/57760be09c03.png,train,2,Moderate
aptos:train/2_Moderate/57ce57a8cfb0.png,aptos,57ce57a8cfb0,57ce57a8cfb0.png,A:\DR_classification\data\organized\aptos\train\2_Moderate\57ce57a8cfb0.png,train/2_Moderate/57ce57a8cfb0.png,train,2,Moderate
aptos:train/2_Moderate/582f739b8f62.png,aptos,582f739b8f62,582f739b8f62.png,A:\DR_classification\data\organized\aptos\train\2_Moderate\582f739b8f62.png,train/2_Moderate/582f739b8f62.png,train,2,Moderate
aptos:train/2_Moderate/58529a8638d0.png,aptos,58529a8638d0,58529a8638d0.png,A:\DR_classification\data\organized\aptos\train\2_Moderate\58529a8638d0.png,train/2_Moderate/58529a8638d0.png,train,2,Moderate
aptos:train/2_Moderate/599b89048034.png,aptos,599b89048034,599b89048034.png,A:\DR_classification\data\organized\aptos\train\2_Moderate\599b89048034.png,train/2_Moderate/599b89048034.png,train,2,Moderate
aptos:train/2_Moderate/59ee65760535.png,aptos,59ee65760535,59ee65760535.png,A:\DR_classification\data\organized\aptos\train\2_Moderate\59ee65760535.png,train/2_Moderate/59ee65760535.png,train,2,Moderate
aptos:train/2_Moderate/59f3f70abddd.png,aptos,59f3f70abddd,59f3f70abddd.png,A:\DR_classification\data\organized\aptos\train\2_Moderate\59f3f70abddd.png,train/2_Moderate/59f3f70abddd.png,train,2,Moderate
aptos:train/2_Moderate/5a03fe3ed15c.png,aptos,5a03fe3ed15c,5a03fe3ed15c.png,A:\DR_classification\data\organized\aptos\train\2_Moderate\5a03fe3ed15c.png,train/2_Moderate/5a03fe3ed15c.png,train,2,Moderate
aptos:train/2_Moderate/5a11d21c2828.png,aptos,5a11d21c2828,5a11d21c2828.png,A:\DR_classification\data\organized\aptos\train\2_Moderate\5a11d21c2828.png,train/2_Moderate/5a11d21c2828.png,train,2,Moderate
aptos:train/2_Moderate/5a5d3798c357.png,aptos,5a5d3798c357,5a5d3798c357.png,A:\DR_classification\data\organized\aptos\train\2_Moderate\5a5d3798c357.png,train/2_Moderate/5a5d3798c357.png,train,2,Moderate
aptos:train/2_Moderate/5c6194562ed2.png,aptos,5c6194562ed2,5c6194562ed2.png,A:\DR_classification\data\organized\aptos\train\2_Moderate\5c6194562ed2.png,train/2_Moderate/5c6194562ed2.png,train,2,Moderate
aptos:train/2_Moderate/5c8482926a08.png,aptos,5c8482926a08,5c8482926a08.png,A:\DR_classification\data\organized\aptos\train\2_Moderate\5c8482926a08.png,train/2_Moderate/5c8482926a08.png,train,2,Moderate
aptos:train/2_Moderate/5cc6dea19614.png,aptos,5cc6dea19614,5cc6dea19614.png,A:\DR_classification\data\organized\aptos\train\2_Moderate\5cc6dea19614.png,train/2_Moderate/5cc6dea19614.png,train,2,Moderate
aptos:train/2_Moderate/5cf9127f251a.png,aptos,5cf9127f251a,5cf9127f251a.png,A:\DR_classification\data\organized\aptos\train\2_Moderate\5cf9127f251a.png,train/2_Moderate/5cf9127f251a.png,train,2,Moderate
aptos:train/2_Moderate/5d024177e214.png,aptos,5d024177e214,5d024177e214.png,A:\DR_classification\data\organized\aptos\train\2_Moderate\5d024177e214.png,train/2_Moderate/5d024177e214.png,train,2,Moderate
aptos:train/2_Moderate/5dc23e440de3.png,aptos,5dc23e440de3,5dc23e440de3.png,A:\DR_classification\data\organized\aptos\train\2_Moderate\5dc23e440de3.png,train/2_Moderate/5dc23e440de3.png,train,2,Moderate
aptos:train/2_Moderate/5e52c9fe676f.png,aptos,5e52c9fe676f,5e52c9fe676f.png,A:\DR_classification\data\organized\aptos\train\2_Moderate\5e52c9fe676f.png,train/2_Moderate/5e52c9fe676f.png,train,2,Moderate
aptos:train/2_Moderate/5e7630f8438e.png,aptos,5e7630f8438e,5e7630f8438e.png,A:\DR_classification\data\organized\aptos\train\2_Moderate\5e7630f8438e.png,train/2_Moderate/5e7630f8438e.png,train,2,Moderate
aptos:train/2_Moderate/5ed6dc419e4d.png,aptos,5ed6dc419e4d,5ed6dc419e4d.png,A:\DR_classification\data\organized\aptos\train\2_Moderate\5ed6dc419e4d.png,train/2_Moderate/5ed6dc419e4d.png,train,2,Moderate
aptos:train/2_Moderate/60e269e3e188.png,aptos,60e269e3e188,60e269e3e188.png,A:\DR_classification\data\organized\aptos\train\2_Moderate\60e269e3e188.png,train/2_Moderate/60e269e3e188.png,train,2,Moderate
aptos:train/2_Moderate/61ac9b0dc6b9.png,aptos,61ac9b0dc6b9,61ac9b0dc6b9.png,A:\DR_classification\data\organized\aptos\train\2_Moderate\61ac9b0dc6b9.png,train/2_Moderate/61ac9b0dc6b9.png,train,2,Moderate
aptos:train/2_Moderate/61c2fbd16e38.png,aptos,61c2fbd16e38,61c2fbd16e38.png,A:\DR_classification\data\organized\aptos\train\2_Moderate\61c2fbd16e38.png,train/2_Moderate/61c2fbd16e38.png,train,2,Moderate
aptos:train/2_Moderate/624fb7317106.png,aptos,624fb7317106,624fb7317106.png,A:\DR_classification\data\organized\aptos\train\2_Moderate\624fb7317106.png,train/2_Moderate/624fb7317106.png,train,2,Moderate
aptos:train/2_Moderate/62ab144d5cee.png,aptos,62ab144d5cee,62ab144d5cee.png,A:\DR_classification\data\organized\aptos\train\2_Moderate\62ab144d5cee.png,train/2_Moderate/62ab144d5cee.png,train,2,Moderate
aptos:train/2_Moderate/62cc7ddb53b6.png,aptos,62cc7ddb53b6,62cc7ddb53b6.png,A:\DR_classification\data\organized\aptos\train\2_Moderate\62cc7ddb53b6.png,train/2_Moderate/62cc7ddb53b6.png,train,2,Moderate
aptos:train/2_Moderate/62e6f814c8f5.png,aptos,62e6f814c8f5,62e6f814c8f5.png,A:\DR_classification\data\organized\aptos\train\2_Moderate\62e6f814c8f5.png,train/2_Moderate/62e6f814c8f5.png,train,2,Moderate
aptos:train/2_Moderate/62ecdc90dd42.png,aptos,62ecdc90dd42,62ecdc90dd42.png,A:\DR_classification\data\organized\aptos\train\2_Moderate\62ecdc90dd42.png,train/2_Moderate/62ecdc90dd42.png,train,2,Moderate
aptos:train/2_Moderate/6363b360aefb.png,aptos,6363b360aefb,6363b360aefb.png,A:\DR_classification\data\organized\aptos\train\2_Moderate\6363b360aefb.png,train/2_Moderate/6363b360aefb.png,train,2,Moderate
aptos:train/2_Moderate/63d217b059b6.png,aptos,63d217b059b6,63d217b059b6.png,A:\DR_classification\data\organized\aptos\train\2_Moderate\63d217b059b6.png,train/2_Moderate/63d217b059b6.png,train,2,Moderate
aptos:train/2_Moderate/650fbed3fdca.png,aptos,650fbed3fdca,650fbed3fdca.png,A:\DR_classification\data\organized\aptos\train\2_Moderate\650fbed3fdca.png,train/2_Moderate/650fbed3fdca.png,train,2,Moderate
aptos:train/2_Moderate/653534ded339.png,aptos,653534ded339,653534ded339.png,A:\DR_classification\data\organized\aptos\train\2_Moderate\653534ded339.png,train/2_Moderate/653534ded339.png,train,2,Moderate
aptos:train/2_Moderate/657859f893d9.png,aptos,657859f893d9,657859f893d9.png,A:\DR_classification\data\organized\aptos\train\2_Moderate\657859f893d9.png,train/2_Moderate/657859f893d9.png,train,2,Moderate
aptos:train/2_Moderate/65e530ee2e79.png,aptos,65e530ee2e79,65e530ee2e79.png,A:\DR_classification\data\organized\aptos\train\2_Moderate\65e530ee2e79.png,train/2_Moderate/65e530ee2e79.png,train,2,Moderate
aptos:train/2_Moderate/663a923d5398.png,aptos,663a923d5398,663a923d5398.png,A:\DR_classification\data\organized\aptos\train\2_Moderate\663a923d5398.png,train/2_Moderate/663a923d5398.png,train,2,Moderate
aptos:train/2_Moderate/6666c4f18396.png,aptos,6666c4f18396,6666c4f18396.png,A:\DR_classification\data\organized\aptos\train\2_Moderate\6666c4f18396.png,train/2_Moderate/6666c4f18396.png,train,2,Moderate
aptos:train/2_Moderate/668e853258cd.png,aptos,668e853258cd,668e853258cd.png,A:\DR_classification\data\organized\aptos\train\2_Moderate\668e853258cd.png,train/2_Moderate/668e853258cd.png,train,2,Moderate
aptos:train/2_Moderate/66bae1ba227f.png,aptos,66bae1ba227f,66bae1ba227f.png,A:\DR_classification\data\organized\aptos\train\2_Moderate\66bae1ba227f.png,train/2_Moderate/66bae1ba227f.png,train,2,Moderate
aptos:train/2_Moderate/66d2ca47aa44.png,aptos,66d2ca47aa44,66d2ca47aa44.png,A:\DR_classification\data\organized\aptos\train\2_Moderate\66d2ca47aa44.png,train/2_Moderate/66d2ca47aa44.png,train,2,Moderate
aptos:train/2_Moderate/6733544ae7a6.png,aptos,6733544ae7a6,6733544ae7a6.png,A:\DR_classification\data\organized\aptos\train\2_Moderate\6733544ae7a6.png,train/2_Moderate/6733544ae7a6.png,train,2,Moderate
aptos:train/2_Moderate/674057ab250c.png,aptos,674057ab250c,674057ab250c.png,A:\DR_classification\data\organized\aptos\train\2_Moderate\674057ab250c.png,train/2_Moderate/674057ab250c.png,train,2,Moderate
aptos:train/2_Moderate/67844c46bc61.png,aptos,67844c46bc61,67844c46bc61.png,A:\DR_classification\data\organized\aptos\train\2_Moderate\67844c46bc61.png,train/2_Moderate/67844c46bc61.png,train,2,Moderate
aptos:train/2_Moderate/67c03349bb31.png,aptos,67c03349bb31,67c03349bb31.png,A:\DR_classification\data\organized\aptos\train\2_Moderate\67c03349bb31.png,train/2_Moderate/67c03349bb31.png,train,2,Moderate
aptos:train/2_Moderate/6810410187a0.png,aptos,6810410187a0,6810410187a0.png,A:\DR_classification\data\organized\aptos\train\2_Moderate\6810410187a0.png,train/2_Moderate/6810410187a0.png,train,2,Moderate
aptos:train/2_Moderate/681c3c115684.png,aptos,681c3c115684,681c3c115684.png,A:\DR_classification\data\organized\aptos\train\2_Moderate\681c3c115684.png,train/2_Moderate/681c3c115684.png,train,2,Moderate
aptos:train/2_Moderate/686ed1dbae20.png,aptos,686ed1dbae20,686ed1dbae20.png,A:\DR_classification\data\organized\aptos\train\2_Moderate\686ed1dbae20.png,train/2_Moderate/686ed1dbae20.png,train,2,Moderate
aptos:train/2_Moderate/6889bc64ab09.png,aptos,6889bc64ab09,6889bc64ab09.png,A:\DR_classification\data\organized\aptos\train\2_Moderate\6889bc64ab09.png,train/2_Moderate/6889bc64ab09.png,train,2,Moderate
aptos:train/2_Moderate/69591ebb198d.png,aptos,69591ebb198d,69591ebb198d.png,A:\DR_classification\data\organized\aptos\train\2_Moderate\69591ebb198d.png,train/2_Moderate/69591ebb198d.png,train,2,Moderate
aptos:train/2_Moderate/6987804eb464.png,aptos,6987804eb464,6987804eb464.png,A:\DR_classification\data\organized\aptos\train\2_Moderate\6987804eb464.png,train/2_Moderate/6987804eb464.png,train,2,Moderate
aptos:train/2_Moderate/698d6e422a80.png,aptos,698d6e422a80,698d6e422a80.png,A:\DR_classification\data\organized\aptos\train\2_Moderate\698d6e422a80.png,train/2_Moderate/698d6e422a80.png,train,2,Moderate
aptos:train/2_Moderate/69df7ade0575.png,aptos,69df7ade0575,69df7ade0575.png,A:\DR_classification\data\organized\aptos\train\2_Moderate\69df7ade0575.png,train/2_Moderate/69df7ade0575.png,train,2,Moderate
aptos:train/2_Moderate/6a91eb157f47.png,aptos,6a91eb157f47,6a91eb157f47.png,A:\DR_classification\data\organized\aptos\train\2_Moderate\6a91eb157f47.png,train/2_Moderate/6a91eb157f47.png,train,2,Moderate
aptos:train/2_Moderate/6b7cf869622a.png,aptos,6b7cf869622a,6b7cf869622a.png,A:\DR_classification\data\organized\aptos\train\2_Moderate\6b7cf869622a.png,train/2_Moderate/6b7cf869622a.png,train,2,Moderate
aptos:train/2_Moderate/6b869f37cdf3.png,aptos,6b869f37cdf3,6b869f37cdf3.png,A:\DR_classification\data\organized\aptos\train\2_Moderate\6b869f37cdf3.png,train/2_Moderate/6b869f37cdf3.png,train,2,Moderate
aptos:train/2_Moderate/6ba5ed791444.png,aptos,6ba5ed791444,6ba5ed791444.png,A:\DR_classification\data\organized\aptos\train\2_Moderate\6ba5ed791444.png,train/2_Moderate/6ba5ed791444.png,train,2,Moderate
aptos:train/2_Moderate/6c315ad3d07f.png,aptos,6c315ad3d07f,6c315ad3d07f.png,A:\DR_classification\data\organized\aptos\train\2_Moderate\6c315ad3d07f.png,train/2_Moderate/6c315ad3d07f.png,train,2,Moderate
aptos:train/2_Moderate/6d3d1fe6c32a.png,aptos,6d3d1fe6c32a,6d3d1fe6c32a.png,A:\DR_classification\data\organized\aptos\train\2_Moderate\6d3d1fe6c32a.png,train/2_Moderate/6d3d1fe6c32a.png,train,2,Moderate
aptos:train/2_Moderate/6d454444f17c.png,aptos,6d454444f17c,6d454444f17c.png,A:\DR_classification\data\organized\aptos\train\2_Moderate\6d454444f17c.png,train/2_Moderate/6d454444f17c.png,train,2,Moderate
aptos:train/2_Moderate/6dcde47060f9.png,aptos,6dcde47060f9,6dcde47060f9.png,A:\DR_classification\data\organized\aptos\train\2_Moderate\6dcde47060f9.png,train/2_Moderate/6dcde47060f9.png,train,2,Moderate
aptos:train/2_Moderate/6dfd80748e72.png,aptos,6dfd80748e72,6dfd80748e72.png,A:\DR_classification\data\organized\aptos\train\2_Moderate\6dfd80748e72.png,train/2_Moderate/6dfd80748e72.png,train,2,Moderate
aptos:train/2_Moderate/6e092b306fe1.png,aptos,6e092b306fe1,6e092b306fe1.png,A:\DR_classification\data\organized\aptos\train\2_Moderate\6e092b306fe1.png,train/2_Moderate/6e092b306fe1.png,train,2,Moderate
aptos:train/2_Moderate/6f0463c1ff18.png,aptos,6f0463c1ff18,6f0463c1ff18.png,A:\DR_classification\data\organized\aptos\train\2_Moderate\6f0463c1ff18.png,train/2_Moderate/6f0463c1ff18.png,train,2,Moderate
aptos:train/2_Moderate/70ed3ec68b94.png,aptos,70ed3ec68b94,70ed3ec68b94.png,A:\DR_classification\data\organized\aptos\train\2_Moderate\70ed3ec68b94.png,train/2_Moderate/70ed3ec68b94.png,train,2,Moderate
aptos:train/2_Moderate/711d1480d2e3.png,aptos,711d1480d2e3,711d1480d2e3.png,A:\DR_classification\data\organized\aptos\train\2_Moderate\711d1480d2e3.png,train/2_Moderate/711d1480d2e3.png,train,2,Moderate
aptos:train/2_Moderate/71e4130bf5c8.png,aptos,71e4130bf5c8,71e4130bf5c8.png,A:\DR_classification\data\organized\aptos\train\2_Moderate\71e4130bf5c8.png,train/2_Moderate/71e4130bf5c8.png,train,2,Moderate
aptos:train/2_Moderate/7247a2c97f71.png,aptos,7247a2c97f71,7247a2c97f71.png,A:\DR_classification\data\organized\aptos\train\2_Moderate\7247a2c97f71.png,train/2_Moderate/7247a2c97f71.png,train,2,Moderate
aptos:train/2_Moderate/73e83a07a16d.png,aptos,73e83a07a16d,73e83a07a16d.png,A:\DR_classification\data\organized\aptos\train\2_Moderate\73e83a07a16d.png,train/2_Moderate/73e83a07a16d.png,train,2,Moderate
aptos:train/2_Moderate/74418f620068.png,aptos,74418f620068,74418f620068.png,A:\DR_classification\data\organized\aptos\train\2_Moderate\74418f620068.png,train/2_Moderate/74418f620068.png,train,2,Moderate
aptos:train/2_Moderate/7550966ef777.png,aptos,7550966ef777,7550966ef777.png,A:\DR_classification\data\organized\aptos\train\2_Moderate\7550966ef777.png,train/2_Moderate/7550966ef777.png,train,2,Moderate
aptos:train/2_Moderate/757572337fd0.png,aptos,757572337fd0,757572337fd0.png,A:\DR_classification\data\organized\aptos\train\2_Moderate\757572337fd0.png,train/2_Moderate/757572337fd0.png,train,2,Moderate
aptos:train/2_Moderate/760b6f4c6d82.png,aptos,760b6f4c6d82,760b6f4c6d82.png,A:\DR_classification\data\organized\aptos\train\2_Moderate\760b6f4c6d82.png,train/2_Moderate/760b6f4c6d82.png,train,2,Moderate
aptos:train/2_Moderate/7663aba8d762.png,aptos,7663aba8d762,7663aba8d762.png,A:\DR_classification\data\organized\aptos\train\2_Moderate\7663aba8d762.png,train/2_Moderate/7663aba8d762.png,train,2,Moderate
aptos:train/2_Moderate/76c0c7e1b6cb.png,aptos,76c0c7e1b6cb,76c0c7e1b6cb.png,A:\DR_classification\data\organized\aptos\train\2_Moderate\76c0c7e1b6cb.png,train/2_Moderate/76c0c7e1b6cb.png,train,2,Moderate
aptos:train/2_Moderate/76e6a9238570.png,aptos,76e6a9238570,76e6a9238570.png,A:\DR_classification\data\organized\aptos\train\2_Moderate\76e6a9238570.png,train/2_Moderate/76e6a9238570.png,train,2,Moderate
aptos:train/2_Moderate/77543f66a84a.png,aptos,77543f66a84a,77543f66a84a.png,A:\DR_classification\data\organized\aptos\train\2_Moderate\77543f66a84a.png,train/2_Moderate/77543f66a84a.png,train,2,Moderate
aptos:train/2_Moderate/77baa08a1345.png,aptos,77baa08a1345,77baa08a1345.png,A:\DR_classification\data\organized\aptos\train\2_Moderate\77baa08a1345.png,train/2_Moderate/77baa08a1345.png,train,2,Moderate
aptos:train/2_Moderate/77f69c7ff324.png,aptos,77f69c7ff324,77f69c7ff324.png,A:\DR_classification\data\organized\aptos\train\2_Moderate\77f69c7ff324.png,train/2_Moderate/77f69c7ff324.png,train,2,Moderate
aptos:train/2_Moderate/7877be80901c.png,aptos,7877be80901c,7877be80901c.png,A:\DR_classification\data\organized\aptos\train\2_Moderate\7877be80901c.png,train/2_Moderate/7877be80901c.png,train,2,Moderate
aptos:train/2_Moderate/78a577c3e0bf.png,aptos,78a577c3e0bf,78a577c3e0bf.png,A:\DR_classification\data\organized\aptos\train\2_Moderate\78a577c3e0bf.png,train/2_Moderate/78a577c3e0bf.png,train,2,Moderate
aptos:train/2_Moderate/78d53c82a23e.png,aptos,78d53c82a23e,78d53c82a23e.png,A:\DR_classification\data\organized\aptos\train\2_Moderate\78d53c82a23e.png,train/2_Moderate/78d53c82a23e.png,train,2,Moderate
aptos:train/2_Moderate/799cb4c816ae.png,aptos,799cb4c816ae,799cb4c816ae.png,A:\DR_classification\data\organized\aptos\train\2_Moderate\799cb4c816ae.png,train/2_Moderate/799cb4c816ae.png,train,2,Moderate
aptos:train/2_Moderate/7a0cff4c24b2.png,aptos,7a0cff4c24b2,7a0cff4c24b2.png,A:\DR_classification\data\organized\aptos\train\2_Moderate\7a0cff4c24b2.png,train/2_Moderate/7a0cff4c24b2.png,train,2,Moderate
aptos:train/2_Moderate/7bc2e0fa3f72.png,aptos,7bc2e0fa3f72,7bc2e0fa3f72.png,A:\DR_classification\data\organized\aptos\train\2_Moderate\7bc2e0fa3f72.png,train/2_Moderate/7bc2e0fa3f72.png,train,2,Moderate
aptos:train/2_Moderate/7c2f820a6425.png,aptos,7c2f820a6425,7c2f820a6425.png,A:\DR_classification\data\organized\aptos\train\2_Moderate\7c2f820a6425.png,train/2_Moderate/7c2f820a6425.png,train,2,Moderate
aptos:train/2_Moderate/7c52fe73e748.png,aptos,7c52fe73e748,7c52fe73e748.png,A:\DR_classification\data\organized\aptos\train\2_Moderate\7c52fe73e748.png,train/2_Moderate/7c52fe73e748.png,train,2,Moderate
aptos:train/2_Moderate/7d261f986bef.png,aptos,7d261f986bef,7d261f986bef.png,A:\DR_classification\data\organized\aptos\train\2_Moderate\7d261f986bef.png,train/2_Moderate/7d261f986bef.png,train,2,Moderate
aptos:train/2_Moderate/7d8f67cadc29.png,aptos,7d8f67cadc29,7d8f67cadc29.png,A:\DR_classification\data\organized\aptos\train\2_Moderate\7d8f67cadc29.png,train/2_Moderate/7d8f67cadc29.png,train,2,Moderate
aptos:train/2_Moderate/7dee6bf8b9c1.png,aptos,7dee6bf8b9c1,7dee6bf8b9c1.png,A:\DR_classification\data\organized\aptos\train\2_Moderate\7dee6bf8b9c1.png,train/2_Moderate/7dee6bf8b9c1.png,train,2,Moderate
aptos:train/2_Moderate/7e6e90a93aa5.png,aptos,7e6e90a93aa5,7e6e90a93aa5.png,A:\DR_classification\data\organized\aptos\train\2_Moderate\7e6e90a93aa5.png,train/2_Moderate/7e6e90a93aa5.png,train,2,Moderate
aptos:train/2_Moderate/7f6ce40f306b.png,aptos,7f6ce40f306b,7f6ce40f306b.png,A:\DR_classification\data\organized\aptos\train\2_Moderate\7f6ce40f306b.png,train/2_Moderate/7f6ce40f306b.png,train,2,Moderate
aptos:train/2_Moderate/7f84284598f5.png,aptos,7f84284598f5,7f84284598f5.png,A:\DR_classification\data\organized\aptos\train\2_Moderate\7f84284598f5.png,train/2_Moderate/7f84284598f5.png,train,2,Moderate
aptos:train/2_Moderate/8000a6b97a84.png,aptos,8000a6b97a84,8000a6b97a84.png,A:\DR_classification\data\organized\aptos\train\2_Moderate\8000a6b97a84.png,train/2_Moderate/8000a6b97a84.png,train,2,Moderate
aptos:train/2_Moderate/803120c5d287.png,aptos,803120c5d287,803120c5d287.png,A:\DR_classification\data\organized\aptos\train\2_Moderate\803120c5d287.png,train/2_Moderate/803120c5d287.png,train,2,Moderate
aptos:train/2_Moderate/807135cbc438.png,aptos,807135cbc438,807135cbc438.png,A:\DR_classification\data\organized\aptos\train\2_Moderate\807135cbc438.png,train/2_Moderate/807135cbc438.png,train,2,Moderate
aptos:train/2_Moderate/80b5a9519aec.png,aptos,80b5a9519aec,80b5a9519aec.png,A:\DR_classification\data\organized\aptos\train\2_Moderate\80b5a9519aec.png,train/2_Moderate/80b5a9519aec.png,train,2,Moderate
aptos:train/2_Moderate/80feb1f7ca5e.png,aptos,80feb1f7ca5e,80feb1f7ca5e.png,A:\DR_classification\data\organized\aptos\train\2_Moderate\80feb1f7ca5e.png,train/2_Moderate/80feb1f7ca5e.png,train,2,Moderate
aptos:train/2_Moderate/812d5adafaf2.png,aptos,812d5adafaf2,812d5adafaf2.png,A:\DR_classification\data\organized\aptos\train\2_Moderate\812d5adafaf2.png,train/2_Moderate/812d5adafaf2.png,train,2,Moderate
aptos:train/2_Moderate/81bc03e2ff2b.png,aptos,81bc03e2ff2b,81bc03e2ff2b.png,A:\DR_classification\data\organized\aptos\train\2_Moderate\81bc03e2ff2b.png,train/2_Moderate/81bc03e2ff2b.png,train,2,Moderate
aptos:train/2_Moderate/82deb07a6618.png,aptos,82deb07a6618,82deb07a6618.png,A:\DR_classification\data\organized\aptos\train\2_Moderate\82deb07a6618.png,train/2_Moderate/82deb07a6618.png,train,2,Moderate
aptos:train/2_Moderate/82f2784ead76.png,aptos,82f2784ead76,82f2784ead76.png,A:\DR_classification\data\organized\aptos\train\2_Moderate\82f2784ead76.png,train/2_Moderate/82f2784ead76.png,train,2,Moderate
aptos:train/2_Moderate/83b61051737f.png,aptos,83b61051737f,83b61051737f.png,A:\DR_classification\data\organized\aptos\train\2_Moderate\83b61051737f.png,train/2_Moderate/83b61051737f.png,train,2,Moderate
aptos:train/2_Moderate/840527bc6628.png,aptos,840527bc6628,840527bc6628.png,A:\DR_classification\data\organized\aptos\train\2_Moderate\840527bc6628.png,train/2_Moderate/840527bc6628.png,train,2,Moderate
aptos:train/2_Moderate/8421107255ae.png,aptos,8421107255ae,8421107255ae.png,A:\DR_classification\data\organized\aptos\train\2_Moderate\8421107255ae.png,train/2_Moderate/8421107255ae.png,train,2,Moderate
aptos:train/2_Moderate/84e8c62165b5.png,aptos,84e8c62165b5,84e8c62165b5.png,A:\DR_classification\data\organized\aptos\train\2_Moderate\84e8c62165b5.png,train/2_Moderate/84e8c62165b5.png,train,2,Moderate
aptos:train/2_Moderate/8543a801dce0.png,aptos,8543a801dce0,8543a801dce0.png,A:\DR_classification\data\organized\aptos\train\2_Moderate\8543a801dce0.png,train/2_Moderate/8543a801dce0.png,train,2,Moderate
aptos:train/2_Moderate/855f0a5442b6.png,aptos,855f0a5442b6,855f0a5442b6.png,A:\DR_classification\data\organized\aptos\train\2_Moderate\855f0a5442b6.png,train/2_Moderate/855f0a5442b6.png,train,2,Moderate
aptos:train/2_Moderate/85cc6d636898.png,aptos,85cc6d636898,85cc6d636898.png,A:\DR_classification\data\organized\aptos\train\2_Moderate\85cc6d636898.png,train/2_Moderate/85cc6d636898.png,train,2,Moderate
aptos:train/2_Moderate/86e7f98f73f1.png,aptos,86e7f98f73f1,86e7f98f73f1.png,A:\DR_classification\data\organized\aptos\train\2_Moderate\86e7f98f73f1.png,train/2_Moderate/86e7f98f73f1.png,train,2,Moderate
aptos:train/2_Moderate/86fbac86ed3e.png,aptos,86fbac86ed3e,86fbac86ed3e.png,A:\DR_classification\data\organized\aptos\train\2_Moderate\86fbac86ed3e.png,train/2_Moderate/86fbac86ed3e.png,train,2,Moderate
aptos:train/2_Moderate/873fe0404d6e.png,aptos,873fe0404d6e,873fe0404d6e.png,A:\DR_classification\data\organized\aptos\train\2_Moderate\873fe0404d6e.png,train/2_Moderate/873fe0404d6e.png,train,2,Moderate
aptos:train/2_Moderate/876e1dd12d38.png,aptos,876e1dd12d38,876e1dd12d38.png,A:\DR_classification\data\organized\aptos\train\2_Moderate\876e1dd12d38.png,train/2_Moderate/876e1dd12d38.png,train,2,Moderate
aptos:train/2_Moderate/879744b9dc65.png,aptos,879744b9dc65,879744b9dc65.png,A:\DR_classification\data\organized\aptos\train\2_Moderate\879744b9dc65.png,train/2_Moderate/879744b9dc65.png,train,2,Moderate
aptos:train/2_Moderate/882a71de424e.png,aptos,882a71de424e,882a71de424e.png,A:\DR_classification\data\organized\aptos\train\2_Moderate\882a71de424e.png,train/2_Moderate/882a71de424e.png,train,2,Moderate
aptos:train/2_Moderate/8860c7b11530.png,aptos,8860c7b11530,8860c7b11530.png,A:\DR_classification\data\organized\aptos\train\2_Moderate\8860c7b11530.png,train/2_Moderate/8860c7b11530.png,train,2,Moderate
aptos:train/2_Moderate/8871e6a26596.png,aptos,8871e6a26596,8871e6a26596.png,A:\DR_classification\data\organized\aptos\train\2_Moderate\8871e6a26596.png,train/2_Moderate/8871e6a26596.png,train,2,Moderate
aptos:train/2_Moderate/891392c9683c.png,aptos,891392c9683c,891392c9683c.png,A:\DR_classification\data\organized\aptos\train\2_Moderate\891392c9683c.png,train/2_Moderate/891392c9683c.png,train,2,Moderate
aptos:train/2_Moderate/89b044cbaf85.png,aptos,89b044cbaf85,89b044cbaf85.png,A:\DR_classification\data\organized\aptos\train\2_Moderate\89b044cbaf85.png,train/2_Moderate/89b044cbaf85.png,train,2,Moderate
aptos:train/2_Moderate/89b725411cee.png,aptos,89b725411cee,89b725411cee.png,A:\DR_classification\data\organized\aptos\train\2_Moderate\89b725411cee.png,train/2_Moderate/89b725411cee.png,train,2,Moderate
aptos:train/2_Moderate/89d2a7403a06.png,aptos,89d2a7403a06,89d2a7403a06.png,A:\DR_classification\data\organized\aptos\train\2_Moderate\89d2a7403a06.png,train/2_Moderate/89d2a7403a06.png,train,2,Moderate
aptos:train/2_Moderate/89ee1fa16f90.png,aptos,89ee1fa16f90,89ee1fa16f90.png,A:\DR_classification\data\organized\aptos\train\2_Moderate\89ee1fa16f90.png,train/2_Moderate/89ee1fa16f90.png,train,2,Moderate
aptos:train/2_Moderate/89fc080f7e83.png,aptos,89fc080f7e83,89fc080f7e83.png,A:\DR_classification\data\organized\aptos\train\2_Moderate\89fc080f7e83.png,train/2_Moderate/89fc080f7e83.png,train,2,Moderate
aptos:train/2_Moderate/8aab201c0691.png,aptos,8aab201c0691,8aab201c0691.png,A:\DR_classification\data\organized\aptos\train\2_Moderate\8aab201c0691.png,train/2_Moderate/8aab201c0691.png,train,2,Moderate
aptos:train/2_Moderate/8ab8d9b3ce3f.png,aptos,8ab8d9b3ce3f,8ab8d9b3ce3f.png,A:\DR_classification\data\organized\aptos\train\2_Moderate\8ab8d9b3ce3f.png,train/2_Moderate/8ab8d9b3ce3f.png,train,2,Moderate
aptos:train/2_Moderate/8b26d3cd61e8.png,aptos,8b26d3cd61e8,8b26d3cd61e8.png,A:\DR_classification\data\organized\aptos\train\2_Moderate\8b26d3cd61e8.png,train/2_Moderate/8b26d3cd61e8.png,train,2,Moderate
aptos:train/2_Moderate/8bdb891661a8.png,aptos,8bdb891661a8,8bdb891661a8.png,A:\DR_classification\data\organized\aptos\train\2_Moderate\8bdb891661a8.png,train/2_Moderate/8bdb891661a8.png,train,2,Moderate
aptos:train/2_Moderate/8cb6b5b2f19c.png,aptos,8cb6b5b2f19c,8cb6b5b2f19c.png,A:\DR_classification\data\organized\aptos\train\2_Moderate\8cb6b5b2f19c.png,train/2_Moderate/8cb6b5b2f19c.png,train,2,Moderate
aptos:train/2_Moderate/8d62ba9cb22a.png,aptos,8d62ba9cb22a,8d62ba9cb22a.png,A:\DR_classification\data\organized\aptos\train\2_Moderate\8d62ba9cb22a.png,train/2_Moderate/8d62ba9cb22a.png,train,2,Moderate
aptos:train/2_Moderate/8dba09a4e5ed.png,aptos,8dba09a4e5ed,8dba09a4e5ed.png,A:\DR_classification\data\organized\aptos\train\2_Moderate\8dba09a4e5ed.png,train/2_Moderate/8dba09a4e5ed.png,train,2,Moderate
aptos:train/2_Moderate/8dfff47b06b7.png,aptos,8dfff47b06b7,8dfff47b06b7.png,A:\DR_classification\data\organized\aptos\train\2_Moderate\8dfff47b06b7.png,train/2_Moderate/8dfff47b06b7.png,train,2,Moderate
aptos:train/2_Moderate/8e3b79e1f1f7.png,aptos,8e3b79e1f1f7,8e3b79e1f1f7.png,A:\DR_classification\data\organized\aptos\train\2_Moderate\8e3b79e1f1f7.png,train/2_Moderate/8e3b79e1f1f7.png,train,2,Moderate
aptos:train/2_Moderate/8e63fc4ab532.png,aptos,8e63fc4ab532,8e63fc4ab532.png,A:\DR_classification\data\organized\aptos\train\2_Moderate\8e63fc4ab532.png,train/2_Moderate/8e63fc4ab532.png,train,2,Moderate
aptos:train/2_Moderate/8f1e7433a95d.png,aptos,8f1e7433a95d,8f1e7433a95d.png,A:\DR_classification\data\organized\aptos\train\2_Moderate\8f1e7433a95d.png,train/2_Moderate/8f1e7433a95d.png,train,2,Moderate
aptos:train/2_Moderate/8ff2733f6aef.png,aptos,8ff2733f6aef,8ff2733f6aef.png,A:\DR_classification\data\organized\aptos\train\2_Moderate\8ff2733f6aef.png,train/2_Moderate/8ff2733f6aef.png,train,2,Moderate
aptos:train/2_Moderate/9033f1493da1.png,aptos,9033f1493da1,9033f1493da1.png,A:\DR_classification\data\organized\aptos\train\2_Moderate\9033f1493da1.png,train/2_Moderate/9033f1493da1.png,train,2,Moderate
aptos:train/2_Moderate/9041eb43456e.png,aptos,9041eb43456e,9041eb43456e.png,A:\DR_classification\data\organized\aptos\train\2_Moderate\9041eb43456e.png,train/2_Moderate/9041eb43456e.png,train,2,Moderate
aptos:train/2_Moderate/913b1890ed1e.png,aptos,913b1890ed1e,913b1890ed1e.png,A:\DR_classification\data\organized\aptos\train\2_Moderate\913b1890ed1e.png,train/2_Moderate/913b1890ed1e.png,train,2,Moderate
aptos:train/2_Moderate/917f76f360b6.png,aptos,917f76f360b6,917f76f360b6.png,A:\DR_classification\data\organized\aptos\train\2_Moderate\917f76f360b6.png,train/2_Moderate/917f76f360b6.png,train,2,Moderate
aptos:train/2_Moderate/91e2c2890c9f.png,aptos,91e2c2890c9f,91e2c2890c9f.png,A:\DR_classification\data\organized\aptos\train\2_Moderate\91e2c2890c9f.png,train/2_Moderate/91e2c2890c9f.png,train,2,Moderate
aptos:train/2_Moderate/91e8af9ceee9.png,aptos,91e8af9ceee9,91e8af9ceee9.png,A:\DR_classification\data\organized\aptos\train\2_Moderate\91e8af9ceee9.png,train/2_Moderate/91e8af9ceee9.png,train,2,Moderate
aptos:train/2_Moderate/921433215353.png,aptos,921433215353,921433215353.png,A:\DR_classification\data\organized\aptos\train\2_Moderate\921433215353.png,train/2_Moderate/921433215353.png,train,2,Moderate
aptos:train/2_Moderate/929cd3867815.png,aptos,929cd3867815,929cd3867815.png,A:\DR_classification\data\organized\aptos\train\2_Moderate\929cd3867815.png,train/2_Moderate/929cd3867815.png,train,2,Moderate
aptos:train/2_Moderate/92d8a7c8e718.png,aptos,92d8a7c8e718,92d8a7c8e718.png,A:\DR_classification\data\organized\aptos\train\2_Moderate\92d8a7c8e718.png,train/2_Moderate/92d8a7c8e718.png,train,2,Moderate
aptos:train/2_Moderate/92f313287a29.png,aptos,92f313287a29,92f313287a29.png,A:\DR_classification\data\organized\aptos\train\2_Moderate\92f313287a29.png,train/2_Moderate/92f313287a29.png,train,2,Moderate
aptos:train/2_Moderate/932181b93b2f.png,aptos,932181b93b2f,932181b93b2f.png,A:\DR_classification\data\organized\aptos\train\2_Moderate\932181b93b2f.png,train/2_Moderate/932181b93b2f.png,train,2,Moderate
aptos:train/2_Moderate/94dcb491143f.png,aptos,94dcb491143f,94dcb491143f.png,A:\DR_classification\data\organized\aptos\train\2_Moderate\94dcb491143f.png,train/2_Moderate/94dcb491143f.png,train,2,Moderate
aptos:train/2_Moderate/959dc602febc.png,aptos,959dc602febc,959dc602febc.png,A:\DR_classification\data\organized\aptos\train\2_Moderate\959dc602febc.png,train/2_Moderate/959dc602febc.png,train,2,Moderate
aptos:train/2_Moderate/962cf85e4f6d.png,aptos,962cf85e4f6d,962cf85e4f6d.png,A:\DR_classification\data\organized\aptos\train\2_Moderate\962cf85e4f6d.png,train/2_Moderate/962cf85e4f6d.png,train,2,Moderate
aptos:train/2_Moderate/96d48b073f18.png,aptos,96d48b073f18,96d48b073f18.png,A:\DR_classification\data\organized\aptos\train\2_Moderate\96d48b073f18.png,train/2_Moderate/96d48b073f18.png,train,2,Moderate
aptos:train/2_Moderate/975252e325e3.png,aptos,975252e325e3,975252e325e3.png,A:\DR_classification\data\organized\aptos\train\2_Moderate\975252e325e3.png,train/2_Moderate/975252e325e3.png,train,2,Moderate
aptos:train/2_Moderate/97a5ad7548b7.png,aptos,97a5ad7548b7,97a5ad7548b7.png,A:\DR_classification\data\organized\aptos\train\2_Moderate\97a5ad7548b7.png,train/2_Moderate/97a5ad7548b7.png,train,2,Moderate
aptos:train/2_Moderate/98f48850ebce.png,aptos,98f48850ebce,98f48850ebce.png,A:\DR_classification\data\organized\aptos\train\2_Moderate\98f48850ebce.png,train/2_Moderate/98f48850ebce.png,train,2,Moderate
aptos:train/2_Moderate/999115d9386b.png,aptos,999115d9386b,999115d9386b.png,A:\DR_classification\data\organized\aptos\train\2_Moderate\999115d9386b.png,train/2_Moderate/999115d9386b.png,train,2,Moderate
aptos:train/2_Moderate/9a4f370d341b.png,aptos,9a4f370d341b,9a4f370d341b.png,A:\DR_classification\data\organized\aptos\train\2_Moderate\9a4f370d341b.png,train/2_Moderate/9a4f370d341b.png,train,2,Moderate
aptos:train/2_Moderate/9a78c6a7b1c2.png,aptos,9a78c6a7b1c2,9a78c6a7b1c2.png,A:\DR_classification\data\organized\aptos\train\2_Moderate\9a78c6a7b1c2.png,train/2_Moderate/9a78c6a7b1c2.png,train,2,Moderate
aptos:train/2_Moderate/9a7bd084395e.png,aptos,9a7bd084395e,9a7bd084395e.png,A:\DR_classification\data\organized\aptos\train\2_Moderate\9a7bd084395e.png,train/2_Moderate/9a7bd084395e.png,train,2,Moderate
aptos:train/2_Moderate/9ad92f1c1542.png,aptos,9ad92f1c1542,9ad92f1c1542.png,A:\DR_classification\data\organized\aptos\train\2_Moderate\9ad92f1c1542.png,train/2_Moderate/9ad92f1c1542.png,train,2,Moderate
aptos:train/2_Moderate/9b32e8ef0ca0.png,aptos,9b32e8ef0ca0,9b32e8ef0ca0.png,A:\DR_classification\data\organized\aptos\train\2_Moderate\9b32e8ef0ca0.png,train/2_Moderate/9b32e8ef0ca0.png,train,2,Moderate
aptos:train/2_Moderate/9c088d2d1559.png,aptos,9c088d2d1559,9c088d2d1559.png,A:\DR_classification\data\organized\aptos\train\2_Moderate\9c088d2d1559.png,train/2_Moderate/9c088d2d1559.png,train,2,Moderate
aptos:train/2_Moderate/9cedf5c7016b.png,aptos,9cedf5c7016b,9cedf5c7016b.png,A:\DR_classification\data\organized\aptos\train\2_Moderate\9cedf5c7016b.png,train/2_Moderate/9cedf5c7016b.png,train,2,Moderate
aptos:train/2_Moderate/9d98a0b585f2.png,aptos,9d98a0b585f2,9d98a0b585f2.png,A:\DR_classification\data\organized\aptos\train\2_Moderate\9d98a0b585f2.png,train/2_Moderate/9d98a0b585f2.png,train,2,Moderate
aptos:train/2_Moderate/9da74370835a.png,aptos,9da74370835a,9da74370835a.png,A:\DR_classification\data\organized\aptos\train\2_Moderate\9da74370835a.png,train/2_Moderate/9da74370835a.png,train,2,Moderate
aptos:train/2_Moderate/9eaac43744f5.png,aptos,9eaac43744f5,9eaac43744f5.png,A:\DR_classification\data\organized\aptos\train\2_Moderate\9eaac43744f5.png,train/2_Moderate/9eaac43744f5.png,train,2,Moderate
aptos:train/2_Moderate/9f1efb799b7b.png,aptos,9f1efb799b7b,9f1efb799b7b.png,A:\DR_classification\data\organized\aptos\train\2_Moderate\9f1efb799b7b.png,train/2_Moderate/9f1efb799b7b.png,train,2,Moderate
aptos:train/2_Moderate/9f436886e056.png,aptos,9f436886e056,9f436886e056.png,A:\DR_classification\data\organized\aptos\train\2_Moderate\9f436886e056.png,train/2_Moderate/9f436886e056.png,train,2,Moderate
aptos:train/2_Moderate/9f5a8665cf2e.png,aptos,9f5a8665cf2e,9f5a8665cf2e.png,A:\DR_classification\data\organized\aptos\train\2_Moderate\9f5a8665cf2e.png,train/2_Moderate/9f5a8665cf2e.png,train,2,Moderate
aptos:train/2_Moderate/9faad91b6578.png,aptos,9faad91b6578,9faad91b6578.png,A:\DR_classification\data\organized\aptos\train\2_Moderate\9faad91b6578.png,train/2_Moderate/9faad91b6578.png,train,2,Moderate
aptos:train/2_Moderate/a01c590c444f.png,aptos,a01c590c444f,a01c590c444f.png,A:\DR_classification\data\organized\aptos\train\2_Moderate\a01c590c444f.png,train/2_Moderate/a01c590c444f.png,train,2,Moderate
aptos:train/2_Moderate/a0267206d51e.png,aptos,a0267206d51e,a0267206d51e.png,A:\DR_classification\data\organized\aptos\train\2_Moderate\a0267206d51e.png,train/2_Moderate/a0267206d51e.png,train,2,Moderate
aptos:train/2_Moderate/a0a0cd8af5a6.png,aptos,a0a0cd8af5a6,a0a0cd8af5a6.png,A:\DR_classification\data\organized\aptos\train\2_Moderate\a0a0cd8af5a6.png,train/2_Moderate/a0a0cd8af5a6.png,train,2,Moderate
aptos:train/2_Moderate/a0d04a19cf40.png,aptos,a0d04a19cf40,a0d04a19cf40.png,A:\DR_classification\data\organized\aptos\train\2_Moderate\a0d04a19cf40.png,train/2_Moderate/a0d04a19cf40.png,train,2,Moderate
aptos:train/2_Moderate/a15470303941.png,aptos,a15470303941,a15470303941.png,A:\DR_classification\data\organized\aptos\train\2_Moderate\a15470303941.png,train/2_Moderate/a15470303941.png,train,2,Moderate
aptos:train/2_Moderate/a15590a7d774.png,aptos,a15590a7d774,a15590a7d774.png,A:\DR_classification\data\organized\aptos\train\2_Moderate\a15590a7d774.png,train/2_Moderate/a15590a7d774.png,train,2,Moderate
aptos:train/2_Moderate/a21b37719f9b.png,aptos,a21b37719f9b,a21b37719f9b.png,A:\DR_classification\data\organized\aptos\train\2_Moderate\a21b37719f9b.png,train/2_Moderate/a21b37719f9b.png,train,2,Moderate
aptos:train/2_Moderate/a2ad3da4c7d6.png,aptos,a2ad3da4c7d6,a2ad3da4c7d6.png,A:\DR_classification\data\organized\aptos\train\2_Moderate\a2ad3da4c7d6.png,train/2_Moderate/a2ad3da4c7d6.png,train,2,Moderate
aptos:train/2_Moderate/a3475dc3ac80.png,aptos,a3475dc3ac80,a3475dc3ac80.png,A:\DR_classification\data\organized\aptos\train\2_Moderate\a3475dc3ac80.png,train/2_Moderate/a3475dc3ac80.png,train,2,Moderate
aptos:train/2_Moderate/a3706ce27869.png,aptos,a3706ce27869,a3706ce27869.png,A:\DR_classification\data\organized\aptos\train\2_Moderate\a3706ce27869.png,train/2_Moderate/a3706ce27869.png,train,2,Moderate
aptos:train/2_Moderate/a3802934bad7.png,aptos,a3802934bad7,a3802934bad7.png,A:\DR_classification\data\organized\aptos\train\2_Moderate\a3802934bad7.png,train/2_Moderate/a3802934bad7.png,train,2,Moderate
aptos:train/2_Moderate/a386ec9aabde.png,aptos,a386ec9aabde,a386ec9aabde.png,A:\DR_classification\data\organized\aptos\train\2_Moderate\a386ec9aabde.png,train/2_Moderate/a386ec9aabde.png,train,2,Moderate
aptos:train/2_Moderate/a3957df90a78.png,aptos,a3957df90a78,a3957df90a78.png,A:\DR_classification\data\organized\aptos\train\2_Moderate\a3957df90a78.png,train/2_Moderate/a3957df90a78.png,train,2,Moderate
aptos:train/2_Moderate/a4359815f152.png,aptos,a4359815f152,a4359815f152.png,A:\DR_classification\data\organized\aptos\train\2_Moderate\a4359815f152.png,train/2_Moderate/a4359815f152.png,train,2,Moderate
aptos:train/2_Moderate/a45d77edf8d9.png,aptos,a45d77edf8d9,a45d77edf8d9.png,A:\DR_classification\data\organized\aptos\train\2_Moderate\a45d77edf8d9.png,train/2_Moderate/a45d77edf8d9.png,train,2,Moderate
aptos:train/2_Moderate/a476fd984005.png,aptos,a476fd984005,a476fd984005.png,A:\DR_classification\data\organized\aptos\train\2_Moderate\a476fd984005.png,train/2_Moderate/a476fd984005.png,train,2,Moderate
aptos:train/2_Moderate/a47878630dc2.png,aptos,a47878630dc2,a47878630dc2.png,A:\DR_classification\data\organized\aptos\train\2_Moderate\a47878630dc2.png,train/2_Moderate/a47878630dc2.png,train,2,Moderate
aptos:train/2_Moderate/a49b0b4484ea.png,aptos,a49b0b4484ea,a49b0b4484ea.png,A:\DR_classification\data\organized\aptos\train\2_Moderate\a49b0b4484ea.png,train/2_Moderate/a49b0b4484ea.png,train,2,Moderate
aptos:train/2_Moderate/a4d41c495666.png,aptos,a4d41c495666,a4d41c495666.png,A:\DR_classification\data\organized\aptos\train\2_Moderate\a4d41c495666.png,train/2_Moderate/a4d41c495666.png,train,2,Moderate
aptos:train/2_Moderate/a56729de89e9.png,aptos,a56729de89e9,a56729de89e9.png,A:\DR_classification\data\organized\aptos\train\2_Moderate\a56729de89e9.png,train/2_Moderate/a56729de89e9.png,train,2,Moderate
aptos:train/2_Moderate/a62ea0043aa7.png,aptos,a62ea0043aa7,a62ea0043aa7.png,A:\DR_classification\data\organized\aptos\train\2_Moderate\a62ea0043aa7.png,train/2_Moderate/a62ea0043aa7.png,train,2,Moderate
aptos:train/2_Moderate/a64273801bde.png,aptos,a64273801bde,a64273801bde.png,A:\DR_classification\data\organized\aptos\train\2_Moderate\a64273801bde.png,train/2_Moderate/a64273801bde.png,train,2,Moderate
aptos:train/2_Moderate/a664d2055886.png,aptos,a664d2055886,a664d2055886.png,A:\DR_classification\data\organized\aptos\train\2_Moderate\a664d2055886.png,train/2_Moderate/a664d2055886.png,train,2,Moderate
aptos:train/2_Moderate/a66c3165876f.png,aptos,a66c3165876f,a66c3165876f.png,A:\DR_classification\data\organized\aptos\train\2_Moderate\a66c3165876f.png,train/2_Moderate/a66c3165876f.png,train,2,Moderate
aptos:train/2_Moderate/a688f20f8895.png,aptos,a688f20f8895,a688f20f8895.png,A:\DR_classification\data\organized\aptos\train\2_Moderate\a688f20f8895.png,train/2_Moderate/a688f20f8895.png,train,2,Moderate
aptos:train/2_Moderate/a721efb1e049.png,aptos,a721efb1e049,a721efb1e049.png,A:\DR_classification\data\organized\aptos\train\2_Moderate\a721efb1e049.png,train/2_Moderate/a721efb1e049.png,train,2,Moderate
aptos:train/2_Moderate/a790a3b36390.png,aptos,a790a3b36390,a790a3b36390.png,A:\DR_classification\data\organized\aptos\train\2_Moderate\a790a3b36390.png,train/2_Moderate/a790a3b36390.png,train,2,Moderate
aptos:train/2_Moderate/a7b7dc8788b9.png,aptos,a7b7dc8788b9,a7b7dc8788b9.png,A:\DR_classification\data\organized\aptos\train\2_Moderate\a7b7dc8788b9.png,train/2_Moderate/a7b7dc8788b9.png,train,2,Moderate
aptos:train/2_Moderate/a804cef3e51f.png,aptos,a804cef3e51f,a804cef3e51f.png,A:\DR_classification\data\organized\aptos\train\2_Moderate\a804cef3e51f.png,train/2_Moderate/a804cef3e51f.png,train,2,Moderate
aptos:train/2_Moderate/a8652b2de23f.png,aptos,a8652b2de23f,a8652b2de23f.png,A:\DR_classification\data\organized\aptos\train\2_Moderate\a8652b2de23f.png,train/2_Moderate/a8652b2de23f.png,train,2,Moderate
aptos:train/2_Moderate/a86c6283fd78.png,aptos,a86c6283fd78,a86c6283fd78.png,A:\DR_classification\data\organized\aptos\train\2_Moderate\a86c6283fd78.png,train/2_Moderate/a86c6283fd78.png,train,2,Moderate
aptos:train/2_Moderate/a88f68b0b114.png,aptos,a88f68b0b114,a88f68b0b114.png,A:\DR_classification\data\organized\aptos\train\2_Moderate\a88f68b0b114.png,train/2_Moderate/a88f68b0b114.png,train,2,Moderate
aptos:train/2_Moderate/a8e08e7fe016.png,aptos,a8e08e7fe016,a8e08e7fe016.png,A:\DR_classification\data\organized\aptos\train\2_Moderate\a8e08e7fe016.png,train/2_Moderate/a8e08e7fe016.png,train,2,Moderate
aptos:train/2_Moderate/a8eb35b3bcd2.png,aptos,a8eb35b3bcd2,a8eb35b3bcd2.png,A:\DR_classification\data\organized\aptos\train\2_Moderate\a8eb35b3bcd2.png,train/2_Moderate/a8eb35b3bcd2.png,train,2,Moderate
aptos:train/2_Moderate/a9d0c900b6a9.png,aptos,a9d0c900b6a9,a9d0c900b6a9.png,A:\DR_classification\data\organized\aptos\train\2_Moderate\a9d0c900b6a9.png,train/2_Moderate/a9d0c900b6a9.png,train,2,Moderate
aptos:train/2_Moderate/aa0afc41ed19.png,aptos,aa0afc41ed19,aa0afc41ed19.png,A:\DR_classification\data\organized\aptos\train\2_Moderate\aa0afc41ed19.png,train/2_Moderate/aa0afc41ed19.png,train,2,Moderate
aptos:train/2_Moderate/aa31bc6b8f4d.png,aptos,aa31bc6b8f4d,aa31bc6b8f4d.png,A:\DR_classification\data\organized\aptos\train\2_Moderate\aa31bc6b8f4d.png,train/2_Moderate/aa31bc6b8f4d.png,train,2,Moderate
aptos:train/2_Moderate/aa841de1ee82.png,aptos,aa841de1ee82,aa841de1ee82.png,A:\DR_classification\data\organized\aptos\train\2_Moderate\aa841de1ee82.png,train/2_Moderate/aa841de1ee82.png,train,2,Moderate
aptos:train/2_Moderate/aa9b8f05f4bf.png,aptos,aa9b8f05f4bf,aa9b8f05f4bf.png,A:\DR_classification\data\organized\aptos\train\2_Moderate\aa9b8f05f4bf.png,train/2_Moderate/aa9b8f05f4bf.png,train,2,Moderate
aptos:train/2_Moderate/aa9cfe639ef1.png,aptos,aa9cfe639ef1,aa9cfe639ef1.png,A:\DR_classification\data\organized\aptos\train\2_Moderate\aa9cfe639ef1.png,train/2_Moderate/aa9cfe639ef1.png,train,2,Moderate
aptos:train/2_Moderate/aad0c0ee9268.png,aptos,aad0c0ee9268,aad0c0ee9268.png,A:\DR_classification\data\organized\aptos\train\2_Moderate\aad0c0ee9268.png,train/2_Moderate/aad0c0ee9268.png,train,2,Moderate
aptos:train/2_Moderate/abf09c44d5f4.png,aptos,abf09c44d5f4,abf09c44d5f4.png,A:\DR_classification\data\organized\aptos\train\2_Moderate\abf09c44d5f4.png,train/2_Moderate/abf09c44d5f4.png,train,2,Moderate
aptos:train/2_Moderate/ac2c814949f9.png,aptos,ac2c814949f9,ac2c814949f9.png,A:\DR_classification\data\organized\aptos\train\2_Moderate\ac2c814949f9.png,train/2_Moderate/ac2c814949f9.png,train,2,Moderate
aptos:train/2_Moderate/ac5b5dddf91b.png,aptos,ac5b5dddf91b,ac5b5dddf91b.png,A:\DR_classification\data\organized\aptos\train\2_Moderate\ac5b5dddf91b.png,train/2_Moderate/ac5b5dddf91b.png,train,2,Moderate
aptos:train/2_Moderate/aca88f566228.png,aptos,aca88f566228,aca88f566228.png,A:\DR_classification\data\organized\aptos\train\2_Moderate\aca88f566228.png,train/2_Moderate/aca88f566228.png,train,2,Moderate
aptos:train/2_Moderate/acc9f29538c4.png,aptos,acc9f29538c4,acc9f29538c4.png,A:\DR_classification\data\organized\aptos\train\2_Moderate\acc9f29538c4.png,train/2_Moderate/acc9f29538c4.png,train,2,Moderate
aptos:train/2_Moderate/ad570b850a4f.png,aptos,ad570b850a4f,ad570b850a4f.png,A:\DR_classification\data\organized\aptos\train\2_Moderate\ad570b850a4f.png,train/2_Moderate/ad570b850a4f.png,train,2,Moderate
aptos:train/2_Moderate/ae1344610ebe.png,aptos,ae1344610ebe,ae1344610ebe.png,A:\DR_classification\data\organized\aptos\train\2_Moderate\ae1344610ebe.png,train/2_Moderate/ae1344610ebe.png,train,2,Moderate
aptos:train/2_Moderate/ae8424cdb029.png,aptos,ae8424cdb029,ae8424cdb029.png,A:\DR_classification\data\organized\aptos\train\2_Moderate\ae8424cdb029.png,train/2_Moderate/ae8424cdb029.png,train,2,Moderate
aptos:train/2_Moderate/aef9016557ca.png,aptos,aef9016557ca,aef9016557ca.png,A:\DR_classification\data\organized\aptos\train\2_Moderate\aef9016557ca.png,train/2_Moderate/aef9016557ca.png,train,2,Moderate
aptos:train/2_Moderate/af8aa32beee4.png,aptos,af8aa32beee4,af8aa32beee4.png,A:\DR_classification\data\organized\aptos\train\2_Moderate\af8aa32beee4.png,train/2_Moderate/af8aa32beee4.png,train,2,Moderate
aptos:train/2_Moderate/b06dabab4f09.png,aptos,b06dabab4f09,b06dabab4f09.png,A:\DR_classification\data\organized\aptos\train\2_Moderate\b06dabab4f09.png,train/2_Moderate/b06dabab4f09.png,train,2,Moderate
aptos:train/2_Moderate/b0cc9f8d06e4.png,aptos,b0cc9f8d06e4,b0cc9f8d06e4.png,A:\DR_classification\data\organized\aptos\train\2_Moderate\b0cc9f8d06e4.png,train/2_Moderate/b0cc9f8d06e4.png,train,2,Moderate
aptos:train/2_Moderate/b0d35981708b.png,aptos,b0d35981708b,b0d35981708b.png,A:\DR_classification\data\organized\aptos\train\2_Moderate\b0d35981708b.png,train/2_Moderate/b0d35981708b.png,train,2,Moderate
aptos:train/2_Moderate/b0d6417bad3e.png,aptos,b0d6417bad3e,b0d6417bad3e.png,A:\DR_classification\data\organized\aptos\train\2_Moderate\b0d6417bad3e.png,train/2_Moderate/b0d6417bad3e.png,train,2,Moderate
aptos:train/2_Moderate/b0eeae01b8ab.png,aptos,b0eeae01b8ab,b0eeae01b8ab.png,A:\DR_classification\data\organized\aptos\train\2_Moderate\b0eeae01b8ab.png,train/2_Moderate/b0eeae01b8ab.png,train,2,Moderate
aptos:train/2_Moderate/b1f4122fd36a.png,aptos,b1f4122fd36a,b1f4122fd36a.png,A:\DR_classification\data\organized\aptos\train\2_Moderate\b1f4122fd36a.png,train/2_Moderate/b1f4122fd36a.png,train,2,Moderate
aptos:train/2_Moderate/b2748ac28fc1.png,aptos,b2748ac28fc1,b2748ac28fc1.png,A:\DR_classification\data\organized\aptos\train\2_Moderate\b2748ac28fc1.png,train/2_Moderate/b2748ac28fc1.png,train,2,Moderate
aptos:train/2_Moderate/b3c0c3330278.png,aptos,b3c0c3330278,b3c0c3330278.png,A:\DR_classification\data\organized\aptos\train\2_Moderate\b3c0c3330278.png,train/2_Moderate/b3c0c3330278.png,train,2,Moderate
aptos:train/2_Moderate/b3d12069e1c5.png,aptos,b3d12069e1c5,b3d12069e1c5.png,A:\DR_classification\data\organized\aptos\train\2_Moderate\b3d12069e1c5.png,train/2_Moderate/b3d12069e1c5.png,train,2,Moderate
aptos:train/2_Moderate/b402b18d99a5.png,aptos,b402b18d99a5,b402b18d99a5.png,A:\DR_classification\data\organized\aptos\train\2_Moderate\b402b18d99a5.png,train/2_Moderate/b402b18d99a5.png,train,2,Moderate
aptos:train/2_Moderate/b468ebf5cb11.png,aptos,b468ebf5cb11,b468ebf5cb11.png,A:\DR_classification\data\organized\aptos\train\2_Moderate\b468ebf5cb11.png,train/2_Moderate/b468ebf5cb11.png,train,2,Moderate
aptos:train/2_Moderate/b574d229ec4c.png,aptos,b574d229ec4c,b574d229ec4c.png,A:\DR_classification\data\organized\aptos\train\2_Moderate\b574d229ec4c.png,train/2_Moderate/b574d229ec4c.png,train,2,Moderate
aptos:train/2_Moderate/b5c80d0ed0ff.png,aptos,b5c80d0ed0ff,b5c80d0ed0ff.png,A:\DR_classification\data\organized\aptos\train\2_Moderate\b5c80d0ed0ff.png,train/2_Moderate/b5c80d0ed0ff.png,train,2,Moderate
aptos:train/2_Moderate/b60dbf9f0744.png,aptos,b60dbf9f0744,b60dbf9f0744.png,A:\DR_classification\data\organized\aptos\train\2_Moderate\b60dbf9f0744.png,train/2_Moderate/b60dbf9f0744.png,train,2,Moderate
aptos:train/2_Moderate/b665041e1633.png,aptos,b665041e1633,b665041e1633.png,A:\DR_classification\data\organized\aptos\train\2_Moderate\b665041e1633.png,train/2_Moderate/b665041e1633.png,train,2,Moderate
aptos:train/2_Moderate/b746a6681ba9.png,aptos,b746a6681ba9,b746a6681ba9.png,A:\DR_classification\data\organized\aptos\train\2_Moderate\b746a6681ba9.png,train/2_Moderate/b746a6681ba9.png,train,2,Moderate
aptos:train/2_Moderate/b762c29cf2f3.png,aptos,b762c29cf2f3,b762c29cf2f3.png,A:\DR_classification\data\organized\aptos\train\2_Moderate\b762c29cf2f3.png,train/2_Moderate/b762c29cf2f3.png,train,2,Moderate
aptos:train/2_Moderate/b82d5f1f1145.png,aptos,b82d5f1f1145,b82d5f1f1145.png,A:\DR_classification\data\organized\aptos\train\2_Moderate\b82d5f1f1145.png,train/2_Moderate/b82d5f1f1145.png,train,2,Moderate
aptos:train/2_Moderate/b89938407ee6.png,aptos,b89938407ee6,b89938407ee6.png,A:\DR_classification\data\organized\aptos\train\2_Moderate\b89938407ee6.png,train/2_Moderate/b89938407ee6.png,train,2,Moderate
aptos:train/2_Moderate/b8ac328009e0.png,aptos,b8ac328009e0,b8ac328009e0.png,A:\DR_classification\data\organized\aptos\train\2_Moderate\b8ac328009e0.png,train/2_Moderate/b8ac328009e0.png,train,2,Moderate
aptos:train/2_Moderate/b8f1b30877db.png,aptos,b8f1b30877db,b8f1b30877db.png,A:\DR_classification\data\organized\aptos\train\2_Moderate\b8f1b30877db.png,train/2_Moderate/b8f1b30877db.png,train,2,Moderate
aptos:train/2_Moderate/b95d4dd8e5e2.png,aptos,b95d4dd8e5e2,b95d4dd8e5e2.png,A:\DR_classification\data\organized\aptos\train\2_Moderate\b95d4dd8e5e2.png,train/2_Moderate/b95d4dd8e5e2.png,train,2,Moderate
aptos:train/2_Moderate/b98f77098b9d.png,aptos,b98f77098b9d,b98f77098b9d.png,A:\DR_classification\data\organized\aptos\train\2_Moderate\b98f77098b9d.png,train/2_Moderate/b98f77098b9d.png,train,2,Moderate
aptos:train/2_Moderate/b99794a0beed.png,aptos,b99794a0beed,b99794a0beed.png,A:\DR_classification\data\organized\aptos\train\2_Moderate\b99794a0beed.png,train/2_Moderate/b99794a0beed.png,train,2,Moderate
aptos:train/2_Moderate/b99c825b93c5.png,aptos,b99c825b93c5,b99c825b93c5.png,A:\DR_classification\data\organized\aptos\train\2_Moderate\b99c825b93c5.png,train/2_Moderate/b99c825b93c5.png,train,2,Moderate
aptos:train/2_Moderate/b9b6ee2b9453.png,aptos,b9b6ee2b9453,b9b6ee2b9453.png,A:\DR_classification\data\organized\aptos\train\2_Moderate\b9b6ee2b9453.png,train/2_Moderate/b9b6ee2b9453.png,train,2,Moderate
aptos:train/2_Moderate/ba25f947f4ec.png,aptos,ba25f947f4ec,ba25f947f4ec.png,A:\DR_classification\data\organized\aptos\train\2_Moderate\ba25f947f4ec.png,train/2_Moderate/ba25f947f4ec.png,train,2,Moderate
aptos:train/2_Moderate/bca2bdc15fc5.png,aptos,bca2bdc15fc5,bca2bdc15fc5.png,A:\DR_classification\data\organized\aptos\train\2_Moderate\bca2bdc15fc5.png,train/2_Moderate/bca2bdc15fc5.png,train,2,Moderate
aptos:train/2_Moderate/bcc762618e7d.png,aptos,bcc762618e7d,bcc762618e7d.png,A:\DR_classification\data\organized\aptos\train\2_Moderate\bcc762618e7d.png,train/2_Moderate/bcc762618e7d.png,train,2,Moderate
aptos:train/2_Moderate/bcdc8db5423b.png,aptos,bcdc8db5423b,bcdc8db5423b.png,A:\DR_classification\data\organized\aptos\train\2_Moderate\bcdc8db5423b.png,train/2_Moderate/bcdc8db5423b.png,train,2,Moderate
aptos:train/2_Moderate/bdb98063fe84.png,aptos,bdb98063fe84,bdb98063fe84.png,A:\DR_classification\data\organized\aptos\train\2_Moderate\bdb98063fe84.png,train/2_Moderate/bdb98063fe84.png,train,2,Moderate
aptos:train/2_Moderate/bfd5c0e55420.png,aptos,bfd5c0e55420,bfd5c0e55420.png,A:\DR_classification\data\organized\aptos\train\2_Moderate\bfd5c0e55420.png,train/2_Moderate/bfd5c0e55420.png,train,2,Moderate
aptos:train/2_Moderate/c0202976c670.png,aptos,c0202976c670,c0202976c670.png,A:\DR_classification\data\organized\aptos\train\2_Moderate\c0202976c670.png,train/2_Moderate/c0202976c670.png,train,2,Moderate
aptos:train/2_Moderate/c252da9b41d8.png,aptos,c252da9b41d8,c252da9b41d8.png,A:\DR_classification\data\organized\aptos\train\2_Moderate\c252da9b41d8.png,train/2_Moderate/c252da9b41d8.png,train,2,Moderate
aptos:train/2_Moderate/c261b1aaa828.png,aptos,c261b1aaa828,c261b1aaa828.png,A:\DR_classification\data\organized\aptos\train\2_Moderate\c261b1aaa828.png,train/2_Moderate/c261b1aaa828.png,train,2,Moderate
aptos:train/2_Moderate/c280730cc211.png,aptos,c280730cc211,c280730cc211.png,A:\DR_classification\data\organized\aptos\train\2_Moderate\c280730cc211.png,train/2_Moderate/c280730cc211.png,train,2,Moderate
aptos:train/2_Moderate/c3acf47700ea.png,aptos,c3acf47700ea,c3acf47700ea.png,A:\DR_classification\data\organized\aptos\train\2_Moderate\c3acf47700ea.png,train/2_Moderate/c3acf47700ea.png,train,2,Moderate
aptos:train/2_Moderate/c406325360b1.png,aptos,c406325360b1,c406325360b1.png,A:\DR_classification\data\organized\aptos\train\2_Moderate\c406325360b1.png,train/2_Moderate/c406325360b1.png,train,2,Moderate
aptos:train/2_Moderate/c48ae5da188e.png,aptos,c48ae5da188e,c48ae5da188e.png,A:\DR_classification\data\organized\aptos\train\2_Moderate\c48ae5da188e.png,train/2_Moderate/c48ae5da188e.png,train,2,Moderate
aptos:train/2_Moderate/c52bb7343387.png,aptos,c52bb7343387,c52bb7343387.png,A:\DR_classification\data\organized\aptos\train\2_Moderate\c52bb7343387.png,train/2_Moderate/c52bb7343387.png,train,2,Moderate
aptos:train/2_Moderate/c5431b81cbc9.png,aptos,c5431b81cbc9,c5431b81cbc9.png,A:\DR_classification\data\organized\aptos\train\2_Moderate\c5431b81cbc9.png,train/2_Moderate/c5431b81cbc9.png,train,2,Moderate
aptos:train/2_Moderate/c5ad60521f8c.png,aptos,c5ad60521f8c,c5ad60521f8c.png,A:\DR_classification\data\organized\aptos\train\2_Moderate\c5ad60521f8c.png,train/2_Moderate/c5ad60521f8c.png,train,2,Moderate
aptos:train/2_Moderate/c6c2bad91f23.png,aptos,c6c2bad91f23,c6c2bad91f23.png,A:\DR_classification\data\organized\aptos\train\2_Moderate\c6c2bad91f23.png,train/2_Moderate/c6c2bad91f23.png,train,2,Moderate
aptos:train/2_Moderate/c6e1e9fbf39b.png,aptos,c6e1e9fbf39b,c6e1e9fbf39b.png,A:\DR_classification\data\organized\aptos\train\2_Moderate\c6e1e9fbf39b.png,train/2_Moderate/c6e1e9fbf39b.png,train,2,Moderate
aptos:train/2_Moderate/c70d09370109.png,aptos,c70d09370109,c70d09370109.png,A:\DR_classification\data\organized\aptos\train\2_Moderate\c70d09370109.png,train/2_Moderate/c70d09370109.png,train,2,Moderate
aptos:train/2_Moderate/c73c5f6ef664.png,aptos,c73c5f6ef664,c73c5f6ef664.png,A:\DR_classification\data\organized\aptos\train\2_Moderate\c73c5f6ef664.png,train/2_Moderate/c73c5f6ef664.png,train,2,Moderate
aptos:train/2_Moderate/c7c0470bcf87.png,aptos,c7c0470bcf87,c7c0470bcf87.png,A:\DR_classification\data\organized\aptos\train\2_Moderate\c7c0470bcf87.png,train/2_Moderate/c7c0470bcf87.png,train,2,Moderate
aptos:train/2_Moderate/c80f79579fed.png,aptos,c80f79579fed,c80f79579fed.png,A:\DR_classification\data\organized\aptos\train\2_Moderate\c80f79579fed.png,train/2_Moderate/c80f79579fed.png,train,2,Moderate
aptos:train/2_Moderate/c87493ed320c.png,aptos,c87493ed320c,c87493ed320c.png,A:\DR_classification\data\organized\aptos\train\2_Moderate\c87493ed320c.png,train/2_Moderate/c87493ed320c.png,train,2,Moderate
aptos:train/2_Moderate/c8823cdaf7fa.png,aptos,c8823cdaf7fa,c8823cdaf7fa.png,A:\DR_classification\data\organized\aptos\train\2_Moderate\c8823cdaf7fa.png,train/2_Moderate/c8823cdaf7fa.png,train,2,Moderate
aptos:train/2_Moderate/c8905b8d5cf1.png,aptos,c8905b8d5cf1,c8905b8d5cf1.png,A:\DR_classification\data\organized\aptos\train\2_Moderate\c8905b8d5cf1.png,train/2_Moderate/c8905b8d5cf1.png,train,2,Moderate
aptos:train/2_Moderate/c8a3eb9a5b52.png,aptos,c8a3eb9a5b52,c8a3eb9a5b52.png,A:\DR_classification\data\organized\aptos\train\2_Moderate\c8a3eb9a5b52.png,train/2_Moderate/c8a3eb9a5b52.png,train,2,Moderate
aptos:train/2_Moderate/c9d42d7534e0.png,aptos,c9d42d7534e0,c9d42d7534e0.png,A:\DR_classification\data\organized\aptos\train\2_Moderate\c9d42d7534e0.png,train/2_Moderate/c9d42d7534e0.png,train,2,Moderate
aptos:train/2_Moderate/ca360bec5851.png,aptos,ca360bec5851,ca360bec5851.png,A:\DR_classification\data\organized\aptos\train\2_Moderate\ca360bec5851.png,train/2_Moderate/ca360bec5851.png,train,2,Moderate
aptos:train/2_Moderate/ca7570c5925c.png,aptos,ca7570c5925c,ca7570c5925c.png,A:\DR_classification\data\organized\aptos\train\2_Moderate\ca7570c5925c.png,train/2_Moderate/ca7570c5925c.png,train,2,Moderate
aptos:train/2_Moderate/ca7f5caddf96.png,aptos,ca7f5caddf96,ca7f5caddf96.png,A:\DR_classification\data\organized\aptos\train\2_Moderate\ca7f5caddf96.png,train/2_Moderate/ca7f5caddf96.png,train,2,Moderate
aptos:train/2_Moderate/ca891d37a43c.png,aptos,ca891d37a43c,ca891d37a43c.png,A:\DR_classification\data\organized\aptos\train\2_Moderate\ca891d37a43c.png,train/2_Moderate/ca891d37a43c.png,train,2,Moderate
aptos:train/2_Moderate/ca9c912ebad7.png,aptos,ca9c912ebad7,ca9c912ebad7.png,A:\DR_classification\data\organized\aptos\train\2_Moderate\ca9c912ebad7.png,train/2_Moderate/ca9c912ebad7.png,train,2,Moderate
aptos:train/2_Moderate/cac80797770f.png,aptos,cac80797770f,cac80797770f.png,A:\DR_classification\data\organized\aptos\train\2_Moderate\cac80797770f.png,train/2_Moderate/cac80797770f.png,train,2,Moderate
aptos:train/2_Moderate/caec68f11c86.png,aptos,caec68f11c86,caec68f11c86.png,A:\DR_classification\data\organized\aptos\train\2_Moderate\caec68f11c86.png,train/2_Moderate/caec68f11c86.png,train,2,Moderate
aptos:train/2_Moderate/cb602182cde3.png,aptos,cb602182cde3,cb602182cde3.png,A:\DR_classification\data\organized\aptos\train\2_Moderate\cb602182cde3.png,train/2_Moderate/cb602182cde3.png,train,2,Moderate
aptos:train/2_Moderate/cbf0394039f8.png,aptos,cbf0394039f8,cbf0394039f8.png,A:\DR_classification\data\organized\aptos\train\2_Moderate\cbf0394039f8.png,train/2_Moderate/cbf0394039f8.png,train,2,Moderate
aptos:train/2_Moderate/cc1eebed9276.png,aptos,cc1eebed9276,cc1eebed9276.png,A:\DR_classification\data\organized\aptos\train\2_Moderate\cc1eebed9276.png,train/2_Moderate/cc1eebed9276.png,train,2,Moderate
aptos:train/2_Moderate/cc839823755b.png,aptos,cc839823755b,cc839823755b.png,A:\DR_classification\data\organized\aptos\train\2_Moderate\cc839823755b.png,train/2_Moderate/cc839823755b.png,train,2,Moderate
aptos:train/2_Moderate/cca626a0e19a.png,aptos,cca626a0e19a,cca626a0e19a.png,A:\DR_classification\data\organized\aptos\train\2_Moderate\cca626a0e19a.png,train/2_Moderate/cca626a0e19a.png,train,2,Moderate
aptos:train/2_Moderate/ccd34029493d.png,aptos,ccd34029493d,ccd34029493d.png,A:\DR_classification\data\organized\aptos\train\2_Moderate\ccd34029493d.png,train/2_Moderate/ccd34029493d.png,train,2,Moderate
aptos:train/2_Moderate/cd29c88c9e36.png,aptos,cd29c88c9e36,cd29c88c9e36.png,A:\DR_classification\data\organized\aptos\train\2_Moderate\cd29c88c9e36.png,train/2_Moderate/cd29c88c9e36.png,train,2,Moderate
aptos:train/2_Moderate/cd3fd04d72f5.png,aptos,cd3fd04d72f5,cd3fd04d72f5.png,A:\DR_classification\data\organized\aptos\train\2_Moderate\cd3fd04d72f5.png,train/2_Moderate/cd3fd04d72f5.png,train,2,Moderate
aptos:train/2_Moderate/cd9e2190c73f.png,aptos,cd9e2190c73f,cd9e2190c73f.png,A:\DR_classification\data\organized\aptos\train\2_Moderate\cd9e2190c73f.png,train/2_Moderate/cd9e2190c73f.png,train,2,Moderate
aptos:train/2_Moderate/ceaa5803d780.png,aptos,ceaa5803d780,ceaa5803d780.png,A:\DR_classification\data\organized\aptos\train\2_Moderate\ceaa5803d780.png,train/2_Moderate/ceaa5803d780.png,train,2,Moderate
aptos:train/2_Moderate/ceb601fe8dba.png,aptos,ceb601fe8dba,ceb601fe8dba.png,A:\DR_classification\data\organized\aptos\train\2_Moderate\ceb601fe8dba.png,train/2_Moderate/ceb601fe8dba.png,train,2,Moderate
aptos:train/2_Moderate/cf0824f53dd9.png,aptos,cf0824f53dd9,cf0824f53dd9.png,A:\DR_classification\data\organized\aptos\train\2_Moderate\cf0824f53dd9.png,train/2_Moderate/cf0824f53dd9.png,train,2,Moderate
aptos:train/2_Moderate/d141728fa392.png,aptos,d141728fa392,d141728fa392.png,A:\DR_classification\data\organized\aptos\train\2_Moderate\d141728fa392.png,train/2_Moderate/d141728fa392.png,train,2,Moderate
aptos:train/2_Moderate/d18aea8238a0.png,aptos,d18aea8238a0,d18aea8238a0.png,A:\DR_classification\data\organized\aptos\train\2_Moderate\d18aea8238a0.png,train/2_Moderate/d18aea8238a0.png,train,2,Moderate
aptos:train/2_Moderate/d18b1d8ac4de.png,aptos,d18b1d8ac4de,d18b1d8ac4de.png,A:\DR_classification\data\organized\aptos\train\2_Moderate\d18b1d8ac4de.png,train/2_Moderate/d18b1d8ac4de.png,train,2,Moderate
aptos:train/2_Moderate/d18e5b68f6d2.png,aptos,d18e5b68f6d2,d18e5b68f6d2.png,A:\DR_classification\data\organized\aptos\train\2_Moderate\d18e5b68f6d2.png,train/2_Moderate/d18e5b68f6d2.png,train,2,Moderate
aptos:train/2_Moderate/d1fb4efb117c.png,aptos,d1fb4efb117c,d1fb4efb117c.png,A:\DR_classification\data\organized\aptos\train\2_Moderate\d1fb4efb117c.png,train/2_Moderate/d1fb4efb117c.png,train,2,Moderate
aptos:train/2_Moderate/d25b8a8ad3c4.png,aptos,d25b8a8ad3c4,d25b8a8ad3c4.png,A:\DR_classification\data\organized\aptos\train\2_Moderate\d25b8a8ad3c4.png,train/2_Moderate/d25b8a8ad3c4.png,train,2,Moderate
aptos:train/2_Moderate/d264396d8d1a.png,aptos,d264396d8d1a,d264396d8d1a.png,A:\DR_classification\data\organized\aptos\train\2_Moderate\d264396d8d1a.png,train/2_Moderate/d264396d8d1a.png,train,2,Moderate
aptos:train/2_Moderate/d28bd830c171.png,aptos,d28bd830c171,d28bd830c171.png,A:\DR_classification\data\organized\aptos\train\2_Moderate\d28bd830c171.png,train/2_Moderate/d28bd830c171.png,train,2,Moderate
aptos:train/2_Moderate/d29096bd94aa.png,aptos,d29096bd94aa,d29096bd94aa.png,A:\DR_classification\data\organized\aptos\train\2_Moderate\d29096bd94aa.png,train/2_Moderate/d29096bd94aa.png,train,2,Moderate
aptos:train/2_Moderate/d364423ec6f9.png,aptos,d364423ec6f9,d364423ec6f9.png,A:\DR_classification\data\organized\aptos\train\2_Moderate\d364423ec6f9.png,train/2_Moderate/d364423ec6f9.png,train,2,Moderate
aptos:train/2_Moderate/d3be5346684b.png,aptos,d3be5346684b,d3be5346684b.png,A:\DR_classification\data\organized\aptos\train\2_Moderate\d3be5346684b.png,train/2_Moderate/d3be5346684b.png,train,2,Moderate
aptos:train/2_Moderate/d6228d951958.png,aptos,d6228d951958,d6228d951958.png,A:\DR_classification\data\organized\aptos\train\2_Moderate\d6228d951958.png,train/2_Moderate/d6228d951958.png,train,2,Moderate
aptos:train/2_Moderate/d6283ded6aea.png,aptos,d6283ded6aea,d6283ded6aea.png,A:\DR_classification\data\organized\aptos\train\2_Moderate\d6283ded6aea.png,train/2_Moderate/d6283ded6aea.png,train,2,Moderate
aptos:train/2_Moderate/d81338217fc5.png,aptos,d81338217fc5,d81338217fc5.png,A:\DR_classification\data\organized\aptos\train\2_Moderate\d81338217fc5.png,train/2_Moderate/d81338217fc5.png,train,2,Moderate
aptos:train/2_Moderate/d83c3efade75.png,aptos,d83c3efade75,d83c3efade75.png,A:\DR_classification\data\organized\aptos\train\2_Moderate\d83c3efade75.png,train/2_Moderate/d83c3efade75.png,train,2,Moderate
aptos:train/2_Moderate/d83d0695e215.png,aptos,d83d0695e215,d83d0695e215.png,A:\DR_classification\data\organized\aptos\train\2_Moderate\d83d0695e215.png,train/2_Moderate/d83d0695e215.png,train,2,Moderate
aptos:train/2_Moderate/d8404680bba6.png,aptos,d8404680bba6,d8404680bba6.png,A:\DR_classification\data\organized\aptos\train\2_Moderate\d8404680bba6.png,train/2_Moderate/d8404680bba6.png,train,2,Moderate
aptos:train/2_Moderate/d88806d9ece9.png,aptos,d88806d9ece9,d88806d9ece9.png,A:\DR_classification\data\organized\aptos\train\2_Moderate\d88806d9ece9.png,train/2_Moderate/d88806d9ece9.png,train,2,Moderate
aptos:train/2_Moderate/d8cdb7d7283a.png,aptos,d8cdb7d7283a,d8cdb7d7283a.png,A:\DR_classification\data\organized\aptos\train\2_Moderate\d8cdb7d7283a.png,train/2_Moderate/d8cdb7d7283a.png,train,2,Moderate
aptos:train/2_Moderate/d94e10f42861.png,aptos,d94e10f42861,d94e10f42861.png,A:\DR_classification\data\organized\aptos\train\2_Moderate\d94e10f42861.png,train/2_Moderate/d94e10f42861.png,train,2,Moderate
aptos:train/2_Moderate/d968a983d4d2.png,aptos,d968a983d4d2,d968a983d4d2.png,A:\DR_classification\data\organized\aptos\train\2_Moderate\d968a983d4d2.png,train/2_Moderate/d968a983d4d2.png,train,2,Moderate
aptos:train/2_Moderate/d9a475dfe59a.png,aptos,d9a475dfe59a,d9a475dfe59a.png,A:\DR_classification\data\organized\aptos\train\2_Moderate\d9a475dfe59a.png,train/2_Moderate/d9a475dfe59a.png,train,2,Moderate
aptos:train/2_Moderate/da44f80b422b.png,aptos,da44f80b422b,da44f80b422b.png,A:\DR_classification\data\organized\aptos\train\2_Moderate\da44f80b422b.png,train/2_Moderate/da44f80b422b.png,train,2,Moderate
aptos:train/2_Moderate/da8900ac7f29.png,aptos,da8900ac7f29,da8900ac7f29.png,A:\DR_classification\data\organized\aptos\train\2_Moderate\da8900ac7f29.png,train/2_Moderate/da8900ac7f29.png,train,2,Moderate
aptos:train/2_Moderate/dbee04ae6426.png,aptos,dbee04ae6426,dbee04ae6426.png,A:\DR_classification\data\organized\aptos\train\2_Moderate\dbee04ae6426.png,train/2_Moderate/dbee04ae6426.png,train,2,Moderate
aptos:train/2_Moderate/dc6fa1b38b83.png,aptos,dc6fa1b38b83,dc6fa1b38b83.png,A:\DR_classification\data\organized\aptos\train\2_Moderate\dc6fa1b38b83.png,train/2_Moderate/dc6fa1b38b83.png,train,2,Moderate
aptos:train/2_Moderate/dd110d2b8c21.png,aptos,dd110d2b8c21,dd110d2b8c21.png,A:\DR_classification\data\organized\aptos\train\2_Moderate\dd110d2b8c21.png,train/2_Moderate/dd110d2b8c21.png,train,2,Moderate
aptos:train/2_Moderate/dde43aa22ae6.png,aptos,dde43aa22ae6,dde43aa22ae6.png,A:\DR_classification\data\organized\aptos\train\2_Moderate\dde43aa22ae6.png,train/2_Moderate/dde43aa22ae6.png,train,2,Moderate
aptos:train/2_Moderate/dee687c6e88a.png,aptos,dee687c6e88a,dee687c6e88a.png,A:\DR_classification\data\organized\aptos\train\2_Moderate\dee687c6e88a.png,train/2_Moderate/dee687c6e88a.png,train,2,Moderate
aptos:train/2_Moderate/df841a0440d8.png,aptos,df841a0440d8,df841a0440d8.png,A:\DR_classification\data\organized\aptos\train\2_Moderate\df841a0440d8.png,train/2_Moderate/df841a0440d8.png,train,2,Moderate
aptos:train/2_Moderate/e03e70bc8bba.png,aptos,e03e70bc8bba,e03e70bc8bba.png,A:\DR_classification\data\organized\aptos\train\2_Moderate\e03e70bc8bba.png,train/2_Moderate/e03e70bc8bba.png,train,2,Moderate
aptos:train/2_Moderate/e0863b353093.png,aptos,e0863b353093,e0863b353093.png,A:\DR_classification\data\organized\aptos\train\2_Moderate\e0863b353093.png,train/2_Moderate/e0863b353093.png,train,2,Moderate
aptos:train/2_Moderate/e10190a9d52f.png,aptos,e10190a9d52f,e10190a9d52f.png,A:\DR_classification\data\organized\aptos\train\2_Moderate\e10190a9d52f.png,train/2_Moderate/e10190a9d52f.png,train,2,Moderate
aptos:train/2_Moderate/e12b67835e03.png,aptos,e12b67835e03,e12b67835e03.png,A:\DR_classification\data\organized\aptos\train\2_Moderate\e12b67835e03.png,train/2_Moderate/e12b67835e03.png,train,2,Moderate
aptos:train/2_Moderate/e1418d28d668.png,aptos,e1418d28d668,e1418d28d668.png,A:\DR_classification\data\organized\aptos\train\2_Moderate\e1418d28d668.png,train/2_Moderate/e1418d28d668.png,train,2,Moderate
aptos:train/2_Moderate/e150935f66a6.png,aptos,e150935f66a6,e150935f66a6.png,A:\DR_classification\data\organized\aptos\train\2_Moderate\e150935f66a6.png,train/2_Moderate/e150935f66a6.png,train,2,Moderate
aptos:train/2_Moderate/e16fc934069f.png,aptos,e16fc934069f,e16fc934069f.png,A:\DR_classification\data\organized\aptos\train\2_Moderate\e16fc934069f.png,train/2_Moderate/e16fc934069f.png,train,2,Moderate
aptos:train/2_Moderate/e1e490773462.png,aptos,e1e490773462,e1e490773462.png,A:\DR_classification\data\organized\aptos\train\2_Moderate\e1e490773462.png,train/2_Moderate/e1e490773462.png,train,2,Moderate
aptos:train/2_Moderate/e2161692a0b4.png,aptos,e2161692a0b4,e2161692a0b4.png,A:\DR_classification\data\organized\aptos\train\2_Moderate\e2161692a0b4.png,train/2_Moderate/e2161692a0b4.png,train,2,Moderate
aptos:train/2_Moderate/e229aca862c7.png,aptos,e229aca862c7,e229aca862c7.png,A:\DR_classification\data\organized\aptos\train\2_Moderate\e229aca862c7.png,train/2_Moderate/e229aca862c7.png,train,2,Moderate
aptos:train/2_Moderate/e265c870f9b3.png,aptos,e265c870f9b3,e265c870f9b3.png,A:\DR_classification\data\organized\aptos\train\2_Moderate\e265c870f9b3.png,train/2_Moderate/e265c870f9b3.png,train,2,Moderate
aptos:train/2_Moderate/e2856afe62c5.png,aptos,e2856afe62c5,e2856afe62c5.png,A:\DR_classification\data\organized\aptos\train\2_Moderate\e2856afe62c5.png,train/2_Moderate/e2856afe62c5.png,train,2,Moderate
aptos:train/2_Moderate/e2a47a74e6e1.png,aptos,e2a47a74e6e1,e2a47a74e6e1.png,A:\DR_classification\data\organized\aptos\train\2_Moderate\e2a47a74e6e1.png,train/2_Moderate/e2a47a74e6e1.png,train,2,Moderate
aptos:train/2_Moderate/e31c42a8652b.png,aptos,e31c42a8652b,e31c42a8652b.png,A:\DR_classification\data\organized\aptos\train\2_Moderate\e31c42a8652b.png,train/2_Moderate/e31c42a8652b.png,train,2,Moderate
aptos:train/2_Moderate/e387311a840e.png,aptos,e387311a840e,e387311a840e.png,A:\DR_classification\data\organized\aptos\train\2_Moderate\e387311a840e.png,train/2_Moderate/e387311a840e.png,train,2,Moderate
aptos:train/2_Moderate/e3a7671f787b.png,aptos,e3a7671f787b,e3a7671f787b.png,A:\DR_classification\data\organized\aptos\train\2_Moderate\e3a7671f787b.png,train/2_Moderate/e3a7671f787b.png,train,2,Moderate
aptos:train/2_Moderate/e3e490babc0c.png,aptos,e3e490babc0c,e3e490babc0c.png,A:\DR_classification\data\organized\aptos\train\2_Moderate\e3e490babc0c.png,train/2_Moderate/e3e490babc0c.png,train,2,Moderate
aptos:train/2_Moderate/e499434242cc.png,aptos,e499434242cc,e499434242cc.png,A:\DR_classification\data\organized\aptos\train\2_Moderate\e499434242cc.png,train/2_Moderate/e499434242cc.png,train,2,Moderate
aptos:train/2_Moderate/e540d2e35d15.png,aptos,e540d2e35d15,e540d2e35d15.png,A:\DR_classification\data\organized\aptos\train\2_Moderate\e540d2e35d15.png,train/2_Moderate/e540d2e35d15.png,train,2,Moderate
aptos:train/2_Moderate/e5d56f4f359b.png,aptos,e5d56f4f359b,e5d56f4f359b.png,A:\DR_classification\data\organized\aptos\train\2_Moderate\e5d56f4f359b.png,train/2_Moderate/e5d56f4f359b.png,train,2,Moderate
aptos:train/2_Moderate/e65a2ff90494.png,aptos,e65a2ff90494,e65a2ff90494.png,A:\DR_classification\data\organized\aptos\train\2_Moderate\e65a2ff90494.png,train/2_Moderate/e65a2ff90494.png,train,2,Moderate
aptos:train/2_Moderate/e65f94ad9be3.png,aptos,e65f94ad9be3,e65f94ad9be3.png,A:\DR_classification\data\organized\aptos\train\2_Moderate\e65f94ad9be3.png,train/2_Moderate/e65f94ad9be3.png,train,2,Moderate
aptos:train/2_Moderate/e663c6627a95.png,aptos,e663c6627a95,e663c6627a95.png,A:\DR_classification\data\organized\aptos\train\2_Moderate\e663c6627a95.png,train/2_Moderate/e663c6627a95.png,train,2,Moderate
aptos:train/2_Moderate/e6a58edc5b42.png,aptos,e6a58edc5b42,e6a58edc5b42.png,A:\DR_classification\data\organized\aptos\train\2_Moderate\e6a58edc5b42.png,train/2_Moderate/e6a58edc5b42.png,train,2,Moderate
aptos:train/2_Moderate/e6a6acf7fca1.png,aptos,e6a6acf7fca1,e6a6acf7fca1.png,A:\DR_classification\data\organized\aptos\train\2_Moderate\e6a6acf7fca1.png,train/2_Moderate/e6a6acf7fca1.png,train,2,Moderate
aptos:train/2_Moderate/e6f0ce5bf282.png,aptos,e6f0ce5bf282,e6f0ce5bf282.png,A:\DR_classification\data\organized\aptos\train\2_Moderate\e6f0ce5bf282.png,train/2_Moderate/e6f0ce5bf282.png,train,2,Moderate
aptos:train/2_Moderate/e756495c11cb.png,aptos,e756495c11cb,e756495c11cb.png,A:\DR_classification\data\organized\aptos\train\2_Moderate\e756495c11cb.png,train/2_Moderate/e756495c11cb.png,train,2,Moderate
aptos:train/2_Moderate/e7a372a1c3a4.png,aptos,e7a372a1c3a4,e7a372a1c3a4.png,A:\DR_classification\data\organized\aptos\train\2_Moderate\e7a372a1c3a4.png,train/2_Moderate/e7a372a1c3a4.png,train,2,Moderate
aptos:train/2_Moderate/e7defafeb957.png,aptos,e7defafeb957,e7defafeb957.png,A:\DR_classification\data\organized\aptos\train\2_Moderate\e7defafeb957.png,train/2_Moderate/e7defafeb957.png,train,2,Moderate
aptos:train/2_Moderate/e83d315d8f98.png,aptos,e83d315d8f98,e83d315d8f98.png,A:\DR_classification\data\organized\aptos\train\2_Moderate\e83d315d8f98.png,train/2_Moderate/e83d315d8f98.png,train,2,Moderate
aptos:train/2_Moderate/e85d410d6836.png,aptos,e85d410d6836,e85d410d6836.png,A:\DR_classification\data\organized\aptos\train\2_Moderate\e85d410d6836.png,train/2_Moderate/e85d410d6836.png,train,2,Moderate
aptos:train/2_Moderate/e96099b961b4.png,aptos,e96099b961b4,e96099b961b4.png,A:\DR_classification\data\organized\aptos\train\2_Moderate\e96099b961b4.png,train/2_Moderate/e96099b961b4.png,train,2,Moderate
aptos:train/2_Moderate/e9f82b5bbaf4.png,aptos,e9f82b5bbaf4,e9f82b5bbaf4.png,A:\DR_classification\data\organized\aptos\train\2_Moderate\e9f82b5bbaf4.png,train/2_Moderate/e9f82b5bbaf4.png,train,2,Moderate
aptos:train/2_Moderate/ea1d045f9fea.png,aptos,ea1d045f9fea,ea1d045f9fea.png,A:\DR_classification\data\organized\aptos\train\2_Moderate\ea1d045f9fea.png,train/2_Moderate/ea1d045f9fea.png,train,2,Moderate
aptos:train/2_Moderate/ea4dcb055139.png,aptos,ea4dcb055139,ea4dcb055139.png,A:\DR_classification\data\organized\aptos\train\2_Moderate\ea4dcb055139.png,train/2_Moderate/ea4dcb055139.png,train,2,Moderate
aptos:train/2_Moderate/ea588d1e5d96.png,aptos,ea588d1e5d96,ea588d1e5d96.png,A:\DR_classification\data\organized\aptos\train\2_Moderate\ea588d1e5d96.png,train/2_Moderate/ea588d1e5d96.png,train,2,Moderate
aptos:train/2_Moderate/eae901557a84.png,aptos,eae901557a84,eae901557a84.png,A:\DR_classification\data\organized\aptos\train\2_Moderate\eae901557a84.png,train/2_Moderate/eae901557a84.png,train,2,Moderate
aptos:train/2_Moderate/eb1ad14dd281.png,aptos,eb1ad14dd281,eb1ad14dd281.png,A:\DR_classification\data\organized\aptos\train\2_Moderate\eb1ad14dd281.png,train/2_Moderate/eb1ad14dd281.png,train,2,Moderate
aptos:train/2_Moderate/ed2c06fcc573.png,aptos,ed2c06fcc573,ed2c06fcc573.png,A:\DR_classification\data\organized\aptos\train\2_Moderate\ed2c06fcc573.png,train/2_Moderate/ed2c06fcc573.png,train,2,Moderate
aptos:train/2_Moderate/ee02294cc3d9.png,aptos,ee02294cc3d9,ee02294cc3d9.png,A:\DR_classification\data\organized\aptos\train\2_Moderate\ee02294cc3d9.png,train/2_Moderate/ee02294cc3d9.png,train,2,Moderate
aptos:train/2_Moderate/ee059945b08a.png,aptos,ee059945b08a,ee059945b08a.png,A:\DR_classification\data\organized\aptos\train\2_Moderate\ee059945b08a.png,train/2_Moderate/ee059945b08a.png,train,2,Moderate
aptos:train/2_Moderate/ee6e39319b39.png,aptos,ee6e39319b39,ee6e39319b39.png,A:\DR_classification\data\organized\aptos\train\2_Moderate\ee6e39319b39.png,train/2_Moderate/ee6e39319b39.png,train,2,Moderate
aptos:train/2_Moderate/ee74c3b177e0.png,aptos,ee74c3b177e0,ee74c3b177e0.png,A:\DR_classification\data\organized\aptos\train\2_Moderate\ee74c3b177e0.png,train/2_Moderate/ee74c3b177e0.png,train,2,Moderate
aptos:train/2_Moderate/efff2f1a35f5.png,aptos,efff2f1a35f5,efff2f1a35f5.png,A:\DR_classification\data\organized\aptos\train\2_Moderate\efff2f1a35f5.png,train/2_Moderate/efff2f1a35f5.png,train,2,Moderate
aptos:train/2_Moderate/f0800723bc63.png,aptos,f0800723bc63,f0800723bc63.png,A:\DR_classification\data\organized\aptos\train\2_Moderate\f0800723bc63.png,train/2_Moderate/f0800723bc63.png,train,2,Moderate
aptos:train/2_Moderate/f1a761c68559.png,aptos,f1a761c68559,f1a761c68559.png,A:\DR_classification\data\organized\aptos\train\2_Moderate\f1a761c68559.png,train/2_Moderate/f1a761c68559.png,train,2,Moderate
aptos:train/2_Moderate/f2ee81781411.png,aptos,f2ee81781411,f2ee81781411.png,A:\DR_classification\data\organized\aptos\train\2_Moderate\f2ee81781411.png,train/2_Moderate/f2ee81781411.png,train,2,Moderate
aptos:train/2_Moderate/f30f203ef51e.png,aptos,f30f203ef51e,f30f203ef51e.png,A:\DR_classification\data\organized\aptos\train\2_Moderate\f30f203ef51e.png,train/2_Moderate/f30f203ef51e.png,train,2,Moderate
aptos:train/2_Moderate/f3a268d2726d.png,aptos,f3a268d2726d,f3a268d2726d.png,A:\DR_classification\data\organized\aptos\train\2_Moderate\f3a268d2726d.png,train/2_Moderate/f3a268d2726d.png,train,2,Moderate
aptos:train/2_Moderate/f3a88d3026dc.png,aptos,f3a88d3026dc,f3a88d3026dc.png,A:\DR_classification\data\organized\aptos\train\2_Moderate\f3a88d3026dc.png,train/2_Moderate/f3a88d3026dc.png,train,2,Moderate
aptos:train/2_Moderate/f3b6b7ca1eb1.png,aptos,f3b6b7ca1eb1,f3b6b7ca1eb1.png,A:\DR_classification\data\organized\aptos\train\2_Moderate\f3b6b7ca1eb1.png,train/2_Moderate/f3b6b7ca1eb1.png,train,2,Moderate
aptos:train/2_Moderate/f45f1485c940.png,aptos,f45f1485c940,f45f1485c940.png,A:\DR_classification\data\organized\aptos\train\2_Moderate\f45f1485c940.png,train/2_Moderate/f45f1485c940.png,train,2,Moderate
aptos:train/2_Moderate/f5e9a307288c.png,aptos,f5e9a307288c,f5e9a307288c.png,A:\DR_classification\data\organized\aptos\train\2_Moderate\f5e9a307288c.png,train/2_Moderate/f5e9a307288c.png,train,2,Moderate
aptos:train/2_Moderate/f69400b316a7.png,aptos,f69400b316a7,f69400b316a7.png,A:\DR_classification\data\organized\aptos\train\2_Moderate\f69400b316a7.png,train/2_Moderate/f69400b316a7.png,train,2,Moderate
aptos:train/2_Moderate/f80118bbda18.png,aptos,f80118bbda18,f80118bbda18.png,A:\DR_classification\data\organized\aptos\train\2_Moderate\f80118bbda18.png,train/2_Moderate/f80118bbda18.png,train,2,Moderate
aptos:train/2_Moderate/f8372e80f731.png,aptos,f8372e80f731,f8372e80f731.png,A:\DR_classification\data\organized\aptos\train\2_Moderate\f8372e80f731.png,train/2_Moderate/f8372e80f731.png,train,2,Moderate
aptos:train/2_Moderate/f8fc411092c7.png,aptos,f8fc411092c7,f8fc411092c7.png,A:\DR_classification\data\organized\aptos\train\2_Moderate\f8fc411092c7.png,train/2_Moderate/f8fc411092c7.png,train,2,Moderate
aptos:train/2_Moderate/f999c6921e6d.png,aptos,f999c6921e6d,f999c6921e6d.png,A:\DR_classification\data\organized\aptos\train\2_Moderate\f999c6921e6d.png,train/2_Moderate/f999c6921e6d.png,train,2,Moderate
aptos:train/2_Moderate/f9aa35187bf3.png,aptos,f9aa35187bf3,f9aa35187bf3.png,A:\DR_classification\data\organized\aptos\train\2_Moderate\f9aa35187bf3.png,train/2_Moderate/f9aa35187bf3.png,train,2,Moderate
aptos:train/2_Moderate/fa3e544a7401.png,aptos,fa3e544a7401,fa3e544a7401.png,A:\DR_classification\data\organized\aptos\train\2_Moderate\fa3e544a7401.png,train/2_Moderate/fa3e544a7401.png,train,2,Moderate
aptos:train/2_Moderate/fa748b57262b.png,aptos,fa748b57262b,fa748b57262b.png,A:\DR_classification\data\organized\aptos\train\2_Moderate\fa748b57262b.png,train/2_Moderate/fa748b57262b.png,train,2,Moderate
aptos:train/2_Moderate/fac399455195.png,aptos,fac399455195,fac399455195.png,A:\DR_classification\data\organized\aptos\train\2_Moderate\fac399455195.png,train/2_Moderate/fac399455195.png,train,2,Moderate
aptos:train/2_Moderate/fba493e17448.png,aptos,fba493e17448,fba493e17448.png,A:\DR_classification\data\organized\aptos\train\2_Moderate\fba493e17448.png,train/2_Moderate/fba493e17448.png,train,2,Moderate
aptos:train/2_Moderate/fc1b1841eadf.png,aptos,fc1b1841eadf,fc1b1841eadf.png,A:\DR_classification\data\organized\aptos\train\2_Moderate\fc1b1841eadf.png,train/2_Moderate/fc1b1841eadf.png,train,2,Moderate
aptos:train/2_Moderate/fc4c2d35c6f8.png,aptos,fc4c2d35c6f8,fc4c2d35c6f8.png,A:\DR_classification\data\organized\aptos\train\2_Moderate\fc4c2d35c6f8.png,train/2_Moderate/fc4c2d35c6f8.png,train,2,Moderate
aptos:train/2_Moderate/fc4d69128e7c.png,aptos,fc4d69128e7c,fc4d69128e7c.png,A:\DR_classification\data\organized\aptos\train\2_Moderate\fc4d69128e7c.png,train/2_Moderate/fc4d69128e7c.png,train,2,Moderate
aptos:train/2_Moderate/fc603cbedb41.png,aptos,fc603cbedb41,fc603cbedb41.png,A:\DR_classification\data\organized\aptos\train\2_Moderate\fc603cbedb41.png,train/2_Moderate/fc603cbedb41.png,train,2,Moderate
aptos:train/2_Moderate/fd48cf452e9d.png,aptos,fd48cf452e9d,fd48cf452e9d.png,A:\DR_classification\data\organized\aptos\train\2_Moderate\fd48cf452e9d.png,train/2_Moderate/fd48cf452e9d.png,train,2,Moderate
aptos:train/2_Moderate/fe37f4492920.png,aptos,fe37f4492920,fe37f4492920.png,A:\DR_classification\data\organized\aptos\train\2_Moderate\fe37f4492920.png,train/2_Moderate/fe37f4492920.png,train,2,Moderate
aptos:train/2_Moderate/ff344e5c9341.png,aptos,ff344e5c9341,ff344e5c9341.png,A:\DR_classification\data\organized\aptos\train\2_Moderate\ff344e5c9341.png,train/2_Moderate/ff344e5c9341.png,train,2,Moderate
aptos:train/2_Moderate/ff77e8e5b5f3.png,aptos,ff77e8e5b5f3,ff77e8e5b5f3.png,A:\DR_classification\data\organized\aptos\train\2_Moderate\ff77e8e5b5f3.png,train/2_Moderate/ff77e8e5b5f3.png,train,2,Moderate
aptos:train/2_Moderate/ffcf7b45f213.png,aptos,ffcf7b45f213,ffcf7b45f213.png,A:\DR_classification\data\organized\aptos\train\2_Moderate\ffcf7b45f213.png,train/2_Moderate/ffcf7b45f213.png,train,2,Moderate
aptos:train/3_Severe/0104b032c141.png,aptos,0104b032c141,0104b032c141.png,A:\DR_classification\data\organized\aptos\train\3_Severe\0104b032c141.png,train/3_Severe/0104b032c141.png,train,3,Severe
aptos:train/3_Severe/042470a92154.png,aptos,042470a92154,042470a92154.png,A:\DR_classification\data\organized\aptos\train\3_Severe\042470a92154.png,train/3_Severe/042470a92154.png,train,3,Severe
aptos:train/3_Severe/070f67572d03.png,aptos,070f67572d03,070f67572d03.png,A:\DR_classification\data\organized\aptos\train\3_Severe\070f67572d03.png,train/3_Severe/070f67572d03.png,train,3,Severe
aptos:train/3_Severe/093a42649c29.png,aptos,093a42649c29,093a42649c29.png,A:\DR_classification\data\organized\aptos\train\3_Severe\093a42649c29.png,train/3_Severe/093a42649c29.png,train,3,Severe
aptos:train/3_Severe/0dc8d25b3f69.png,aptos,0dc8d25b3f69,0dc8d25b3f69.png,A:\DR_classification\data\organized\aptos\train\3_Severe\0dc8d25b3f69.png,train/3_Severe/0dc8d25b3f69.png,train,3,Severe
aptos:train/3_Severe/0edadb2aa127.png,aptos,0edadb2aa127,0edadb2aa127.png,A:\DR_classification\data\organized\aptos\train\3_Severe\0edadb2aa127.png,train/3_Severe/0edadb2aa127.png,train,3,Severe
aptos:train/3_Severe/0f882877bf13.png,aptos,0f882877bf13,0f882877bf13.png,A:\DR_classification\data\organized\aptos\train\3_Severe\0f882877bf13.png,train/3_Severe/0f882877bf13.png,train,3,Severe
aptos:train/3_Severe/15f440753916.png,aptos,15f440753916,15f440753916.png,A:\DR_classification\data\organized\aptos\train\3_Severe\15f440753916.png,train/3_Severe/15f440753916.png,train,3,Severe
aptos:train/3_Severe/1623e8e3adc4.png,aptos,1623e8e3adc4,1623e8e3adc4.png,A:\DR_classification\data\organized\aptos\train\3_Severe\1623e8e3adc4.png,train/3_Severe/1623e8e3adc4.png,train,3,Severe
aptos:train/3_Severe/166068a24416.png,aptos,166068a24416,166068a24416.png,A:\DR_classification\data\organized\aptos\train\3_Severe\166068a24416.png,train/3_Severe/166068a24416.png,train,3,Severe
aptos:train/3_Severe/191a711852bd.png,aptos,191a711852bd,191a711852bd.png,A:\DR_classification\data\organized\aptos\train\3_Severe\191a711852bd.png,train/3_Severe/191a711852bd.png,train,3,Severe
aptos:train/3_Severe/19244004583f.png,aptos,19244004583f,19244004583f.png,A:\DR_classification\data\organized\aptos\train\3_Severe\19244004583f.png,train/3_Severe/19244004583f.png,train,3,Severe
aptos:train/3_Severe/1b495ac025b7.png,aptos,1b495ac025b7,1b495ac025b7.png,A:\DR_classification\data\organized\aptos\train\3_Severe\1b495ac025b7.png,train/3_Severe/1b495ac025b7.png,train,3,Severe
aptos:train/3_Severe/1c9521878baf.png,aptos,1c9521878baf,1c9521878baf.png,A:\DR_classification\data\organized\aptos\train\3_Severe\1c9521878baf.png,train/3_Severe/1c9521878baf.png,train,3,Severe
aptos:train/3_Severe/237c078d00fc.png,aptos,237c078d00fc,237c078d00fc.png,A:\DR_classification\data\organized\aptos\train\3_Severe\237c078d00fc.png,train/3_Severe/237c078d00fc.png,train,3,Severe
aptos:train/3_Severe/24b87f744598.png,aptos,24b87f744598,24b87f744598.png,A:\DR_classification\data\organized\aptos\train\3_Severe\24b87f744598.png,train/3_Severe/24b87f744598.png,train,3,Severe
aptos:train/3_Severe/25b0e72705a8.png,aptos,25b0e72705a8,25b0e72705a8.png,A:\DR_classification\data\organized\aptos\train\3_Severe\25b0e72705a8.png,train/3_Severe/25b0e72705a8.png,train,3,Severe
aptos:train/3_Severe/2665f72e2dd3.png,aptos,2665f72e2dd3,2665f72e2dd3.png,A:\DR_classification\data\organized\aptos\train\3_Severe\2665f72e2dd3.png,train/3_Severe/2665f72e2dd3.png,train,3,Severe
aptos:train/3_Severe/2b48daf24be0.png,aptos,2b48daf24be0,2b48daf24be0.png,A:\DR_classification\data\organized\aptos\train\3_Severe\2b48daf24be0.png,train/3_Severe/2b48daf24be0.png,train,3,Severe
aptos:train/3_Severe/2bb063318cf1.png,aptos,2bb063318cf1,2bb063318cf1.png,A:\DR_classification\data\organized\aptos\train\3_Severe\2bb063318cf1.png,train/3_Severe/2bb063318cf1.png,train,3,Severe
aptos:train/3_Severe/2bbd1f99ecc3.png,aptos,2bbd1f99ecc3,2bbd1f99ecc3.png,A:\DR_classification\data\organized\aptos\train\3_Severe\2bbd1f99ecc3.png,train/3_Severe/2bbd1f99ecc3.png,train,3,Severe
aptos:train/3_Severe/2f42e20db938.png,aptos,2f42e20db938,2f42e20db938.png,A:\DR_classification\data\organized\aptos\train\3_Severe\2f42e20db938.png,train/3_Severe/2f42e20db938.png,train,3,Severe
aptos:train/3_Severe/31616ff6b53b.png,aptos,31616ff6b53b,31616ff6b53b.png,A:\DR_classification\data\organized\aptos\train\3_Severe\31616ff6b53b.png,train/3_Severe/31616ff6b53b.png,train,3,Severe
aptos:train/3_Severe/33778d136069.png,aptos,33778d136069,33778d136069.png,A:\DR_classification\data\organized\aptos\train\3_Severe\33778d136069.png,train/3_Severe/33778d136069.png,train,3,Severe
aptos:train/3_Severe/3435fd8675a2.png,aptos,3435fd8675a2,3435fd8675a2.png,A:\DR_classification\data\organized\aptos\train\3_Severe\3435fd8675a2.png,train/3_Severe/3435fd8675a2.png,train,3,Severe
aptos:train/3_Severe/352e4a939242.png,aptos,352e4a939242,352e4a939242.png,A:\DR_classification\data\organized\aptos\train\3_Severe\352e4a939242.png,train/3_Severe/352e4a939242.png,train,3,Severe
aptos:train/3_Severe/36865bbc64d6.png,aptos,36865bbc64d6,36865bbc64d6.png,A:\DR_classification\data\organized\aptos\train\3_Severe\36865bbc64d6.png,train/3_Severe/36865bbc64d6.png,train,3,Severe
aptos:train/3_Severe/3b018e8b7303.png,aptos,3b018e8b7303,3b018e8b7303.png,A:\DR_classification\data\organized\aptos\train\3_Severe\3b018e8b7303.png,train/3_Severe/3b018e8b7303.png,train,3,Severe
aptos:train/3_Severe/3fa4f4d77177.png,aptos,3fa4f4d77177,3fa4f4d77177.png,A:\DR_classification\data\organized\aptos\train\3_Severe\3fa4f4d77177.png,train/3_Severe/3fa4f4d77177.png,train,3,Severe
aptos:train/3_Severe/405b4f78658f.png,aptos,405b4f78658f,405b4f78658f.png,A:\DR_classification\data\organized\aptos\train\3_Severe\405b4f78658f.png,train/3_Severe/405b4f78658f.png,train,3,Severe
aptos:train/3_Severe/4294a14c656a.png,aptos,4294a14c656a,4294a14c656a.png,A:\DR_classification\data\organized\aptos\train\3_Severe\4294a14c656a.png,train/3_Severe/4294a14c656a.png,train,3,Severe
aptos:train/3_Severe/42cc993f23a9.png,aptos,42cc993f23a9,42cc993f23a9.png,A:\DR_classification\data\organized\aptos\train\3_Severe\42cc993f23a9.png,train/3_Severe/42cc993f23a9.png,train,3,Severe
aptos:train/3_Severe/4360a112db10.png,aptos,4360a112db10,4360a112db10.png,A:\DR_classification\data\organized\aptos\train\3_Severe\4360a112db10.png,train/3_Severe/4360a112db10.png,train,3,Severe
aptos:train/3_Severe/4b618537d52f.png,aptos,4b618537d52f,4b618537d52f.png,A:\DR_classification\data\organized\aptos\train\3_Severe\4b618537d52f.png,train/3_Severe/4b618537d52f.png,train,3,Severe
aptos:train/3_Severe/4c570172778b.png,aptos,4c570172778b,4c570172778b.png,A:\DR_classification\data\organized\aptos\train\3_Severe\4c570172778b.png,train/3_Severe/4c570172778b.png,train,3,Severe
aptos:train/3_Severe/4c60b10a3a6a.png,aptos,4c60b10a3a6a,4c60b10a3a6a.png,A:\DR_classification\data\organized\aptos\train\3_Severe\4c60b10a3a6a.png,train/3_Severe/4c60b10a3a6a.png,train,3,Severe
aptos:train/3_Severe/4c9f0fdaaef7.png,aptos,4c9f0fdaaef7,4c9f0fdaaef7.png,A:\DR_classification\data\organized\aptos\train\3_Severe\4c9f0fdaaef7.png,train/3_Severe/4c9f0fdaaef7.png,train,3,Severe
aptos:train/3_Severe/4d47300e3ddb.png,aptos,4d47300e3ddb,4d47300e3ddb.png,A:\DR_classification\data\organized\aptos\train\3_Severe\4d47300e3ddb.png,train/3_Severe/4d47300e3ddb.png,train,3,Severe
aptos:train/3_Severe/4d9fc85a8259.png,aptos,4d9fc85a8259,4d9fc85a8259.png,A:\DR_classification\data\organized\aptos\train\3_Severe\4d9fc85a8259.png,train/3_Severe/4d9fc85a8259.png,train,3,Severe
aptos:train/3_Severe/4df6a81b476e.png,aptos,4df6a81b476e,4df6a81b476e.png,A:\DR_classification\data\organized\aptos\train\3_Severe\4df6a81b476e.png,train/3_Severe/4df6a81b476e.png,train,3,Severe
aptos:train/3_Severe/4f0866b90c27.png,aptos,4f0866b90c27,4f0866b90c27.png,A:\DR_classification\data\organized\aptos\train\3_Severe\4f0866b90c27.png,train/3_Severe/4f0866b90c27.png,train,3,Severe
aptos:train/3_Severe/4fef9ed8a4c5.png,aptos,4fef9ed8a4c5,4fef9ed8a4c5.png,A:\DR_classification\data\organized\aptos\train\3_Severe\4fef9ed8a4c5.png,train/3_Severe/4fef9ed8a4c5.png,train,3,Severe
aptos:train/3_Severe/50a2aef380c8.png,aptos,50a2aef380c8,50a2aef380c8.png,A:\DR_classification\data\organized\aptos\train\3_Severe\50a2aef380c8.png,train/3_Severe/50a2aef380c8.png,train,3,Severe
aptos:train/3_Severe/51269b77d312.png,aptos,51269b77d312,51269b77d312.png,A:\DR_classification\data\organized\aptos\train\3_Severe\51269b77d312.png,train/3_Severe/51269b77d312.png,train,3,Severe
aptos:train/3_Severe/537e50fdf22e.png,aptos,537e50fdf22e,537e50fdf22e.png,A:\DR_classification\data\organized\aptos\train\3_Severe\537e50fdf22e.png,train/3_Severe/537e50fdf22e.png,train,3,Severe
aptos:train/3_Severe/6061f5b7378d.png,aptos,6061f5b7378d,6061f5b7378d.png,A:\DR_classification\data\organized\aptos\train\3_Severe\6061f5b7378d.png,train/3_Severe/6061f5b7378d.png,train,3,Severe
aptos:train/3_Severe/6735931000ec.png,aptos,6735931000ec,6735931000ec.png,A:\DR_classification\data\organized\aptos\train\3_Severe\6735931000ec.png,train/3_Severe/6735931000ec.png,train,3,Severe
aptos:train/3_Severe/687759336b0d.png,aptos,687759336b0d,687759336b0d.png,A:\DR_classification\data\organized\aptos\train\3_Severe\687759336b0d.png,train/3_Severe/687759336b0d.png,train,3,Severe
aptos:train/3_Severe/6a244e855d0e.png,aptos,6a244e855d0e,6a244e855d0e.png,A:\DR_classification\data\organized\aptos\train\3_Severe\6a244e855d0e.png,train/3_Severe/6a244e855d0e.png,train,3,Severe
aptos:train/3_Severe/6b128e648646.png,aptos,6b128e648646,6b128e648646.png,A:\DR_classification\data\organized\aptos\train\3_Severe\6b128e648646.png,train/3_Severe/6b128e648646.png,train,3,Severe
aptos:train/3_Severe/6d0c0531083f.png,aptos,6d0c0531083f,6d0c0531083f.png,A:\DR_classification\data\organized\aptos\train\3_Severe\6d0c0531083f.png,train/3_Severe/6d0c0531083f.png,train,3,Severe
aptos:train/3_Severe/6e92b1c5ac8e.png,aptos,6e92b1c5ac8e,6e92b1c5ac8e.png,A:\DR_classification\data\organized\aptos\train\3_Severe\6e92b1c5ac8e.png,train/3_Severe/6e92b1c5ac8e.png,train,3,Severe
aptos:train/3_Severe/6efa36d59ada.png,aptos,6efa36d59ada,6efa36d59ada.png,A:\DR_classification\data\organized\aptos\train\3_Severe\6efa36d59ada.png,train/3_Severe/6efa36d59ada.png,train,3,Severe
aptos:train/3_Severe/71a39c660432.png,aptos,71a39c660432,71a39c660432.png,A:\DR_classification\data\organized\aptos\train\3_Severe\71a39c660432.png,train/3_Severe/71a39c660432.png,train,3,Severe
aptos:train/3_Severe/72595230840c.png,aptos,72595230840c,72595230840c.png,A:\DR_classification\data\organized\aptos\train\3_Severe\72595230840c.png,train/3_Severe/72595230840c.png,train,3,Severe
aptos:train/3_Severe/74eee788edee.png,aptos,74eee788edee,74eee788edee.png,A:\DR_classification\data\organized\aptos\train\3_Severe\74eee788edee.png,train/3_Severe/74eee788edee.png,train,3,Severe
aptos:train/3_Severe/772af553b8b7.png,aptos,772af553b8b7,772af553b8b7.png,A:\DR_classification\data\organized\aptos\train\3_Severe\772af553b8b7.png,train/3_Severe/772af553b8b7.png,train,3,Severe
aptos:train/3_Severe/788ddb0b70b7.png,aptos,788ddb0b70b7,788ddb0b70b7.png,A:\DR_classification\data\organized\aptos\train\3_Severe\788ddb0b70b7.png,train/3_Severe/788ddb0b70b7.png,train,3,Severe
aptos:train/3_Severe/7b49041cbf17.png,aptos,7b49041cbf17,7b49041cbf17.png,A:\DR_classification\data\organized\aptos\train\3_Severe\7b49041cbf17.png,train/3_Severe/7b49041cbf17.png,train,3,Severe
aptos:train/3_Severe/7d3835e4e63a.png,aptos,7d3835e4e63a,7d3835e4e63a.png,A:\DR_classification\data\organized\aptos\train\3_Severe\7d3835e4e63a.png,train/3_Severe/7d3835e4e63a.png,train,3,Severe
aptos:train/3_Severe/7e160c8b611e.png,aptos,7e160c8b611e,7e160c8b611e.png,A:\DR_classification\data\organized\aptos\train\3_Severe\7e160c8b611e.png,train/3_Severe/7e160c8b611e.png,train,3,Severe
aptos:train/3_Severe/80ca40196225.png,aptos,80ca40196225,80ca40196225.png,A:\DR_classification\data\organized\aptos\train\3_Severe\80ca40196225.png,train/3_Severe/80ca40196225.png,train,3,Severe
aptos:train/3_Severe/80e7cc0a0649.png,aptos,80e7cc0a0649,80e7cc0a0649.png,A:\DR_classification\data\organized\aptos\train\3_Severe\80e7cc0a0649.png,train/3_Severe/80e7cc0a0649.png,train,3,Severe
aptos:train/3_Severe/8688f3d0fcaf.png,aptos,8688f3d0fcaf,8688f3d0fcaf.png,A:\DR_classification\data\organized\aptos\train\3_Severe\8688f3d0fcaf.png,train/3_Severe/8688f3d0fcaf.png,train,3,Severe
aptos:train/3_Severe/86d6808f0609.png,aptos,86d6808f0609,86d6808f0609.png,A:\DR_classification\data\organized\aptos\train\3_Severe\86d6808f0609.png,train/3_Severe/86d6808f0609.png,train,3,Severe
aptos:train/3_Severe/8a234d68b27e.png,aptos,8a234d68b27e,8a234d68b27e.png,A:\DR_classification\data\organized\aptos\train\3_Severe\8a234d68b27e.png,train/3_Severe/8a234d68b27e.png,train,3,Severe
aptos:train/3_Severe/8a9bef2fbd4e.png,aptos,8a9bef2fbd4e,8a9bef2fbd4e.png,A:\DR_classification\data\organized\aptos\train\3_Severe\8a9bef2fbd4e.png,train/3_Severe/8a9bef2fbd4e.png,train,3,Severe
aptos:train/3_Severe/8b76c3c5cb3e.png,aptos,8b76c3c5cb3e,8b76c3c5cb3e.png,A:\DR_classification\data\organized\aptos\train\3_Severe\8b76c3c5cb3e.png,train/3_Severe/8b76c3c5cb3e.png,train,3,Severe
aptos:train/3_Severe/910bfd38e2f5.png,aptos,910bfd38e2f5,910bfd38e2f5.png,A:\DR_classification\data\organized\aptos\train\3_Severe\910bfd38e2f5.png,train/3_Severe/910bfd38e2f5.png,train,3,Severe
aptos:train/3_Severe/91cf56d3d1af.png,aptos,91cf56d3d1af,91cf56d3d1af.png,A:\DR_classification\data\organized\aptos\train\3_Severe\91cf56d3d1af.png,train/3_Severe/91cf56d3d1af.png,train,3,Severe
aptos:train/3_Severe/9878db94d9f3.png,aptos,9878db94d9f3,9878db94d9f3.png,A:\DR_classification\data\organized\aptos\train\3_Severe\9878db94d9f3.png,train/3_Severe/9878db94d9f3.png,train,3,Severe
aptos:train/3_Severe/996f57c86ba5.png,aptos,996f57c86ba5,996f57c86ba5.png,A:\DR_classification\data\organized\aptos\train\3_Severe\996f57c86ba5.png,train/3_Severe/996f57c86ba5.png,train,3,Severe
aptos:train/3_Severe/9a94e0316ee3.png,aptos,9a94e0316ee3,9a94e0316ee3.png,A:\DR_classification\data\organized\aptos\train\3_Severe\9a94e0316ee3.png,train/3_Severe/9a94e0316ee3.png,train,3,Severe
aptos:train/3_Severe/9b093fe95d6b.png,aptos,9b093fe95d6b,9b093fe95d6b.png,A:\DR_classification\data\organized\aptos\train\3_Severe\9b093fe95d6b.png,train/3_Severe/9b093fe95d6b.png,train,3,Severe
aptos:train/3_Severe/9f37c98b8187.png,aptos,9f37c98b8187,9f37c98b8187.png,A:\DR_classification\data\organized\aptos\train\3_Severe\9f37c98b8187.png,train/3_Severe/9f37c98b8187.png,train,3,Severe
aptos:train/3_Severe/a14bbd9a583e.png,aptos,a14bbd9a583e,a14bbd9a583e.png,A:\DR_classification\data\organized\aptos\train\3_Severe\a14bbd9a583e.png,train/3_Severe/a14bbd9a583e.png,train,3,Severe
aptos:train/3_Severe/a14fcf84bfe1.png,aptos,a14fcf84bfe1,a14fcf84bfe1.png,A:\DR_classification\data\organized\aptos\train\3_Severe\a14fcf84bfe1.png,train/3_Severe/a14fcf84bfe1.png,train,3,Severe
aptos:train/3_Severe/a4b8de38eac1.png,aptos,a4b8de38eac1,a4b8de38eac1.png,A:\DR_classification\data\organized\aptos\train\3_Severe\a4b8de38eac1.png,train/3_Severe/a4b8de38eac1.png,train,3,Severe
aptos:train/3_Severe/a4d4b69f7404.png,aptos,a4d4b69f7404,a4d4b69f7404.png,A:\DR_classification\data\organized\aptos\train\3_Severe\a4d4b69f7404.png,train/3_Severe/a4d4b69f7404.png,train,3,Severe
aptos:train/3_Severe/a763661f98a5.png,aptos,a763661f98a5,a763661f98a5.png,A:\DR_classification\data\organized\aptos\train\3_Severe\a763661f98a5.png,train/3_Severe/a763661f98a5.png,train,3,Severe
aptos:train/3_Severe/aae8f9f3ef8c.png,aptos,aae8f9f3ef8c,aae8f9f3ef8c.png,A:\DR_classification\data\organized\aptos\train\3_Severe\aae8f9f3ef8c.png,train/3_Severe/aae8f9f3ef8c.png,train,3,Severe
aptos:train/3_Severe/aba3063c5413.png,aptos,aba3063c5413,aba3063c5413.png,A:\DR_classification\data\organized\aptos\train\3_Severe\aba3063c5413.png,train/3_Severe/aba3063c5413.png,train,3,Severe
aptos:train/3_Severe/ad2f0b9d059c.png,aptos,ad2f0b9d059c,ad2f0b9d059c.png,A:\DR_classification\data\organized\aptos\train\3_Severe\ad2f0b9d059c.png,train/3_Severe/ad2f0b9d059c.png,train,3,Severe
aptos:train/3_Severe/adb56cecafaf.png,aptos,adb56cecafaf,adb56cecafaf.png,A:\DR_classification\data\organized\aptos\train\3_Severe\adb56cecafaf.png,train/3_Severe/adb56cecafaf.png,train,3,Severe
aptos:train/3_Severe/aea59ebec445.png,aptos,aea59ebec445,aea59ebec445.png,A:\DR_classification\data\organized\aptos\train\3_Severe\aea59ebec445.png,train/3_Severe/aea59ebec445.png,train,3,Severe
aptos:train/3_Severe/af3b0115aad1.png,aptos,af3b0115aad1,af3b0115aad1.png,A:\DR_classification\data\organized\aptos\train\3_Severe\af3b0115aad1.png,train/3_Severe/af3b0115aad1.png,train,3,Severe
aptos:train/3_Severe/b019a49787c1.png,aptos,b019a49787c1,b019a49787c1.png,A:\DR_classification\data\organized\aptos\train\3_Severe\b019a49787c1.png,train/3_Severe/b019a49787c1.png,train,3,Severe
aptos:train/3_Severe/b191ba0a2b12.png,aptos,b191ba0a2b12,b191ba0a2b12.png,A:\DR_classification\data\organized\aptos\train\3_Severe\b191ba0a2b12.png,train/3_Severe/b191ba0a2b12.png,train,3,Severe
aptos:train/3_Severe/b2ffa3e18559.png,aptos,b2ffa3e18559,b2ffa3e18559.png,A:\DR_classification\data\organized\aptos\train\3_Severe\b2ffa3e18559.png,train/3_Severe/b2ffa3e18559.png,train,3,Severe
aptos:train/3_Severe/b310bd564329.png,aptos,b310bd564329,b310bd564329.png,A:\DR_classification\data\organized\aptos\train\3_Severe\b310bd564329.png,train/3_Severe/b310bd564329.png,train,3,Severe
aptos:train/3_Severe/b3d135bd3bb5.png,aptos,b3d135bd3bb5,b3d135bd3bb5.png,A:\DR_classification\data\organized\aptos\train\3_Severe\b3d135bd3bb5.png,train/3_Severe/b3d135bd3bb5.png,train,3,Severe
aptos:train/3_Severe/b5834ee64541.png,aptos,b5834ee64541,b5834ee64541.png,A:\DR_classification\data\organized\aptos\train\3_Severe\b5834ee64541.png,train/3_Severe/b5834ee64541.png,train,3,Severe
aptos:train/3_Severe/b6bfe9db60e5.png,aptos,b6bfe9db60e5,b6bfe9db60e5.png,A:\DR_classification\data\organized\aptos\train\3_Severe\b6bfe9db60e5.png,train/3_Severe/b6bfe9db60e5.png,train,3,Severe
aptos:train/3_Severe/b7e0f95353f2.png,aptos,b7e0f95353f2,b7e0f95353f2.png,A:\DR_classification\data\organized\aptos\train\3_Severe\b7e0f95353f2.png,train/3_Severe/b7e0f95353f2.png,train,3,Severe
aptos:train/3_Severe/b960142a8de7.png,aptos,b960142a8de7,b960142a8de7.png,A:\DR_classification\data\organized\aptos\train\3_Severe\b960142a8de7.png,train/3_Severe/b960142a8de7.png,train,3,Severe
aptos:train/3_Severe/bb7e0a2544cd.png,aptos,bb7e0a2544cd,bb7e0a2544cd.png,A:\DR_classification\data\organized\aptos\train\3_Severe\bb7e0a2544cd.png,train/3_Severe/bb7e0a2544cd.png,train,3,Severe
aptos:train/3_Severe/bec0acd539b2.png,aptos,bec0acd539b2,bec0acd539b2.png,A:\DR_classification\data\organized\aptos\train\3_Severe\bec0acd539b2.png,train/3_Severe/bec0acd539b2.png,train,3,Severe
aptos:train/3_Severe/bf8092e4001d.png,aptos,bf8092e4001d,bf8092e4001d.png,A:\DR_classification\data\organized\aptos\train\3_Severe\bf8092e4001d.png,train/3_Severe/bf8092e4001d.png,train,3,Severe
aptos:train/3_Severe/c0a0828e01b4.png,aptos,c0a0828e01b4,c0a0828e01b4.png,A:\DR_classification\data\organized\aptos\train\3_Severe\c0a0828e01b4.png,train/3_Severe/c0a0828e01b4.png,train,3,Severe
aptos:train/3_Severe/c31651ea04c6.png,aptos,c31651ea04c6,c31651ea04c6.png,A:\DR_classification\data\organized\aptos\train\3_Severe\c31651ea04c6.png,train/3_Severe/c31651ea04c6.png,train,3,Severe
aptos:train/3_Severe/c3a82acb7d7a.png,aptos,c3a82acb7d7a,c3a82acb7d7a.png,A:\DR_classification\data\organized\aptos\train\3_Severe\c3a82acb7d7a.png,train/3_Severe/c3a82acb7d7a.png,train,3,Severe
aptos:train/3_Severe/c5a9ebef1517.png,aptos,c5a9ebef1517,c5a9ebef1517.png,A:\DR_classification\data\organized\aptos\train\3_Severe\c5a9ebef1517.png,train/3_Severe/c5a9ebef1517.png,train,3,Severe
aptos:train/3_Severe/c5ba9e455d5e.png,aptos,c5ba9e455d5e,c5ba9e455d5e.png,A:\DR_classification\data\organized\aptos\train\3_Severe\c5ba9e455d5e.png,train/3_Severe/c5ba9e455d5e.png,train,3,Severe
aptos:train/3_Severe/c67117c6ab3b.png,aptos,c67117c6ab3b,c67117c6ab3b.png,A:\DR_classification\data\organized\aptos\train\3_Severe\c67117c6ab3b.png,train/3_Severe/c67117c6ab3b.png,train,3,Severe
aptos:train/3_Severe/c76664770c07.png,aptos,c76664770c07,c76664770c07.png,A:\DR_classification\data\organized\aptos\train\3_Severe\c76664770c07.png,train/3_Severe/c76664770c07.png,train,3,Severe
aptos:train/3_Severe/c9ea9d5eab65.png,aptos,c9ea9d5eab65,c9ea9d5eab65.png,A:\DR_classification\data\organized\aptos\train\3_Severe\c9ea9d5eab65.png,train/3_Severe/c9ea9d5eab65.png,train,3,Severe
aptos:train/3_Severe/ce207b69ff37.png,aptos,ce207b69ff37,ce207b69ff37.png,A:\DR_classification\data\organized\aptos\train\3_Severe\ce207b69ff37.png,train/3_Severe/ce207b69ff37.png,train,3,Severe
aptos:train/3_Severe/d0ffa0425ef1.png,aptos,d0ffa0425ef1,d0ffa0425ef1.png,A:\DR_classification\data\organized\aptos\train\3_Severe\d0ffa0425ef1.png,train/3_Severe/d0ffa0425ef1.png,train,3,Severe
aptos:train/3_Severe/d16398c971e9.png,aptos,d16398c971e9,d16398c971e9.png,A:\DR_classification\data\organized\aptos\train\3_Severe\d16398c971e9.png,train/3_Severe/d16398c971e9.png,train,3,Severe
aptos:train/3_Severe/d2ffe9287dc7.png,aptos,d2ffe9287dc7,d2ffe9287dc7.png,A:\DR_classification\data\organized\aptos\train\3_Severe\d2ffe9287dc7.png,train/3_Severe/d2ffe9287dc7.png,train,3,Severe
aptos:train/3_Severe/d3e884109b45.png,aptos,d3e884109b45,d3e884109b45.png,A:\DR_classification\data\organized\aptos\train\3_Severe\d3e884109b45.png,train/3_Severe/d3e884109b45.png,train,3,Severe
aptos:train/3_Severe/d868acdccb5b.png,aptos,d868acdccb5b,d868acdccb5b.png,A:\DR_classification\data\organized\aptos\train\3_Severe\d868acdccb5b.png,train/3_Severe/d868acdccb5b.png,train,3,Severe
aptos:train/3_Severe/dbb2c63f6f08.png,aptos,dbb2c63f6f08,dbb2c63f6f08.png,A:\DR_classification\data\organized\aptos\train\3_Severe\dbb2c63f6f08.png,train/3_Severe/dbb2c63f6f08.png,train,3,Severe
aptos:train/3_Severe/e13412678eff.png,aptos,e13412678eff,e13412678eff.png,A:\DR_classification\data\organized\aptos\train\3_Severe\e13412678eff.png,train/3_Severe/e13412678eff.png,train,3,Severe
aptos:train/3_Severe/e1900014dabf.png,aptos,e1900014dabf,e1900014dabf.png,A:\DR_classification\data\organized\aptos\train\3_Severe\e1900014dabf.png,train/3_Severe/e1900014dabf.png,train,3,Severe
aptos:train/3_Severe/e1fb532f55df.png,aptos,e1fb532f55df,e1fb532f55df.png,A:\DR_classification\data\organized\aptos\train\3_Severe\e1fb532f55df.png,train/3_Severe/e1fb532f55df.png,train,3,Severe
aptos:train/3_Severe/e32a359be36d.png,aptos,e32a359be36d,e32a359be36d.png,A:\DR_classification\data\organized\aptos\train\3_Severe\e32a359be36d.png,train/3_Severe/e32a359be36d.png,train,3,Severe
aptos:train/3_Severe/e4210e7fe587.png,aptos,e4210e7fe587,e4210e7fe587.png,A:\DR_classification\data\organized\aptos\train\3_Severe\e4210e7fe587.png,train/3_Severe/e4210e7fe587.png,train,3,Severe
aptos:train/3_Severe/ed6704e3b72e.png,aptos,ed6704e3b72e,ed6704e3b72e.png,A:\DR_classification\data\organized\aptos\train\3_Severe\ed6704e3b72e.png,train/3_Severe/ed6704e3b72e.png,train,3,Severe
aptos:train/3_Severe/f080a22008be.png,aptos,f080a22008be,f080a22008be.png,A:\DR_classification\data\organized\aptos\train\3_Severe\f080a22008be.png,train/3_Severe/f080a22008be.png,train,3,Severe
aptos:train/3_Severe/f092febbf5c0.png,aptos,f092febbf5c0,f092febbf5c0.png,A:\DR_classification\data\organized\aptos\train\3_Severe\f092febbf5c0.png,train/3_Severe/f092febbf5c0.png,train,3,Severe
aptos:train/3_Severe/f64214bed40e.png,aptos,f64214bed40e,f64214bed40e.png,A:\DR_classification\data\organized\aptos\train\3_Severe\f64214bed40e.png,train/3_Severe/f64214bed40e.png,train,3,Severe
aptos:train/3_Severe/fb61230b99dd.png,aptos,fb61230b99dd,fb61230b99dd.png,A:\DR_classification\data\organized\aptos\train\3_Severe\fb61230b99dd.png,train/3_Severe/fb61230b99dd.png,train,3,Severe
aptos:train/4_Proliferative_DR/001639a390f0.png,aptos,001639a390f0,001639a390f0.png,A:\DR_classification\data\organized\aptos\train\4_Proliferative_DR\001639a390f0.png,train/4_Proliferative_DR/001639a390f0.png,train,4,Proliferative_DR
aptos:train/4_Proliferative_DR/0083ee8054ee.png,aptos,0083ee8054ee,0083ee8054ee.png,A:\DR_classification\data\organized\aptos\train\4_Proliferative_DR\0083ee8054ee.png,train/4_Proliferative_DR/0083ee8054ee.png,train,4,Proliferative_DR
aptos:train/4_Proliferative_DR/02685f13cefd.png,aptos,02685f13cefd,02685f13cefd.png,A:\DR_classification\data\organized\aptos\train\4_Proliferative_DR\02685f13cefd.png,train/4_Proliferative_DR/02685f13cefd.png,train,4,Proliferative_DR
aptos:train/4_Proliferative_DR/02dda30d3acf.png,aptos,02dda30d3acf,02dda30d3acf.png,A:\DR_classification\data\organized\aptos\train\4_Proliferative_DR\02dda30d3acf.png,train/4_Proliferative_DR/02dda30d3acf.png,train,4,Proliferative_DR
aptos:train/4_Proliferative_DR/0318598cfd16.png,aptos,0318598cfd16,0318598cfd16.png,A:\DR_classification\data\organized\aptos\train\4_Proliferative_DR\0318598cfd16.png,train/4_Proliferative_DR/0318598cfd16.png,train,4,Proliferative_DR
aptos:train/4_Proliferative_DR/03a7f4a5786f.png,aptos,03a7f4a5786f,03a7f4a5786f.png,A:\DR_classification\data\organized\aptos\train\4_Proliferative_DR\03a7f4a5786f.png,train/4_Proliferative_DR/03a7f4a5786f.png,train,4,Proliferative_DR
aptos:train/4_Proliferative_DR/07122e268a1d.png,aptos,07122e268a1d,07122e268a1d.png,A:\DR_classification\data\organized\aptos\train\4_Proliferative_DR\07122e268a1d.png,train/4_Proliferative_DR/07122e268a1d.png,train,4,Proliferative_DR
aptos:train/4_Proliferative_DR/080ee76c958c.png,aptos,080ee76c958c,080ee76c958c.png,A:\DR_classification\data\organized\aptos\train\4_Proliferative_DR\080ee76c958c.png,train/4_Proliferative_DR/080ee76c958c.png,train,4,Proliferative_DR
aptos:train/4_Proliferative_DR/080f66eedfb9.png,aptos,080f66eedfb9,080f66eedfb9.png,A:\DR_classification\data\organized\aptos\train\4_Proliferative_DR\080f66eedfb9.png,train/4_Proliferative_DR/080f66eedfb9.png,train,4,Proliferative_DR
aptos:train/4_Proliferative_DR/0981195eb9fb.png,aptos,0981195eb9fb,0981195eb9fb.png,A:\DR_classification\data\organized\aptos\train\4_Proliferative_DR\0981195eb9fb.png,train/4_Proliferative_DR/0981195eb9fb.png,train,4,Proliferative_DR
aptos:train/4_Proliferative_DR/0bf37ca3156a.png,aptos,0bf37ca3156a,0bf37ca3156a.png,A:\DR_classification\data\organized\aptos\train\4_Proliferative_DR\0bf37ca3156a.png,train/4_Proliferative_DR/0bf37ca3156a.png,train,4,Proliferative_DR
aptos:train/4_Proliferative_DR/0e82bcacc475.png,aptos,0e82bcacc475,0e82bcacc475.png,A:\DR_classification\data\organized\aptos\train\4_Proliferative_DR\0e82bcacc475.png,train/4_Proliferative_DR/0e82bcacc475.png,train,4,Proliferative_DR
aptos:train/4_Proliferative_DR/10fca1abf338.png,aptos,10fca1abf338,10fca1abf338.png,A:\DR_classification\data\organized\aptos\train\4_Proliferative_DR\10fca1abf338.png,train/4_Proliferative_DR/10fca1abf338.png,train,4,Proliferative_DR
aptos:train/4_Proliferative_DR/15e96e848b46.png,aptos,15e96e848b46,15e96e848b46.png,A:\DR_classification\data\organized\aptos\train\4_Proliferative_DR\15e96e848b46.png,train/4_Proliferative_DR/15e96e848b46.png,train,4,Proliferative_DR
aptos:train/4_Proliferative_DR/16ce555748d8.png,aptos,16ce555748d8,16ce555748d8.png,A:\DR_classification\data\organized\aptos\train\4_Proliferative_DR\16ce555748d8.png,train/4_Proliferative_DR/16ce555748d8.png,train,4,Proliferative_DR
aptos:train/4_Proliferative_DR/19ef4d292196.png,aptos,19ef4d292196,19ef4d292196.png,A:\DR_classification\data\organized\aptos\train\4_Proliferative_DR\19ef4d292196.png,train/4_Proliferative_DR/19ef4d292196.png,train,4,Proliferative_DR
aptos:train/4_Proliferative_DR/1a90fad9ffa2.png,aptos,1a90fad9ffa2,1a90fad9ffa2.png,A:\DR_classification\data\organized\aptos\train\4_Proliferative_DR\1a90fad9ffa2.png,train/4_Proliferative_DR/1a90fad9ffa2.png,train,4,Proliferative_DR
aptos:train/4_Proliferative_DR/1b32e1d775ea.png,aptos,1b32e1d775ea,1b32e1d775ea.png,A:\DR_classification\data\organized\aptos\train\4_Proliferative_DR\1b32e1d775ea.png,train/4_Proliferative_DR/1b32e1d775ea.png,train,4,Proliferative_DR
aptos:train/4_Proliferative_DR/1bf30c84bbad.png,aptos,1bf30c84bbad,1bf30c84bbad.png,A:\DR_classification\data\organized\aptos\train\4_Proliferative_DR\1bf30c84bbad.png,train/4_Proliferative_DR/1bf30c84bbad.png,train,4,Proliferative_DR
aptos:train/4_Proliferative_DR/1c4f3aa4df06.png,aptos,1c4f3aa4df06,1c4f3aa4df06.png,A:\DR_classification\data\organized\aptos\train\4_Proliferative_DR\1c4f3aa4df06.png,train/4_Proliferative_DR/1c4f3aa4df06.png,train,4,Proliferative_DR
aptos:train/4_Proliferative_DR/1e9224ccca95.png,aptos,1e9224ccca95,1e9224ccca95.png,A:\DR_classification\data\organized\aptos\train\4_Proliferative_DR\1e9224ccca95.png,train/4_Proliferative_DR/1e9224ccca95.png,train,4,Proliferative_DR
aptos:train/4_Proliferative_DR/1efa5d443707.png,aptos,1efa5d443707,1efa5d443707.png,A:\DR_classification\data\organized\aptos\train\4_Proliferative_DR\1efa5d443707.png,train/4_Proliferative_DR/1efa5d443707.png,train,4,Proliferative_DR
aptos:train/4_Proliferative_DR/2017cd92c63d.png,aptos,2017cd92c63d,2017cd92c63d.png,A:\DR_classification\data\organized\aptos\train\4_Proliferative_DR\2017cd92c63d.png,train/4_Proliferative_DR/2017cd92c63d.png,train,4,Proliferative_DR
aptos:train/4_Proliferative_DR/21d18b022429.png,aptos,21d18b022429,21d18b022429.png,A:\DR_classification\data\organized\aptos\train\4_Proliferative_DR\21d18b022429.png,train/4_Proliferative_DR/21d18b022429.png,train,4,Proliferative_DR
aptos:train/4_Proliferative_DR/222f3ee3a1e8.png,aptos,222f3ee3a1e8,222f3ee3a1e8.png,A:\DR_classification\data\organized\aptos\train\4_Proliferative_DR\222f3ee3a1e8.png,train/4_Proliferative_DR/222f3ee3a1e8.png,train,4,Proliferative_DR
aptos:train/4_Proliferative_DR/247ac63e5510.png,aptos,247ac63e5510,247ac63e5510.png,A:\DR_classification\data\organized\aptos\train\4_Proliferative_DR\247ac63e5510.png,train/4_Proliferative_DR/247ac63e5510.png,train,4,Proliferative_DR
aptos:train/4_Proliferative_DR/247e98aba610.png,aptos,247e98aba610,247e98aba610.png,A:\DR_classification\data\organized\aptos\train\4_Proliferative_DR\247e98aba610.png,train/4_Proliferative_DR/247e98aba610.png,train,4,Proliferative_DR
aptos:train/4_Proliferative_DR/25d069089c5e.png,aptos,25d069089c5e,25d069089c5e.png,A:\DR_classification\data\organized\aptos\train\4_Proliferative_DR\25d069089c5e.png,train/4_Proliferative_DR/25d069089c5e.png,train,4,Proliferative_DR
aptos:train/4_Proliferative_DR/2628305cbb29.png,aptos,2628305cbb29,2628305cbb29.png,A:\DR_classification\data\organized\aptos\train\4_Proliferative_DR\2628305cbb29.png,train/4_Proliferative_DR/2628305cbb29.png,train,4,Proliferative_DR
aptos:train/4_Proliferative_DR/281d7b7c7676.png,aptos,281d7b7c7676,281d7b7c7676.png,A:\DR_classification\data\organized\aptos\train\4_Proliferative_DR\281d7b7c7676.png,train/4_Proliferative_DR/281d7b7c7676.png,train,4,Proliferative_DR
aptos:train/4_Proliferative_DR/29bc0e721cfe.png,aptos,29bc0e721cfe,29bc0e721cfe.png,A:\DR_classification\data\organized\aptos\train\4_Proliferative_DR\29bc0e721cfe.png,train/4_Proliferative_DR/29bc0e721cfe.png,train,4,Proliferative_DR
aptos:train/4_Proliferative_DR/2bbcfdc477db.png,aptos,2bbcfdc477db,2bbcfdc477db.png,A:\DR_classification\data\organized\aptos\train\4_Proliferative_DR\2bbcfdc477db.png,train/4_Proliferative_DR/2bbcfdc477db.png,train,4,Proliferative_DR
aptos:train/4_Proliferative_DR/2f284b6a1940.png,aptos,2f284b6a1940,2f284b6a1940.png,A:\DR_classification\data\organized\aptos\train\4_Proliferative_DR\2f284b6a1940.png,train/4_Proliferative_DR/2f284b6a1940.png,train,4,Proliferative_DR
aptos:train/4_Proliferative_DR/2fde69f20585.png,aptos,2fde69f20585,2fde69f20585.png,A:\DR_classification\data\organized\aptos\train\4_Proliferative_DR\2fde69f20585.png,train/4_Proliferative_DR/2fde69f20585.png,train,4,Proliferative_DR
aptos:train/4_Proliferative_DR/2fe06bedb2c4.png,aptos,2fe06bedb2c4,2fe06bedb2c4.png,A:\DR_classification\data\organized\aptos\train\4_Proliferative_DR\2fe06bedb2c4.png,train/4_Proliferative_DR/2fe06bedb2c4.png,train,4,Proliferative_DR
aptos:train/4_Proliferative_DR/312694ea8e6a.png,aptos,312694ea8e6a,312694ea8e6a.png,A:\DR_classification\data\organized\aptos\train\4_Proliferative_DR\312694ea8e6a.png,train/4_Proliferative_DR/312694ea8e6a.png,train,4,Proliferative_DR
aptos:train/4_Proliferative_DR/3206171db5be.png,aptos,3206171db5be,3206171db5be.png,A:\DR_classification\data\organized\aptos\train\4_Proliferative_DR\3206171db5be.png,train/4_Proliferative_DR/3206171db5be.png,train,4,Proliferative_DR
aptos:train/4_Proliferative_DR/374535e0adb8.png,aptos,374535e0adb8,374535e0adb8.png,A:\DR_classification\data\organized\aptos\train\4_Proliferative_DR\374535e0adb8.png,train/4_Proliferative_DR/374535e0adb8.png,train,4,Proliferative_DR
aptos:train/4_Proliferative_DR/378963f9df22.png,aptos,378963f9df22,378963f9df22.png,A:\DR_classification\data\organized\aptos\train\4_Proliferative_DR\378963f9df22.png,train/4_Proliferative_DR/378963f9df22.png,train,4,Proliferative_DR
aptos:train/4_Proliferative_DR/3796af4d987a.png,aptos,3796af4d987a,3796af4d987a.png,A:\DR_classification\data\organized\aptos\train\4_Proliferative_DR\3796af4d987a.png,train/4_Proliferative_DR/3796af4d987a.png,train,4,Proliferative_DR
aptos:train/4_Proliferative_DR/37c4dfe03aba.png,aptos,37c4dfe03aba,37c4dfe03aba.png,A:\DR_classification\data\organized\aptos\train\4_Proliferative_DR\37c4dfe03aba.png,train/4_Proliferative_DR/37c4dfe03aba.png,train,4,Proliferative_DR
aptos:train/4_Proliferative_DR/3a1ecf5e2839.png,aptos,3a1ecf5e2839,3a1ecf5e2839.png,A:\DR_classification\data\organized\aptos\train\4_Proliferative_DR\3a1ecf5e2839.png,train/4_Proliferative_DR/3a1ecf5e2839.png,train,4,Proliferative_DR
aptos:train/4_Proliferative_DR/3b185ac445d0.png,aptos,3b185ac445d0,3b185ac445d0.png,A:\DR_classification\data\organized\aptos\train\4_Proliferative_DR\3b185ac445d0.png,train/4_Proliferative_DR/3b185ac445d0.png,train,4,Proliferative_DR
aptos:train/4_Proliferative_DR/3b232b394e4f.png,aptos,3b232b394e4f,3b232b394e4f.png,A:\DR_classification\data\organized\aptos\train\4_Proliferative_DR\3b232b394e4f.png,train/4_Proliferative_DR/3b232b394e4f.png,train,4,Proliferative_DR
aptos:train/4_Proliferative_DR/3b4a5fcbe5e0.png,aptos,3b4a5fcbe5e0,3b4a5fcbe5e0.png,A:\DR_classification\data\organized\aptos\train\4_Proliferative_DR\3b4a5fcbe5e0.png,train/4_Proliferative_DR/3b4a5fcbe5e0.png,train,4,Proliferative_DR
aptos:train/4_Proliferative_DR/3c78bfca247b.png,aptos,3c78bfca247b,3c78bfca247b.png,A:\DR_classification\data\organized\aptos\train\4_Proliferative_DR\3c78bfca247b.png,train/4_Proliferative_DR/3c78bfca247b.png,train,4,Proliferative_DR
aptos:train/4_Proliferative_DR/3f752fcccec0.png,aptos,3f752fcccec0,3f752fcccec0.png,A:\DR_classification\data\organized\aptos\train\4_Proliferative_DR\3f752fcccec0.png,train/4_Proliferative_DR/3f752fcccec0.png,train,4,Proliferative_DR
aptos:train/4_Proliferative_DR/408ea9d5e082.png,aptos,408ea9d5e082,408ea9d5e082.png,A:\DR_classification\data\organized\aptos\train\4_Proliferative_DR\408ea9d5e082.png,train/4_Proliferative_DR/408ea9d5e082.png,train,4,Proliferative_DR
aptos:train/4_Proliferative_DR/4462fba1d2a1.png,aptos,4462fba1d2a1,4462fba1d2a1.png,A:\DR_classification\data\organized\aptos\train\4_Proliferative_DR\4462fba1d2a1.png,train/4_Proliferative_DR/4462fba1d2a1.png,train,4,Proliferative_DR
aptos:train/4_Proliferative_DR/4689b739d240.png,aptos,4689b739d240,4689b739d240.png,A:\DR_classification\data\organized\aptos\train\4_Proliferative_DR\4689b739d240.png,train/4_Proliferative_DR/4689b739d240.png,train,4,Proliferative_DR
aptos:train/4_Proliferative_DR/46d3316c4857.png,aptos,46d3316c4857,46d3316c4857.png,A:\DR_classification\data\organized\aptos\train\4_Proliferative_DR\46d3316c4857.png,train/4_Proliferative_DR/46d3316c4857.png,train,4,Proliferative_DR
aptos:train/4_Proliferative_DR/4a3da369b227.png,aptos,4a3da369b227,4a3da369b227.png,A:\DR_classification\data\organized\aptos\train\4_Proliferative_DR\4a3da369b227.png,train/4_Proliferative_DR/4a3da369b227.png,train,4,Proliferative_DR
aptos:train/4_Proliferative_DR/4a693dd3921a.png,aptos,4a693dd3921a,4a693dd3921a.png,A:\DR_classification\data\organized\aptos\train\4_Proliferative_DR\4a693dd3921a.png,train/4_Proliferative_DR/4a693dd3921a.png,train,4,Proliferative_DR
aptos:train/4_Proliferative_DR/4a7dc013e802.png,aptos,4a7dc013e802,4a7dc013e802.png,A:\DR_classification\data\organized\aptos\train\4_Proliferative_DR\4a7dc013e802.png,train/4_Proliferative_DR/4a7dc013e802.png,train,4,Proliferative_DR
aptos:train/4_Proliferative_DR/4bd941611343.png,aptos,4bd941611343,4bd941611343.png,A:\DR_classification\data\organized\aptos\train\4_Proliferative_DR\4bd941611343.png,train/4_Proliferative_DR/4bd941611343.png,train,4,Proliferative_DR
aptos:train/4_Proliferative_DR/4ccfa0b4e96c.png,aptos,4ccfa0b4e96c,4ccfa0b4e96c.png,A:\DR_classification\data\organized\aptos\train\4_Proliferative_DR\4ccfa0b4e96c.png,train/4_Proliferative_DR/4ccfa0b4e96c.png,train,4,Proliferative_DR
aptos:train/4_Proliferative_DR/4dd71fc7f22b.png,aptos,4dd71fc7f22b,4dd71fc7f22b.png,A:\DR_classification\data\organized\aptos\train\4_Proliferative_DR\4dd71fc7f22b.png,train/4_Proliferative_DR/4dd71fc7f22b.png,train,4,Proliferative_DR
aptos:train/4_Proliferative_DR/51af8c112682.png,aptos,51af8c112682,51af8c112682.png,A:\DR_classification\data\organized\aptos\train\4_Proliferative_DR\51af8c112682.png,train/4_Proliferative_DR/51af8c112682.png,train,4,Proliferative_DR
aptos:train/4_Proliferative_DR/55eb405ec71e.png,aptos,55eb405ec71e,55eb405ec71e.png,A:\DR_classification\data\organized\aptos\train\4_Proliferative_DR\55eb405ec71e.png,train/4_Proliferative_DR/55eb405ec71e.png,train,4,Proliferative_DR
aptos:train/4_Proliferative_DR/58b866484a05.png,aptos,58b866484a05,58b866484a05.png,A:\DR_classification\data\organized\aptos\train\4_Proliferative_DR\58b866484a05.png,train/4_Proliferative_DR/58b866484a05.png,train,4,Proliferative_DR
aptos:train/4_Proliferative_DR/59fee5bc3479.png,aptos,59fee5bc3479,59fee5bc3479.png,A:\DR_classification\data\organized\aptos\train\4_Proliferative_DR\59fee5bc3479.png,train/4_Proliferative_DR/59fee5bc3479.png,train,4,Proliferative_DR
aptos:train/4_Proliferative_DR/5b76117c4bcb.png,aptos,5b76117c4bcb,5b76117c4bcb.png,A:\DR_classification\data\organized\aptos\train\4_Proliferative_DR\5b76117c4bcb.png,train/4_Proliferative_DR/5b76117c4bcb.png,train,4,Proliferative_DR
aptos:train/4_Proliferative_DR/5bda2ed09e62.png,aptos,5bda2ed09e62,5bda2ed09e62.png,A:\DR_classification\data\organized\aptos\train\4_Proliferative_DR\5bda2ed09e62.png,train/4_Proliferative_DR/5bda2ed09e62.png,train,4,Proliferative_DR
aptos:train/4_Proliferative_DR/5c7ab966a3ee.png,aptos,5c7ab966a3ee,5c7ab966a3ee.png,A:\DR_classification\data\organized\aptos\train\4_Proliferative_DR\5c7ab966a3ee.png,train/4_Proliferative_DR/5c7ab966a3ee.png,train,4,Proliferative_DR
aptos:train/4_Proliferative_DR/5d74f98d62be.png,aptos,5d74f98d62be,5d74f98d62be.png,A:\DR_classification\data\organized\aptos\train\4_Proliferative_DR\5d74f98d62be.png,train/4_Proliferative_DR/5d74f98d62be.png,train,4,Proliferative_DR
aptos:train/4_Proliferative_DR/5dd2e26fc244.png,aptos,5dd2e26fc244,5dd2e26fc244.png,A:\DR_classification\data\organized\aptos\train\4_Proliferative_DR\5dd2e26fc244.png,train/4_Proliferative_DR/5dd2e26fc244.png,train,4,Proliferative_DR
aptos:train/4_Proliferative_DR/612f2df37a1d.png,aptos,612f2df37a1d,612f2df37a1d.png,A:\DR_classification\data\organized\aptos\train\4_Proliferative_DR\612f2df37a1d.png,train/4_Proliferative_DR/612f2df37a1d.png,train,4,Proliferative_DR
aptos:train/4_Proliferative_DR/613028ede6a0.png,aptos,613028ede6a0,613028ede6a0.png,A:\DR_classification\data\organized\aptos\train\4_Proliferative_DR\613028ede6a0.png,train/4_Proliferative_DR/613028ede6a0.png,train,4,Proliferative_DR
aptos:train/4_Proliferative_DR/6194e0fff071.png,aptos,6194e0fff071,6194e0fff071.png,A:\DR_classification\data\organized\aptos\train\4_Proliferative_DR\6194e0fff071.png,train/4_Proliferative_DR/6194e0fff071.png,train,4,Proliferative_DR
aptos:train/4_Proliferative_DR/61bbc11fe503.png,aptos,61bbc11fe503,61bbc11fe503.png,A:\DR_classification\data\organized\aptos\train\4_Proliferative_DR\61bbc11fe503.png,train/4_Proliferative_DR/61bbc11fe503.png,train,4,Proliferative_DR
aptos:train/4_Proliferative_DR/61e301bd3c25.png,aptos,61e301bd3c25,61e301bd3c25.png,A:\DR_classification\data\organized\aptos\train\4_Proliferative_DR\61e301bd3c25.png,train/4_Proliferative_DR/61e301bd3c25.png,train,4,Proliferative_DR
aptos:train/4_Proliferative_DR/61f403fdb434.png,aptos,61f403fdb434,61f403fdb434.png,A:\DR_classification\data\organized\aptos\train\4_Proliferative_DR\61f403fdb434.png,train/4_Proliferative_DR/61f403fdb434.png,train,4,Proliferative_DR
aptos:train/4_Proliferative_DR/62318d514160.png,aptos,62318d514160,62318d514160.png,A:\DR_classification\data\organized\aptos\train\4_Proliferative_DR\62318d514160.png,train/4_Proliferative_DR/62318d514160.png,train,4,Proliferative_DR
aptos:train/4_Proliferative_DR/64fedbf97473.png,aptos,64fedbf97473,64fedbf97473.png,A:\DR_classification\data\organized\aptos\train\4_Proliferative_DR\64fedbf97473.png,train/4_Proliferative_DR/64fedbf97473.png,train,4,Proliferative_DR
aptos:train/4_Proliferative_DR/66375b3c64db.png,aptos,66375b3c64db,66375b3c64db.png,A:\DR_classification\data\organized\aptos\train\4_Proliferative_DR\66375b3c64db.png,train/4_Proliferative_DR/66375b3c64db.png,train,4,Proliferative_DR
aptos:train/4_Proliferative_DR/69fff98cb32a.png,aptos,69fff98cb32a,69fff98cb32a.png,A:\DR_classification\data\organized\aptos\train\4_Proliferative_DR\69fff98cb32a.png,train/4_Proliferative_DR/69fff98cb32a.png,train,4,Proliferative_DR
aptos:train/4_Proliferative_DR/6c250a30593b.png,aptos,6c250a30593b,6c250a30593b.png,A:\DR_classification\data\organized\aptos\train\4_Proliferative_DR\6c250a30593b.png,train/4_Proliferative_DR/6c250a30593b.png,train,4,Proliferative_DR
aptos:train/4_Proliferative_DR/6c3745a222da.png,aptos,6c3745a222da,6c3745a222da.png,A:\DR_classification\data\organized\aptos\train\4_Proliferative_DR\6c3745a222da.png,train/4_Proliferative_DR/6c3745a222da.png,train,4,Proliferative_DR
aptos:train/4_Proliferative_DR/6cd606dc52e9.png,aptos,6cd606dc52e9,6cd606dc52e9.png,A:\DR_classification\data\organized\aptos\train\4_Proliferative_DR\6cd606dc52e9.png,train/4_Proliferative_DR/6cd606dc52e9.png,train,4,Proliferative_DR
aptos:train/4_Proliferative_DR/6cfb7b44ef6f.png,aptos,6cfb7b44ef6f,6cfb7b44ef6f.png,A:\DR_classification\data\organized\aptos\train\4_Proliferative_DR\6cfb7b44ef6f.png,train/4_Proliferative_DR/6cfb7b44ef6f.png,train,4,Proliferative_DR
aptos:train/4_Proliferative_DR/6d7d26025122.png,aptos,6d7d26025122,6d7d26025122.png,A:\DR_classification\data\organized\aptos\train\4_Proliferative_DR\6d7d26025122.png,train/4_Proliferative_DR/6d7d26025122.png,train,4,Proliferative_DR
aptos:train/4_Proliferative_DR/6f4719c6bb4b.png,aptos,6f4719c6bb4b,6f4719c6bb4b.png,A:\DR_classification\data\organized\aptos\train\4_Proliferative_DR\6f4719c6bb4b.png,train/4_Proliferative_DR/6f4719c6bb4b.png,train,4,Proliferative_DR
aptos:train/4_Proliferative_DR/6f923b60934b.png,aptos,6f923b60934b,6f923b60934b.png,A:\DR_classification\data\organized\aptos\train\4_Proliferative_DR\6f923b60934b.png,train/4_Proliferative_DR/6f923b60934b.png,train,4,Proliferative_DR
aptos:train/4_Proliferative_DR/6fe67482bfae.png,aptos,6fe67482bfae,6fe67482bfae.png,A:\DR_classification\data\organized\aptos\train\4_Proliferative_DR\6fe67482bfae.png,train/4_Proliferative_DR/6fe67482bfae.png,train,4,Proliferative_DR
aptos:train/4_Proliferative_DR/702de9dcde32.png,aptos,702de9dcde32,702de9dcde32.png,A:\DR_classification\data\organized\aptos\train\4_Proliferative_DR\702de9dcde32.png,train/4_Proliferative_DR/702de9dcde32.png,train,4,Proliferative_DR
aptos:train/4_Proliferative_DR/70d657f8f503.png,aptos,70d657f8f503,70d657f8f503.png,A:\DR_classification\data\organized\aptos\train\4_Proliferative_DR\70d657f8f503.png,train/4_Proliferative_DR/70d657f8f503.png,train,4,Proliferative_DR
aptos:train/4_Proliferative_DR/710b05a96e0f.png,aptos,710b05a96e0f,710b05a96e0f.png,A:\DR_classification\data\organized\aptos\train\4_Proliferative_DR\710b05a96e0f.png,train/4_Proliferative_DR/710b05a96e0f.png,train,4,Proliferative_DR
aptos:train/4_Proliferative_DR/7270367410a1.png,aptos,7270367410a1,7270367410a1.png,A:\DR_classification\data\organized\aptos\train\4_Proliferative_DR\7270367410a1.png,train/4_Proliferative_DR/7270367410a1.png,train,4,Proliferative_DR
aptos:train/4_Proliferative_DR/753b14c27c83.png,aptos,753b14c27c83,753b14c27c83.png,A:\DR_classification\data\organized\aptos\train\4_Proliferative_DR\753b14c27c83.png,train/4_Proliferative_DR/753b14c27c83.png,train,4,Proliferative_DR
aptos:train/4_Proliferative_DR/785777558f05.png,aptos,785777558f05,785777558f05.png,A:\DR_classification\data\organized\aptos\train\4_Proliferative_DR\785777558f05.png,train/4_Proliferative_DR/785777558f05.png,train,4,Proliferative_DR
aptos:train/4_Proliferative_DR/789434d095d1.png,aptos,789434d095d1,789434d095d1.png,A:\DR_classification\data\organized\aptos\train\4_Proliferative_DR\789434d095d1.png,train/4_Proliferative_DR/789434d095d1.png,train,4,Proliferative_DR
aptos:train/4_Proliferative_DR/78b3f819dcc5.png,aptos,78b3f819dcc5,78b3f819dcc5.png,A:\DR_classification\data\organized\aptos\train\4_Proliferative_DR\78b3f819dcc5.png,train/4_Proliferative_DR/78b3f819dcc5.png,train,4,Proliferative_DR
aptos:train/4_Proliferative_DR/7a238a1d3cf3.png,aptos,7a238a1d3cf3,7a238a1d3cf3.png,A:\DR_classification\data\organized\aptos\train\4_Proliferative_DR\7a238a1d3cf3.png,train/4_Proliferative_DR/7a238a1d3cf3.png,train,4,Proliferative_DR
aptos:train/4_Proliferative_DR/7bc4dd99eee5.png,aptos,7bc4dd99eee5,7bc4dd99eee5.png,A:\DR_classification\data\organized\aptos\train\4_Proliferative_DR\7bc4dd99eee5.png,train/4_Proliferative_DR/7bc4dd99eee5.png,train,4,Proliferative_DR
aptos:train/4_Proliferative_DR/7c90ab025331.png,aptos,7c90ab025331,7c90ab025331.png,A:\DR_classification\data\organized\aptos\train\4_Proliferative_DR\7c90ab025331.png,train/4_Proliferative_DR/7c90ab025331.png,train,4,Proliferative_DR
aptos:train/4_Proliferative_DR/7cc4b7aabe04.png,aptos,7cc4b7aabe04,7cc4b7aabe04.png,A:\DR_classification\data\organized\aptos\train\4_Proliferative_DR\7cc4b7aabe04.png,train/4_Proliferative_DR/7cc4b7aabe04.png,train,4,Proliferative_DR
aptos:train/4_Proliferative_DR/7e0598cc88a0.png,aptos,7e0598cc88a0,7e0598cc88a0.png,A:\DR_classification\data\organized\aptos\train\4_Proliferative_DR\7e0598cc88a0.png,train/4_Proliferative_DR/7e0598cc88a0.png,train,4,Proliferative_DR
aptos:train/4_Proliferative_DR/7e4019ac7f5a.png,aptos,7e4019ac7f5a,7e4019ac7f5a.png,A:\DR_classification\data\organized\aptos\train\4_Proliferative_DR\7e4019ac7f5a.png,train/4_Proliferative_DR/7e4019ac7f5a.png,train,4,Proliferative_DR
aptos:train/4_Proliferative_DR/7efc91af4ae6.png,aptos,7efc91af4ae6,7efc91af4ae6.png,A:\DR_classification\data\organized\aptos\train\4_Proliferative_DR\7efc91af4ae6.png,train/4_Proliferative_DR/7efc91af4ae6.png,train,4,Proliferative_DR
aptos:train/4_Proliferative_DR/82bb8a01935f.png,aptos,82bb8a01935f,82bb8a01935f.png,A:\DR_classification\data\organized\aptos\train\4_Proliferative_DR\82bb8a01935f.png,train/4_Proliferative_DR/82bb8a01935f.png,train,4,Proliferative_DR
aptos:train/4_Proliferative_DR/838c87c63422.png,aptos,838c87c63422,838c87c63422.png,A:\DR_classification\data\organized\aptos\train\4_Proliferative_DR\838c87c63422.png,train/4_Proliferative_DR/838c87c63422.png,train,4,Proliferative_DR
aptos:train/4_Proliferative_DR/84c663f39632.png,aptos,84c663f39632,84c663f39632.png,A:\DR_classification\data\organized\aptos\train\4_Proliferative_DR\84c663f39632.png,train/4_Proliferative_DR/84c663f39632.png,train,4,Proliferative_DR
aptos:train/4_Proliferative_DR/857230f64a2e.png,aptos,857230f64a2e,857230f64a2e.png,A:\DR_classification\data\organized\aptos\train\4_Proliferative_DR\857230f64a2e.png,train/4_Proliferative_DR/857230f64a2e.png,train,4,Proliferative_DR
aptos:train/4_Proliferative_DR/8596a24a14bd.png,aptos,8596a24a14bd,8596a24a14bd.png,A:\DR_classification\data\organized\aptos\train\4_Proliferative_DR\8596a24a14bd.png,train/4_Proliferative_DR/8596a24a14bd.png,train,4,Proliferative_DR
aptos:train/4_Proliferative_DR/873dcc0b468f.png,aptos,873dcc0b468f,873dcc0b468f.png,A:\DR_classification\data\organized\aptos\train\4_Proliferative_DR\873dcc0b468f.png,train/4_Proliferative_DR/873dcc0b468f.png,train,4,Proliferative_DR
aptos:train/4_Proliferative_DR/87774aafe068.png,aptos,87774aafe068,87774aafe068.png,A:\DR_classification\data\organized\aptos\train\4_Proliferative_DR\87774aafe068.png,train/4_Proliferative_DR/87774aafe068.png,train,4,Proliferative_DR
aptos:train/4_Proliferative_DR/8785b71238d8.png,aptos,8785b71238d8,8785b71238d8.png,A:\DR_classification\data\organized\aptos\train\4_Proliferative_DR\8785b71238d8.png,train/4_Proliferative_DR/8785b71238d8.png,train,4,Proliferative_DR
aptos:train/4_Proliferative_DR/8ae049175db6.png,aptos,8ae049175db6,8ae049175db6.png,A:\DR_classification\data\organized\aptos\train\4_Proliferative_DR\8ae049175db6.png,train/4_Proliferative_DR/8ae049175db6.png,train,4,Proliferative_DR
aptos:train/4_Proliferative_DR/8af6a4e5396f.png,aptos,8af6a4e5396f,8af6a4e5396f.png,A:\DR_classification\data\organized\aptos\train\4_Proliferative_DR\8af6a4e5396f.png,train/4_Proliferative_DR/8af6a4e5396f.png,train,4,Proliferative_DR
aptos:train/4_Proliferative_DR/8bed09514c3b.png,aptos,8bed09514c3b,8bed09514c3b.png,A:\DR_classification\data\organized\aptos\train\4_Proliferative_DR\8bed09514c3b.png,train/4_Proliferative_DR/8bed09514c3b.png,train,4,Proliferative_DR
aptos:train/4_Proliferative_DR/8c7c26c52a6c.png,aptos,8c7c26c52a6c,8c7c26c52a6c.png,A:\DR_classification\data\organized\aptos\train\4_Proliferative_DR\8c7c26c52a6c.png,train/4_Proliferative_DR/8c7c26c52a6c.png,train,4,Proliferative_DR
aptos:train/4_Proliferative_DR/8d8aca52c07b.png,aptos,8d8aca52c07b,8d8aca52c07b.png,A:\DR_classification\data\organized\aptos\train\4_Proliferative_DR\8d8aca52c07b.png,train/4_Proliferative_DR/8d8aca52c07b.png,train,4,Proliferative_DR
aptos:train/4_Proliferative_DR/8db2ce991101.png,aptos,8db2ce991101,8db2ce991101.png,A:\DR_classification\data\organized\aptos\train\4_Proliferative_DR\8db2ce991101.png,train/4_Proliferative_DR/8db2ce991101.png,train,4,Proliferative_DR
aptos:train/4_Proliferative_DR/905cc86bf100.png,aptos,905cc86bf100,905cc86bf100.png,A:\DR_classification\data\organized\aptos\train\4_Proliferative_DR\905cc86bf100.png,train/4_Proliferative_DR/905cc86bf100.png,train,4,Proliferative_DR
aptos:train/4_Proliferative_DR/94ef1d14597f.png,aptos,94ef1d14597f,94ef1d14597f.png,A:\DR_classification\data\organized\aptos\train\4_Proliferative_DR\94ef1d14597f.png,train/4_Proliferative_DR/94ef1d14597f.png,train,4,Proliferative_DR
aptos:train/4_Proliferative_DR/97da093947e8.png,aptos,97da093947e8,97da093947e8.png,A:\DR_classification\data\organized\aptos\train\4_Proliferative_DR\97da093947e8.png,train/4_Proliferative_DR/97da093947e8.png,train,4,Proliferative_DR
aptos:train/4_Proliferative_DR/9a496b1e20f9.png,aptos,9a496b1e20f9,9a496b1e20f9.png,A:\DR_classification\data\organized\aptos\train\4_Proliferative_DR\9a496b1e20f9.png,train/4_Proliferative_DR/9a496b1e20f9.png,train,4,Proliferative_DR
aptos:train/4_Proliferative_DR/9c72ed6befa0.png,aptos,9c72ed6befa0,9c72ed6befa0.png,A:\DR_classification\data\organized\aptos\train\4_Proliferative_DR\9c72ed6befa0.png,train/4_Proliferative_DR/9c72ed6befa0.png,train,4,Proliferative_DR
aptos:train/4_Proliferative_DR/9cc6b1f9bcbd.png,aptos,9cc6b1f9bcbd,9cc6b1f9bcbd.png,A:\DR_classification\data\organized\aptos\train\4_Proliferative_DR\9cc6b1f9bcbd.png,train/4_Proliferative_DR/9cc6b1f9bcbd.png,train,4,Proliferative_DR
aptos:train/4_Proliferative_DR/9fab29e69a6b.png,aptos,9fab29e69a6b,9fab29e69a6b.png,A:\DR_classification\data\organized\aptos\train\4_Proliferative_DR\9fab29e69a6b.png,train/4_Proliferative_DR/9fab29e69a6b.png,train,4,Proliferative_DR
aptos:train/4_Proliferative_DR/a76b69e443ce.png,aptos,a76b69e443ce,a76b69e443ce.png,A:\DR_classification\data\organized\aptos\train\4_Proliferative_DR\a76b69e443ce.png,train/4_Proliferative_DR/a76b69e443ce.png,train,4,Proliferative_DR
aptos:train/4_Proliferative_DR/a81b06f50612.png,aptos,a81b06f50612,a81b06f50612.png,A:\DR_classification\data\organized\aptos\train\4_Proliferative_DR\a81b06f50612.png,train/4_Proliferative_DR/a81b06f50612.png,train,4,Proliferative_DR
aptos:train/4_Proliferative_DR/aa6673241154.png,aptos,aa6673241154,aa6673241154.png,A:\DR_classification\data\organized\aptos\train\4_Proliferative_DR\aa6673241154.png,train/4_Proliferative_DR/aa6673241154.png,train,4,Proliferative_DR
aptos:train/4_Proliferative_DR/aeed1f251ceb.png,aptos,aeed1f251ceb,aeed1f251ceb.png,A:\DR_classification\data\organized\aptos\train\4_Proliferative_DR\aeed1f251ceb.png,train/4_Proliferative_DR/aeed1f251ceb.png,train,4,Proliferative_DR
aptos:train/4_Proliferative_DR/b37aae3c8fe1.png,aptos,b37aae3c8fe1,b37aae3c8fe1.png,A:\DR_classification\data\organized\aptos\train\4_Proliferative_DR\b37aae3c8fe1.png,train/4_Proliferative_DR/b37aae3c8fe1.png,train,4,Proliferative_DR
aptos:train/4_Proliferative_DR/b3819a805dca.png,aptos,b3819a805dca,b3819a805dca.png,A:\DR_classification\data\organized\aptos\train\4_Proliferative_DR\b3819a805dca.png,train/4_Proliferative_DR/b3819a805dca.png,train,4,Proliferative_DR
aptos:train/4_Proliferative_DR/b55d2ddb3e75.png,aptos,b55d2ddb3e75,b55d2ddb3e75.png,A:\DR_classification\data\organized\aptos\train\4_Proliferative_DR\b55d2ddb3e75.png,train/4_Proliferative_DR/b55d2ddb3e75.png,train,4,Proliferative_DR
aptos:train/4_Proliferative_DR/b87f9c59748b.png,aptos,b87f9c59748b,b87f9c59748b.png,A:\DR_classification\data\organized\aptos\train\4_Proliferative_DR\b87f9c59748b.png,train/4_Proliferative_DR/b87f9c59748b.png,train,4,Proliferative_DR
aptos:train/4_Proliferative_DR/b96b518596b3.png,aptos,b96b518596b3,b96b518596b3.png,A:\DR_classification\data\organized\aptos\train\4_Proliferative_DR\b96b518596b3.png,train/4_Proliferative_DR/b96b518596b3.png,train,4,Proliferative_DR
aptos:train/4_Proliferative_DR/b99afe7137fb.png,aptos,b99afe7137fb,b99afe7137fb.png,A:\DR_classification\data\organized\aptos\train\4_Proliferative_DR\b99afe7137fb.png,train/4_Proliferative_DR/b99afe7137fb.png,train,4,Proliferative_DR
aptos:train/4_Proliferative_DR/ba08cee68c71.png,aptos,ba08cee68c71,ba08cee68c71.png,A:\DR_classification\data\organized\aptos\train\4_Proliferative_DR\ba08cee68c71.png,train/4_Proliferative_DR/ba08cee68c71.png,train,4,Proliferative_DR
aptos:train/4_Proliferative_DR/ba4d2c4b3039.png,aptos,ba4d2c4b3039,ba4d2c4b3039.png,A:\DR_classification\data\organized\aptos\train\4_Proliferative_DR\ba4d2c4b3039.png,train/4_Proliferative_DR/ba4d2c4b3039.png,train,4,Proliferative_DR
aptos:train/4_Proliferative_DR/bba38f2294a3.png,aptos,bba38f2294a3,bba38f2294a3.png,A:\DR_classification\data\organized\aptos\train\4_Proliferative_DR\bba38f2294a3.png,train/4_Proliferative_DR/bba38f2294a3.png,train,4,Proliferative_DR
aptos:train/4_Proliferative_DR/bc34ed91c9bc.png,aptos,bc34ed91c9bc,bc34ed91c9bc.png,A:\DR_classification\data\organized\aptos\train\4_Proliferative_DR\bc34ed91c9bc.png,train/4_Proliferative_DR/bc34ed91c9bc.png,train,4,Proliferative_DR
aptos:train/4_Proliferative_DR/bcd503c726ba.png,aptos,bcd503c726ba,bcd503c726ba.png,A:\DR_classification\data\organized\aptos\train\4_Proliferative_DR\bcd503c726ba.png,train/4_Proliferative_DR/bcd503c726ba.png,train,4,Proliferative_DR
aptos:train/4_Proliferative_DR/bd9904495ccd.png,aptos,bd9904495ccd,bd9904495ccd.png,A:\DR_classification\data\organized\aptos\train\4_Proliferative_DR\bd9904495ccd.png,train/4_Proliferative_DR/bd9904495ccd.png,train,4,Proliferative_DR
aptos:train/4_Proliferative_DR/bdff5d8bddf8.png,aptos,bdff5d8bddf8,bdff5d8bddf8.png,A:\DR_classification\data\organized\aptos\train\4_Proliferative_DR\bdff5d8bddf8.png,train/4_Proliferative_DR/bdff5d8bddf8.png,train,4,Proliferative_DR
aptos:train/4_Proliferative_DR/bfdee9be1f1d.png,aptos,bfdee9be1f1d,bfdee9be1f1d.png,A:\DR_classification\data\organized\aptos\train\4_Proliferative_DR\bfdee9be1f1d.png,train/4_Proliferative_DR/bfdee9be1f1d.png,train,4,Proliferative_DR
aptos:train/4_Proliferative_DR/bfefa7344e7d.png,aptos,bfefa7344e7d,bfefa7344e7d.png,A:\DR_classification\data\organized\aptos\train\4_Proliferative_DR\bfefa7344e7d.png,train/4_Proliferative_DR/bfefa7344e7d.png,train,4,Proliferative_DR
aptos:train/4_Proliferative_DR/c01eae4b4939.png,aptos,c01eae4b4939,c01eae4b4939.png,A:\DR_classification\data\organized\aptos\train\4_Proliferative_DR\c01eae4b4939.png,train/4_Proliferative_DR/c01eae4b4939.png,train,4,Proliferative_DR
aptos:train/4_Proliferative_DR/c1799a6f5c65.png,aptos,c1799a6f5c65,c1799a6f5c65.png,A:\DR_classification\data\organized\aptos\train\4_Proliferative_DR\c1799a6f5c65.png,train/4_Proliferative_DR/c1799a6f5c65.png,train,4,Proliferative_DR
aptos:train/4_Proliferative_DR/c1896142a20a.png,aptos,c1896142a20a,c1896142a20a.png,A:\DR_classification\data\organized\aptos\train\4_Proliferative_DR\c1896142a20a.png,train/4_Proliferative_DR/c1896142a20a.png,train,4,Proliferative_DR
aptos:train/4_Proliferative_DR/c3d12a23f451.png,aptos,c3d12a23f451,c3d12a23f451.png,A:\DR_classification\data\organized\aptos\train\4_Proliferative_DR\c3d12a23f451.png,train/4_Proliferative_DR/c3d12a23f451.png,train,4,Proliferative_DR
aptos:train/4_Proliferative_DR/c5e238aa18be.png,aptos,c5e238aa18be,c5e238aa18be.png,A:\DR_classification\data\organized\aptos\train\4_Proliferative_DR\c5e238aa18be.png,train/4_Proliferative_DR/c5e238aa18be.png,train,4,Proliferative_DR
aptos:train/4_Proliferative_DR/c62585bd68fb.png,aptos,c62585bd68fb,c62585bd68fb.png,A:\DR_classification\data\organized\aptos\train\4_Proliferative_DR\c62585bd68fb.png,train/4_Proliferative_DR/c62585bd68fb.png,train,4,Proliferative_DR
aptos:train/4_Proliferative_DR/c6a145742708.png,aptos,c6a145742708,c6a145742708.png,A:\DR_classification\data\organized\aptos\train\4_Proliferative_DR\c6a145742708.png,train/4_Proliferative_DR/c6a145742708.png,train,4,Proliferative_DR
aptos:train/4_Proliferative_DR/cb547e723a16.png,aptos,cb547e723a16,cb547e723a16.png,A:\DR_classification\data\organized\aptos\train\4_Proliferative_DR\cb547e723a16.png,train/4_Proliferative_DR/cb547e723a16.png,train,4,Proliferative_DR
aptos:train/4_Proliferative_DR/cbd0870aa933.png,aptos,cbd0870aa933,cbd0870aa933.png,A:\DR_classification\data\organized\aptos\train\4_Proliferative_DR\cbd0870aa933.png,train/4_Proliferative_DR/cbd0870aa933.png,train,4,Proliferative_DR
aptos:train/4_Proliferative_DR/cc3d2e961768.png,aptos,cc3d2e961768,cc3d2e961768.png,A:\DR_classification\data\organized\aptos\train\4_Proliferative_DR\cc3d2e961768.png,train/4_Proliferative_DR/cc3d2e961768.png,train,4,Proliferative_DR
aptos:train/4_Proliferative_DR/cd54d022e37d.png,aptos,cd54d022e37d,cd54d022e37d.png,A:\DR_classification\data\organized\aptos\train\4_Proliferative_DR\cd54d022e37d.png,train/4_Proliferative_DR/cd54d022e37d.png,train,4,Proliferative_DR
aptos:train/4_Proliferative_DR/cd93a472e5cd.png,aptos,cd93a472e5cd,cd93a472e5cd.png,A:\DR_classification\data\organized\aptos\train\4_Proliferative_DR\cd93a472e5cd.png,train/4_Proliferative_DR/cd93a472e5cd.png,train,4,Proliferative_DR
aptos:train/4_Proliferative_DR/cd972e5639e0.png,aptos,cd972e5639e0,cd972e5639e0.png,A:\DR_classification\data\organized\aptos\train\4_Proliferative_DR\cd972e5639e0.png,train/4_Proliferative_DR/cd972e5639e0.png,train,4,Proliferative_DR
aptos:train/4_Proliferative_DR/cf1b9d26d38d.png,aptos,cf1b9d26d38d,cf1b9d26d38d.png,A:\DR_classification\data\organized\aptos\train\4_Proliferative_DR\cf1b9d26d38d.png,train/4_Proliferative_DR/cf1b9d26d38d.png,train,4,Proliferative_DR
aptos:train/4_Proliferative_DR/d0b132d2c7ec.png,aptos,d0b132d2c7ec,d0b132d2c7ec.png,A:\DR_classification\data\organized\aptos\train\4_Proliferative_DR\d0b132d2c7ec.png,train/4_Proliferative_DR/d0b132d2c7ec.png,train,4,Proliferative_DR
aptos:train/4_Proliferative_DR/d10ef306996b.png,aptos,d10ef306996b,d10ef306996b.png,A:\DR_classification\data\organized\aptos\train\4_Proliferative_DR\d10ef306996b.png,train/4_Proliferative_DR/d10ef306996b.png,train,4,Proliferative_DR
aptos:train/4_Proliferative_DR/d271d3a2b552.png,aptos,d271d3a2b552,d271d3a2b552.png,A:\DR_classification\data\organized\aptos\train\4_Proliferative_DR\d271d3a2b552.png,train/4_Proliferative_DR/d271d3a2b552.png,train,4,Proliferative_DR
aptos:train/4_Proliferative_DR/d2901144070c.png,aptos,d2901144070c,d2901144070c.png,A:\DR_classification\data\organized\aptos\train\4_Proliferative_DR\d2901144070c.png,train/4_Proliferative_DR/d2901144070c.png,train,4,Proliferative_DR
aptos:train/4_Proliferative_DR/d51b3fe0fa1b.png,aptos,d51b3fe0fa1b,d51b3fe0fa1b.png,A:\DR_classification\data\organized\aptos\train\4_Proliferative_DR\d51b3fe0fa1b.png,train/4_Proliferative_DR/d51b3fe0fa1b.png,train,4,Proliferative_DR
aptos:train/4_Proliferative_DR/d659d7fd5ccf.png,aptos,d659d7fd5ccf,d659d7fd5ccf.png,A:\DR_classification\data\organized\aptos\train\4_Proliferative_DR\d659d7fd5ccf.png,train/4_Proliferative_DR/d659d7fd5ccf.png,train,4,Proliferative_DR
aptos:train/4_Proliferative_DR/d803598dabda.png,aptos,d803598dabda,d803598dabda.png,A:\DR_classification\data\organized\aptos\train\4_Proliferative_DR\d803598dabda.png,train/4_Proliferative_DR/d803598dabda.png,train,4,Proliferative_DR
aptos:train/4_Proliferative_DR/de16416220de.png,aptos,de16416220de,de16416220de.png,A:\DR_classification\data\organized\aptos\train\4_Proliferative_DR\de16416220de.png,train/4_Proliferative_DR/de16416220de.png,train,4,Proliferative_DR
aptos:train/4_Proliferative_DR/df4aec4a0eaf.png,aptos,df4aec4a0eaf,df4aec4a0eaf.png,A:\DR_classification\data\organized\aptos\train\4_Proliferative_DR\df4aec4a0eaf.png,train/4_Proliferative_DR/df4aec4a0eaf.png,train,4,Proliferative_DR
aptos:train/4_Proliferative_DR/e019b3e0f33d.png,aptos,e019b3e0f33d,e019b3e0f33d.png,A:\DR_classification\data\organized\aptos\train\4_Proliferative_DR\e019b3e0f33d.png,train/4_Proliferative_DR/e019b3e0f33d.png,train,4,Proliferative_DR
aptos:train/4_Proliferative_DR/e23add229074.png,aptos,e23add229074,e23add229074.png,A:\DR_classification\data\organized\aptos\train\4_Proliferative_DR\e23add229074.png,train/4_Proliferative_DR/e23add229074.png,train,4,Proliferative_DR
aptos:train/4_Proliferative_DR/e32dc722eca5.png,aptos,e32dc722eca5,e32dc722eca5.png,A:\DR_classification\data\organized\aptos\train\4_Proliferative_DR\e32dc722eca5.png,train/4_Proliferative_DR/e32dc722eca5.png,train,4,Proliferative_DR
aptos:train/4_Proliferative_DR/e3ab63dc9a60.png,aptos,e3ab63dc9a60,e3ab63dc9a60.png,A:\DR_classification\data\organized\aptos\train\4_Proliferative_DR\e3ab63dc9a60.png,train/4_Proliferative_DR/e3ab63dc9a60.png,train,4,Proliferative_DR
aptos:train/4_Proliferative_DR/e3ec668f6fad.png,aptos,e3ec668f6fad,e3ec668f6fad.png,A:\DR_classification\data\organized\aptos\train\4_Proliferative_DR\e3ec668f6fad.png,train/4_Proliferative_DR/e3ec668f6fad.png,train,4,Proliferative_DR
aptos:train/4_Proliferative_DR/e4730ddde408.png,aptos,e4730ddde408,e4730ddde408.png,A:\DR_classification\data\organized\aptos\train\4_Proliferative_DR\e4730ddde408.png,train/4_Proliferative_DR/e4730ddde408.png,train,4,Proliferative_DR
aptos:train/4_Proliferative_DR/e4f12411fd85.png,aptos,e4f12411fd85,e4f12411fd85.png,A:\DR_classification\data\organized\aptos\train\4_Proliferative_DR\e4f12411fd85.png,train/4_Proliferative_DR/e4f12411fd85.png,train,4,Proliferative_DR
aptos:train/4_Proliferative_DR/eaa0dfbd5024.png,aptos,eaa0dfbd5024,eaa0dfbd5024.png,A:\DR_classification\data\organized\aptos\train\4_Proliferative_DR\eaa0dfbd5024.png,train/4_Proliferative_DR/eaa0dfbd5024.png,train,4,Proliferative_DR
aptos:train/4_Proliferative_DR/eb1d37b71fd1.png,aptos,eb1d37b71fd1,eb1d37b71fd1.png,A:\DR_classification\data\organized\aptos\train\4_Proliferative_DR\eb1d37b71fd1.png,train/4_Proliferative_DR/eb1d37b71fd1.png,train,4,Proliferative_DR
aptos:train/4_Proliferative_DR/ebe0175e530c.png,aptos,ebe0175e530c,ebe0175e530c.png,A:\DR_classification\data\organized\aptos\train\4_Proliferative_DR\ebe0175e530c.png,train/4_Proliferative_DR/ebe0175e530c.png,train,4,Proliferative_DR
aptos:train/4_Proliferative_DR/ed246ae1ed08.png,aptos,ed246ae1ed08,ed246ae1ed08.png,A:\DR_classification\data\organized\aptos\train\4_Proliferative_DR\ed246ae1ed08.png,train/4_Proliferative_DR/ed246ae1ed08.png,train,4,Proliferative_DR
aptos:train/4_Proliferative_DR/ee1ec90b980f.png,aptos,ee1ec90b980f,ee1ec90b980f.png,A:\DR_classification\data\organized\aptos\train\4_Proliferative_DR\ee1ec90b980f.png,train/4_Proliferative_DR/ee1ec90b980f.png,train,4,Proliferative_DR
aptos:train/4_Proliferative_DR/ef26625121b3.png,aptos,ef26625121b3,ef26625121b3.png,A:\DR_classification\data\organized\aptos\train\4_Proliferative_DR\ef26625121b3.png,train/4_Proliferative_DR/ef26625121b3.png,train,4,Proliferative_DR
aptos:train/4_Proliferative_DR/f0098e9d4aee.png,aptos,f0098e9d4aee,f0098e9d4aee.png,A:\DR_classification\data\organized\aptos\train\4_Proliferative_DR\f0098e9d4aee.png,train/4_Proliferative_DR/f0098e9d4aee.png,train,4,Proliferative_DR
aptos:train/4_Proliferative_DR/f1dc26c4bfa3.png,aptos,f1dc26c4bfa3,f1dc26c4bfa3.png,A:\DR_classification\data\organized\aptos\train\4_Proliferative_DR\f1dc26c4bfa3.png,train/4_Proliferative_DR/f1dc26c4bfa3.png,train,4,Proliferative_DR
aptos:train/4_Proliferative_DR/f2d2a0c92034.png,aptos,f2d2a0c92034,f2d2a0c92034.png,A:\DR_classification\data\organized\aptos\train\4_Proliferative_DR\f2d2a0c92034.png,train/4_Proliferative_DR/f2d2a0c92034.png,train,4,Proliferative_DR
aptos:train/4_Proliferative_DR/f58d37d48e42.png,aptos,f58d37d48e42,f58d37d48e42.png,A:\DR_classification\data\organized\aptos\train\4_Proliferative_DR\f58d37d48e42.png,train/4_Proliferative_DR/f58d37d48e42.png,train,4,Proliferative_DR
aptos:train/4_Proliferative_DR/f5e6226bd2e0.png,aptos,f5e6226bd2e0,f5e6226bd2e0.png,A:\DR_classification\data\organized\aptos\train\4_Proliferative_DR\f5e6226bd2e0.png,train/4_Proliferative_DR/f5e6226bd2e0.png,train,4,Proliferative_DR
aptos:train/4_Proliferative_DR/f69835dc7c50.png,aptos,f69835dc7c50,f69835dc7c50.png,A:\DR_classification\data\organized\aptos\train\4_Proliferative_DR\f69835dc7c50.png,train/4_Proliferative_DR/f69835dc7c50.png,train,4,Proliferative_DR
aptos:train/4_Proliferative_DR/f72adcac5638.png,aptos,f72adcac5638,f72adcac5638.png,A:\DR_classification\data\organized\aptos\train\4_Proliferative_DR\f72adcac5638.png,train/4_Proliferative_DR/f72adcac5638.png,train,4,Proliferative_DR
aptos:train/4_Proliferative_DR/f850cb51fdba.png,aptos,f850cb51fdba,f850cb51fdba.png,A:\DR_classification\data\organized\aptos\train\4_Proliferative_DR\f850cb51fdba.png,train/4_Proliferative_DR/f850cb51fdba.png,train,4,Proliferative_DR
aptos:train/4_Proliferative_DR/f8cf7ed8ef00.png,aptos,f8cf7ed8ef00,f8cf7ed8ef00.png,A:\DR_classification\data\organized\aptos\train\4_Proliferative_DR\f8cf7ed8ef00.png,train/4_Proliferative_DR/f8cf7ed8ef00.png,train,4,Proliferative_DR
aptos:train/4_Proliferative_DR/fa59221cf464.png,aptos,fa59221cf464,fa59221cf464.png,A:\DR_classification\data\organized\aptos\train\4_Proliferative_DR\fa59221cf464.png,train/4_Proliferative_DR/fa59221cf464.png,train,4,Proliferative_DR
aptos:train/4_Proliferative_DR/fb696a8e055a.png,aptos,fb696a8e055a,fb696a8e055a.png,A:\DR_classification\data\organized\aptos\train\4_Proliferative_DR\fb696a8e055a.png,train/4_Proliferative_DR/fb696a8e055a.png,train,4,Proliferative_DR
aptos:train/4_Proliferative_DR/fce93caa4758.png,aptos,fce93caa4758,fce93caa4758.png,A:\DR_classification\data\organized\aptos\train\4_Proliferative_DR\fce93caa4758.png,train/4_Proliferative_DR/fce93caa4758.png,train,4,Proliferative_DR
aptos:train/4_Proliferative_DR/fdd534271f3d.png,aptos,fdd534271f3d,fdd534271f3d.png,A:\DR_classification\data\organized\aptos\train\4_Proliferative_DR\fdd534271f3d.png,train/4_Proliferative_DR/fdd534271f3d.png,train,4,Proliferative_DR
aptos:train/4_Proliferative_DR/ff8a0b45c789.png,aptos,ff8a0b45c789,ff8a0b45c789.png,A:\DR_classification\data\organized\aptos\train\4_Proliferative_DR\ff8a0b45c789.png,train/4_Proliferative_DR/ff8a0b45c789.png,train,4,Proliferative_DR
aptos:val/0_No_DR/00cc2b75cddd.png,aptos,00cc2b75cddd,00cc2b75cddd.png,A:\DR_classification\data\organized\aptos\val\0_No_DR\00cc2b75cddd.png,val/0_No_DR/00cc2b75cddd.png,val,0,No_DR
aptos:val/0_No_DR/02cd34a85b24.png,aptos,02cd34a85b24,02cd34a85b24.png,A:\DR_classification\data\organized\aptos\val\0_No_DR\02cd34a85b24.png,val/0_No_DR/02cd34a85b24.png,val,0,No_DR
aptos:val/0_No_DR/03b373718013.png,aptos,03b373718013,03b373718013.png,A:\DR_classification\data\organized\aptos\val\0_No_DR\03b373718013.png,val/0_No_DR/03b373718013.png,val,0,No_DR
aptos:val/0_No_DR/08f8838d69bb.png,aptos,08f8838d69bb,08f8838d69bb.png,A:\DR_classification\data\organized\aptos\val\0_No_DR\08f8838d69bb.png,val/0_No_DR/08f8838d69bb.png,val,0,No_DR
aptos:val/0_No_DR/0924cec998fa.png,aptos,0924cec998fa,0924cec998fa.png,A:\DR_classification\data\organized\aptos\val\0_No_DR\0924cec998fa.png,val/0_No_DR/0924cec998fa.png,val,0,No_DR
aptos:val/0_No_DR/099021fac3c9.png,aptos,099021fac3c9,099021fac3c9.png,A:\DR_classification\data\organized\aptos\val\0_No_DR\099021fac3c9.png,val/0_No_DR/099021fac3c9.png,val,0,No_DR
aptos:val/0_No_DR/0b64a0a06f9a.png,aptos,0b64a0a06f9a,0b64a0a06f9a.png,A:\DR_classification\data\organized\aptos\val\0_No_DR\0b64a0a06f9a.png,val/0_No_DR/0b64a0a06f9a.png,val,0,No_DR
aptos:val/0_No_DR/0d0b8fc9ab5c.png,aptos,0d0b8fc9ab5c,0d0b8fc9ab5c.png,A:\DR_classification\data\organized\aptos\val\0_No_DR\0d0b8fc9ab5c.png,val/0_No_DR/0d0b8fc9ab5c.png,val,0,No_DR
aptos:val/0_No_DR/0da632ca45e0.png,aptos,0da632ca45e0,0da632ca45e0.png,A:\DR_classification\data\organized\aptos\val\0_No_DR\0da632ca45e0.png,val/0_No_DR/0da632ca45e0.png,val,0,No_DR
aptos:val/0_No_DR/0f364b7d4384.png,aptos,0f364b7d4384,0f364b7d4384.png,A:\DR_classification\data\organized\aptos\val\0_No_DR\0f364b7d4384.png,val/0_No_DR/0f364b7d4384.png,val,0,No_DR
aptos:val/0_No_DR/10a5026eb8e6.png,aptos,10a5026eb8e6,10a5026eb8e6.png,A:\DR_classification\data\organized\aptos\val\0_No_DR\10a5026eb8e6.png,val/0_No_DR/10a5026eb8e6.png,val,0,No_DR
aptos:val/0_No_DR/10bf25731c08.png,aptos,10bf25731c08,10bf25731c08.png,A:\DR_classification\data\organized\aptos\val\0_No_DR\10bf25731c08.png,val/0_No_DR/10bf25731c08.png,val,0,No_DR
aptos:val/0_No_DR/12b57dac703e.png,aptos,12b57dac703e,12b57dac703e.png,A:\DR_classification\data\organized\aptos\val\0_No_DR\12b57dac703e.png,val/0_No_DR/12b57dac703e.png,val,0,No_DR
aptos:val/0_No_DR/13c191b59ed0.png,aptos,13c191b59ed0,13c191b59ed0.png,A:\DR_classification\data\organized\aptos\val\0_No_DR\13c191b59ed0.png,val/0_No_DR/13c191b59ed0.png,val,0,No_DR
aptos:val/0_No_DR/1608c82a263f.png,aptos,1608c82a263f,1608c82a263f.png,A:\DR_classification\data\organized\aptos\val\0_No_DR\1608c82a263f.png,val/0_No_DR/1608c82a263f.png,val,0,No_DR
aptos:val/0_No_DR/1782142e17d9.png,aptos,1782142e17d9,1782142e17d9.png,A:\DR_classification\data\organized\aptos\val\0_No_DR\1782142e17d9.png,val/0_No_DR/1782142e17d9.png,val,0,No_DR
aptos:val/0_No_DR/17e6116b89b3.png,aptos,17e6116b89b3,17e6116b89b3.png,A:\DR_classification\data\organized\aptos\val\0_No_DR\17e6116b89b3.png,val/0_No_DR/17e6116b89b3.png,val,0,No_DR
aptos:val/0_No_DR/18cde9649e90.png,aptos,18cde9649e90,18cde9649e90.png,A:\DR_classification\data\organized\aptos\val\0_No_DR\18cde9649e90.png,val/0_No_DR/18cde9649e90.png,val,0,No_DR
aptos:val/0_No_DR/190a309f2cc5.png,aptos,190a309f2cc5,190a309f2cc5.png,A:\DR_classification\data\organized\aptos\val\0_No_DR\190a309f2cc5.png,val/0_No_DR/190a309f2cc5.png,val,0,No_DR
aptos:val/0_No_DR/197af0de76e2.png,aptos,197af0de76e2,197af0de76e2.png,A:\DR_classification\data\organized\aptos\val\0_No_DR\197af0de76e2.png,val/0_No_DR/197af0de76e2.png,val,0,No_DR
aptos:val/0_No_DR/1ab8d3431ffc.png,aptos,1ab8d3431ffc,1ab8d3431ffc.png,A:\DR_classification\data\organized\aptos\val\0_No_DR\1ab8d3431ffc.png,val/0_No_DR/1ab8d3431ffc.png,val,0,No_DR
aptos:val/0_No_DR/1c7a013eeba7.png,aptos,1c7a013eeba7,1c7a013eeba7.png,A:\DR_classification\data\organized\aptos\val\0_No_DR\1c7a013eeba7.png,val/0_No_DR/1c7a013eeba7.png,val,0,No_DR
aptos:val/0_No_DR/1ca91751be4d.png,aptos,1ca91751be4d,1ca91751be4d.png,A:\DR_classification\data\organized\aptos\val\0_No_DR\1ca91751be4d.png,val/0_No_DR/1ca91751be4d.png,val,0,No_DR
aptos:val/0_No_DR/1d46f1326394.png,aptos,1d46f1326394,1d46f1326394.png,A:\DR_classification\data\organized\aptos\val\0_No_DR\1d46f1326394.png,val/0_No_DR/1d46f1326394.png,val,0,No_DR
aptos:val/0_No_DR/1d74c4713e21.png,aptos,1d74c4713e21,1d74c4713e21.png,A:\DR_classification\data\organized\aptos\val\0_No_DR\1d74c4713e21.png,val/0_No_DR/1d74c4713e21.png,val,0,No_DR
aptos:val/0_No_DR/1e742358e0b9.png,aptos,1e742358e0b9,1e742358e0b9.png,A:\DR_classification\data\organized\aptos\val\0_No_DR\1e742358e0b9.png,val/0_No_DR/1e742358e0b9.png,val,0,No_DR
aptos:val/0_No_DR/1f5496352859.png,aptos,1f5496352859,1f5496352859.png,A:\DR_classification\data\organized\aptos\val\0_No_DR\1f5496352859.png,val/0_No_DR/1f5496352859.png,val,0,No_DR
aptos:val/0_No_DR/1f9ccda4ddf2.png,aptos,1f9ccda4ddf2,1f9ccda4ddf2.png,A:\DR_classification\data\organized\aptos\val\0_No_DR\1f9ccda4ddf2.png,val/0_No_DR/1f9ccda4ddf2.png,val,0,No_DR
aptos:val/0_No_DR/201f6e10c108.png,aptos,201f6e10c108,201f6e10c108.png,A:\DR_classification\data\organized\aptos\val\0_No_DR\201f6e10c108.png,val/0_No_DR/201f6e10c108.png,val,0,No_DR
aptos:val/0_No_DR/226c6ceb9185.png,aptos,226c6ceb9185,226c6ceb9185.png,A:\DR_classification\data\organized\aptos\val\0_No_DR\226c6ceb9185.png,val/0_No_DR/226c6ceb9185.png,val,0,No_DR
aptos:val/0_No_DR/25a0a1e41afd.png,aptos,25a0a1e41afd,25a0a1e41afd.png,A:\DR_classification\data\organized\aptos\val\0_No_DR\25a0a1e41afd.png,val/0_No_DR/25a0a1e41afd.png,val,0,No_DR
aptos:val/0_No_DR/266fbefa58fb.png,aptos,266fbefa58fb,266fbefa58fb.png,A:\DR_classification\data\organized\aptos\val\0_No_DR\266fbefa58fb.png,val/0_No_DR/266fbefa58fb.png,val,0,No_DR
aptos:val/0_No_DR/2682e6da9050.png,aptos,2682e6da9050,2682e6da9050.png,A:\DR_classification\data\organized\aptos\val\0_No_DR\2682e6da9050.png,val/0_No_DR/2682e6da9050.png,val,0,No_DR
aptos:val/0_No_DR/26d60db3bbfd.png,aptos,26d60db3bbfd,26d60db3bbfd.png,A:\DR_classification\data\organized\aptos\val\0_No_DR\26d60db3bbfd.png,val/0_No_DR/26d60db3bbfd.png,val,0,No_DR
aptos:val/0_No_DR/283c3aeba594.png,aptos,283c3aeba594,283c3aeba594.png,A:\DR_classification\data\organized\aptos\val\0_No_DR\283c3aeba594.png,val/0_No_DR/283c3aeba594.png,val,0,No_DR
aptos:val/0_No_DR/289a47dcbb82.png,aptos,289a47dcbb82,289a47dcbb82.png,A:\DR_classification\data\organized\aptos\val\0_No_DR\289a47dcbb82.png,val/0_No_DR/289a47dcbb82.png,val,0,No_DR
aptos:val/0_No_DR/29192375ab1b.png,aptos,29192375ab1b,29192375ab1b.png,A:\DR_classification\data\organized\aptos\val\0_No_DR\29192375ab1b.png,val/0_No_DR/29192375ab1b.png,val,0,No_DR
aptos:val/0_No_DR/2b4c7b5f1f1e.png,aptos,2b4c7b5f1f1e,2b4c7b5f1f1e.png,A:\DR_classification\data\organized\aptos\val\0_No_DR\2b4c7b5f1f1e.png,val/0_No_DR/2b4c7b5f1f1e.png,val,0,No_DR
aptos:val/0_No_DR/2d558de2cabe.png,aptos,2d558de2cabe,2d558de2cabe.png,A:\DR_classification\data\organized\aptos\val\0_No_DR\2d558de2cabe.png,val/0_No_DR/2d558de2cabe.png,val,0,No_DR
aptos:val/0_No_DR/2da82d14e1b7.png,aptos,2da82d14e1b7,2da82d14e1b7.png,A:\DR_classification\data\organized\aptos\val\0_No_DR\2da82d14e1b7.png,val/0_No_DR/2da82d14e1b7.png,val,0,No_DR
aptos:val/0_No_DR/2fefb720869a.png,aptos,2fefb720869a,2fefb720869a.png,A:\DR_classification\data\organized\aptos\val\0_No_DR\2fefb720869a.png,val/0_No_DR/2fefb720869a.png,val,0,No_DR
aptos:val/0_No_DR/3286073a976e.png,aptos,3286073a976e,3286073a976e.png,A:\DR_classification\data\organized\aptos\val\0_No_DR\3286073a976e.png,val/0_No_DR/3286073a976e.png,val,0,No_DR
aptos:val/0_No_DR/3323fd59782e.png,aptos,3323fd59782e,3323fd59782e.png,A:\DR_classification\data\organized\aptos\val\0_No_DR\3323fd59782e.png,val/0_No_DR/3323fd59782e.png,val,0,No_DR
aptos:val/0_No_DR/3599029efeb3.png,aptos,3599029efeb3,3599029efeb3.png,A:\DR_classification\data\organized\aptos\val\0_No_DR\3599029efeb3.png,val/0_No_DR/3599029efeb3.png,val,0,No_DR
aptos:val/0_No_DR/36e4b704b905.png,aptos,36e4b704b905,36e4b704b905.png,A:\DR_classification\data\organized\aptos\val\0_No_DR\36e4b704b905.png,val/0_No_DR/36e4b704b905.png,val,0,No_DR
aptos:val/0_No_DR/3730c322d35b.png,aptos,3730c322d35b,3730c322d35b.png,A:\DR_classification\data\organized\aptos\val\0_No_DR\3730c322d35b.png,val/0_No_DR/3730c322d35b.png,val,0,No_DR
aptos:val/0_No_DR/3732de8b416f.png,aptos,3732de8b416f,3732de8b416f.png,A:\DR_classification\data\organized\aptos\val\0_No_DR\3732de8b416f.png,val/0_No_DR/3732de8b416f.png,val,0,No_DR
aptos:val/0_No_DR/388279491b5d.png,aptos,388279491b5d,388279491b5d.png,A:\DR_classification\data\organized\aptos\val\0_No_DR\388279491b5d.png,val/0_No_DR/388279491b5d.png,val,0,No_DR
aptos:val/0_No_DR/3a643599f852.png,aptos,3a643599f852,3a643599f852.png,A:\DR_classification\data\organized\aptos\val\0_No_DR\3a643599f852.png,val/0_No_DR/3a643599f852.png,val,0,No_DR
aptos:val/0_No_DR/3b9817a39adf.png,aptos,3b9817a39adf,3b9817a39adf.png,A:\DR_classification\data\organized\aptos\val\0_No_DR\3b9817a39adf.png,val/0_No_DR/3b9817a39adf.png,val,0,No_DR
aptos:val/0_No_DR/3ca8be3b40d6.png,aptos,3ca8be3b40d6,3ca8be3b40d6.png,A:\DR_classification\data\organized\aptos\val\0_No_DR\3ca8be3b40d6.png,val/0_No_DR/3ca8be3b40d6.png,val,0,No_DR
aptos:val/0_No_DR/3dec415b188a.png,aptos,3dec415b188a,3dec415b188a.png,A:\DR_classification\data\organized\aptos\val\0_No_DR\3dec415b188a.png,val/0_No_DR/3dec415b188a.png,val,0,No_DR
aptos:val/0_No_DR/3e61703b5ab2.png,aptos,3e61703b5ab2,3e61703b5ab2.png,A:\DR_classification\data\organized\aptos\val\0_No_DR\3e61703b5ab2.png,val/0_No_DR/3e61703b5ab2.png,val,0,No_DR
aptos:val/0_No_DR/3f6bccf21ce8.png,aptos,3f6bccf21ce8,3f6bccf21ce8.png,A:\DR_classification\data\organized\aptos\val\0_No_DR\3f6bccf21ce8.png,val/0_No_DR/3f6bccf21ce8.png,val,0,No_DR
aptos:val/0_No_DR/3f98be586fe3.png,aptos,3f98be586fe3,3f98be586fe3.png,A:\DR_classification\data\organized\aptos\val\0_No_DR\3f98be586fe3.png,val/0_No_DR/3f98be586fe3.png,val,0,No_DR
aptos:val/0_No_DR/4134b290f5f3.png,aptos,4134b290f5f3,4134b290f5f3.png,A:\DR_classification\data\organized\aptos\val\0_No_DR\4134b290f5f3.png,val/0_No_DR/4134b290f5f3.png,val,0,No_DR
aptos:val/0_No_DR/4276b82e4489.png,aptos,4276b82e4489,4276b82e4489.png,A:\DR_classification\data\organized\aptos\val\0_No_DR\4276b82e4489.png,val/0_No_DR/4276b82e4489.png,val,0,No_DR
aptos:val/0_No_DR/441848e0f308.png,aptos,441848e0f308,441848e0f308.png,A:\DR_classification\data\organized\aptos\val\0_No_DR\441848e0f308.png,val/0_No_DR/441848e0f308.png,val,0,No_DR
aptos:val/0_No_DR/44976c3b11a6.png,aptos,44976c3b11a6,44976c3b11a6.png,A:\DR_classification\data\organized\aptos\val\0_No_DR\44976c3b11a6.png,val/0_No_DR/44976c3b11a6.png,val,0,No_DR
aptos:val/0_No_DR/44f7f3ef9d50.png,aptos,44f7f3ef9d50,44f7f3ef9d50.png,A:\DR_classification\data\organized\aptos\val\0_No_DR\44f7f3ef9d50.png,val/0_No_DR/44f7f3ef9d50.png,val,0,No_DR
aptos:val/0_No_DR/454792eb6e05.png,aptos,454792eb6e05,454792eb6e05.png,A:\DR_classification\data\organized\aptos\val\0_No_DR\454792eb6e05.png,val/0_No_DR/454792eb6e05.png,val,0,No_DR
aptos:val/0_No_DR/4704dbb59536.png,aptos,4704dbb59536,4704dbb59536.png,A:\DR_classification\data\organized\aptos\val\0_No_DR\4704dbb59536.png,val/0_No_DR/4704dbb59536.png,val,0,No_DR
aptos:val/0_No_DR/47536db39f00.png,aptos,47536db39f00,47536db39f00.png,A:\DR_classification\data\organized\aptos\val\0_No_DR\47536db39f00.png,val/0_No_DR/47536db39f00.png,val,0,No_DR
aptos:val/0_No_DR/478fc46eaa49.png,aptos,478fc46eaa49,478fc46eaa49.png,A:\DR_classification\data\organized\aptos\val\0_No_DR\478fc46eaa49.png,val/0_No_DR/478fc46eaa49.png,val,0,No_DR
aptos:val/0_No_DR/4826d10030b3.png,aptos,4826d10030b3,4826d10030b3.png,A:\DR_classification\data\organized\aptos\val\0_No_DR\4826d10030b3.png,val/0_No_DR/4826d10030b3.png,val,0,No_DR
aptos:val/0_No_DR/486e852a3b4d.png,aptos,486e852a3b4d,486e852a3b4d.png,A:\DR_classification\data\organized\aptos\val\0_No_DR\486e852a3b4d.png,val/0_No_DR/486e852a3b4d.png,val,0,No_DR
aptos:val/0_No_DR/48a45619d1a3.png,aptos,48a45619d1a3,48a45619d1a3.png,A:\DR_classification\data\organized\aptos\val\0_No_DR\48a45619d1a3.png,val/0_No_DR/48a45619d1a3.png,val,0,No_DR
aptos:val/0_No_DR/4a96c28f3f07.png,aptos,4a96c28f3f07,4a96c28f3f07.png,A:\DR_classification\data\organized\aptos\val\0_No_DR\4a96c28f3f07.png,val/0_No_DR/4a96c28f3f07.png,val,0,No_DR
aptos:val/0_No_DR/4b237b958555.png,aptos,4b237b958555,4b237b958555.png,A:\DR_classification\data\organized\aptos\val\0_No_DR\4b237b958555.png,val/0_No_DR/4b237b958555.png,val,0,No_DR
aptos:val/0_No_DR/4bcee3cbe232.png,aptos,4bcee3cbe232,4bcee3cbe232.png,A:\DR_classification\data\organized\aptos\val\0_No_DR\4bcee3cbe232.png,val/0_No_DR/4bcee3cbe232.png,val,0,No_DR
aptos:val/0_No_DR/4c5ab774a381.png,aptos,4c5ab774a381,4c5ab774a381.png,A:\DR_classification\data\organized\aptos\val\0_No_DR\4c5ab774a381.png,val/0_No_DR/4c5ab774a381.png,val,0,No_DR
aptos:val/0_No_DR/4c6c5a1bf5ab.png,aptos,4c6c5a1bf5ab,4c6c5a1bf5ab.png,A:\DR_classification\data\organized\aptos\val\0_No_DR\4c6c5a1bf5ab.png,val/0_No_DR/4c6c5a1bf5ab.png,val,0,No_DR
aptos:val/0_No_DR/4d167ca69ea8.png,aptos,4d167ca69ea8,4d167ca69ea8.png,A:\DR_classification\data\organized\aptos\val\0_No_DR\4d167ca69ea8.png,val/0_No_DR/4d167ca69ea8.png,val,0,No_DR
aptos:val/0_No_DR/4e85aa647534.png,aptos,4e85aa647534,4e85aa647534.png,A:\DR_classification\data\organized\aptos\val\0_No_DR\4e85aa647534.png,val/0_No_DR/4e85aa647534.png,val,0,No_DR
aptos:val/0_No_DR/4ef16a53d899.png,aptos,4ef16a53d899,4ef16a53d899.png,A:\DR_classification\data\organized\aptos\val\0_No_DR\4ef16a53d899.png,val/0_No_DR/4ef16a53d899.png,val,0,No_DR
aptos:val/0_No_DR/4faf4063db8c.png,aptos,4faf4063db8c,4faf4063db8c.png,A:\DR_classification\data\organized\aptos\val\0_No_DR\4faf4063db8c.png,val/0_No_DR/4faf4063db8c.png,val,0,No_DR
aptos:val/0_No_DR/4ffa38550c95.png,aptos,4ffa38550c95,4ffa38550c95.png,A:\DR_classification\data\organized\aptos\val\0_No_DR\4ffa38550c95.png,val/0_No_DR/4ffa38550c95.png,val,0,No_DR
aptos:val/0_No_DR/5257cb536da2.png,aptos,5257cb536da2,5257cb536da2.png,A:\DR_classification\data\organized\aptos\val\0_No_DR\5257cb536da2.png,val/0_No_DR/5257cb536da2.png,val,0,No_DR
aptos:val/0_No_DR/53c874dbc594.png,aptos,53c874dbc594,53c874dbc594.png,A:\DR_classification\data\organized\aptos\val\0_No_DR\53c874dbc594.png,val/0_No_DR/53c874dbc594.png,val,0,No_DR
aptos:val/0_No_DR/54038e56131d.png,aptos,54038e56131d,54038e56131d.png,A:\DR_classification\data\organized\aptos\val\0_No_DR\54038e56131d.png,val/0_No_DR/54038e56131d.png,val,0,No_DR
aptos:val/0_No_DR/540e4973829e.png,aptos,540e4973829e,540e4973829e.png,A:\DR_classification\data\organized\aptos\val\0_No_DR\540e4973829e.png,val/0_No_DR/540e4973829e.png,val,0,No_DR
aptos:val/0_No_DR/54bdcdecd8f3.png,aptos,54bdcdecd8f3,54bdcdecd8f3.png,A:\DR_classification\data\organized\aptos\val\0_No_DR\54bdcdecd8f3.png,val/0_No_DR/54bdcdecd8f3.png,val,0,No_DR
aptos:val/0_No_DR/5511f114e7ee.png,aptos,5511f114e7ee,5511f114e7ee.png,A:\DR_classification\data\organized\aptos\val\0_No_DR\5511f114e7ee.png,val/0_No_DR/5511f114e7ee.png,val,0,No_DR
aptos:val/0_No_DR/565f3404f9b2.png,aptos,565f3404f9b2,565f3404f9b2.png,A:\DR_classification\data\organized\aptos\val\0_No_DR\565f3404f9b2.png,val/0_No_DR/565f3404f9b2.png,val,0,No_DR
aptos:val/0_No_DR/568455854a11.png,aptos,568455854a11,568455854a11.png,A:\DR_classification\data\organized\aptos\val\0_No_DR\568455854a11.png,val/0_No_DR/568455854a11.png,val,0,No_DR
aptos:val/0_No_DR/5814cbd2e9bf.png,aptos,5814cbd2e9bf,5814cbd2e9bf.png,A:\DR_classification\data\organized\aptos\val\0_No_DR\5814cbd2e9bf.png,val/0_No_DR/5814cbd2e9bf.png,val,0,No_DR
aptos:val/0_No_DR/58a9e0d7f7af.png,aptos,58a9e0d7f7af,58a9e0d7f7af.png,A:\DR_classification\data\organized\aptos\val\0_No_DR\58a9e0d7f7af.png,val/0_No_DR/58a9e0d7f7af.png,val,0,No_DR
aptos:val/0_No_DR/59928f999ae7.png,aptos,59928f999ae7,59928f999ae7.png,A:\DR_classification\data\organized\aptos\val\0_No_DR\59928f999ae7.png,val/0_No_DR/59928f999ae7.png,val,0,No_DR
aptos:val/0_No_DR/59bd19c1c5bb.png,aptos,59bd19c1c5bb,59bd19c1c5bb.png,A:\DR_classification\data\organized\aptos\val\0_No_DR\59bd19c1c5bb.png,val/0_No_DR/59bd19c1c5bb.png,val,0,No_DR
aptos:val/0_No_DR/5a27b9b2a9c1.png,aptos,5a27b9b2a9c1,5a27b9b2a9c1.png,A:\DR_classification\data\organized\aptos\val\0_No_DR\5a27b9b2a9c1.png,val/0_No_DR/5a27b9b2a9c1.png,val,0,No_DR
aptos:val/0_No_DR/5ad3dabeb2cd.png,aptos,5ad3dabeb2cd,5ad3dabeb2cd.png,A:\DR_classification\data\organized\aptos\val\0_No_DR\5ad3dabeb2cd.png,val/0_No_DR/5ad3dabeb2cd.png,val,0,No_DR
aptos:val/0_No_DR/5ba156a35ff2.png,aptos,5ba156a35ff2,5ba156a35ff2.png,A:\DR_classification\data\organized\aptos\val\0_No_DR\5ba156a35ff2.png,val/0_No_DR/5ba156a35ff2.png,val,0,No_DR
aptos:val/0_No_DR/5d5b5da5f939.png,aptos,5d5b5da5f939,5d5b5da5f939.png,A:\DR_classification\data\organized\aptos\val\0_No_DR\5d5b5da5f939.png,val/0_No_DR/5d5b5da5f939.png,val,0,No_DR
aptos:val/0_No_DR/5f51192841f7.png,aptos,5f51192841f7,5f51192841f7.png,A:\DR_classification\data\organized\aptos\val\0_No_DR\5f51192841f7.png,val/0_No_DR/5f51192841f7.png,val,0,No_DR
aptos:val/0_No_DR/5f6db235c04d.png,aptos,5f6db235c04d,5f6db235c04d.png,A:\DR_classification\data\organized\aptos\val\0_No_DR\5f6db235c04d.png,val/0_No_DR/5f6db235c04d.png,val,0,No_DR
aptos:val/0_No_DR/6110ecb3bb1c.png,aptos,6110ecb3bb1c,6110ecb3bb1c.png,A:\DR_classification\data\organized\aptos\val\0_No_DR\6110ecb3bb1c.png,val/0_No_DR/6110ecb3bb1c.png,val,0,No_DR
aptos:val/0_No_DR/639915f58a2f.png,aptos,639915f58a2f,639915f58a2f.png,A:\DR_classification\data\organized\aptos\val\0_No_DR\639915f58a2f.png,val/0_No_DR/639915f58a2f.png,val,0,No_DR
aptos:val/0_No_DR/63c7b0265775.png,aptos,63c7b0265775,63c7b0265775.png,A:\DR_classification\data\organized\aptos\val\0_No_DR\63c7b0265775.png,val/0_No_DR/63c7b0265775.png,val,0,No_DR
aptos:val/0_No_DR/68987fb159ab.png,aptos,68987fb159ab,68987fb159ab.png,A:\DR_classification\data\organized\aptos\val\0_No_DR\68987fb159ab.png,val/0_No_DR/68987fb159ab.png,val,0,No_DR
aptos:val/0_No_DR/69b3a00927fc.png,aptos,69b3a00927fc,69b3a00927fc.png,A:\DR_classification\data\organized\aptos\val\0_No_DR\69b3a00927fc.png,val/0_No_DR/69b3a00927fc.png,val,0,No_DR
aptos:val/0_No_DR/6b91e99c9408.png,aptos,6b91e99c9408,6b91e99c9408.png,A:\DR_classification\data\organized\aptos\val\0_No_DR\6b91e99c9408.png,val/0_No_DR/6b91e99c9408.png,val,0,No_DR
aptos:val/0_No_DR/6bcce181be65.png,aptos,6bcce181be65,6bcce181be65.png,A:\DR_classification\data\organized\aptos\val\0_No_DR\6bcce181be65.png,val/0_No_DR/6bcce181be65.png,val,0,No_DR
aptos:val/0_No_DR/6e092caa065f.png,aptos,6e092caa065f,6e092caa065f.png,A:\DR_classification\data\organized\aptos\val\0_No_DR\6e092caa065f.png,val/0_No_DR/6e092caa065f.png,val,0,No_DR
aptos:val/0_No_DR/6f0e5848d9ce.png,aptos,6f0e5848d9ce,6f0e5848d9ce.png,A:\DR_classification\data\organized\aptos\val\0_No_DR\6f0e5848d9ce.png,val/0_No_DR/6f0e5848d9ce.png,val,0,No_DR
aptos:val/0_No_DR/705f508d1e42.png,aptos,705f508d1e42,705f508d1e42.png,A:\DR_classification\data\organized\aptos\val\0_No_DR\705f508d1e42.png,val/0_No_DR/705f508d1e42.png,val,0,No_DR
aptos:val/0_No_DR/71c22da3d6c6.png,aptos,71c22da3d6c6,71c22da3d6c6.png,A:\DR_classification\data\organized\aptos\val\0_No_DR\71c22da3d6c6.png,val/0_No_DR/71c22da3d6c6.png,val,0,No_DR
aptos:val/0_No_DR/73ba798fee25.png,aptos,73ba798fee25,73ba798fee25.png,A:\DR_classification\data\organized\aptos\val\0_No_DR\73ba798fee25.png,val/0_No_DR/73ba798fee25.png,val,0,No_DR
aptos:val/0_No_DR/750e0168399d.png,aptos,750e0168399d,750e0168399d.png,A:\DR_classification\data\organized\aptos\val\0_No_DR\750e0168399d.png,val/0_No_DR/750e0168399d.png,val,0,No_DR
aptos:val/0_No_DR/75a4343b12f9.png,aptos,75a4343b12f9,75a4343b12f9.png,A:\DR_classification\data\organized\aptos\val\0_No_DR\75a4343b12f9.png,val/0_No_DR/75a4343b12f9.png,val,0,No_DR
aptos:val/0_No_DR/75ed83dbccce.png,aptos,75ed83dbccce,75ed83dbccce.png,A:\DR_classification\data\organized\aptos\val\0_No_DR\75ed83dbccce.png,val/0_No_DR/75ed83dbccce.png,val,0,No_DR
aptos:val/0_No_DR/76095c338728.png,aptos,76095c338728,76095c338728.png,A:\DR_classification\data\organized\aptos\val\0_No_DR\76095c338728.png,val/0_No_DR/76095c338728.png,val,0,No_DR
aptos:val/0_No_DR/76bc31e0d3be.png,aptos,76bc31e0d3be,76bc31e0d3be.png,A:\DR_classification\data\organized\aptos\val\0_No_DR\76bc31e0d3be.png,val/0_No_DR/76bc31e0d3be.png,val,0,No_DR
aptos:val/0_No_DR/780be525036d.png,aptos,780be525036d,780be525036d.png,A:\DR_classification\data\organized\aptos\val\0_No_DR\780be525036d.png,val/0_No_DR/780be525036d.png,val,0,No_DR
aptos:val/0_No_DR/789c60cba801.png,aptos,789c60cba801,789c60cba801.png,A:\DR_classification\data\organized\aptos\val\0_No_DR\789c60cba801.png,val/0_No_DR/789c60cba801.png,val,0,No_DR
aptos:val/0_No_DR/789f0ec1eab8.png,aptos,789f0ec1eab8,789f0ec1eab8.png,A:\DR_classification\data\organized\aptos\val\0_No_DR\789f0ec1eab8.png,val/0_No_DR/789f0ec1eab8.png,val,0,No_DR
aptos:val/0_No_DR/799214e8b07c.png,aptos,799214e8b07c,799214e8b07c.png,A:\DR_classification\data\organized\aptos\val\0_No_DR\799214e8b07c.png,val/0_No_DR/799214e8b07c.png,val,0,No_DR
aptos:val/0_No_DR/7a6495a39d87.png,aptos,7a6495a39d87,7a6495a39d87.png,A:\DR_classification\data\organized\aptos\val\0_No_DR\7a6495a39d87.png,val/0_No_DR/7a6495a39d87.png,val,0,No_DR
aptos:val/0_No_DR/7a77c3eb468c.png,aptos,7a77c3eb468c,7a77c3eb468c.png,A:\DR_classification\data\organized\aptos\val\0_No_DR\7a77c3eb468c.png,val/0_No_DR/7a77c3eb468c.png,val,0,No_DR
aptos:val/0_No_DR/7ba6b23c4b46.png,aptos,7ba6b23c4b46,7ba6b23c4b46.png,A:\DR_classification\data\organized\aptos\val\0_No_DR\7ba6b23c4b46.png,val/0_No_DR/7ba6b23c4b46.png,val,0,No_DR
aptos:val/0_No_DR/7c6594b50690.png,aptos,7c6594b50690,7c6594b50690.png,A:\DR_classification\data\organized\aptos\val\0_No_DR\7c6594b50690.png,val/0_No_DR/7c6594b50690.png,val,0,No_DR
aptos:val/0_No_DR/7d11dbc1e738.png,aptos,7d11dbc1e738,7d11dbc1e738.png,A:\DR_classification\data\organized\aptos\val\0_No_DR\7d11dbc1e738.png,val/0_No_DR/7d11dbc1e738.png,val,0,No_DR
aptos:val/0_No_DR/7d94a000c2d0.png,aptos,7d94a000c2d0,7d94a000c2d0.png,A:\DR_classification\data\organized\aptos\val\0_No_DR\7d94a000c2d0.png,val/0_No_DR/7d94a000c2d0.png,val,0,No_DR
aptos:val/0_No_DR/7ddcfcea7369.png,aptos,7ddcfcea7369,7ddcfcea7369.png,A:\DR_classification\data\organized\aptos\val\0_No_DR\7ddcfcea7369.png,val/0_No_DR/7ddcfcea7369.png,val,0,No_DR
aptos:val/0_No_DR/7f2cce721e19.png,aptos,7f2cce721e19,7f2cce721e19.png,A:\DR_classification\data\organized\aptos\val\0_No_DR\7f2cce721e19.png,val/0_No_DR/7f2cce721e19.png,val,0,No_DR
aptos:val/0_No_DR/7f6690fa390a.png,aptos,7f6690fa390a,7f6690fa390a.png,A:\DR_classification\data\organized\aptos\val\0_No_DR\7f6690fa390a.png,val/0_No_DR/7f6690fa390a.png,val,0,No_DR
aptos:val/0_No_DR/81371b0c01ad.png,aptos,81371b0c01ad,81371b0c01ad.png,A:\DR_classification\data\organized\aptos\val\0_No_DR\81371b0c01ad.png,val/0_No_DR/81371b0c01ad.png,val,0,No_DR
aptos:val/0_No_DR/8185ce1cdcef.png,aptos,8185ce1cdcef,8185ce1cdcef.png,A:\DR_classification\data\organized\aptos\val\0_No_DR\8185ce1cdcef.png,val/0_No_DR/8185ce1cdcef.png,val,0,No_DR
aptos:val/0_No_DR/83d81ba5959c.png,aptos,83d81ba5959c,83d81ba5959c.png,A:\DR_classification\data\organized\aptos\val\0_No_DR\83d81ba5959c.png,val/0_No_DR/83d81ba5959c.png,val,0,No_DR
aptos:val/0_No_DR/840a06a9c690.png,aptos,840a06a9c690,840a06a9c690.png,A:\DR_classification\data\organized\aptos\val\0_No_DR\840a06a9c690.png,val/0_No_DR/840a06a9c690.png,val,0,No_DR
aptos:val/0_No_DR/84b472c49cfa.png,aptos,84b472c49cfa,84b472c49cfa.png,A:\DR_classification\data\organized\aptos\val\0_No_DR\84b472c49cfa.png,val/0_No_DR/84b472c49cfa.png,val,0,No_DR
aptos:val/0_No_DR/87d46b1cc4e9.png,aptos,87d46b1cc4e9,87d46b1cc4e9.png,A:\DR_classification\data\organized\aptos\val\0_No_DR\87d46b1cc4e9.png,val/0_No_DR/87d46b1cc4e9.png,val,0,No_DR
aptos:val/0_No_DR/88e4399d207c.png,aptos,88e4399d207c,88e4399d207c.png,A:\DR_classification\data\organized\aptos\val\0_No_DR\88e4399d207c.png,val/0_No_DR/88e4399d207c.png,val,0,No_DR
aptos:val/0_No_DR/894a37fc3738.png,aptos,894a37fc3738,894a37fc3738.png,A:\DR_classification\data\organized\aptos\val\0_No_DR\894a37fc3738.png,val/0_No_DR/894a37fc3738.png,val,0,No_DR
aptos:val/0_No_DR/8a3eb86ae4bd.png,aptos,8a3eb86ae4bd,8a3eb86ae4bd.png,A:\DR_classification\data\organized\aptos\val\0_No_DR\8a3eb86ae4bd.png,val/0_No_DR/8a3eb86ae4bd.png,val,0,No_DR
aptos:val/0_No_DR/8a482c024fc2.png,aptos,8a482c024fc2,8a482c024fc2.png,A:\DR_classification\data\organized\aptos\val\0_No_DR\8a482c024fc2.png,val/0_No_DR/8a482c024fc2.png,val,0,No_DR
aptos:val/0_No_DR/8acdf12f412a.png,aptos,8acdf12f412a,8acdf12f412a.png,A:\DR_classification\data\organized\aptos\val\0_No_DR\8acdf12f412a.png,val/0_No_DR/8acdf12f412a.png,val,0,No_DR
aptos:val/0_No_DR/8c4ceddeb1c6.png,aptos,8c4ceddeb1c6,8c4ceddeb1c6.png,A:\DR_classification\data\organized\aptos\val\0_No_DR\8c4ceddeb1c6.png,val/0_No_DR/8c4ceddeb1c6.png,val,0,No_DR
aptos:val/0_No_DR/8dafa62f9322.png,aptos,8dafa62f9322,8dafa62f9322.png,A:\DR_classification\data\organized\aptos\val\0_No_DR\8dafa62f9322.png,val/0_No_DR/8dafa62f9322.png,val,0,No_DR
aptos:val/0_No_DR/8e76054f0831.png,aptos,8e76054f0831,8e76054f0831.png,A:\DR_classification\data\organized\aptos\val\0_No_DR\8e76054f0831.png,val/0_No_DR/8e76054f0831.png,val,0,No_DR
aptos:val/0_No_DR/8ead17dfb6a6.png,aptos,8ead17dfb6a6,8ead17dfb6a6.png,A:\DR_classification\data\organized\aptos\val\0_No_DR\8ead17dfb6a6.png,val/0_No_DR/8ead17dfb6a6.png,val,0,No_DR
aptos:val/0_No_DR/8f06ca4642bd.png,aptos,8f06ca4642bd,8f06ca4642bd.png,A:\DR_classification\data\organized\aptos\val\0_No_DR\8f06ca4642bd.png,val/0_No_DR/8f06ca4642bd.png,val,0,No_DR
aptos:val/0_No_DR/916915f01e17.png,aptos,916915f01e17,916915f01e17.png,A:\DR_classification\data\organized\aptos\val\0_No_DR\916915f01e17.png,val/0_No_DR/916915f01e17.png,val,0,No_DR
aptos:val/0_No_DR/91f3c4c1e72b.png,aptos,91f3c4c1e72b,91f3c4c1e72b.png,A:\DR_classification\data\organized\aptos\val\0_No_DR\91f3c4c1e72b.png,val/0_No_DR/91f3c4c1e72b.png,val,0,No_DR
aptos:val/0_No_DR/949710bead24.png,aptos,949710bead24,949710bead24.png,A:\DR_classification\data\organized\aptos\val\0_No_DR\949710bead24.png,val/0_No_DR/949710bead24.png,val,0,No_DR
aptos:val/0_No_DR/9688c6ef5dc5.png,aptos,9688c6ef5dc5,9688c6ef5dc5.png,A:\DR_classification\data\organized\aptos\val\0_No_DR\9688c6ef5dc5.png,val/0_No_DR/9688c6ef5dc5.png,val,0,No_DR
aptos:val/0_No_DR/969f92a390db.png,aptos,969f92a390db,969f92a390db.png,A:\DR_classification\data\organized\aptos\val\0_No_DR\969f92a390db.png,val/0_No_DR/969f92a390db.png,val,0,No_DR
aptos:val/0_No_DR/96ce10a1dbd7.png,aptos,96ce10a1dbd7,96ce10a1dbd7.png,A:\DR_classification\data\organized\aptos\val\0_No_DR\96ce10a1dbd7.png,val/0_No_DR/96ce10a1dbd7.png,val,0,No_DR
aptos:val/0_No_DR/9910c827e2fe.png,aptos,9910c827e2fe,9910c827e2fe.png,A:\DR_classification\data\organized\aptos\val\0_No_DR\9910c827e2fe.png,val/0_No_DR/9910c827e2fe.png,val,0,No_DR
aptos:val/0_No_DR/996f9bba4ef0.png,aptos,996f9bba4ef0,996f9bba4ef0.png,A:\DR_classification\data\organized\aptos\val\0_No_DR\996f9bba4ef0.png,val/0_No_DR/996f9bba4ef0.png,val,0,No_DR
aptos:val/0_No_DR/9985375d709f.png,aptos,9985375d709f,9985375d709f.png,A:\DR_classification\data\organized\aptos\val\0_No_DR\9985375d709f.png,val/0_No_DR/9985375d709f.png,val,0,No_DR
aptos:val/0_No_DR/999ad827ed35.png,aptos,999ad827ed35,999ad827ed35.png,A:\DR_classification\data\organized\aptos\val\0_No_DR\999ad827ed35.png,val/0_No_DR/999ad827ed35.png,val,0,No_DR
aptos:val/0_No_DR/9a1029536d78.png,aptos,9a1029536d78,9a1029536d78.png,A:\DR_classification\data\organized\aptos\val\0_No_DR\9a1029536d78.png,val/0_No_DR/9a1029536d78.png,val,0,No_DR
aptos:val/0_No_DR/9ab18a4a957f.png,aptos,9ab18a4a957f,9ab18a4a957f.png,A:\DR_classification\data\organized\aptos\val\0_No_DR\9ab18a4a957f.png,val/0_No_DR/9ab18a4a957f.png,val,0,No_DR
aptos:val/0_No_DR/9be0683649ff.png,aptos,9be0683649ff,9be0683649ff.png,A:\DR_classification\data\organized\aptos\val\0_No_DR\9be0683649ff.png,val/0_No_DR/9be0683649ff.png,val,0,No_DR
aptos:val/0_No_DR/9be71d6d7e59.png,aptos,9be71d6d7e59,9be71d6d7e59.png,A:\DR_classification\data\organized\aptos\val\0_No_DR\9be71d6d7e59.png,val/0_No_DR/9be71d6d7e59.png,val,0,No_DR
aptos:val/0_No_DR/a02dfd67a925.png,aptos,a02dfd67a925,a02dfd67a925.png,A:\DR_classification\data\organized\aptos\val\0_No_DR\a02dfd67a925.png,val/0_No_DR/a02dfd67a925.png,val,0,No_DR
aptos:val/0_No_DR/a06a63d866b2.png,aptos,a06a63d866b2,a06a63d866b2.png,A:\DR_classification\data\organized\aptos\val\0_No_DR\a06a63d866b2.png,val/0_No_DR/a06a63d866b2.png,val,0,No_DR
aptos:val/0_No_DR/a06b353e7bed.png,aptos,a06b353e7bed,a06b353e7bed.png,A:\DR_classification\data\organized\aptos\val\0_No_DR\a06b353e7bed.png,val/0_No_DR/a06b353e7bed.png,val,0,No_DR
aptos:val/0_No_DR/a07d571bf7ba.png,aptos,a07d571bf7ba,a07d571bf7ba.png,A:\DR_classification\data\organized\aptos\val\0_No_DR\a07d571bf7ba.png,val/0_No_DR/a07d571bf7ba.png,val,0,No_DR
aptos:val/0_No_DR/a0adbe677508.png,aptos,a0adbe677508,a0adbe677508.png,A:\DR_classification\data\organized\aptos\val\0_No_DR\a0adbe677508.png,val/0_No_DR/a0adbe677508.png,val,0,No_DR
aptos:val/0_No_DR/a0b7ad98df57.png,aptos,a0b7ad98df57,a0b7ad98df57.png,A:\DR_classification\data\organized\aptos\val\0_No_DR\a0b7ad98df57.png,val/0_No_DR/a0b7ad98df57.png,val,0,No_DR
aptos:val/0_No_DR/a247961a5cd9.png,aptos,a247961a5cd9,a247961a5cd9.png,A:\DR_classification\data\organized\aptos\val\0_No_DR\a247961a5cd9.png,val/0_No_DR/a247961a5cd9.png,val,0,No_DR
aptos:val/0_No_DR/a26f50218b84.png,aptos,a26f50218b84,a26f50218b84.png,A:\DR_classification\data\organized\aptos\val\0_No_DR\a26f50218b84.png,val/0_No_DR/a26f50218b84.png,val,0,No_DR
aptos:val/0_No_DR/a30a143a53a3.png,aptos,a30a143a53a3,a30a143a53a3.png,A:\DR_classification\data\organized\aptos\val\0_No_DR\a30a143a53a3.png,val/0_No_DR/a30a143a53a3.png,val,0,No_DR
aptos:val/0_No_DR/a3bd2e034614.png,aptos,a3bd2e034614,a3bd2e034614.png,A:\DR_classification\data\organized\aptos\val\0_No_DR\a3bd2e034614.png,val/0_No_DR/a3bd2e034614.png,val,0,No_DR
aptos:val/0_No_DR/a484bdf85b4c.png,aptos,a484bdf85b4c,a484bdf85b4c.png,A:\DR_classification\data\organized\aptos\val\0_No_DR\a484bdf85b4c.png,val/0_No_DR/a484bdf85b4c.png,val,0,No_DR
aptos:val/0_No_DR/a4ee03ecff60.png,aptos,a4ee03ecff60,a4ee03ecff60.png,A:\DR_classification\data\organized\aptos\val\0_No_DR\a4ee03ecff60.png,val/0_No_DR/a4ee03ecff60.png,val,0,No_DR
aptos:val/0_No_DR/a627eb8c08c5.png,aptos,a627eb8c08c5,a627eb8c08c5.png,A:\DR_classification\data\organized\aptos\val\0_No_DR\a627eb8c08c5.png,val/0_No_DR/a627eb8c08c5.png,val,0,No_DR
aptos:val/0_No_DR/a8b3c0961d42.png,aptos,a8b3c0961d42,a8b3c0961d42.png,A:\DR_classification\data\organized\aptos\val\0_No_DR\a8b3c0961d42.png,val/0_No_DR/a8b3c0961d42.png,val,0,No_DR
aptos:val/0_No_DR/aa10a4b2e709.png,aptos,aa10a4b2e709,aa10a4b2e709.png,A:\DR_classification\data\organized\aptos\val\0_No_DR\aa10a4b2e709.png,val/0_No_DR/aa10a4b2e709.png,val,0,No_DR
aptos:val/0_No_DR/aa4407aab872.png,aptos,aa4407aab872,aa4407aab872.png,A:\DR_classification\data\organized\aptos\val\0_No_DR\aa4407aab872.png,val/0_No_DR/aa4407aab872.png,val,0,No_DR
aptos:val/0_No_DR/ab3c505b624f.png,aptos,ab3c505b624f,ab3c505b624f.png,A:\DR_classification\data\organized\aptos\val\0_No_DR\ab3c505b624f.png,val/0_No_DR/ab3c505b624f.png,val,0,No_DR
aptos:val/0_No_DR/ab686895533e.png,aptos,ab686895533e,ab686895533e.png,A:\DR_classification\data\organized\aptos\val\0_No_DR\ab686895533e.png,val/0_No_DR/ab686895533e.png,val,0,No_DR
aptos:val/0_No_DR/ad12cde115ab.png,aptos,ad12cde115ab,ad12cde115ab.png,A:\DR_classification\data\organized\aptos\val\0_No_DR\ad12cde115ab.png,val/0_No_DR/ad12cde115ab.png,val,0,No_DR
aptos:val/0_No_DR/ae5d31979f19.png,aptos,ae5d31979f19,ae5d31979f19.png,A:\DR_classification\data\organized\aptos\val\0_No_DR\ae5d31979f19.png,val/0_No_DR/ae5d31979f19.png,val,0,No_DR
aptos:val/0_No_DR/ae975c43bd8b.png,aptos,ae975c43bd8b,ae975c43bd8b.png,A:\DR_classification\data\organized\aptos\val\0_No_DR\ae975c43bd8b.png,val/0_No_DR/ae975c43bd8b.png,val,0,No_DR
aptos:val/0_No_DR/aeb6f4fd2eed.png,aptos,aeb6f4fd2eed,aeb6f4fd2eed.png,A:\DR_classification\data\organized\aptos\val\0_No_DR\aeb6f4fd2eed.png,val/0_No_DR/aeb6f4fd2eed.png,val,0,No_DR
aptos:val/0_No_DR/b0619ca93a5f.png,aptos,b0619ca93a5f,b0619ca93a5f.png,A:\DR_classification\data\organized\aptos\val\0_No_DR\b0619ca93a5f.png,val/0_No_DR/b0619ca93a5f.png,val,0,No_DR
aptos:val/0_No_DR/b085caa513a8.png,aptos,b085caa513a8,b085caa513a8.png,A:\DR_classification\data\organized\aptos\val\0_No_DR\b085caa513a8.png,val/0_No_DR/b085caa513a8.png,val,0,No_DR
aptos:val/0_No_DR/b351ae99413a.png,aptos,b351ae99413a,b351ae99413a.png,A:\DR_classification\data\organized\aptos\val\0_No_DR\b351ae99413a.png,val/0_No_DR/b351ae99413a.png,val,0,No_DR
aptos:val/0_No_DR/b35cad8fe2d7.png,aptos,b35cad8fe2d7,b35cad8fe2d7.png,A:\DR_classification\data\organized\aptos\val\0_No_DR\b35cad8fe2d7.png,val/0_No_DR/b35cad8fe2d7.png,val,0,No_DR
aptos:val/0_No_DR/b460ca9fa26f.png,aptos,b460ca9fa26f,b460ca9fa26f.png,A:\DR_classification\data\organized\aptos\val\0_No_DR\b460ca9fa26f.png,val/0_No_DR/b460ca9fa26f.png,val,0,No_DR
aptos:val/0_No_DR/b4b04d81acbb.png,aptos,b4b04d81acbb,b4b04d81acbb.png,A:\DR_classification\data\organized\aptos\val\0_No_DR\b4b04d81acbb.png,val/0_No_DR/b4b04d81acbb.png,val,0,No_DR
aptos:val/0_No_DR/b6d9974443ce.png,aptos,b6d9974443ce,b6d9974443ce.png,A:\DR_classification\data\organized\aptos\val\0_No_DR\b6d9974443ce.png,val/0_No_DR/b6d9974443ce.png,val,0,No_DR
aptos:val/0_No_DR/b72a86d61959.png,aptos,b72a86d61959,b72a86d61959.png,A:\DR_classification\data\organized\aptos\val\0_No_DR\b72a86d61959.png,val/0_No_DR/b72a86d61959.png,val,0,No_DR
aptos:val/0_No_DR/b72f59b85f7c.png,aptos,b72f59b85f7c,b72f59b85f7c.png,A:\DR_classification\data\organized\aptos\val\0_No_DR\b72f59b85f7c.png,val/0_No_DR/b72f59b85f7c.png,val,0,No_DR
aptos:val/0_No_DR/b7aca95b97b9.png,aptos,b7aca95b97b9,b7aca95b97b9.png,A:\DR_classification\data\organized\aptos\val\0_No_DR\b7aca95b97b9.png,val/0_No_DR/b7aca95b97b9.png,val,0,No_DR
aptos:val/0_No_DR/b7ce561a7328.png,aptos,b7ce561a7328,b7ce561a7328.png,A:\DR_classification\data\organized\aptos\val\0_No_DR\b7ce561a7328.png,val/0_No_DR/b7ce561a7328.png,val,0,No_DR
aptos:val/0_No_DR/b7f0bc7d399e.png,aptos,b7f0bc7d399e,b7f0bc7d399e.png,A:\DR_classification\data\organized\aptos\val\0_No_DR\b7f0bc7d399e.png,val/0_No_DR/b7f0bc7d399e.png,val,0,No_DR
aptos:val/0_No_DR/b86fb2d5be1a.png,aptos,b86fb2d5be1a,b86fb2d5be1a.png,A:\DR_classification\data\organized\aptos\val\0_No_DR\b86fb2d5be1a.png,val/0_No_DR/b86fb2d5be1a.png,val,0,No_DR
aptos:val/0_No_DR/ba2ea9182090.png,aptos,ba2ea9182090,ba2ea9182090.png,A:\DR_classification\data\organized\aptos\val\0_No_DR\ba2ea9182090.png,val/0_No_DR/ba2ea9182090.png,val,0,No_DR
aptos:val/0_No_DR/ba4e62c11cc0.png,aptos,ba4e62c11cc0,ba4e62c11cc0.png,A:\DR_classification\data\organized\aptos\val\0_No_DR\ba4e62c11cc0.png,val/0_No_DR/ba4e62c11cc0.png,val,0,No_DR
aptos:val/0_No_DR/baaca2f7e1f0.png,aptos,baaca2f7e1f0,baaca2f7e1f0.png,A:\DR_classification\data\organized\aptos\val\0_No_DR\baaca2f7e1f0.png,val/0_No_DR/baaca2f7e1f0.png,val,0,No_DR
aptos:val/0_No_DR/bac1744955c2.png,aptos,bac1744955c2,bac1744955c2.png,A:\DR_classification\data\organized\aptos\val\0_No_DR\bac1744955c2.png,val/0_No_DR/bac1744955c2.png,val,0,No_DR
aptos:val/0_No_DR/bb85097857fa.png,aptos,bb85097857fa,bb85097857fa.png,A:\DR_classification\data\organized\aptos\val\0_No_DR\bb85097857fa.png,val/0_No_DR/bb85097857fa.png,val,0,No_DR
aptos:val/0_No_DR/bc34f52c37c7.png,aptos,bc34f52c37c7,bc34f52c37c7.png,A:\DR_classification\data\organized\aptos\val\0_No_DR\bc34f52c37c7.png,val/0_No_DR/bc34f52c37c7.png,val,0,No_DR
aptos:val/0_No_DR/bc7bf19b84e3.png,aptos,bc7bf19b84e3,bc7bf19b84e3.png,A:\DR_classification\data\organized\aptos\val\0_No_DR\bc7bf19b84e3.png,val/0_No_DR/bc7bf19b84e3.png,val,0,No_DR
aptos:val/0_No_DR/bcb0498ed2c1.png,aptos,bcb0498ed2c1,bcb0498ed2c1.png,A:\DR_classification\data\organized\aptos\val\0_No_DR\bcb0498ed2c1.png,val/0_No_DR/bcb0498ed2c1.png,val,0,No_DR
aptos:val/0_No_DR/bda91b76095b.png,aptos,bda91b76095b,bda91b76095b.png,A:\DR_classification\data\organized\aptos\val\0_No_DR\bda91b76095b.png,val/0_No_DR/bda91b76095b.png,val,0,No_DR
aptos:val/0_No_DR/bed8296c8dfe.png,aptos,bed8296c8dfe,bed8296c8dfe.png,A:\DR_classification\data\organized\aptos\val\0_No_DR\bed8296c8dfe.png,val/0_No_DR/bed8296c8dfe.png,val,0,No_DR
aptos:val/0_No_DR/bf7221a016b5.png,aptos,bf7221a016b5,bf7221a016b5.png,A:\DR_classification\data\organized\aptos\val\0_No_DR\bf7221a016b5.png,val/0_No_DR/bf7221a016b5.png,val,0,No_DR
aptos:val/0_No_DR/c013e869acce.png,aptos,c013e869acce,c013e869acce.png,A:\DR_classification\data\organized\aptos\val\0_No_DR\c013e869acce.png,val/0_No_DR/c013e869acce.png,val,0,No_DR
aptos:val/0_No_DR/c096131ad065.png,aptos,c096131ad065,c096131ad065.png,A:\DR_classification\data\organized\aptos\val\0_No_DR\c096131ad065.png,val/0_No_DR/c096131ad065.png,val,0,No_DR
aptos:val/0_No_DR/c0a117de7d0a.png,aptos,c0a117de7d0a,c0a117de7d0a.png,A:\DR_classification\data\organized\aptos\val\0_No_DR\c0a117de7d0a.png,val/0_No_DR/c0a117de7d0a.png,val,0,No_DR
aptos:val/0_No_DR/c26f98f58350.png,aptos,c26f98f58350,c26f98f58350.png,A:\DR_classification\data\organized\aptos\val\0_No_DR\c26f98f58350.png,val/0_No_DR/c26f98f58350.png,val,0,No_DR
aptos:val/0_No_DR/c334f8688b77.png,aptos,c334f8688b77,c334f8688b77.png,A:\DR_classification\data\organized\aptos\val\0_No_DR\c334f8688b77.png,val/0_No_DR/c334f8688b77.png,val,0,No_DR
aptos:val/0_No_DR/c81c6911f5e0.png,aptos,c81c6911f5e0,c81c6911f5e0.png,A:\DR_classification\data\organized\aptos\val\0_No_DR\c81c6911f5e0.png,val/0_No_DR/c81c6911f5e0.png,val,0,No_DR
aptos:val/0_No_DR/c98f623d08d1.png,aptos,c98f623d08d1,c98f623d08d1.png,A:\DR_classification\data\organized\aptos\val\0_No_DR\c98f623d08d1.png,val/0_No_DR/c98f623d08d1.png,val,0,No_DR
aptos:val/0_No_DR/cd1c98ec48b1.png,aptos,cd1c98ec48b1,cd1c98ec48b1.png,A:\DR_classification\data\organized\aptos\val\0_No_DR\cd1c98ec48b1.png,val/0_No_DR/cd1c98ec48b1.png,val,0,No_DR
aptos:val/0_No_DR/cd314653a4d8.png,aptos,cd314653a4d8,cd314653a4d8.png,A:\DR_classification\data\organized\aptos\val\0_No_DR\cd314653a4d8.png,val/0_No_DR/cd314653a4d8.png,val,0,No_DR
aptos:val/0_No_DR/cd48cfab4e44.png,aptos,cd48cfab4e44,cd48cfab4e44.png,A:\DR_classification\data\organized\aptos\val\0_No_DR\cd48cfab4e44.png,val/0_No_DR/cd48cfab4e44.png,val,0,No_DR
aptos:val/0_No_DR/cd8da43e3069.png,aptos,cd8da43e3069,cd8da43e3069.png,A:\DR_classification\data\organized\aptos\val\0_No_DR\cd8da43e3069.png,val/0_No_DR/cd8da43e3069.png,val,0,No_DR
aptos:val/0_No_DR/ce6f33a81ad5.png,aptos,ce6f33a81ad5,ce6f33a81ad5.png,A:\DR_classification\data\organized\aptos\val\0_No_DR\ce6f33a81ad5.png,val/0_No_DR/ce6f33a81ad5.png,val,0,No_DR
aptos:val/0_No_DR/cf6551521a35.png,aptos,cf6551521a35,cf6551521a35.png,A:\DR_classification\data\organized\aptos\val\0_No_DR\cf6551521a35.png,val/0_No_DR/cf6551521a35.png,val,0,No_DR
aptos:val/0_No_DR/d1b279cc02ae.png,aptos,d1b279cc02ae,d1b279cc02ae.png,A:\DR_classification\data\organized\aptos\val\0_No_DR\d1b279cc02ae.png,val/0_No_DR/d1b279cc02ae.png,val,0,No_DR
aptos:val/0_No_DR/d1ca85af57c9.png,aptos,d1ca85af57c9,d1ca85af57c9.png,A:\DR_classification\data\organized\aptos\val\0_No_DR\d1ca85af57c9.png,val/0_No_DR/d1ca85af57c9.png,val,0,No_DR
aptos:val/0_No_DR/d2afca74cbc3.png,aptos,d2afca74cbc3,d2afca74cbc3.png,A:\DR_classification\data\organized\aptos\val\0_No_DR\d2afca74cbc3.png,val/0_No_DR/d2afca74cbc3.png,val,0,No_DR
aptos:val/0_No_DR/d2c5fb82fe5f.png,aptos,d2c5fb82fe5f,d2c5fb82fe5f.png,A:\DR_classification\data\organized\aptos\val\0_No_DR\d2c5fb82fe5f.png,val/0_No_DR/d2c5fb82fe5f.png,val,0,No_DR
aptos:val/0_No_DR/d38cf0f4a9af.png,aptos,d38cf0f4a9af,d38cf0f4a9af.png,A:\DR_classification\data\organized\aptos\val\0_No_DR\d38cf0f4a9af.png,val/0_No_DR/d38cf0f4a9af.png,val,0,No_DR
aptos:val/0_No_DR/d3e56584a481.png,aptos,d3e56584a481,d3e56584a481.png,A:\DR_classification\data\organized\aptos\val\0_No_DR\d3e56584a481.png,val/0_No_DR/d3e56584a481.png,val,0,No_DR
aptos:val/0_No_DR/d436c06f0490.png,aptos,d436c06f0490,d436c06f0490.png,A:\DR_classification\data\organized\aptos\val\0_No_DR\d436c06f0490.png,val/0_No_DR/d436c06f0490.png,val,0,No_DR
aptos:val/0_No_DR/d4583e9525dc.png,aptos,d4583e9525dc,d4583e9525dc.png,A:\DR_classification\data\organized\aptos\val\0_No_DR\d4583e9525dc.png,val/0_No_DR/d4583e9525dc.png,val,0,No_DR
aptos:val/0_No_DR/d516f77d4516.png,aptos,d516f77d4516,d516f77d4516.png,A:\DR_classification\data\organized\aptos\val\0_No_DR\d516f77d4516.png,val/0_No_DR/d516f77d4516.png,val,0,No_DR
aptos:val/0_No_DR/d56d32a1d62d.png,aptos,d56d32a1d62d,d56d32a1d62d.png,A:\DR_classification\data\organized\aptos\val\0_No_DR\d56d32a1d62d.png,val/0_No_DR/d56d32a1d62d.png,val,0,No_DR
aptos:val/0_No_DR/d5c63a8d9e94.png,aptos,d5c63a8d9e94,d5c63a8d9e94.png,A:\DR_classification\data\organized\aptos\val\0_No_DR\d5c63a8d9e94.png,val/0_No_DR/d5c63a8d9e94.png,val,0,No_DR
aptos:val/0_No_DR/d6df4fe492ec.png,aptos,d6df4fe492ec,d6df4fe492ec.png,A:\DR_classification\data\organized\aptos\val\0_No_DR\d6df4fe492ec.png,val/0_No_DR/d6df4fe492ec.png,val,0,No_DR
aptos:val/0_No_DR/d7078e8b0349.png,aptos,d7078e8b0349,d7078e8b0349.png,A:\DR_classification\data\organized\aptos\val\0_No_DR\d7078e8b0349.png,val/0_No_DR/d7078e8b0349.png,val,0,No_DR
aptos:val/0_No_DR/d74ccc796517.png,aptos,d74ccc796517,d74ccc796517.png,A:\DR_classification\data\organized\aptos\val\0_No_DR\d74ccc796517.png,val/0_No_DR/d74ccc796517.png,val,0,No_DR
aptos:val/0_No_DR/d774692d9919.png,aptos,d774692d9919,d774692d9919.png,A:\DR_classification\data\organized\aptos\val\0_No_DR\d774692d9919.png,val/0_No_DR/d774692d9919.png,val,0,No_DR
aptos:val/0_No_DR/d7ab5c040294.png,aptos,d7ab5c040294,d7ab5c040294.png,A:\DR_classification\data\organized\aptos\val\0_No_DR\d7ab5c040294.png,val/0_No_DR/d7ab5c040294.png,val,0,No_DR
aptos:val/0_No_DR/d7ac4a0c9760.png,aptos,d7ac4a0c9760,d7ac4a0c9760.png,A:\DR_classification\data\organized\aptos\val\0_No_DR\d7ac4a0c9760.png,val/0_No_DR/d7ac4a0c9760.png,val,0,No_DR
aptos:val/0_No_DR/d9c9b9786da3.png,aptos,d9c9b9786da3,d9c9b9786da3.png,A:\DR_classification\data\organized\aptos\val\0_No_DR\d9c9b9786da3.png,val/0_No_DR/d9c9b9786da3.png,val,0,No_DR
aptos:val/0_No_DR/da6389d129aa.png,aptos,da6389d129aa,da6389d129aa.png,A:\DR_classification\data\organized\aptos\val\0_No_DR\da6389d129aa.png,val/0_No_DR/da6389d129aa.png,val,0,No_DR
aptos:val/0_No_DR/dd90c321d7bc.png,aptos,dd90c321d7bc,dd90c321d7bc.png,A:\DR_classification\data\organized\aptos\val\0_No_DR\dd90c321d7bc.png,val/0_No_DR/dd90c321d7bc.png,val,0,No_DR
aptos:val/0_No_DR/de730033c683.png,aptos,de730033c683,de730033c683.png,A:\DR_classification\data\organized\aptos\val\0_No_DR\de730033c683.png,val/0_No_DR/de730033c683.png,val,0,No_DR
aptos:val/0_No_DR/dec5595e6154.png,aptos,dec5595e6154,dec5595e6154.png,A:\DR_classification\data\organized\aptos\val\0_No_DR\dec5595e6154.png,val/0_No_DR/dec5595e6154.png,val,0,No_DR
aptos:val/0_No_DR/e06cccc08c59.png,aptos,e06cccc08c59,e06cccc08c59.png,A:\DR_classification\data\organized\aptos\val\0_No_DR\e06cccc08c59.png,val/0_No_DR/e06cccc08c59.png,val,0,No_DR
aptos:val/0_No_DR/e2265c383348.png,aptos,e2265c383348,e2265c383348.png,A:\DR_classification\data\organized\aptos\val\0_No_DR\e2265c383348.png,val/0_No_DR/e2265c383348.png,val,0,No_DR
aptos:val/0_No_DR/e26bcae6c67b.png,aptos,e26bcae6c67b,e26bcae6c67b.png,A:\DR_classification\data\organized\aptos\val\0_No_DR\e26bcae6c67b.png,val/0_No_DR/e26bcae6c67b.png,val,0,No_DR
aptos:val/0_No_DR/e42d9a94a66d.png,aptos,e42d9a94a66d,e42d9a94a66d.png,A:\DR_classification\data\organized\aptos\val\0_No_DR\e42d9a94a66d.png,val/0_No_DR/e42d9a94a66d.png,val,0,No_DR
aptos:val/0_No_DR/e4a44f9158dc.png,aptos,e4a44f9158dc,e4a44f9158dc.png,A:\DR_classification\data\organized\aptos\val\0_No_DR\e4a44f9158dc.png,val/0_No_DR/e4a44f9158dc.png,val,0,No_DR
aptos:val/0_No_DR/e59c5f345bb0.png,aptos,e59c5f345bb0,e59c5f345bb0.png,A:\DR_classification\data\organized\aptos\val\0_No_DR\e59c5f345bb0.png,val/0_No_DR/e59c5f345bb0.png,val,0,No_DR
aptos:val/0_No_DR/e69b48516577.png,aptos,e69b48516577,e69b48516577.png,A:\DR_classification\data\organized\aptos\val\0_No_DR\e69b48516577.png,val/0_No_DR/e69b48516577.png,val,0,No_DR
aptos:val/0_No_DR/e7b5dd5bab1f.png,aptos,e7b5dd5bab1f,e7b5dd5bab1f.png,A:\DR_classification\data\organized\aptos\val\0_No_DR\e7b5dd5bab1f.png,val/0_No_DR/e7b5dd5bab1f.png,val,0,No_DR
aptos:val/0_No_DR/e893e86dde94.png,aptos,e893e86dde94,e893e86dde94.png,A:\DR_classification\data\organized\aptos\val\0_No_DR\e893e86dde94.png,val/0_No_DR/e893e86dde94.png,val,0,No_DR
aptos:val/0_No_DR/e933923aab15.png,aptos,e933923aab15,e933923aab15.png,A:\DR_classification\data\organized\aptos\val\0_No_DR\e933923aab15.png,val/0_No_DR/e933923aab15.png,val,0,No_DR
aptos:val/0_No_DR/ea4ce9516144.png,aptos,ea4ce9516144,ea4ce9516144.png,A:\DR_classification\data\organized\aptos\val\0_No_DR\ea4ce9516144.png,val/0_No_DR/ea4ce9516144.png,val,0,No_DR
aptos:val/0_No_DR/ea68b58a6e8f.png,aptos,ea68b58a6e8f,ea68b58a6e8f.png,A:\DR_classification\data\organized\aptos\val\0_No_DR\ea68b58a6e8f.png,val/0_No_DR/ea68b58a6e8f.png,val,0,No_DR
aptos:val/0_No_DR/eae70f527755.png,aptos,eae70f527755,eae70f527755.png,A:\DR_classification\data\organized\aptos\val\0_No_DR\eae70f527755.png,val/0_No_DR/eae70f527755.png,val,0,No_DR
aptos:val/0_No_DR/eb6b1f1c09db.png,aptos,eb6b1f1c09db,eb6b1f1c09db.png,A:\DR_classification\data\organized\aptos\val\0_No_DR\eb6b1f1c09db.png,val/0_No_DR/eb6b1f1c09db.png,val,0,No_DR
aptos:val/0_No_DR/ebd96d853918.png,aptos,ebd96d853918,ebd96d853918.png,A:\DR_classification\data\organized\aptos\val\0_No_DR\ebd96d853918.png,val/0_No_DR/ebd96d853918.png,val,0,No_DR
aptos:val/0_No_DR/ebf4b22240f4.png,aptos,ebf4b22240f4,ebf4b22240f4.png,A:\DR_classification\data\organized\aptos\val\0_No_DR\ebf4b22240f4.png,val/0_No_DR/ebf4b22240f4.png,val,0,No_DR
aptos:val/0_No_DR/ec01f0862669.png,aptos,ec01f0862669,ec01f0862669.png,A:\DR_classification\data\organized\aptos\val\0_No_DR\ec01f0862669.png,val/0_No_DR/ec01f0862669.png,val,0,No_DR
aptos:val/0_No_DR/ed3ce1674761.png,aptos,ed3ce1674761,ed3ce1674761.png,A:\DR_classification\data\organized\aptos\val\0_No_DR\ed3ce1674761.png,val/0_No_DR/ed3ce1674761.png,val,0,No_DR
aptos:val/0_No_DR/ed6bd9293a89.png,aptos,ed6bd9293a89,ed6bd9293a89.png,A:\DR_classification\data\organized\aptos\val\0_No_DR\ed6bd9293a89.png,val/0_No_DR/ed6bd9293a89.png,val,0,No_DR
aptos:val/0_No_DR/ee36ca728641.png,aptos,ee36ca728641,ee36ca728641.png,A:\DR_classification\data\organized\aptos\val\0_No_DR\ee36ca728641.png,val/0_No_DR/ee36ca728641.png,val,0,No_DR
aptos:val/0_No_DR/ef4121e9bb67.png,aptos,ef4121e9bb67,ef4121e9bb67.png,A:\DR_classification\data\organized\aptos\val\0_No_DR\ef4121e9bb67.png,val/0_No_DR/ef4121e9bb67.png,val,0,No_DR
aptos:val/0_No_DR/f02babb3a023.png,aptos,f02babb3a023,f02babb3a023.png,A:\DR_classification\data\organized\aptos\val\0_No_DR\f02babb3a023.png,val/0_No_DR/f02babb3a023.png,val,0,No_DR
aptos:val/0_No_DR/f233638e0e90.png,aptos,f233638e0e90,f233638e0e90.png,A:\DR_classification\data\organized\aptos\val\0_No_DR\f233638e0e90.png,val/0_No_DR/f233638e0e90.png,val,0,No_DR
aptos:val/0_No_DR/f361060eda3e.png,aptos,f361060eda3e,f361060eda3e.png,A:\DR_classification\data\organized\aptos\val\0_No_DR\f361060eda3e.png,val/0_No_DR/f361060eda3e.png,val,0,No_DR
aptos:val/0_No_DR/f4df3d86688d.png,aptos,f4df3d86688d,f4df3d86688d.png,A:\DR_classification\data\organized\aptos\val\0_No_DR\f4df3d86688d.png,val/0_No_DR/f4df3d86688d.png,val,0,No_DR
aptos:val/0_No_DR/f56ff0440ed1.png,aptos,f56ff0440ed1,f56ff0440ed1.png,A:\DR_classification\data\organized\aptos\val\0_No_DR\f56ff0440ed1.png,val/0_No_DR/f56ff0440ed1.png,val,0,No_DR
aptos:val/0_No_DR/f58f0b2fd718.png,aptos,f58f0b2fd718,f58f0b2fd718.png,A:\DR_classification\data\organized\aptos\val\0_No_DR\f58f0b2fd718.png,val/0_No_DR/f58f0b2fd718.png,val,0,No_DR
aptos:val/0_No_DR/f8d62557ad0c.png,aptos,f8d62557ad0c,f8d62557ad0c.png,A:\DR_classification\data\organized\aptos\val\0_No_DR\f8d62557ad0c.png,val/0_No_DR/f8d62557ad0c.png,val,0,No_DR
aptos:val/0_No_DR/fa0c87bd75ce.png,aptos,fa0c87bd75ce,fa0c87bd75ce.png,A:\DR_classification\data\organized\aptos\val\0_No_DR\fa0c87bd75ce.png,val/0_No_DR/fa0c87bd75ce.png,val,0,No_DR
aptos:val/0_No_DR/fa6f3d8bb1d5.png,aptos,fa6f3d8bb1d5,fa6f3d8bb1d5.png,A:\DR_classification\data\organized\aptos\val\0_No_DR\fa6f3d8bb1d5.png,val/0_No_DR/fa6f3d8bb1d5.png,val,0,No_DR
aptos:val/0_No_DR/fa9f1bc03f21.png,aptos,fa9f1bc03f21,fa9f1bc03f21.png,A:\DR_classification\data\organized\aptos\val\0_No_DR\fa9f1bc03f21.png,val/0_No_DR/fa9f1bc03f21.png,val,0,No_DR
aptos:val/0_No_DR/fc782722a50c.png,aptos,fc782722a50c,fc782722a50c.png,A:\DR_classification\data\organized\aptos\val\0_No_DR\fc782722a50c.png,val/0_No_DR/fc782722a50c.png,val,0,No_DR
aptos:val/0_No_DR/fe3b0e50be78.png,aptos,fe3b0e50be78,fe3b0e50be78.png,A:\DR_classification\data\organized\aptos\val\0_No_DR\fe3b0e50be78.png,val/0_No_DR/fe3b0e50be78.png,val,0,No_DR
aptos:val/1_Mild/03e25101e8e8.png,aptos,03e25101e8e8,03e25101e8e8.png,A:\DR_classification\data\organized\aptos\val\1_Mild\03e25101e8e8.png,val/1_Mild/03e25101e8e8.png,val,1,Mild
aptos:val/1_Mild/05a5183c92d0.png,aptos,05a5183c92d0,05a5183c92d0.png,A:\DR_classification\data\organized\aptos\val\1_Mild\05a5183c92d0.png,val/1_Mild/05a5183c92d0.png,val,1,Mild
aptos:val/1_Mild/09935d72892b.png,aptos,09935d72892b,09935d72892b.png,A:\DR_classification\data\organized\aptos\val\1_Mild\09935d72892b.png,val/1_Mild/09935d72892b.png,val,1,Mild
aptos:val/1_Mild/0a61bddab956.png,aptos,0a61bddab956,0a61bddab956.png,A:\DR_classification\data\organized\aptos\val\1_Mild\0a61bddab956.png,val/1_Mild/0a61bddab956.png,val,1,Mild
aptos:val/1_Mild/0fb1053285cf.png,aptos,0fb1053285cf,0fb1053285cf.png,A:\DR_classification\data\organized\aptos\val\1_Mild\0fb1053285cf.png,val/1_Mild/0fb1053285cf.png,val,1,Mild
aptos:val/1_Mild/111898ab463d.png,aptos,111898ab463d,111898ab463d.png,A:\DR_classification\data\organized\aptos\val\1_Mild\111898ab463d.png,val/1_Mild/111898ab463d.png,val,1,Mild
aptos:val/1_Mild/172df1330a60.png,aptos,172df1330a60,172df1330a60.png,A:\DR_classification\data\organized\aptos\val\1_Mild\172df1330a60.png,val/1_Mild/172df1330a60.png,val,1,Mild
aptos:val/1_Mild/18b06f56ab27.png,aptos,18b06f56ab27,18b06f56ab27.png,A:\DR_classification\data\organized\aptos\val\1_Mild\18b06f56ab27.png,val/1_Mild/18b06f56ab27.png,val,1,Mild
aptos:val/1_Mild/1a03a7970337.png,aptos,1a03a7970337,1a03a7970337.png,A:\DR_classification\data\organized\aptos\val\1_Mild\1a03a7970337.png,val/1_Mild/1a03a7970337.png,val,1,Mild
aptos:val/1_Mild/1c0cf251b426.png,aptos,1c0cf251b426,1c0cf251b426.png,A:\DR_classification\data\organized\aptos\val\1_Mild\1c0cf251b426.png,val/1_Mild/1c0cf251b426.png,val,1,Mild
aptos:val/1_Mild/1e8a1fdee5b9.png,aptos,1e8a1fdee5b9,1e8a1fdee5b9.png,A:\DR_classification\data\organized\aptos\val\1_Mild\1e8a1fdee5b9.png,val/1_Mild/1e8a1fdee5b9.png,val,1,Mild
aptos:val/1_Mild/2ecbc2e3f239.png,aptos,2ecbc2e3f239,2ecbc2e3f239.png,A:\DR_classification\data\organized\aptos\val\1_Mild\2ecbc2e3f239.png,val/1_Mild/2ecbc2e3f239.png,val,1,Mild
aptos:val/1_Mild/36041171f441.png,aptos,36041171f441,36041171f441.png,A:\DR_classification\data\organized\aptos\val\1_Mild\36041171f441.png,val/1_Mild/36041171f441.png,val,1,Mild
aptos:val/1_Mild/3c726de3ee90.png,aptos,3c726de3ee90,3c726de3ee90.png,A:\DR_classification\data\organized\aptos\val\1_Mild\3c726de3ee90.png,val/1_Mild/3c726de3ee90.png,val,1,Mild
aptos:val/1_Mild/3f73c91b7e32.png,aptos,3f73c91b7e32,3f73c91b7e32.png,A:\DR_classification\data\organized\aptos\val\1_Mild\3f73c91b7e32.png,val/1_Mild/3f73c91b7e32.png,val,1,Mild
aptos:val/1_Mild/4029d70e9d8a.png,aptos,4029d70e9d8a,4029d70e9d8a.png,A:\DR_classification\data\organized\aptos\val\1_Mild\4029d70e9d8a.png,val/1_Mild/4029d70e9d8a.png,val,1,Mild
aptos:val/1_Mild/4393c5bc576a.png,aptos,4393c5bc576a,4393c5bc576a.png,A:\DR_classification\data\organized\aptos\val\1_Mild\4393c5bc576a.png,val/1_Mild/4393c5bc576a.png,val,1,Mild
aptos:val/1_Mild/45e4b7eada54.png,aptos,45e4b7eada54,45e4b7eada54.png,A:\DR_classification\data\organized\aptos\val\1_Mild\45e4b7eada54.png,val/1_Mild/45e4b7eada54.png,val,1,Mild
aptos:val/1_Mild/4a213b405ee4.png,aptos,4a213b405ee4,4a213b405ee4.png,A:\DR_classification\data\organized\aptos\val\1_Mild\4a213b405ee4.png,val/1_Mild/4a213b405ee4.png,val,1,Mild
aptos:val/1_Mild/4dd5d5ccddcf.png,aptos,4dd5d5ccddcf,4dd5d5ccddcf.png,A:\DR_classification\data\organized\aptos\val\1_Mild\4dd5d5ccddcf.png,val/1_Mild/4dd5d5ccddcf.png,val,1,Mild
aptos:val/1_Mild/4ecd1fdd1435.png,aptos,4ecd1fdd1435,4ecd1fdd1435.png,A:\DR_classification\data\organized\aptos\val\1_Mild\4ecd1fdd1435.png,val/1_Mild/4ecd1fdd1435.png,val,1,Mild
aptos:val/1_Mild/58ccba7eec9c.png,aptos,58ccba7eec9c,58ccba7eec9c.png,A:\DR_classification\data\organized\aptos\val\1_Mild\58ccba7eec9c.png,val/1_Mild/58ccba7eec9c.png,val,1,Mild
aptos:val/1_Mild/6377e23928f6.png,aptos,6377e23928f6,6377e23928f6.png,A:\DR_classification\data\organized\aptos\val\1_Mild\6377e23928f6.png,val/1_Mild/6377e23928f6.png,val,1,Mild
aptos:val/1_Mild/6b07971c3bf6.png,aptos,6b07971c3bf6,6b07971c3bf6.png,A:\DR_classification\data\organized\aptos\val\1_Mild\6b07971c3bf6.png,val/1_Mild/6b07971c3bf6.png,val,1,Mild
aptos:val/1_Mild/7ae69d22075a.png,aptos,7ae69d22075a,7ae69d22075a.png,A:\DR_classification\data\organized\aptos\val\1_Mild\7ae69d22075a.png,val/1_Mild/7ae69d22075a.png,val,1,Mild
aptos:val/1_Mild/849a91e9ab28.png,aptos,849a91e9ab28,849a91e9ab28.png,A:\DR_classification\data\organized\aptos\val\1_Mild\849a91e9ab28.png,val/1_Mild/849a91e9ab28.png,val,1,Mild
aptos:val/1_Mild/8714d17bb6da.png,aptos,8714d17bb6da,8714d17bb6da.png,A:\DR_classification\data\organized\aptos\val\1_Mild\8714d17bb6da.png,val/1_Mild/8714d17bb6da.png,val,1,Mild
aptos:val/1_Mild/8bc6716c2238.png,aptos,8bc6716c2238,8bc6716c2238.png,A:\DR_classification\data\organized\aptos\val\1_Mild\8bc6716c2238.png,val/1_Mild/8bc6716c2238.png,val,1,Mild
aptos:val/1_Mild/8f2996b8d855.png,aptos,8f2996b8d855,8f2996b8d855.png,A:\DR_classification\data\organized\aptos\val\1_Mild\8f2996b8d855.png,val/1_Mild/8f2996b8d855.png,val,1,Mild
aptos:val/1_Mild/92d9e9f08709.png,aptos,92d9e9f08709,92d9e9f08709.png,A:\DR_classification\data\organized\aptos\val\1_Mild\92d9e9f08709.png,val/1_Mild/92d9e9f08709.png,val,1,Mild
aptos:val/1_Mild/96a9706b8534.png,aptos,96a9706b8534,96a9706b8534.png,A:\DR_classification\data\organized\aptos\val\1_Mild\96a9706b8534.png,val/1_Mild/96a9706b8534.png,val,1,Mild
aptos:val/1_Mild/a3ad6c2db6f1.png,aptos,a3ad6c2db6f1,a3ad6c2db6f1.png,A:\DR_classification\data\organized\aptos\val\1_Mild\a3ad6c2db6f1.png,val/1_Mild/a3ad6c2db6f1.png,val,1,Mild
aptos:val/1_Mild/a95858e052d6.png,aptos,a95858e052d6,a95858e052d6.png,A:\DR_classification\data\organized\aptos\val\1_Mild\a95858e052d6.png,val/1_Mild/a95858e052d6.png,val,1,Mild
aptos:val/1_Mild/b1197f2cc9b3.png,aptos,b1197f2cc9b3,b1197f2cc9b3.png,A:\DR_classification\data\organized\aptos\val\1_Mild\b1197f2cc9b3.png,val/1_Mild/b1197f2cc9b3.png,val,1,Mild
aptos:val/1_Mild/b50b30aa6e6c.png,aptos,b50b30aa6e6c,b50b30aa6e6c.png,A:\DR_classification\data\organized\aptos\val\1_Mild\b50b30aa6e6c.png,val/1_Mild/b50b30aa6e6c.png,val,1,Mild
aptos:val/1_Mild/b71428739d4e.png,aptos,b71428739d4e,b71428739d4e.png,A:\DR_classification\data\organized\aptos\val\1_Mild\b71428739d4e.png,val/1_Mild/b71428739d4e.png,val,1,Mild
aptos:val/1_Mild/b94c58d063bf.png,aptos,b94c58d063bf,b94c58d063bf.png,A:\DR_classification\data\organized\aptos\val\1_Mild\b94c58d063bf.png,val/1_Mild/b94c58d063bf.png,val,1,Mild
aptos:val/1_Mild/bb11db08584a.png,aptos,bb11db08584a,bb11db08584a.png,A:\DR_classification\data\organized\aptos\val\1_Mild\bb11db08584a.png,val/1_Mild/bb11db08584a.png,val,1,Mild
aptos:val/1_Mild/bd269a1f0e4d.png,aptos,bd269a1f0e4d,bd269a1f0e4d.png,A:\DR_classification\data\organized\aptos\val\1_Mild\bd269a1f0e4d.png,val/1_Mild/bd269a1f0e4d.png,val,1,Mild
aptos:val/1_Mild/c40976189f22.png,aptos,c40976189f22,c40976189f22.png,A:\DR_classification\data\organized\aptos\val\1_Mild\c40976189f22.png,val/1_Mild/c40976189f22.png,val,1,Mild
aptos:val/1_Mild/c9485c38fdd5.png,aptos,c9485c38fdd5,c9485c38fdd5.png,A:\DR_classification\data\organized\aptos\val\1_Mild\c9485c38fdd5.png,val/1_Mild/c9485c38fdd5.png,val,1,Mild
aptos:val/1_Mild/ca63fe4f4b52.png,aptos,ca63fe4f4b52,ca63fe4f4b52.png,A:\DR_classification\data\organized\aptos\val\1_Mild\ca63fe4f4b52.png,val/1_Mild/ca63fe4f4b52.png,val,1,Mild
aptos:val/1_Mild/cb2f3c5d71a7.png,aptos,cb2f3c5d71a7,cb2f3c5d71a7.png,A:\DR_classification\data\organized\aptos\val\1_Mild\cb2f3c5d71a7.png,val/1_Mild/cb2f3c5d71a7.png,val,1,Mild
aptos:val/1_Mild/cfd1bd0fcbb4.png,aptos,cfd1bd0fcbb4,cfd1bd0fcbb4.png,A:\DR_classification\data\organized\aptos\val\1_Mild\cfd1bd0fcbb4.png,val/1_Mild/cfd1bd0fcbb4.png,val,1,Mild
aptos:val/1_Mild/d5b4705ac2ee.png,aptos,d5b4705ac2ee,d5b4705ac2ee.png,A:\DR_classification\data\organized\aptos\val\1_Mild\d5b4705ac2ee.png,val/1_Mild/d5b4705ac2ee.png,val,1,Mild
aptos:val/1_Mild/e25ccfe38e44.png,aptos,e25ccfe38e44,e25ccfe38e44.png,A:\DR_classification\data\organized\aptos\val\1_Mild\e25ccfe38e44.png,val/1_Mild/e25ccfe38e44.png,val,1,Mild
aptos:val/1_Mild/e580676516b0.png,aptos,e580676516b0,e580676516b0.png,A:\DR_classification\data\organized\aptos\val\1_Mild\e580676516b0.png,val/1_Mild/e580676516b0.png,val,1,Mild
aptos:val/1_Mild/e9ff9352ccb3.png,aptos,e9ff9352ccb3,e9ff9352ccb3.png,A:\DR_classification\data\organized\aptos\val\1_Mild\e9ff9352ccb3.png,val/1_Mild/e9ff9352ccb3.png,val,1,Mild
aptos:val/1_Mild/ead23cc922ed.png,aptos,ead23cc922ed,ead23cc922ed.png,A:\DR_classification\data\organized\aptos\val\1_Mild\ead23cc922ed.png,val/1_Mild/ead23cc922ed.png,val,1,Mild
aptos:val/1_Mild/fdd18ccbbdc5.png,aptos,fdd18ccbbdc5,fdd18ccbbdc5.png,A:\DR_classification\data\organized\aptos\val\1_Mild\fdd18ccbbdc5.png,val/1_Mild/fdd18ccbbdc5.png,val,1,Mild
aptos:val/1_Mild/fe674c2f73f5.png,aptos,fe674c2f73f5,fe674c2f73f5.png,A:\DR_classification\data\organized\aptos\val\1_Mild\fe674c2f73f5.png,val/1_Mild/fe674c2f73f5.png,val,1,Mild
aptos:val/2_Moderate/00b74780d31d.png,aptos,00b74780d31d,00b74780d31d.png,A:\DR_classification\data\organized\aptos\val\2_Moderate\00b74780d31d.png,val/2_Moderate/00b74780d31d.png,val,2,Moderate
aptos:val/2_Moderate/0161338f53cc.png,aptos,0161338f53cc,0161338f53cc.png,A:\DR_classification\data\organized\aptos\val\2_Moderate\0161338f53cc.png,val/2_Moderate/0161338f53cc.png,val,2,Moderate
aptos:val/2_Moderate/0180bfa26c0b.png,aptos,0180bfa26c0b,0180bfa26c0b.png,A:\DR_classification\data\organized\aptos\val\2_Moderate\0180bfa26c0b.png,val/2_Moderate/0180bfa26c0b.png,val,2,Moderate
aptos:val/2_Moderate/03747397839f.png,aptos,03747397839f,03747397839f.png,A:\DR_classification\data\organized\aptos\val\2_Moderate\03747397839f.png,val/2_Moderate/03747397839f.png,val,2,Moderate
aptos:val/2_Moderate/03fd50da928d.png,aptos,03fd50da928d,03fd50da928d.png,A:\DR_classification\data\organized\aptos\val\2_Moderate\03fd50da928d.png,val/2_Moderate/03fd50da928d.png,val,2,Moderate
aptos:val/2_Moderate/03ff7d159f10.png,aptos,03ff7d159f10,03ff7d159f10.png,A:\DR_classification\data\organized\aptos\val\2_Moderate\03ff7d159f10.png,val/2_Moderate/03ff7d159f10.png,val,2,Moderate
aptos:val/2_Moderate/04a6fc58dabc.png,aptos,04a6fc58dabc,04a6fc58dabc.png,A:\DR_classification\data\organized\aptos\val\2_Moderate\04a6fc58dabc.png,val/2_Moderate/04a6fc58dabc.png,val,2,Moderate
aptos:val/2_Moderate/0519b934f6b1.png,aptos,0519b934f6b1,0519b934f6b1.png,A:\DR_classification\data\organized\aptos\val\2_Moderate\0519b934f6b1.png,val/2_Moderate/0519b934f6b1.png,val,2,Moderate
aptos:val/2_Moderate/071435a218ec.png,aptos,071435a218ec,071435a218ec.png,A:\DR_classification\data\organized\aptos\val\2_Moderate\071435a218ec.png,val/2_Moderate/071435a218ec.png,val,2,Moderate
aptos:val/2_Moderate/0953c0ac1735.png,aptos,0953c0ac1735,0953c0ac1735.png,A:\DR_classification\data\organized\aptos\val\2_Moderate\0953c0ac1735.png,val/2_Moderate/0953c0ac1735.png,val,2,Moderate
aptos:val/2_Moderate/09f6ab477654.png,aptos,09f6ab477654,09f6ab477654.png,A:\DR_classification\data\organized\aptos\val\2_Moderate\09f6ab477654.png,val/2_Moderate/09f6ab477654.png,val,2,Moderate
aptos:val/2_Moderate/0a09aa7356c0.png,aptos,0a09aa7356c0,0a09aa7356c0.png,A:\DR_classification\data\organized\aptos\val\2_Moderate\0a09aa7356c0.png,val/2_Moderate/0a09aa7356c0.png,val,2,Moderate
aptos:val/2_Moderate/0af296d2f04a.png,aptos,0af296d2f04a,0af296d2f04a.png,A:\DR_classification\data\organized\aptos\val\2_Moderate\0af296d2f04a.png,val/2_Moderate/0af296d2f04a.png,val,2,Moderate
aptos:val/2_Moderate/0e75d51152fc.png,aptos,0e75d51152fc,0e75d51152fc.png,A:\DR_classification\data\organized\aptos\val\2_Moderate\0e75d51152fc.png,val/2_Moderate/0e75d51152fc.png,val,2,Moderate
aptos:val/2_Moderate/0efc93ec838b.png,aptos,0efc93ec838b,0efc93ec838b.png,A:\DR_classification\data\organized\aptos\val\2_Moderate\0efc93ec838b.png,val/2_Moderate/0efc93ec838b.png,val,2,Moderate
aptos:val/2_Moderate/0fd16b64697e.png,aptos,0fd16b64697e,0fd16b64697e.png,A:\DR_classification\data\organized\aptos\val\2_Moderate\0fd16b64697e.png,val/2_Moderate/0fd16b64697e.png,val,2,Moderate
aptos:val/2_Moderate/1006345f70b7.png,aptos,1006345f70b7,1006345f70b7.png,A:\DR_classification\data\organized\aptos\val\2_Moderate\1006345f70b7.png,val/2_Moderate/1006345f70b7.png,val,2,Moderate
aptos:val/2_Moderate/1124ffcd76c2.png,aptos,1124ffcd76c2,1124ffcd76c2.png,A:\DR_classification\data\organized\aptos\val\2_Moderate\1124ffcd76c2.png,val/2_Moderate/1124ffcd76c2.png,val,2,Moderate
aptos:val/2_Moderate/1411c8ab7161.png,aptos,1411c8ab7161,1411c8ab7161.png,A:\DR_classification\data\organized\aptos\val\2_Moderate\1411c8ab7161.png,val/2_Moderate/1411c8ab7161.png,val,2,Moderate
aptos:val/2_Moderate/19113e5f45ec.png,aptos,19113e5f45ec,19113e5f45ec.png,A:\DR_classification\data\organized\aptos\val\2_Moderate\19113e5f45ec.png,val/2_Moderate/19113e5f45ec.png,val,2,Moderate
aptos:val/2_Moderate/1ade1e949383.png,aptos,1ade1e949383,1ade1e949383.png,A:\DR_classification\data\organized\aptos\val\2_Moderate\1ade1e949383.png,val/2_Moderate/1ade1e949383.png,val,2,Moderate
aptos:val/2_Moderate/1c0e5dd1b14c.png,aptos,1c0e5dd1b14c,1c0e5dd1b14c.png,A:\DR_classification\data\organized\aptos\val\2_Moderate\1c0e5dd1b14c.png,val/2_Moderate/1c0e5dd1b14c.png,val,2,Moderate
aptos:val/2_Moderate/1c6d119c3d70.png,aptos,1c6d119c3d70,1c6d119c3d70.png,A:\DR_classification\data\organized\aptos\val\2_Moderate\1c6d119c3d70.png,val/2_Moderate/1c6d119c3d70.png,val,2,Moderate
aptos:val/2_Moderate/1dbdc32c17db.png,aptos,1dbdc32c17db,1dbdc32c17db.png,A:\DR_classification\data\organized\aptos\val\2_Moderate\1dbdc32c17db.png,val/2_Moderate/1dbdc32c17db.png,val,2,Moderate
aptos:val/2_Moderate/1f543a86c4d4.png,aptos,1f543a86c4d4,1f543a86c4d4.png,A:\DR_classification\data\organized\aptos\val\2_Moderate\1f543a86c4d4.png,val/2_Moderate/1f543a86c4d4.png,val,2,Moderate
aptos:val/2_Moderate/222d0ac042b4.png,aptos,222d0ac042b4,222d0ac042b4.png,A:\DR_classification\data\organized\aptos\val\2_Moderate\222d0ac042b4.png,val/2_Moderate/222d0ac042b4.png,val,2,Moderate
aptos:val/2_Moderate/23148a40ecb0.png,aptos,23148a40ecb0,23148a40ecb0.png,A:\DR_classification\data\organized\aptos\val\2_Moderate\23148a40ecb0.png,val/2_Moderate/23148a40ecb0.png,val,2,Moderate
aptos:val/2_Moderate/232549883508.png,aptos,232549883508,232549883508.png,A:\DR_classification\data\organized\aptos\val\2_Moderate\232549883508.png,val/2_Moderate/232549883508.png,val,2,Moderate
aptos:val/2_Moderate/234399352d36.png,aptos,234399352d36,234399352d36.png,A:\DR_classification\data\organized\aptos\val\2_Moderate\234399352d36.png,val/2_Moderate/234399352d36.png,val,2,Moderate
aptos:val/2_Moderate/236f56771ec6.png,aptos,236f56771ec6,236f56771ec6.png,A:\DR_classification\data\organized\aptos\val\2_Moderate\236f56771ec6.png,val/2_Moderate/236f56771ec6.png,val,2,Moderate
aptos:val/2_Moderate/2463bb04ebc3.png,aptos,2463bb04ebc3,2463bb04ebc3.png,A:\DR_classification\data\organized\aptos\val\2_Moderate\2463bb04ebc3.png,val/2_Moderate/2463bb04ebc3.png,val,2,Moderate
aptos:val/2_Moderate/2608e1dac5b1.png,aptos,2608e1dac5b1,2608e1dac5b1.png,A:\DR_classification\data\organized\aptos\val\2_Moderate\2608e1dac5b1.png,val/2_Moderate/2608e1dac5b1.png,val,2,Moderate
aptos:val/2_Moderate/26999ebc21de.png,aptos,26999ebc21de,26999ebc21de.png,A:\DR_classification\data\organized\aptos\val\2_Moderate\26999ebc21de.png,val/2_Moderate/26999ebc21de.png,val,2,Moderate
aptos:val/2_Moderate/2735be026d44.png,aptos,2735be026d44,2735be026d44.png,A:\DR_classification\data\organized\aptos\val\2_Moderate\2735be026d44.png,val/2_Moderate/2735be026d44.png,val,2,Moderate
aptos:val/2_Moderate/27bab1432f61.png,aptos,27bab1432f61,27bab1432f61.png,A:\DR_classification\data\organized\aptos\val\2_Moderate\27bab1432f61.png,val/2_Moderate/27bab1432f61.png,val,2,Moderate
aptos:val/2_Moderate/282bc792d23a.png,aptos,282bc792d23a,282bc792d23a.png,A:\DR_classification\data\organized\aptos\val\2_Moderate\282bc792d23a.png,val/2_Moderate/282bc792d23a.png,val,2,Moderate
aptos:val/2_Moderate/290ecdba359f.png,aptos,290ecdba359f,290ecdba359f.png,A:\DR_classification\data\organized\aptos\val\2_Moderate\290ecdba359f.png,val/2_Moderate/290ecdba359f.png,val,2,Moderate
aptos:val/2_Moderate/2a47e5b21791.png,aptos,2a47e5b21791,2a47e5b21791.png,A:\DR_classification\data\organized\aptos\val\2_Moderate\2a47e5b21791.png,val/2_Moderate/2a47e5b21791.png,val,2,Moderate
aptos:val/2_Moderate/2a5a8b744f08.png,aptos,2a5a8b744f08,2a5a8b744f08.png,A:\DR_classification\data\organized\aptos\val\2_Moderate\2a5a8b744f08.png,val/2_Moderate/2a5a8b744f08.png,val,2,Moderate
aptos:val/2_Moderate/2b88cb6e31cd.png,aptos,2b88cb6e31cd,2b88cb6e31cd.png,A:\DR_classification\data\organized\aptos\val\2_Moderate\2b88cb6e31cd.png,val/2_Moderate/2b88cb6e31cd.png,val,2,Moderate
aptos:val/2_Moderate/3a1d3ce00f0c.png,aptos,3a1d3ce00f0c,3a1d3ce00f0c.png,A:\DR_classification\data\organized\aptos\val\2_Moderate\3a1d3ce00f0c.png,val/2_Moderate/3a1d3ce00f0c.png,val,2,Moderate
aptos:val/2_Moderate/3f47f83217b5.png,aptos,3f47f83217b5,3f47f83217b5.png,A:\DR_classification\data\organized\aptos\val\2_Moderate\3f47f83217b5.png,val/2_Moderate/3f47f83217b5.png,val,2,Moderate
aptos:val/2_Moderate/3fc219927a97.png,aptos,3fc219927a97,3fc219927a97.png,A:\DR_classification\data\organized\aptos\val\2_Moderate\3fc219927a97.png,val/2_Moderate/3fc219927a97.png,val,2,Moderate
aptos:val/2_Moderate/4189d4e631ec.png,aptos,4189d4e631ec,4189d4e631ec.png,A:\DR_classification\data\organized\aptos\val\2_Moderate\4189d4e631ec.png,val/2_Moderate/4189d4e631ec.png,val,2,Moderate
aptos:val/2_Moderate/423abbaa5fad.png,aptos,423abbaa5fad,423abbaa5fad.png,A:\DR_classification\data\organized\aptos\val\2_Moderate\423abbaa5fad.png,val/2_Moderate/423abbaa5fad.png,val,2,Moderate
aptos:val/2_Moderate/43ddd0ab0cc4.png,aptos,43ddd0ab0cc4,43ddd0ab0cc4.png,A:\DR_classification\data\organized\aptos\val\2_Moderate\43ddd0ab0cc4.png,val/2_Moderate/43ddd0ab0cc4.png,val,2,Moderate
aptos:val/2_Moderate/44e0d56e9d42.png,aptos,44e0d56e9d42,44e0d56e9d42.png,A:\DR_classification\data\organized\aptos\val\2_Moderate\44e0d56e9d42.png,val/2_Moderate/44e0d56e9d42.png,val,2,Moderate
aptos:val/2_Moderate/453d553b0a94.png,aptos,453d553b0a94,453d553b0a94.png,A:\DR_classification\data\organized\aptos\val\2_Moderate\453d553b0a94.png,val/2_Moderate/453d553b0a94.png,val,2,Moderate
aptos:val/2_Moderate/46c1548d730e.png,aptos,46c1548d730e,46c1548d730e.png,A:\DR_classification\data\organized\aptos\val\2_Moderate\46c1548d730e.png,val/2_Moderate/46c1548d730e.png,val,2,Moderate
aptos:val/2_Moderate/4818672273af.png,aptos,4818672273af,4818672273af.png,A:\DR_classification\data\organized\aptos\val\2_Moderate\4818672273af.png,val/2_Moderate/4818672273af.png,val,2,Moderate
aptos:val/2_Moderate/49a4765f8822.png,aptos,49a4765f8822,49a4765f8822.png,A:\DR_classification\data\organized\aptos\val\2_Moderate\49a4765f8822.png,val/2_Moderate/49a4765f8822.png,val,2,Moderate
aptos:val/2_Moderate/49d69c4c6290.png,aptos,49d69c4c6290,49d69c4c6290.png,A:\DR_classification\data\organized\aptos\val\2_Moderate\49d69c4c6290.png,val/2_Moderate/49d69c4c6290.png,val,2,Moderate
aptos:val/2_Moderate/4c78d9d18da9.png,aptos,4c78d9d18da9,4c78d9d18da9.png,A:\DR_classification\data\organized\aptos\val\2_Moderate\4c78d9d18da9.png,val/2_Moderate/4c78d9d18da9.png,val,2,Moderate
aptos:val/2_Moderate/4ee1ad981a6d.png,aptos,4ee1ad981a6d,4ee1ad981a6d.png,A:\DR_classification\data\organized\aptos\val\2_Moderate\4ee1ad981a6d.png,val/2_Moderate/4ee1ad981a6d.png,val,2,Moderate
aptos:val/2_Moderate/54bbe3da103e.png,aptos,54bbe3da103e,54bbe3da103e.png,A:\DR_classification\data\organized\aptos\val\2_Moderate\54bbe3da103e.png,val/2_Moderate/54bbe3da103e.png,val,2,Moderate
aptos:val/2_Moderate/57f933d3d7c7.png,aptos,57f933d3d7c7,57f933d3d7c7.png,A:\DR_classification\data\organized\aptos\val\2_Moderate\57f933d3d7c7.png,val/2_Moderate/57f933d3d7c7.png,val,2,Moderate
aptos:val/2_Moderate/5905a9b06a73.png,aptos,5905a9b06a73,5905a9b06a73.png,A:\DR_classification\data\organized\aptos\val\2_Moderate\5905a9b06a73.png,val/2_Moderate/5905a9b06a73.png,val,2,Moderate
aptos:val/2_Moderate/594f69b503ad.png,aptos,594f69b503ad,594f69b503ad.png,A:\DR_classification\data\organized\aptos\val\2_Moderate\594f69b503ad.png,val/2_Moderate/594f69b503ad.png,val,2,Moderate
aptos:val/2_Moderate/5a2c27b95c7c.png,aptos,5a2c27b95c7c,5a2c27b95c7c.png,A:\DR_classification\data\organized\aptos\val\2_Moderate\5a2c27b95c7c.png,val/2_Moderate/5a2c27b95c7c.png,val,2,Moderate
aptos:val/2_Moderate/5b644a403e1f.png,aptos,5b644a403e1f,5b644a403e1f.png,A:\DR_classification\data\organized\aptos\val\2_Moderate\5b644a403e1f.png,val/2_Moderate/5b644a403e1f.png,val,2,Moderate
aptos:val/2_Moderate/5cde55f745af.png,aptos,5cde55f745af,5cde55f745af.png,A:\DR_classification\data\organized\aptos\val\2_Moderate\5cde55f745af.png,val/2_Moderate/5cde55f745af.png,val,2,Moderate
aptos:val/2_Moderate/5e18af29d812.png,aptos,5e18af29d812,5e18af29d812.png,A:\DR_classification\data\organized\aptos\val\2_Moderate\5e18af29d812.png,val/2_Moderate/5e18af29d812.png,val,2,Moderate
aptos:val/2_Moderate/5e7cc6ab4ac4.png,aptos,5e7cc6ab4ac4,5e7cc6ab4ac4.png,A:\DR_classification\data\organized\aptos\val\2_Moderate\5e7cc6ab4ac4.png,val/2_Moderate/5e7cc6ab4ac4.png,val,2,Moderate
aptos:val/2_Moderate/63c3c571b8ee.png,aptos,63c3c571b8ee,63c3c571b8ee.png,A:\DR_classification\data\organized\aptos\val\2_Moderate\63c3c571b8ee.png,val/2_Moderate/63c3c571b8ee.png,val,2,Moderate
aptos:val/2_Moderate/6e68e742f5bc.png,aptos,6e68e742f5bc,6e68e742f5bc.png,A:\DR_classification\data\organized\aptos\val\2_Moderate\6e68e742f5bc.png,val/2_Moderate/6e68e742f5bc.png,val,2,Moderate
aptos:val/2_Moderate/7102f29e052e.png,aptos,7102f29e052e,7102f29e052e.png,A:\DR_classification\data\organized\aptos\val\2_Moderate\7102f29e052e.png,val/2_Moderate/7102f29e052e.png,val,2,Moderate
aptos:val/2_Moderate/7356dd08b0ae.png,aptos,7356dd08b0ae,7356dd08b0ae.png,A:\DR_classification\data\organized\aptos\val\2_Moderate\7356dd08b0ae.png,val/2_Moderate/7356dd08b0ae.png,val,2,Moderate
aptos:val/2_Moderate/75a7bc945b7d.png,aptos,75a7bc945b7d,75a7bc945b7d.png,A:\DR_classification\data\organized\aptos\val\2_Moderate\75a7bc945b7d.png,val/2_Moderate/75a7bc945b7d.png,val,2,Moderate
aptos:val/2_Moderate/7743f4e04a6d.png,aptos,7743f4e04a6d,7743f4e04a6d.png,A:\DR_classification\data\organized\aptos\val\2_Moderate\7743f4e04a6d.png,val/2_Moderate/7743f4e04a6d.png,val,2,Moderate
aptos:val/2_Moderate/79540be95177.png,aptos,79540be95177,79540be95177.png,A:\DR_classification\data\organized\aptos\val\2_Moderate\79540be95177.png,val/2_Moderate/79540be95177.png,val,2,Moderate
aptos:val/2_Moderate/79be2ff796bf.png,aptos,79be2ff796bf,79be2ff796bf.png,A:\DR_classification\data\organized\aptos\val\2_Moderate\79be2ff796bf.png,val/2_Moderate/79be2ff796bf.png,val,2,Moderate
aptos:val/2_Moderate/7d1da90d3ca9.png,aptos,7d1da90d3ca9,7d1da90d3ca9.png,A:\DR_classification\data\organized\aptos\val\2_Moderate\7d1da90d3ca9.png,val/2_Moderate/7d1da90d3ca9.png,val,2,Moderate
aptos:val/2_Moderate/7e9458de5707.png,aptos,7e9458de5707,7e9458de5707.png,A:\DR_classification\data\organized\aptos\val\2_Moderate\7e9458de5707.png,val/2_Moderate/7e9458de5707.png,val,2,Moderate
aptos:val/2_Moderate/7ec1ffe8220b.png,aptos,7ec1ffe8220b,7ec1ffe8220b.png,A:\DR_classification\data\organized\aptos\val\2_Moderate\7ec1ffe8220b.png,val/2_Moderate/7ec1ffe8220b.png,val,2,Moderate
aptos:val/2_Moderate/83d6e40c869f.png,aptos,83d6e40c869f,83d6e40c869f.png,A:\DR_classification\data\organized\aptos\val\2_Moderate\83d6e40c869f.png,val/2_Moderate/83d6e40c869f.png,val,2,Moderate
aptos:val/2_Moderate/85fce24084da.png,aptos,85fce24084da,85fce24084da.png,A:\DR_classification\data\organized\aptos\val\2_Moderate\85fce24084da.png,val/2_Moderate/85fce24084da.png,val,2,Moderate
aptos:val/2_Moderate/86722fcd802c.png,aptos,86722fcd802c,86722fcd802c.png,A:\DR_classification\data\organized\aptos\val\2_Moderate\86722fcd802c.png,val/2_Moderate/86722fcd802c.png,val,2,Moderate
aptos:val/2_Moderate/869bbd3170cc.png,aptos,869bbd3170cc,869bbd3170cc.png,A:\DR_classification\data\organized\aptos\val\2_Moderate\869bbd3170cc.png,val/2_Moderate/869bbd3170cc.png,val,2,Moderate
aptos:val/2_Moderate/8a67f1efa315.png,aptos,8a67f1efa315,8a67f1efa315.png,A:\DR_classification\data\organized\aptos\val\2_Moderate\8a67f1efa315.png,val/2_Moderate/8a67f1efa315.png,val,2,Moderate
aptos:val/2_Moderate/8c87bd748996.png,aptos,8c87bd748996,8c87bd748996.png,A:\DR_classification\data\organized\aptos\val\2_Moderate\8c87bd748996.png,val/2_Moderate/8c87bd748996.png,val,2,Moderate
aptos:val/2_Moderate/8dfa629ca74e.png,aptos,8dfa629ca74e,8dfa629ca74e.png,A:\DR_classification\data\organized\aptos\val\2_Moderate\8dfa629ca74e.png,val/2_Moderate/8dfa629ca74e.png,val,2,Moderate
aptos:val/2_Moderate/9568eb7e9c08.png,aptos,9568eb7e9c08,9568eb7e9c08.png,A:\DR_classification\data\organized\aptos\val\2_Moderate\9568eb7e9c08.png,val/2_Moderate/9568eb7e9c08.png,val,2,Moderate
aptos:val/2_Moderate/9837048b85dc.png,aptos,9837048b85dc,9837048b85dc.png,A:\DR_classification\data\organized\aptos\val\2_Moderate\9837048b85dc.png,val/2_Moderate/9837048b85dc.png,val,2,Moderate
aptos:val/2_Moderate/9b95d6203406.png,aptos,9b95d6203406,9b95d6203406.png,A:\DR_classification\data\organized\aptos\val\2_Moderate\9b95d6203406.png,val/2_Moderate/9b95d6203406.png,val,2,Moderate
aptos:val/2_Moderate/9d9bfefa809c.png,aptos,9d9bfefa809c,9d9bfefa809c.png,A:\DR_classification\data\organized\aptos\val\2_Moderate\9d9bfefa809c.png,val/2_Moderate/9d9bfefa809c.png,val,2,Moderate
aptos:val/2_Moderate/9dab2e6ba44b.png,aptos,9dab2e6ba44b,9dab2e6ba44b.png,A:\DR_classification\data\organized\aptos\val\2_Moderate\9dab2e6ba44b.png,val/2_Moderate/9dab2e6ba44b.png,val,2,Moderate
aptos:val/2_Moderate/9df31421cdd2.png,aptos,9df31421cdd2,9df31421cdd2.png,A:\DR_classification\data\organized\aptos\val\2_Moderate\9df31421cdd2.png,val/2_Moderate/9df31421cdd2.png,val,2,Moderate
aptos:val/2_Moderate/a015ce4f51ad.png,aptos,a015ce4f51ad,a015ce4f51ad.png,A:\DR_classification\data\organized\aptos\val\2_Moderate\a015ce4f51ad.png,val/2_Moderate/a015ce4f51ad.png,val,2,Moderate
aptos:val/2_Moderate/a125377fb985.png,aptos,a125377fb985,a125377fb985.png,A:\DR_classification\data\organized\aptos\val\2_Moderate\a125377fb985.png,val/2_Moderate/a125377fb985.png,val,2,Moderate
aptos:val/2_Moderate/a150ff5dfe07.png,aptos,a150ff5dfe07,a150ff5dfe07.png,A:\DR_classification\data\organized\aptos\val\2_Moderate\a150ff5dfe07.png,val/2_Moderate/a150ff5dfe07.png,val,2,Moderate
aptos:val/2_Moderate/a505981d1cab.png,aptos,a505981d1cab,a505981d1cab.png,A:\DR_classification\data\organized\aptos\val\2_Moderate\a505981d1cab.png,val/2_Moderate/a505981d1cab.png,val,2,Moderate
aptos:val/2_Moderate/a6c9e96a10d7.png,aptos,a6c9e96a10d7,a6c9e96a10d7.png,A:\DR_classification\data\organized\aptos\val\2_Moderate\a6c9e96a10d7.png,val/2_Moderate/a6c9e96a10d7.png,val,2,Moderate
aptos:val/2_Moderate/a93f1ea3ff4a.png,aptos,a93f1ea3ff4a,a93f1ea3ff4a.png,A:\DR_classification\data\organized\aptos\val\2_Moderate\a93f1ea3ff4a.png,val/2_Moderate/a93f1ea3ff4a.png,val,2,Moderate
aptos:val/2_Moderate/a9a28c37c8c4.png,aptos,a9a28c37c8c4,a9a28c37c8c4.png,A:\DR_classification\data\organized\aptos\val\2_Moderate\a9a28c37c8c4.png,val/2_Moderate/a9a28c37c8c4.png,val,2,Moderate
aptos:val/2_Moderate/add1d681d712.png,aptos,add1d681d712,add1d681d712.png,A:\DR_classification\data\organized\aptos\val\2_Moderate\add1d681d712.png,val/2_Moderate/add1d681d712.png,val,2,Moderate
aptos:val/2_Moderate/af828dab3ffc.png,aptos,af828dab3ffc,af828dab3ffc.png,A:\DR_classification\data\organized\aptos\val\2_Moderate\af828dab3ffc.png,val/2_Moderate/af828dab3ffc.png,val,2,Moderate
aptos:val/2_Moderate/b13d72ceea26.png,aptos,b13d72ceea26,b13d72ceea26.png,A:\DR_classification\data\organized\aptos\val\2_Moderate\b13d72ceea26.png,val/2_Moderate/b13d72ceea26.png,val,2,Moderate
aptos:val/2_Moderate/b2aaa81cc8f0.png,aptos,b2aaa81cc8f0,b2aaa81cc8f0.png,A:\DR_classification\data\organized\aptos\val\2_Moderate\b2aaa81cc8f0.png,val/2_Moderate/b2aaa81cc8f0.png,val,2,Moderate
aptos:val/2_Moderate/b402daa0864c.png,aptos,b402daa0864c,b402daa0864c.png,A:\DR_classification\data\organized\aptos\val\2_Moderate\b402daa0864c.png,val/2_Moderate/b402daa0864c.png,val,2,Moderate
aptos:val/2_Moderate/b498b84d383f.png,aptos,b498b84d383f,b498b84d383f.png,A:\DR_classification\data\organized\aptos\val\2_Moderate\b498b84d383f.png,val/2_Moderate/b498b84d383f.png,val,2,Moderate
aptos:val/2_Moderate/b6304c545f95.png,aptos,b6304c545f95,b6304c545f95.png,A:\DR_classification\data\organized\aptos\val\2_Moderate\b6304c545f95.png,val/2_Moderate/b6304c545f95.png,val,2,Moderate
aptos:val/2_Moderate/b65ff67743b2.png,aptos,b65ff67743b2,b65ff67743b2.png,A:\DR_classification\data\organized\aptos\val\2_Moderate\b65ff67743b2.png,val/2_Moderate/b65ff67743b2.png,val,2,Moderate
aptos:val/2_Moderate/b8fb9f55cd6d.png,aptos,b8fb9f55cd6d,b8fb9f55cd6d.png,A:\DR_classification\data\organized\aptos\val\2_Moderate\b8fb9f55cd6d.png,val/2_Moderate/b8fb9f55cd6d.png,val,2,Moderate
aptos:val/2_Moderate/b927a9238434.png,aptos,b927a9238434,b927a9238434.png,A:\DR_classification\data\organized\aptos\val\2_Moderate\b927a9238434.png,val/2_Moderate/b927a9238434.png,val,2,Moderate
aptos:val/2_Moderate/bb733062f494.png,aptos,bb733062f494,bb733062f494.png,A:\DR_classification\data\organized\aptos\val\2_Moderate\bb733062f494.png,val/2_Moderate/bb733062f494.png,val,2,Moderate
aptos:val/2_Moderate/bc23f74e14dd.png,aptos,bc23f74e14dd,bc23f74e14dd.png,A:\DR_classification\data\organized\aptos\val\2_Moderate\bc23f74e14dd.png,val/2_Moderate/bc23f74e14dd.png,val,2,Moderate
aptos:val/2_Moderate/be68322c7223.png,aptos,be68322c7223,be68322c7223.png,A:\DR_classification\data\organized\aptos\val\2_Moderate\be68322c7223.png,val/2_Moderate/be68322c7223.png,val,2,Moderate
aptos:val/2_Moderate/bf1b7e21e774.png,aptos,bf1b7e21e774,bf1b7e21e774.png,A:\DR_classification\data\organized\aptos\val\2_Moderate\bf1b7e21e774.png,val/2_Moderate/bf1b7e21e774.png,val,2,Moderate
aptos:val/2_Moderate/bf7047dc683c.png,aptos,bf7047dc683c,bf7047dc683c.png,A:\DR_classification\data\organized\aptos\val\2_Moderate\bf7047dc683c.png,val/2_Moderate/bf7047dc683c.png,val,2,Moderate
aptos:val/2_Moderate/bfaa0080ab61.png,aptos,bfaa0080ab61,bfaa0080ab61.png,A:\DR_classification\data\organized\aptos\val\2_Moderate\bfaa0080ab61.png,val/2_Moderate/bfaa0080ab61.png,val,2,Moderate
aptos:val/2_Moderate/bfda2fd0533a.png,aptos,bfda2fd0533a,bfda2fd0533a.png,A:\DR_classification\data\organized\aptos\val\2_Moderate\bfda2fd0533a.png,val/2_Moderate/bfda2fd0533a.png,val,2,Moderate
aptos:val/2_Moderate/bfe467b7e997.png,aptos,bfe467b7e997,bfe467b7e997.png,A:\DR_classification\data\organized\aptos\val\2_Moderate\bfe467b7e997.png,val/2_Moderate/bfe467b7e997.png,val,2,Moderate
aptos:val/2_Moderate/c561bcd519e9.png,aptos,c561bcd519e9,c561bcd519e9.png,A:\DR_classification\data\organized\aptos\val\2_Moderate\c561bcd519e9.png,val/2_Moderate/c561bcd519e9.png,val,2,Moderate
aptos:val/2_Moderate/c613db1cab27.png,aptos,c613db1cab27,c613db1cab27.png,A:\DR_classification\data\organized\aptos\val\2_Moderate\c613db1cab27.png,val/2_Moderate/c613db1cab27.png,val,2,Moderate
aptos:val/2_Moderate/ca0f1a17c8e5.png,aptos,ca0f1a17c8e5,ca0f1a17c8e5.png,A:\DR_classification\data\organized\aptos\val\2_Moderate\ca0f1a17c8e5.png,val/2_Moderate/ca0f1a17c8e5.png,val,2,Moderate
aptos:val/2_Moderate/cb75210abebe.png,aptos,cb75210abebe,cb75210abebe.png,A:\DR_classification\data\organized\aptos\val\2_Moderate\cb75210abebe.png,val/2_Moderate/cb75210abebe.png,val,2,Moderate
aptos:val/2_Moderate/ce887b196c23.png,aptos,ce887b196c23,ce887b196c23.png,A:\DR_classification\data\organized\aptos\val\2_Moderate\ce887b196c23.png,val/2_Moderate/ce887b196c23.png,val,2,Moderate
aptos:val/2_Moderate/d15ca3469b87.png,aptos,d15ca3469b87,d15ca3469b87.png,A:\DR_classification\data\organized\aptos\val\2_Moderate\d15ca3469b87.png,val/2_Moderate/d15ca3469b87.png,val,2,Moderate
aptos:val/2_Moderate/d41b33fcb94f.png,aptos,d41b33fcb94f,d41b33fcb94f.png,A:\DR_classification\data\organized\aptos\val\2_Moderate\d41b33fcb94f.png,val/2_Moderate/d41b33fcb94f.png,val,2,Moderate
aptos:val/2_Moderate/d67374d3fa2a.png,aptos,d67374d3fa2a,d67374d3fa2a.png,A:\DR_classification\data\organized\aptos\val\2_Moderate\d67374d3fa2a.png,val/2_Moderate/d67374d3fa2a.png,val,2,Moderate
aptos:val/2_Moderate/d85a842d20bd.png,aptos,d85a842d20bd,d85a842d20bd.png,A:\DR_classification\data\organized\aptos\val\2_Moderate\d85a842d20bd.png,val/2_Moderate/d85a842d20bd.png,val,2,Moderate
aptos:val/2_Moderate/d91273efb92a.png,aptos,d91273efb92a,d91273efb92a.png,A:\DR_classification\data\organized\aptos\val\2_Moderate\d91273efb92a.png,val/2_Moderate/d91273efb92a.png,val,2,Moderate
aptos:val/2_Moderate/d9311f7497cb.png,aptos,d9311f7497cb,d9311f7497cb.png,A:\DR_classification\data\organized\aptos\val\2_Moderate\d9311f7497cb.png,val/2_Moderate/d9311f7497cb.png,val,2,Moderate
aptos:val/2_Moderate/d952dbfb0fe4.png,aptos,d952dbfb0fe4,d952dbfb0fe4.png,A:\DR_classification\data\organized\aptos\val\2_Moderate\d952dbfb0fe4.png,val/2_Moderate/d952dbfb0fe4.png,val,2,Moderate
aptos:val/2_Moderate/daeaa5d8cf70.png,aptos,daeaa5d8cf70,daeaa5d8cf70.png,A:\DR_classification\data\organized\aptos\val\2_Moderate\daeaa5d8cf70.png,val/2_Moderate/daeaa5d8cf70.png,val,2,Moderate
aptos:val/2_Moderate/db49cdf1ea64.png,aptos,db49cdf1ea64,db49cdf1ea64.png,A:\DR_classification\data\organized\aptos\val\2_Moderate\db49cdf1ea64.png,val/2_Moderate/db49cdf1ea64.png,val,2,Moderate
aptos:val/2_Moderate/de50dfa745f8.png,aptos,de50dfa745f8,de50dfa745f8.png,A:\DR_classification\data\organized\aptos\val\2_Moderate\de50dfa745f8.png,val/2_Moderate/de50dfa745f8.png,val,2,Moderate
aptos:val/2_Moderate/df5ce3ea7820.png,aptos,df5ce3ea7820,df5ce3ea7820.png,A:\DR_classification\data\organized\aptos\val\2_Moderate\df5ce3ea7820.png,val/2_Moderate/df5ce3ea7820.png,val,2,Moderate
aptos:val/2_Moderate/df8365d6ac33.png,aptos,df8365d6ac33,df8365d6ac33.png,A:\DR_classification\data\organized\aptos\val\2_Moderate\df8365d6ac33.png,val/2_Moderate/df8365d6ac33.png,val,2,Moderate
aptos:val/2_Moderate/e17507a4a1f5.png,aptos,e17507a4a1f5,e17507a4a1f5.png,A:\DR_classification\data\organized\aptos\val\2_Moderate\e17507a4a1f5.png,val/2_Moderate/e17507a4a1f5.png,val,2,Moderate
aptos:val/2_Moderate/e724866f5084.png,aptos,e724866f5084,e724866f5084.png,A:\DR_classification\data\organized\aptos\val\2_Moderate\e724866f5084.png,val/2_Moderate/e724866f5084.png,val,2,Moderate
aptos:val/2_Moderate/eadfc8809ec8.png,aptos,eadfc8809ec8,eadfc8809ec8.png,A:\DR_classification\data\organized\aptos\val\2_Moderate\eadfc8809ec8.png,val/2_Moderate/eadfc8809ec8.png,val,2,Moderate
aptos:val/2_Moderate/f0c0f7b5e820.png,aptos,f0c0f7b5e820,f0c0f7b5e820.png,A:\DR_classification\data\organized\aptos\val\2_Moderate\f0c0f7b5e820.png,val/2_Moderate/f0c0f7b5e820.png,val,2,Moderate
aptos:val/2_Moderate/f18abfa690ab.png,aptos,f18abfa690ab,f18abfa690ab.png,A:\DR_classification\data\organized\aptos\val\2_Moderate\f18abfa690ab.png,val/2_Moderate/f18abfa690ab.png,val,2,Moderate
aptos:val/2_Moderate/f61bf44c677c.png,aptos,f61bf44c677c,f61bf44c677c.png,A:\DR_classification\data\organized\aptos\val\2_Moderate\f61bf44c677c.png,val/2_Moderate/f61bf44c677c.png,val,2,Moderate
aptos:val/2_Moderate/f9e779a13204.png,aptos,f9e779a13204,f9e779a13204.png,A:\DR_classification\data\organized\aptos\val\2_Moderate\f9e779a13204.png,val/2_Moderate/f9e779a13204.png,val,2,Moderate
aptos:val/2_Moderate/fcc55ae641ae.png,aptos,fcc55ae641ae,fcc55ae641ae.png,A:\DR_classification\data\organized\aptos\val\2_Moderate\fcc55ae641ae.png,val/2_Moderate/fcc55ae641ae.png,val,2,Moderate
aptos:val/2_Moderate/ffec9a18a3ce.png,aptos,ffec9a18a3ce,ffec9a18a3ce.png,A:\DR_classification\data\organized\aptos\val\2_Moderate\ffec9a18a3ce.png,val/2_Moderate/ffec9a18a3ce.png,val,2,Moderate
aptos:val/3_Severe/03c85870824c.png,aptos,03c85870824c,03c85870824c.png,A:\DR_classification\data\organized\aptos\val\3_Severe\03c85870824c.png,val/3_Severe/03c85870824c.png,val,3,Severe
aptos:val/3_Severe/05cd0178ccfe.png,aptos,05cd0178ccfe,05cd0178ccfe.png,A:\DR_classification\data\organized\aptos\val\3_Severe\05cd0178ccfe.png,val/3_Severe/05cd0178ccfe.png,val,3,Severe
aptos:val/3_Severe/0f96c358a250.png,aptos,0f96c358a250,0f96c358a250.png,A:\DR_classification\data\organized\aptos\val\3_Severe\0f96c358a250.png,val/3_Severe/0f96c358a250.png,val,3,Severe
aptos:val/3_Severe/1ab3f1c71a5f.png,aptos,1ab3f1c71a5f,1ab3f1c71a5f.png,A:\DR_classification\data\organized\aptos\val\3_Severe\1ab3f1c71a5f.png,val/3_Severe/1ab3f1c71a5f.png,val,3,Severe
aptos:val/3_Severe/299086c6d1b5.png,aptos,299086c6d1b5,299086c6d1b5.png,A:\DR_classification\data\organized\aptos\val\3_Severe\299086c6d1b5.png,val/3_Severe/299086c6d1b5.png,val,3,Severe
aptos:val/3_Severe/3218a6d8eb2c.png,aptos,3218a6d8eb2c,3218a6d8eb2c.png,A:\DR_classification\data\organized\aptos\val\3_Severe\3218a6d8eb2c.png,val/3_Severe/3218a6d8eb2c.png,val,3,Severe
aptos:val/3_Severe/38055d8b9f08.png,aptos,38055d8b9f08,38055d8b9f08.png,A:\DR_classification\data\organized\aptos\val\3_Severe\38055d8b9f08.png,val/3_Severe/38055d8b9f08.png,val,3,Severe
aptos:val/3_Severe/39aa3cd93c50.png,aptos,39aa3cd93c50,39aa3cd93c50.png,A:\DR_classification\data\organized\aptos\val\3_Severe\39aa3cd93c50.png,val/3_Severe/39aa3cd93c50.png,val,3,Severe
aptos:val/3_Severe/3e3a3955b9c5.png,aptos,3e3a3955b9c5,3e3a3955b9c5.png,A:\DR_classification\data\organized\aptos\val\3_Severe\3e3a3955b9c5.png,val/3_Severe/3e3a3955b9c5.png,val,3,Severe
aptos:val/3_Severe/3f49f8d100e9.png,aptos,3f49f8d100e9,3f49f8d100e9.png,A:\DR_classification\data\organized\aptos\val\3_Severe\3f49f8d100e9.png,val/3_Severe/3f49f8d100e9.png,val,3,Severe
aptos:val/3_Severe/5b3e7197ac1c.png,aptos,5b3e7197ac1c,5b3e7197ac1c.png,A:\DR_classification\data\organized\aptos\val\3_Severe\5b3e7197ac1c.png,val/3_Severe/5b3e7197ac1c.png,val,3,Severe
aptos:val/3_Severe/6089fa333013.png,aptos,6089fa333013,6089fa333013.png,A:\DR_classification\data\organized\aptos\val\3_Severe\6089fa333013.png,val/3_Severe/6089fa333013.png,val,3,Severe
aptos:val/3_Severe/697538183db5.png,aptos,697538183db5,697538183db5.png,A:\DR_classification\data\organized\aptos\val\3_Severe\697538183db5.png,val/3_Severe/697538183db5.png,val,3,Severe
aptos:val/3_Severe/6fb656d506b2.png,aptos,6fb656d506b2,6fb656d506b2.png,A:\DR_classification\data\organized\aptos\val\3_Severe\6fb656d506b2.png,val/3_Severe/6fb656d506b2.png,val,3,Severe
aptos:val/3_Severe/762d6e5d5068.png,aptos,762d6e5d5068,762d6e5d5068.png,A:\DR_classification\data\organized\aptos\val\3_Severe\762d6e5d5068.png,val/3_Severe/762d6e5d5068.png,val,3,Severe
aptos:val/3_Severe/7a6e384a0846.png,aptos,7a6e384a0846,7a6e384a0846.png,A:\DR_classification\data\organized\aptos\val\3_Severe\7a6e384a0846.png,val/3_Severe/7a6e384a0846.png,val,3,Severe
aptos:val/3_Severe/7b29e3783919.png,aptos,7b29e3783919,7b29e3783919.png,A:\DR_classification\data\organized\aptos\val\3_Severe\7b29e3783919.png,val/3_Severe/7b29e3783919.png,val,3,Severe
aptos:val/3_Severe/8958a4d17b7e.png,aptos,8958a4d17b7e,8958a4d17b7e.png,A:\DR_classification\data\organized\aptos\val\3_Severe\8958a4d17b7e.png,val/3_Severe/8958a4d17b7e.png,val,3,Severe
aptos:val/3_Severe/8c0d05233238.png,aptos,8c0d05233238,8c0d05233238.png,A:\DR_classification\data\organized\aptos\val\3_Severe\8c0d05233238.png,val/3_Severe/8c0d05233238.png,val,3,Severe
aptos:val/3_Severe/9bafbbd152d2.png,aptos,9bafbbd152d2,9bafbbd152d2.png,A:\DR_classification\data\organized\aptos\val\3_Severe\9bafbbd152d2.png,val/3_Severe/9bafbbd152d2.png,val,3,Severe
aptos:val/3_Severe/bb5083fae98f.png,aptos,bb5083fae98f,bb5083fae98f.png,A:\DR_classification\data\organized\aptos\val\3_Severe\bb5083fae98f.png,val/3_Severe/bb5083fae98f.png,val,3,Severe
aptos:val/3_Severe/d035c2bd9104.png,aptos,d035c2bd9104,d035c2bd9104.png,A:\DR_classification\data\organized\aptos\val\3_Severe\d035c2bd9104.png,val/3_Severe/d035c2bd9104.png,val,3,Severe
aptos:val/3_Severe/dd3dad6ca78f.png,aptos,dd3dad6ca78f,dd3dad6ca78f.png,A:\DR_classification\data\organized\aptos\val\3_Severe\dd3dad6ca78f.png,val/3_Severe/dd3dad6ca78f.png,val,3,Severe
aptos:val/3_Severe/e19936582c61.png,aptos,e19936582c61,e19936582c61.png,A:\DR_classification\data\organized\aptos\val\3_Severe\e19936582c61.png,val/3_Severe/e19936582c61.png,val,3,Severe
aptos:val/3_Severe/f576e45d1da2.png,aptos,f576e45d1da2,f576e45d1da2.png,A:\DR_classification\data\organized\aptos\val\3_Severe\f576e45d1da2.png,val/3_Severe/f576e45d1da2.png,val,3,Severe
aptos:val/3_Severe/f6f433f3306f.png,aptos,f6f433f3306f,f6f433f3306f.png,A:\DR_classification\data\organized\aptos\val\3_Severe\f6f433f3306f.png,val/3_Severe/f6f433f3306f.png,val,3,Severe
aptos:val/3_Severe/f901d460517c.png,aptos,f901d460517c,f901d460517c.png,A:\DR_classification\data\organized\aptos\val\3_Severe\f901d460517c.png,val/3_Severe/f901d460517c.png,val,3,Severe
aptos:val/4_Proliferative_DR/0243404e8a00.png,aptos,0243404e8a00,0243404e8a00.png,A:\DR_classification\data\organized\aptos\val\4_Proliferative_DR\0243404e8a00.png,val/4_Proliferative_DR/0243404e8a00.png,val,4,Proliferative_DR
aptos:val/4_Proliferative_DR/0e0fc1d9810c.png,aptos,0e0fc1d9810c,0e0fc1d9810c.png,A:\DR_classification\data\organized\aptos\val\4_Proliferative_DR\0e0fc1d9810c.png,val/4_Proliferative_DR/0e0fc1d9810c.png,val,4,Proliferative_DR
aptos:val/4_Proliferative_DR/1638404f385c.png,aptos,1638404f385c,1638404f385c.png,A:\DR_classification\data\organized\aptos\val\4_Proliferative_DR\1638404f385c.png,val/4_Proliferative_DR/1638404f385c.png,val,4,Proliferative_DR
aptos:val/4_Proliferative_DR/165cd2070ebd.png,aptos,165cd2070ebd,165cd2070ebd.png,A:\DR_classification\data\organized\aptos\val\4_Proliferative_DR\165cd2070ebd.png,val/4_Proliferative_DR/165cd2070ebd.png,val,4,Proliferative_DR
aptos:val/4_Proliferative_DR/187f6ccda87a.png,aptos,187f6ccda87a,187f6ccda87a.png,A:\DR_classification\data\organized\aptos\val\4_Proliferative_DR\187f6ccda87a.png,val/4_Proliferative_DR/187f6ccda87a.png,val,4,Proliferative_DR
aptos:val/4_Proliferative_DR/1fd5d860d4d7.png,aptos,1fd5d860d4d7,1fd5d860d4d7.png,A:\DR_classification\data\organized\aptos\val\4_Proliferative_DR\1fd5d860d4d7.png,val/4_Proliferative_DR/1fd5d860d4d7.png,val,4,Proliferative_DR
aptos:val/4_Proliferative_DR/211518c46162.png,aptos,211518c46162,211518c46162.png,A:\DR_classification\data\organized\aptos\val\4_Proliferative_DR\211518c46162.png,val/4_Proliferative_DR/211518c46162.png,val,4,Proliferative_DR
aptos:val/4_Proliferative_DR/254052cf3e48.png,aptos,254052cf3e48,254052cf3e48.png,A:\DR_classification\data\organized\aptos\val\4_Proliferative_DR\254052cf3e48.png,val/4_Proliferative_DR/254052cf3e48.png,val,4,Proliferative_DR
aptos:val/4_Proliferative_DR/26463a5fb949.png,aptos,26463a5fb949,26463a5fb949.png,A:\DR_classification\data\organized\aptos\val\4_Proliferative_DR\26463a5fb949.png,val/4_Proliferative_DR/26463a5fb949.png,val,4,Proliferative_DR
aptos:val/4_Proliferative_DR/27e2be850a99.png,aptos,27e2be850a99,27e2be850a99.png,A:\DR_classification\data\organized\aptos\val\4_Proliferative_DR\27e2be850a99.png,val/4_Proliferative_DR/27e2be850a99.png,val,4,Proliferative_DR
aptos:val/4_Proliferative_DR/3810040096cb.png,aptos,3810040096cb,3810040096cb.png,A:\DR_classification\data\organized\aptos\val\4_Proliferative_DR\3810040096cb.png,val/4_Proliferative_DR/3810040096cb.png,val,4,Proliferative_DR
aptos:val/4_Proliferative_DR/3ac3fbfca7d4.png,aptos,3ac3fbfca7d4,3ac3fbfca7d4.png,A:\DR_classification\data\organized\aptos\val\4_Proliferative_DR\3ac3fbfca7d4.png,val/4_Proliferative_DR/3ac3fbfca7d4.png,val,4,Proliferative_DR
aptos:val/4_Proliferative_DR/3ccf96c1dd6d.png,aptos,3ccf96c1dd6d,3ccf96c1dd6d.png,A:\DR_classification\data\organized\aptos\val\4_Proliferative_DR\3ccf96c1dd6d.png,val/4_Proliferative_DR/3ccf96c1dd6d.png,val,4,Proliferative_DR
aptos:val/4_Proliferative_DR/499c8df39222.png,aptos,499c8df39222,499c8df39222.png,A:\DR_classification\data\organized\aptos\val\4_Proliferative_DR\499c8df39222.png,val/4_Proliferative_DR/499c8df39222.png,val,4,Proliferative_DR
aptos:val/4_Proliferative_DR/4abca30b676b.png,aptos,4abca30b676b,4abca30b676b.png,A:\DR_classification\data\organized\aptos\val\4_Proliferative_DR\4abca30b676b.png,val/4_Proliferative_DR/4abca30b676b.png,val,4,Proliferative_DR
aptos:val/4_Proliferative_DR/4dc2211a1c31.png,aptos,4dc2211a1c31,4dc2211a1c31.png,A:\DR_classification\data\organized\aptos\val\4_Proliferative_DR\4dc2211a1c31.png,val/4_Proliferative_DR/4dc2211a1c31.png,val,4,Proliferative_DR
aptos:val/4_Proliferative_DR/63b4d030b016.png,aptos,63b4d030b016,63b4d030b016.png,A:\DR_classification\data\organized\aptos\val\4_Proliferative_DR\63b4d030b016.png,val/4_Proliferative_DR/63b4d030b016.png,val,4,Proliferative_DR
aptos:val/4_Proliferative_DR/6630f8675a97.png,aptos,6630f8675a97,6630f8675a97.png,A:\DR_classification\data\organized\aptos\val\4_Proliferative_DR\6630f8675a97.png,val/4_Proliferative_DR/6630f8675a97.png,val,4,Proliferative_DR
aptos:val/4_Proliferative_DR/664b1f9a2087.png,aptos,664b1f9a2087,664b1f9a2087.png,A:\DR_classification\data\organized\aptos\val\4_Proliferative_DR\664b1f9a2087.png,val/4_Proliferative_DR/664b1f9a2087.png,val,4,Proliferative_DR
aptos:val/4_Proliferative_DR/6d259b5b4c76.png,aptos,6d259b5b4c76,6d259b5b4c76.png,A:\DR_classification\data\organized\aptos\val\4_Proliferative_DR\6d259b5b4c76.png,val/4_Proliferative_DR/6d259b5b4c76.png,val,4,Proliferative_DR
aptos:val/4_Proliferative_DR/6daef3e5ca22.png,aptos,6daef3e5ca22,6daef3e5ca22.png,A:\DR_classification\data\organized\aptos\val\4_Proliferative_DR\6daef3e5ca22.png,val/4_Proliferative_DR/6daef3e5ca22.png,val,4,Proliferative_DR
aptos:val/4_Proliferative_DR/6e73acb2cf60.png,aptos,6e73acb2cf60,6e73acb2cf60.png,A:\DR_classification\data\organized\aptos\val\4_Proliferative_DR\6e73acb2cf60.png,val/4_Proliferative_DR/6e73acb2cf60.png,val,4,Proliferative_DR
aptos:val/4_Proliferative_DR/79d44db3da2d.png,aptos,79d44db3da2d,79d44db3da2d.png,A:\DR_classification\data\organized\aptos\val\4_Proliferative_DR\79d44db3da2d.png,val/4_Proliferative_DR/79d44db3da2d.png,val,4,Proliferative_DR
aptos:val/4_Proliferative_DR/7c629b491d1a.png,aptos,7c629b491d1a,7c629b491d1a.png,A:\DR_classification\data\organized\aptos\val\4_Proliferative_DR\7c629b491d1a.png,val/4_Proliferative_DR/7c629b491d1a.png,val,4,Proliferative_DR
aptos:val/4_Proliferative_DR/7d626a7ffe76.png,aptos,7d626a7ffe76,7d626a7ffe76.png,A:\DR_classification\data\organized\aptos\val\4_Proliferative_DR\7d626a7ffe76.png,val/4_Proliferative_DR/7d626a7ffe76.png,val,4,Proliferative_DR
aptos:val/4_Proliferative_DR/875a2fc5fe23.png,aptos,875a2fc5fe23,875a2fc5fe23.png,A:\DR_classification\data\organized\aptos\val\4_Proliferative_DR\875a2fc5fe23.png,val/4_Proliferative_DR/875a2fc5fe23.png,val,4,Proliferative_DR
aptos:val/4_Proliferative_DR/8ac0c44bbf24.png,aptos,8ac0c44bbf24,8ac0c44bbf24.png,A:\DR_classification\data\organized\aptos\val\4_Proliferative_DR\8ac0c44bbf24.png,val/4_Proliferative_DR/8ac0c44bbf24.png,val,4,Proliferative_DR
aptos:val/4_Proliferative_DR/8bad12d70368.png,aptos,8bad12d70368,8bad12d70368.png,A:\DR_classification\data\organized\aptos\val\4_Proliferative_DR\8bad12d70368.png,val/4_Proliferative_DR/8bad12d70368.png,val,4,Proliferative_DR
aptos:val/4_Proliferative_DR/8f318a978844.png,aptos,8f318a978844,8f318a978844.png,A:\DR_classification\data\organized\aptos\val\4_Proliferative_DR\8f318a978844.png,val/4_Proliferative_DR/8f318a978844.png,val,4,Proliferative_DR
aptos:val/4_Proliferative_DR/8fd7ad26e691.png,aptos,8fd7ad26e691,8fd7ad26e691.png,A:\DR_classification\data\organized\aptos\val\4_Proliferative_DR\8fd7ad26e691.png,val/4_Proliferative_DR/8fd7ad26e691.png,val,4,Proliferative_DR
aptos:val/4_Proliferative_DR/9859e2a6cc24.png,aptos,9859e2a6cc24,9859e2a6cc24.png,A:\DR_classification\data\organized\aptos\val\4_Proliferative_DR\9859e2a6cc24.png,val/4_Proliferative_DR/9859e2a6cc24.png,val,4,Proliferative_DR
aptos:val/4_Proliferative_DR/a0cd7bffdaa0.png,aptos,a0cd7bffdaa0,a0cd7bffdaa0.png,A:\DR_classification\data\organized\aptos\val\4_Proliferative_DR\a0cd7bffdaa0.png,val/4_Proliferative_DR/a0cd7bffdaa0.png,val,4,Proliferative_DR
aptos:val/4_Proliferative_DR/a182b5b191de.png,aptos,a182b5b191de,a182b5b191de.png,A:\DR_classification\data\organized\aptos\val\4_Proliferative_DR\a182b5b191de.png,val/4_Proliferative_DR/a182b5b191de.png,val,4,Proliferative_DR
aptos:val/4_Proliferative_DR/a3fcf42ff56d.png,aptos,a3fcf42ff56d,a3fcf42ff56d.png,A:\DR_classification\data\organized\aptos\val\4_Proliferative_DR\a3fcf42ff56d.png,val/4_Proliferative_DR/a3fcf42ff56d.png,val,4,Proliferative_DR
aptos:val/4_Proliferative_DR/b49b2fac2514.png,aptos,b49b2fac2514,b49b2fac2514.png,A:\DR_classification\data\organized\aptos\val\4_Proliferative_DR\b49b2fac2514.png,val/4_Proliferative_DR/b49b2fac2514.png,val,4,Proliferative_DR
aptos:val/4_Proliferative_DR/b70cb31b9abb.png,aptos,b70cb31b9abb,b70cb31b9abb.png,A:\DR_classification\data\organized\aptos\val\4_Proliferative_DR\b70cb31b9abb.png,val/4_Proliferative_DR/b70cb31b9abb.png,val,4,Proliferative_DR
aptos:val/4_Proliferative_DR/b90bc89ce8d8.png,aptos,b90bc89ce8d8,b90bc89ce8d8.png,A:\DR_classification\data\organized\aptos\val\4_Proliferative_DR\b90bc89ce8d8.png,val/4_Proliferative_DR/b90bc89ce8d8.png,val,4,Proliferative_DR
aptos:val/4_Proliferative_DR/d2c2f02bb313.png,aptos,d2c2f02bb313,d2c2f02bb313.png,A:\DR_classification\data\organized\aptos\val\4_Proliferative_DR\d2c2f02bb313.png,val/4_Proliferative_DR/d2c2f02bb313.png,val,4,Proliferative_DR
aptos:val/4_Proliferative_DR/d9ba044671e1.png,aptos,d9ba044671e1,d9ba044671e1.png,A:\DR_classification\data\organized\aptos\val\4_Proliferative_DR\d9ba044671e1.png,val/4_Proliferative_DR/d9ba044671e1.png,val,4,Proliferative_DR
aptos:val/4_Proliferative_DR/e62490b7d0e9.png,aptos,e62490b7d0e9,e62490b7d0e9.png,A:\DR_classification\data\organized\aptos\val\4_Proliferative_DR\e62490b7d0e9.png,val/4_Proliferative_DR/e62490b7d0e9.png,val,4,Proliferative_DR
aptos:val/4_Proliferative_DR/f549294e12e1.png,aptos,f549294e12e1,f549294e12e1.png,A:\DR_classification\data\organized\aptos\val\4_Proliferative_DR\f549294e12e1.png,val/4_Proliferative_DR/f549294e12e1.png,val,4,Proliferative_DR
