image_id,path,true_label,true_class,msag_pred,vlm_pred,ensemble_pred,msag_correct,vlm_correct,ensemble_correct,msag_prob_0,msag_prob_1,msag_prob_2,msag_prob_3,msag_prob_4,vlm_prob_0,vlm_prob_1,vlm_prob_2,vlm_prob_3,vlm_prob_4,ensemble_prob_0,ensemble_prob_1,ensemble_prob_2,ensemble_prob_3,ensemble_prob_4
04aef84a2cc1,A:\DR_classification\data\organized\pooled_aptos_ddr\test\0_No_DR\04aef84a2cc1.png,0,No DR,0,0,0,True,True,True,0.9718539714813232,0.005405210889875889,0.00939337257295847,0.005688130855560303,0.007659288588911295,0.9370307922363281,0.023848161101341248,0.002894633449614048,0.006118432153016329,0.03010793961584568,0.9614070653915405,0.010938095860183239,0.007443751208484173,0.005817221011966467,0.014393884688615799
0b2ea8f268cf,A:\DR_classification\data\organized\pooled_aptos_ddr\test\0_No_DR\0b2ea8f268cf.png,0,No DR,0,0,0,True,True,True,0.9628551602363586,0.025748129934072495,0.0037627997808158398,0.0029905361589044333,0.004643402993679047,0.8548688888549805,0.05938580259680748,0.0012210382847115397,0.003190414048731327,0.08133380115032196,0.9304592609405518,0.03583943098783493,0.003000271273776889,0.003050499362871051,0.02765052393078804
0babc12807b2,A:\DR_classification\data\organized\pooled_aptos_ddr\test\0_No_DR\0babc12807b2.png,0,No DR,1,0,1,False,True,False,0.03927968442440033,0.6720920205116272,0.15393932163715363,0.026544440537691116,0.10814455896615982,0.9574242830276489,0.025352373719215393,0.0034937276504933834,0.004828480537980795,0.008901115506887436,0.31472307443618774,0.47807011008262634,0.10880564153194427,0.020029651001095772,0.07837152481079102
0d744aed4d64,A:\DR_classification\data\organized\pooled_aptos_ddr\test\0_No_DR\0d744aed4d64.png,0,No DR,0,0,0,True,True,True,0.9481134414672852,0.01558115053921938,0.010696071200072765,0.012573153711855412,0.013036242686212063,0.9685917496681213,0.0267550777643919,0.0006175858434289694,0.000728693965356797,0.0033067725598812103,0.9542569518089294,0.018933329731225967,0.007672525476664305,0.009019816294312477,0.010117401368916035
0e94cd271c00,A:\DR_classification\data\organized\pooled_aptos_ddr\test\0_No_DR\0e94cd271c00.png,0,No DR,0,0,0,True,True,True,0.8829913139343262,0.052167683839797974,0.03136073425412178,0.01980706863105297,0.013673212379217148,0.9119619131088257,0.07437252253293991,0.0016354116378352046,0.0022989478893578053,0.009731280617415905,0.891682505607605,0.058829136192798615,0.02244313806295395,0.014554631896317005,0.012490632943809032
1509d097b69a,A:\DR_classification\data\organized\pooled_aptos_ddr\test\0_No_DR\1509d097b69a.png,0,No DR,0,0,0,True,True,True,0.8981008529663086,0.030324870720505714,0.04232334718108177,0.014084000140428543,0.01516689732670784,0.7989053726196289,0.17788085341453552,0.002595266792923212,0.006265820004045963,0.014352676458656788,0.8683421611785889,0.07459166646003723,0.030404923483729362,0.011738546192646027,0.014922630973160267
15c24478ac72,A:\DR_classification\data\organized\pooled_aptos_ddr\test\0_No_DR\15c24478ac72.png,0,No DR,0,0,0,True,True,True,0.9755938053131104,0.005102262366563082,0.009176837280392647,0.0041671679355204105,0.005959878209978342,0.845450222492218,0.1331775039434433,0.0051149181090295315,0.004745545331388712,0.011511705815792084,0.9365507364273071,0.043524838984012604,0.007958261296153069,0.004340681247413158,0.007625427097082138
1ca91751be4d,A:\DR_classification\data\organized\pooled_aptos_ddr\test\0_No_DR\1ca91751be4d.png,0,No DR,0,0,0,True,True,True,0.9088970422744751,0.02199314720928669,0.028756581246852875,0.030268829315900803,0.010084332898259163,0.9129599332809448,0.07083117961883545,0.0016598968068137765,0.0024310527369379997,0.012117971666157246,0.9101158976554871,0.03664455562829971,0.020627574995160103,0.021917495876550674,0.010694424621760845
1f4fb37e0854,A:\DR_classification\data\organized\pooled_aptos_ddr\test\0_No_DR\1f4fb37e0854.png,0,No DR,0,0,0,True,True,True,0.9709513783454895,0.019342707470059395,0.002399421064183116,0.004493267275393009,0.002813211176544428,0.9899744391441345,0.0062285782769322395,0.0005347373080439866,0.0004147574945818633,0.002847487572580576,0.9766583442687988,0.01540846936404705,0.001840015989728272,0.003269714303314686,0.002823494141921401
207dd0487264,A:\DR_classification\data\organized\pooled_aptos_ddr\test\0_No_DR\207dd0487264.png,0,No DR,0,0,0,True,True,True,0.9004088044166565,0.058868322521448135,0.01635434478521347,0.01604856550693512,0.00831998884677887,0.9642847180366516,0.030152857303619385,0.0009382161078974605,0.0015670860884711146,0.0030569899827241898,0.919571578502655,0.05025368183851242,0.011729506775736809,0.011704121716320515,0.006741089280694723
20f86e068276,A:\DR_classification\data\organized\pooled_aptos_ddr\test\0_No_DR\20f86e068276.png,0,No DR,0,0,0,True,True,True,0.9758618474006653,0.008617992512881756,0.006344596389681101,0.006518513895571232,0.0026570232585072517,0.9624617695808411,0.009236706420779228,0.0011726771481335163,0.012862553820014,0.014266308397054672,0.9718418121337891,0.008803606033325195,0.004793020896613598,0.00842172559350729,0.006139809265732765
2209daf71aab,A:\DR_classification\data\organized\pooled_aptos_ddr\test\0_No_DR\2209daf71aab.png,0,No DR,0,0,0,True,True,True,0.942504346370697,0.011860436759889126,0.022795720025897026,0.012730040587484837,0.010109367780387402,0.9927587509155273,0.005416774656623602,0.000139896510518156,0.0007411027327179909,0.0009435088140890002,0.9575806856155396,0.009927337989211082,0.015998972579836845,0.009133359417319298,0.007359609939157963
25b4080f598b,A:\DR_classification\data\organized\pooled_aptos_ddr\test\0_No_DR\25b4080f598b.png,0,No DR,0,0,0,True,True,True,0.9744028449058533,0.006696732714772224,0.010692656971514225,0.004138310439884663,0.004069328308105469,0.9600942134857178,0.02199126034975052,0.0010793418623507023,0.004609882365912199,0.012225234881043434,0.970110297203064,0.011285090819001198,0.007808662485331297,0.004279782064259052,0.006516100373119116
26d60db3bbfd,A:\DR_classification\data\organized\pooled_aptos_ddr\test\0_No_DR\26d60db3bbfd.png,0,No DR,0,0,0,True,True,True,0.8181000351905823,0.14264114201068878,0.013091878034174442,0.01743006892502308,0.008736837655305862,0.8253090381622314,0.09284257888793945,0.007125792093575001,0.02071811445057392,0.05400441214442253,0.8202627897262573,0.12770158052444458,0.011302052065730095,0.01841648295521736,0.022317111492156982
2b10f138e67d,A:\DR_classification\data\organized\pooled_aptos_ddr\test\0_No_DR\2b10f138e67d.png,0,No DR,1,0,0,False,True,True,0.32081034779548645,0.5492371916770935,0.04238926246762276,0.05348765105009079,0.03407558053731918,0.9584888219833374,0.009339195676147938,0.001711924560368061,0.007090994622558355,0.023368917405605316,0.5121139287948608,0.3872677683830261,0.030186060816049576,0.03956865146756172,0.030863581225275993
2d07162a13b1,A:\DR_classification\data\organized\pooled_aptos_ddr\test\0_No_DR\2d07162a13b1.png,0,No DR,0,0,0,True,True,True,0.7438859343528748,0.14094391465187073,0.07783781737089157,0.019672108814120293,0.017660221084952354,0.9152328372001648,0.018283119425177574,0.00854477472603321,0.02780800871551037,0.030131233856081963,0.7952899932861328,0.10414567589759827,0.05704990401864052,0.022112879902124405,0.021401524543762207
2eba4279e503,A:\DR_classification\data\organized\pooled_aptos_ddr\test\0_No_DR\2eba4279e503.png,0,No DR,0,0,0,True,True,True,0.9262485504150391,0.011891559697687626,0.03714640066027641,0.007426861207932234,0.017286652699112892,0.7263818979263306,0.21648386120796204,0.00876701157540083,0.006419663317501545,0.0419476255774498,0.8662885427474976,0.07326925545930862,0.02863258309662342,0.007124701980501413,0.02468494512140751
31360e44ac64,A:\DR_classification\data\organized\pooled_aptos_ddr\test\0_No_DR\31360e44ac64.png,0,No DR,0,0,0,True,True,True,0.5312179327011108,0.31727176904678345,0.021604591980576515,0.06692682951688766,0.06297891587018967,0.9882168173789978,0.00642000138759613,0.000601604871917516,0.002855081344023347,0.0019064049702137709,0.6683176159858704,0.2240162342786789,0.01530369557440281,0.047705307602882385,0.04465716332197189
3323fd59782e,A:\DR_classification\data\organized\pooled_aptos_ddr\test\0_No_DR\3323fd59782e.png,0,No DR,0,0,0,True,True,True,0.9712764620780945,0.006944673601537943,0.012043826282024384,0.0047510783188045025,0.004983806982636452,0.8144199252128601,0.16915525496006012,0.0023386965040117502,0.0028611382003873587,0.011225047521293163,0.9242194890975952,0.05560785159468651,0.009132287465035915,0.004184096120297909,0.006856178864836693
342edf9b889d,A:\DR_classification\data\organized\pooled_aptos_ddr\test\0_No_DR\342edf9b889d.png,0,No DR,0,0,0,True,True,True,0.8743663430213928,0.09754730761051178,0.011101944372057915,0.011006574146449566,0.005977805238217115,0.9948104619979858,0.0013683908618986607,0.00019202080147806555,0.0005786356050521135,0.003050523577257991,0.9104995727539062,0.0686936303973198,0.007828967645764351,0.007878192700445652,0.005099620670080185
35ac70c0d08f,A:\DR_classification\data\organized\pooled_aptos_ddr\test\0_No_DR\35ac70c0d08f.png,0,No DR,0,0,0,True,True,True,0.9120095372200012,0.0297709908336401,0.027734961360692978,0.02114364504814148,0.00934088695794344,0.8493347764015198,0.1286684274673462,0.0018760089296847582,0.002538264263421297,0.01758238486945629,0.8932071328163147,0.05944022536277771,0.019977275282144547,0.015562030486762524,0.011813336983323097
370f575adb23,A:\DR_classification\data\organized\pooled_aptos_ddr\test\0_No_DR\370f575adb23.png,0,No DR,0,0,0,True,True,True,0.933292031288147,0.01990773156285286,0.014788329601287842,0.018884649500250816,0.013127348385751247,0.9708449244499207,0.021891746670007706,0.0005020249518565834,0.002267202828079462,0.0044940863735973835,0.9445579051971436,0.020502936094999313,0.010502438060939312,0.013899414800107479,0.01053737010806799
38373431d996,A:\DR_classification\data\organized\pooled_aptos_ddr\test\0_No_DR\38373431d996.png,0,No DR,0,0,0,True,True,True,0.9815576672554016,0.004095383454114199,0.005820354912430048,0.00561286136507988,0.0029137199744582176,0.9800708889961243,0.008181671611964703,0.0013240094995126128,0.0028285025618970394,0.007595033384859562,0.9811116456985474,0.005321269854903221,0.004471451509743929,0.004777553491294384,0.0043181139044463634
3cd9713c0ecb,A:\DR_classification\data\organized\pooled_aptos_ddr\test\0_No_DR\3cd9713c0ecb.png,0,No DR,0,0,0,True,True,True,0.9279636740684509,0.022573035210371017,0.019684402272105217,0.019689304754137993,0.010089640505611897,0.9401578307151794,0.05327590927481651,0.0010760992299765348,0.0014324248768389225,0.004057687241584063,0.9316219091415405,0.031783897429704666,0.014101911336183548,0.01421224046498537,0.008280054666101933
3dec415b188a,A:\DR_classification\data\organized\pooled_aptos_ddr\test\0_No_DR\3dec415b188a.png,0,No DR,0,0,0,True,True,True,0.9186223745346069,0.03722623735666275,0.019440902397036552,0.015418927185237408,0.009291508235037327,0.9330140352249146,0.05358234420418739,0.0020676427520811558,0.003666982986032963,0.007668962236493826,0.9229398965835571,0.04213307052850723,0.014228924177587032,0.01189334411174059,0.008804744109511375
41ab357d103f,A:\DR_classification\data\organized\pooled_aptos_ddr\test\0_No_DR\41ab357d103f.png,0,No DR,0,0,0,True,True,True,0.9235384464263916,0.052909038960933685,0.010125597007572651,0.010349391028285027,0.0030774471815675497,0.9944115281105042,0.0025377559941262007,0.00021801666298415512,0.0013267293106764555,0.0015060044825077057,0.9448003768920898,0.037797652184963226,0.007153322920203209,0.007642592303454876,0.0026060142554342747
4276b82e4489,A:\DR_classification\data\organized\pooled_aptos_ddr\test\0_No_DR\4276b82e4489.png,0,No DR,0,0,0,True,True,True,0.8554831743240356,0.10374785959720612,0.015173621475696564,0.013176178559660912,0.012419069185853004,0.9602774381637573,0.012388420291244984,0.0013010313268750906,0.004560662433505058,0.02147241309285164,0.8869214653968811,0.07634002715349197,0.011011844500899315,0.010591523721814156,0.01513507217168808
44a86263117b,A:\DR_classification\data\organized\pooled_aptos_ddr\test\0_No_DR\44a86263117b.png,0,No DR,0,0,0,True,True,True,0.9248278141021729,0.011517265811562538,0.03302936628460884,0.021134939044713974,0.009490732103586197,0.9043396711349487,0.07410313934087753,0.002664078725501895,0.003609692445024848,0.015283358283340931,0.9186813831329346,0.03029302880167961,0.023919779807329178,0.015877364203333855,0.011228520423173904
4c17e85686f0,A:\DR_classification\data\organized\pooled_aptos_ddr\test\0_No_DR\4c17e85686f0.png,0,No DR,0,0,0,True,True,True,0.8712700605392456,0.07520168274641037,0.02476145699620247,0.015228685922920704,0.013538133352994919,0.9265802502632141,0.057420387864112854,0.0015009482158347964,0.0024820382241159678,0.012016287073493004,0.8878631591796875,0.06986729055643082,0.017783304676413536,0.011404691264033318,0.013081579469144344
4c635a01593d,A:\DR_classification\data\organized\pooled_aptos_ddr\test\0_No_DR\4c635a01593d.png,0,No DR,0,0,0,True,True,True,0.9786625504493713,0.005097006447613239,0.0069431122392416,0.006957880686968565,0.0023395393509417772,0.9284402132034302,0.04968328773975372,0.003350816434249282,0.005163602065294981,0.013362031430006027,0.9635958671569824,0.018472891300916672,0.00586542347446084,0.006419597193598747,0.005646287463605404
4cfd22ae43d4,A:\DR_classification\data\organized\pooled_aptos_ddr\test\0_No_DR\4cfd22ae43d4.png,0,No DR,0,0,0,True,True,True,0.9596573710441589,0.017541905865073204,0.009027319960296154,0.004069778136909008,0.009703613817691803,0.8966346383094788,0.08040720224380493,0.0036809707526117563,0.004991718102246523,0.014285488054156303,0.9407505393028259,0.03640149533748627,0.007423414848744869,0.004346360452473164,0.011078176088631153
4e8585a96739,A:\DR_classification\data\organized\pooled_aptos_ddr\test\0_No_DR\4e8585a96739.png,0,No DR,0,0,0,True,True,True,0.9760520458221436,0.017445243895053864,0.0038530651945620775,0.0018696816405281425,0.0007798692677170038,0.7941955327987671,0.12568874657154083,0.006739061325788498,0.011828683316707611,0.061547890305519104,0.9214950799942017,0.049918293952941895,0.00471886433660984,0.004857382271438837,0.019010275602340698
4e85aa647534,A:\DR_classification\data\organized\pooled_aptos_ddr\test\0_No_DR\4e85aa647534.png,0,No DR,0,0,0,True,True,True,0.906629741191864,0.06493488699197769,0.011966758407652378,0.008569017983973026,0.007899578660726547,0.9892255663871765,0.005798073019832373,0.0003111401747446507,0.001601607189513743,0.0030636563897132874,0.9314085245132446,0.04719384387135506,0.008470072411000729,0.006478794850409031,0.006448802072554827
51e656e5a541,A:\DR_classification\data\organized\pooled_aptos_ddr\test\0_No_DR\51e656e5a541.png,0,No DR,0,0,0,True,True,True,0.9755817651748657,0.009376294910907745,0.005456323269754648,0.006052070762962103,0.0035334895364940166,0.9350612163543701,0.03571077436208725,0.0034276603255420923,0.00483475299552083,0.02096566930413246,0.9634256362915039,0.017276639118790627,0.0048477244563400745,0.005686875432729721,0.008763143792748451
571bbdbf585e,A:\DR_classification\data\organized\pooled_aptos_ddr\test\0_No_DR\571bbdbf585e.png,0,No DR,0,0,0,True,True,True,0.9325030446052551,0.03274174779653549,0.01474395114928484,0.010752427391707897,0.009258769452571869,0.9866958856582642,0.011592847295105457,0.0001310937077505514,0.00046753272181376815,0.0011126252356916666,0.9487608671188354,0.02639707736670971,0.010360093787312508,0.007666958961635828,0.0068149259313941
5c817060c0ed,A:\DR_classification\data\organized\pooled_aptos_ddr\test\0_No_DR\5c817060c0ed.png,0,No DR,0,0,0,True,True,True,0.9161501526832581,0.015976104885339737,0.03712783008813858,0.01836596429347992,0.012379863299429417,0.8632845878601074,0.11664760857820511,0.003109051613137126,0.004062275402247906,0.012896495871245861,0.9002904891967773,0.04617755860090256,0.02692219614982605,0.014074858278036118,0.01253485307097435
5f4a8c074bd5,A:\DR_classification\data\organized\pooled_aptos_ddr\test\0_No_DR\5f4a8c074bd5.png,0,No DR,0,0,0,True,True,True,0.9332879781723022,0.01958438567817211,0.019803166389465332,0.016678038984537125,0.01064646989107132,0.6345999240875244,0.34573349356651306,0.0033847875893115997,0.0022165824193507433,0.01406518928706646,0.8436815738677979,0.11742912232875824,0.014877652749419212,0.012339601293206215,0.011672086082398891
5fcff7280019,A:\DR_classification\data\organized\pooled_aptos_ddr\test\0_No_DR\5fcff7280019.png,0,No DR,0,0,0,True,True,True,0.8213037252426147,0.1436542570590973,0.00807859841734171,0.018267543986439705,0.00869589950889349,0.9812667369842529,0.010748273693025112,0.0004237582325004041,0.0023783757351338863,0.0051829139702022076,0.8692926168441772,0.10378246009349823,0.005782146006822586,0.013500792905688286,0.007642003707587719
606daaf0bfc7,A:\DR_classification\data\organized\pooled_aptos_ddr\test\0_No_DR\606daaf0bfc7.png,0,No DR,0,0,0,True,True,True,0.9580817222595215,0.014372548088431358,0.01527587790042162,0.008283945731818676,0.003985884133726358,0.981766402721405,0.01047690398991108,0.0009168456308543682,0.0010864079231396317,0.005753322038799524,0.9651871919631958,0.01320385467261076,0.010968168266117573,0.0061246841214597225,0.004516115412116051
67d8f94f04e0,A:\DR_classification\data\organized\pooled_aptos_ddr\test\0_No_DR\67d8f94f04e0.png,0,No DR,0,0,0,True,True,True,0.9443891048431396,0.029431935399770737,0.011937798000872135,0.008772592060267925,0.005468613468110561,0.9938965439796448,0.0036139050498604774,0.00019871947006322443,0.0008250467944890261,0.0014658980071544647,0.9592413902282715,0.021686526015400887,0.008416074328124523,0.0063883280381560326,0.004267798736691475
683023cda6a5,A:\DR_classification\data\organized\pooled_aptos_ddr\test\0_No_DR\683023cda6a5.png,0,No DR,0,0,0,True,True,True,0.6405232548713684,0.3080308735370636,0.022787509486079216,0.013690720312297344,0.014967644587159157,0.9701316356658936,0.024592937901616096,0.0001375727151753381,0.0014404311077669263,0.0036973878741264343,0.7394057512283325,0.2229994833469391,0.015992529690265656,0.010015632957220078,0.011586567386984825
6a2642131e4a,A:\DR_classification\data\organized\pooled_aptos_ddr\test\0_No_DR\6a2642131e4a.png,0,No DR,0,0,0,True,True,True,0.9769235253334045,0.00741000659763813,0.008412090130150318,0.0030009897891432047,0.004253299906849861,0.8540374636650085,0.12778428196907043,0.0016694702208042145,0.0025213321205228567,0.013987424783408642,0.9400577545166016,0.043522290885448456,0.00638930406421423,0.002857092535123229,0.007173537276685238
6b30767595d8,A:\DR_classification\data\organized\pooled_aptos_ddr\test\0_No_DR\6b30767595d8.png,0,No DR,0,0,0,True,True,True,0.9628608226776123,0.004637517966330051,0.018452204763889313,0.008616434410214424,0.005432969890534878,0.9653701186180115,0.015250378288328648,0.0009428188786841929,0.004320758860558271,0.014115814119577408,0.9636136293411255,0.00782137643545866,0.013199388980865479,0.00732773169875145,0.008037823252379894
6c30dd481717,A:\DR_classification\data\organized\pooled_aptos_ddr\test\0_No_DR\6c30dd481717.png,0,No DR,0,0,0,True,True,True,0.8936419486999512,0.08383592218160629,0.01135030947625637,0.005607501603662968,0.005564450286328793,0.936984121799469,0.011070006527006626,0.002447765553370118,0.007218767888844013,0.042279426008462906,0.9066445827484131,0.0620061494410038,0.008679546415805817,0.006090881302952766,0.01657894253730774
6c6505a0c637,A:\DR_classification\data\organized\pooled_aptos_ddr\test\0_No_DR\6c6505a0c637.png,0,No DR,0,0,0,True,True,True,0.9693548679351807,0.02362002432346344,0.0040746163576841354,0.0009592457790859044,0.001991265220567584,0.9458467364311218,0.036068156361579895,0.0027990308590233326,0.005041336640715599,0.010244757868349552,0.9623024463653564,0.027354463934898376,0.003691940801218152,0.0021838732063770294,0.004467313177883625
6ccfdb031184,A:\DR_classification\data\organized\pooled_aptos_ddr\test\0_No_DR\6ccfdb031184.png,0,No DR,0,0,0,True,True,True,0.7169914841651917,0.24825115501880646,0.01292005181312561,0.013001920655369759,0.008835405111312866,0.8363683223724365,0.03498464077711105,0.01071367971599102,0.019901128485798836,0.09803229570388794,0.7528045773506165,0.1842712014913559,0.012258140370249748,0.015071682631969452,0.03559447452425957
6d9effbcde78,A:\DR_classification\data\organized\pooled_aptos_ddr\test\0_No_DR\6d9effbcde78.png,0,No DR,0,0,0,True,True,True,0.5288843512535095,0.32470789551734924,0.025598952546715736,0.05965401232242584,0.061154790222644806,0.983942449092865,0.010473762638866901,0.0003507158253341913,0.0033924037124961615,0.0018406575545668602,0.665401816368103,0.23043765127658844,0.01802448183298111,0.04277552664279938,0.043360549956560135
6fbaaf8eb67a,A:\DR_classification\data\organized\pooled_aptos_ddr\test\0_No_DR\6fbaaf8eb67a.png,0,No DR,0,0,0,True,True,True,0.6689665913581848,0.19344982504844666,0.028811026364564896,0.022615032270550728,0.08615754544734955,0.58062344789505,0.3735952377319336,0.01368060614913702,0.017170915380120277,0.014929736033082008,0.6424636840820312,0.2474934458732605,0.024271899834275246,0.020981796085834503,0.06478920578956604
7131bf4c9e6f,A:\DR_classification\data\organized\pooled_aptos_ddr\test\0_No_DR\7131bf4c9e6f.png,0,No DR,0,0,0,True,True,True,0.9131243824958801,0.05035184696316719,0.010083402507007122,0.01904941163957119,0.007390958722680807,0.7476198077201843,0.18111424148082733,0.005819087848067284,0.025400495156645775,0.04004634916782379,0.8634729981422424,0.08958056569099426,0.008804108016192913,0.020954737439751625,0.01718757674098015
726dff37edc0,A:\DR_classification\data\organized\pooled_aptos_ddr\test\0_No_DR\726dff37edc0.png,0,No DR,0,0,0,True,True,True,0.9513018131256104,0.025323154404759407,0.007139313034713268,0.009592504240572453,0.006643227767199278,0.9795183539390564,0.01104688085615635,0.0010661025298759341,0.003013558452948928,0.005355102475732565,0.9597667455673218,0.02104027196764946,0.005317349452525377,0.007618820294737816,0.006256790366023779
784d6d302f98,A:\DR_classification\data\organized\pooled_aptos_ddr\test\0_No_DR\784d6d302f98.png,0,No DR,0,0,0,True,True,True,0.8903061747550964,0.04003438726067543,0.024152183905243874,0.024593183770775795,0.020914066582918167,0.9032038450241089,0.08895228803157806,0.0016798899741843343,0.001847709878347814,0.004316308069974184,0.8941754698753357,0.05470975488424301,0.01741049438714981,0.01776954159140587,0.015934739261865616
799214e8b07c,A:\DR_classification\data\organized\pooled_aptos_ddr\test\0_No_DR\799214e8b07c.png,0,No DR,0,0,0,True,True,True,0.889895498752594,0.050214286893606186,0.03395060449838638,0.010520188137888908,0.015419354662299156,0.9479619264602661,0.04079760983586311,0.0009897544514387846,0.003959898371249437,0.006290762685239315,0.9073154330253601,0.047389283776283264,0.024062348529696465,0.00855210144072771,0.012680777348577976
7a46cfa69bae,A:\DR_classification\data\organized\pooled_aptos_ddr\test\0_No_DR\7a46cfa69bae.png,0,No DR,0,0,0,True,True,True,0.9032133221626282,0.04072140157222748,0.025484921410679817,0.013060108758509159,0.017520204186439514,0.8355560898780823,0.1265694499015808,0.004839236382395029,0.009052307344973087,0.023982852697372437,0.8829160928726196,0.06647581607103348,0.019291216507554054,0.011857768520712852,0.01945899799466133
7d0a871c45db,A:\DR_classification\data\organized\pooled_aptos_ddr\test\0_No_DR\7d0a871c45db.png,0,No DR,0,0,0,True,True,True,0.9743081331253052,0.009132780134677887,0.007823565043509007,0.003843387123197317,0.004892176948487759,0.9507781267166138,0.04089929908514023,0.0007554849144071341,0.0014339099870994687,0.006133177783340216,0.9672490954399109,0.01866273581981659,0.005703140515834093,0.0031205439008772373,0.005264477338641882
8241e43408a8,A:\DR_classification\data\organized\pooled_aptos_ddr\test\0_No_DR\8241e43408a8.png,0,No DR,0,0,0,True,True,True,0.9567315578460693,0.01092069037258625,0.017002178356051445,0.006822613533586264,0.00852291751652956,0.8461583852767944,0.13483141362667084,0.0030611795373260975,0.002431608270853758,0.013517382554709911,0.9235596060752869,0.04809390753507614,0.01281987875699997,0.005505312234163284,0.01002125721424818
83a63c4a3e4a,A:\DR_classification\data\organized\pooled_aptos_ddr\test\0_No_DR\83a63c4a3e4a.png,0,No DR,0,0,0,True,True,True,0.9620766639709473,0.007166625931859016,0.019145451486110687,0.00513548543676734,0.006475930102169514,0.8455277681350708,0.12473461776971817,0.003334301058202982,0.003110460238531232,0.023292819038033485,0.9271119832992554,0.04243702441453934,0.014402106404304504,0.004527977667748928,0.011520996689796448
83fda7c0500b,A:\DR_classification\data\organized\pooled_aptos_ddr\test\0_No_DR\83fda7c0500b.png,0,No DR,0,0,0,True,True,True,0.9266752600669861,0.02916351705789566,0.01008643675595522,0.022103799507021904,0.011971025727689266,0.9887638092041016,0.00453260587528348,0.0003576186136342585,0.004147959873080254,0.002197995549067855,0.94530189037323,0.02177424356341362,0.00716779101639986,0.01671704836189747,0.009039117023348808
8448af27ba07,A:\DR_classification\data\organized\pooled_aptos_ddr\test\0_No_DR\8448af27ba07.png,0,No DR,0,1,0,True,False,True,0.8272131681442261,0.06904187798500061,0.04719800129532814,0.0364314466714859,0.020115479826927185,0.2150912582874298,0.7401244044303894,0.018303779885172844,0.00785097386687994,0.01862957514822483,0.6435766220092773,0.2703666388988495,0.038529735058546066,0.027857305482029915,0.019669707864522934
84b472c49cfa,A:\DR_classification\data\organized\pooled_aptos_ddr\test\0_No_DR\84b472c49cfa.png,0,No DR,0,0,0,True,True,True,0.9755151867866516,0.01686960645020008,0.002923013875260949,0.0023752604611217976,0.002316941972821951,0.973922610282898,0.01328195445239544,0.0012712894240394235,0.0016247328603640199,0.009899267926812172,0.9750373959541321,0.01579331047832966,0.0024274964816868305,0.0021501020528376102,0.004591640084981918
874f8c1929f6,A:\DR_classification\data\organized\pooled_aptos_ddr\test\0_No_DR\874f8c1929f6.png,0,No DR,0,0,0,True,True,True,0.9714595675468445,0.0048773991875350475,0.010180109180510044,0.004975604359060526,0.008507248014211655,0.9677320122718811,0.024640336632728577,0.0009400270064361393,0.0010788486106321216,0.005608793813735247,0.9703413248062134,0.010806281119585037,0.007408084347844124,0.003806577529758215,0.0076377117075026035
881ec6186e68,A:\DR_classification\data\organized\pooled_aptos_ddr\test\0_No_DR\881ec6186e68.png,0,No DR,0,0,0,True,True,True,0.941737949848175,0.025055626407265663,0.01690199226140976,0.009933870285749435,0.006370482966303825,0.845059335231781,0.1509961187839508,0.0005935098160989583,0.0015924460021778941,0.0017585869645699859,0.9127343893051147,0.06283777952194214,0.012009447440505028,0.007431443314999342,0.004986913874745369
896ad584a841,A:\DR_classification\data\organized\pooled_aptos_ddr\test\0_No_DR\896ad584a841.png,0,No DR,0,0,0,True,True,True,0.9676149487495422,0.014362827874720097,0.009495590813457966,0.003416132414713502,0.005110478028655052,0.9101147651672363,0.07805643230676651,0.0012641700450330973,0.0032887281849980354,0.007275822572410107,0.950364887714386,0.03347091004252434,0.007026164326816797,0.0033779111690819263,0.005760081112384796
8af50c9d0a86,A:\DR_classification\data\organized\pooled_aptos_ddr\test\0_No_DR\8af50c9d0a86.png,0,No DR,0,0,0,True,True,True,0.8112975358963013,0.14914457499980927,0.015861401334404945,0.005316540598869324,0.018379971385002136,0.9873567819595337,0.0035833942238241434,0.001013228902593255,0.003014517482370138,0.005032101180404425,0.8641153573989868,0.10547622293233871,0.01140694972127676,0.004625933710485697,0.014375610277056694
8d9516ea3587,A:\DR_classification\data\organized\pooled_aptos_ddr\test\0_No_DR\8d9516ea3587.png,0,No DR,0,0,0,True,True,True,0.9283345937728882,0.030706798657774925,0.019082993268966675,0.009917323477566242,0.011958207003772259,0.8900696039199829,0.10337318480014801,0.0012076966231688857,0.0019739645067602396,0.0033754599280655384,0.9168550968170166,0.052506715059280396,0.013720403425395489,0.007534315809607506,0.009383383207023144
8ead17dfb6a6,A:\DR_classification\data\organized\pooled_aptos_ddr\test\0_No_DR\8ead17dfb6a6.png,0,No DR,0,0,0,True,True,True,0.9346309304237366,0.04724825918674469,0.006803200114518404,0.00841394905000925,0.0029036428313702345,0.875149130821228,0.05714024230837822,0.004903447348624468,0.01142850611358881,0.05137869343161583,0.9167863726615906,0.05021585524082184,0.006233274471014738,0.009318316355347633,0.017446158453822136
8f06ca4642bd,A:\DR_classification\data\organized\pooled_aptos_ddr\test\0_No_DR\8f06ca4642bd.png,0,No DR,0,0,0,True,True,True,0.9913142323493958,0.0012777709634974599,0.004392356611788273,0.0014239009469747543,0.0015916425036266446,0.9890182018280029,0.006521561648696661,0.00044773443369194865,0.0014242763863876462,0.0025881873443722725,0.9906254410743713,0.0028509083203971386,0.003208969719707966,0.0014240136370062828,0.0018906060140579939
901a3552fe26,A:\DR_classification\data\organized\pooled_aptos_ddr\test\0_No_DR\901a3552fe26.png,0,No DR,0,0,0,True,True,True,0.9422603845596313,0.01290057972073555,0.021004170179367065,0.01131072174757719,0.012524053454399109,0.862061619758606,0.12273082882165909,0.0018509721849113703,0.002562009496614337,0.010794531553983688,0.9182007312774658,0.04584965482354164,0.015258210711181164,0.008686107583343983,0.012005196884274483
99240ee00485,A:\DR_classification\data\organized\pooled_aptos_ddr\test\0_No_DR\99240ee00485.png,0,No DR,0,0,0,True,True,True,0.9591152667999268,0.008941820822656155,0.01330726221203804,0.012101526372134686,0.006534200627356768,0.9334664940834045,0.05371231585741043,0.0010513020679354668,0.004042061977088451,0.007727756630629301,0.9514206647872925,0.02237296849489212,0.009630474261939526,0.009683686308562756,0.006892267614603043
9bd008aab548,A:\DR_classification\data\organized\pooled_aptos_ddr\test\0_No_DR\9bd008aab548.png,0,No DR,0,0,0,True,True,True,0.9470794796943665,0.02058982290327549,0.016138458624482155,0.009375734254717827,0.006816477980464697,0.9601023197174072,0.03332992270588875,0.0006534568965435028,0.001320895622484386,0.004593491088598967,0.950986385345459,0.024411853402853012,0.0114929573610425,0.006959282793104649,0.006149581633508205
9d1feed37610,A:\DR_classification\data\organized\pooled_aptos_ddr\test\0_No_DR\9d1feed37610.png,0,No DR,0,0,0,True,True,True,0.9571614861488342,0.01597338728606701,0.012426669709384441,0.006923811975866556,0.00751473056152463,0.8741504549980164,0.10098356753587723,0.0012774420902132988,0.0026068915612995625,0.02098168060183525,0.932258129119873,0.04147644340991974,0.009081901051104069,0.005628735758364201,0.01155481580644846
9f8112c710be,A:\DR_classification\data\organized\pooled_aptos_ddr\test\0_No_DR\9f8112c710be.png,0,No DR,0,0,0,True,True,True,0.9282395839691162,0.01795964129269123,0.025867557153105736,0.011226693168282509,0.016706543043255806,0.8940912485122681,0.0697304755449295,0.001813518931157887,0.006486488971859217,0.02787826955318451,0.9179950952529907,0.03349089249968529,0.018651345744729042,0.00980463158339262,0.02005806192755699
a384e688e228,A:\DR_classification\data\organized\pooled_aptos_ddr\test\0_No_DR\a384e688e228.png,0,No DR,0,0,0,True,True,True,0.9006222486495972,0.04071461781859398,0.02944638393819332,0.015684600919485092,0.013532059267163277,0.9188690185546875,0.06436134874820709,0.002557997591793537,0.005527694243937731,0.008683985099196434,0.906096339225769,0.04780863970518112,0.0213798675686121,0.012637528590857983,0.012077637016773224
a654b25124c3,A:\DR_classification\data\organized\pooled_aptos_ddr\test\0_No_DR\a654b25124c3.png,0,No DR,0,0,0,True,True,True,0.9261990785598755,0.011362115852534771,0.03348357975482941,0.016165001317858696,0.012790130451321602,0.6732210516929626,0.31486985087394714,0.0025081762578338385,0.0027615842409431934,0.006639369763433933,0.8503056764602661,0.10241443663835526,0.024190958589315414,0.012143976055085659,0.010944901965558529
a82a12ad3fb1,A:\DR_classification\data\organized\pooled_aptos_ddr\test\0_No_DR\a82a12ad3fb1.png,0,No DR,0,0,0,True,True,True,0.9692296385765076,0.01829574629664421,0.005906079895794392,0.0033740364015102386,0.0031944536603987217,0.9029017090797424,0.0512893944978714,0.006890558172017336,0.011853974312543869,0.02706444449722767,0.9493312835693359,0.028193840757012367,0.006201423704624176,0.005918017588555813,0.01035545114427805
ab724603ee93,A:\DR_classification\data\organized\pooled_aptos_ddr\test\0_No_DR\ab724603ee93.png,0,No DR,0,0,0,True,True,True,0.6698850989341736,0.26818618178367615,0.013781316578388214,0.033610861748456955,0.014536501839756966,0.9789988994598389,0.005145513452589512,0.00015362117846962065,0.003582622390240431,0.012119254097342491,0.7626192569732666,0.18927398324012756,0.009693007916212082,0.024602390825748444,0.013811327517032623
ace287a5c991,A:\DR_classification\data\organized\pooled_aptos_ddr\test\0_No_DR\ace287a5c991.png,0,No DR,0,0,0,True,True,True,0.9179589152336121,0.06381537020206451,0.002765707205981016,0.009415840730071068,0.0060440609231591225,0.9398109912872314,0.029490211978554726,0.0009681749506853521,0.003413505619391799,0.026317033916711807,0.9245145320892334,0.05351782217621803,0.0022264476865530014,0.007615140173584223,0.012125952169299126
ad944bd56bb6,A:\DR_classification\data\organized\pooled_aptos_ddr\test\0_No_DR\ad944bd56bb6.png,0,No DR,0,0,0,True,True,True,0.9275221824645996,0.05428730323910713,0.00619822321459651,0.006841565947979689,0.005150778219103813,0.5372201800346375,0.09462661296129227,0.01371179148554802,0.04751594737172127,0.3069254755973816,0.8104315996170044,0.06638909876346588,0.008452294394373894,0.019043881446123123,0.09568318724632263
aebe87a423c8,A:\DR_classification\data\organized\pooled_aptos_ddr\test\0_No_DR\aebe87a423c8.png,0,No DR,0,0,0,True,True,True,0.7987959980964661,0.02630666270852089,0.025927633047103882,0.06988480687141418,0.0790848359465599,0.806600034236908,0.04849741607904434,0.009234627708792686,0.017439283430576324,0.11822859197854996,0.8011372089385986,0.032963886857032776,0.02091973088681698,0.054151151329278946,0.09082796424627304
b0f0fa677d5f,A:\DR_classification\data\organized\pooled_aptos_ddr\test\0_No_DR\b0f0fa677d5f.png,0,No DR,0,0,0,True,True,True,0.9734082221984863,0.007442578207701445,0.0065640415996313095,0.008242175914347172,0.004342975094914436,0.9338410496711731,0.05913814902305603,0.0007848673267289996,0.001788087422028184,0.004447933752089739,0.9615380764007568,0.022951249033212662,0.004830289166420698,0.006305949296802282,0.004374462645500898
b46b09a45f39,A:\DR_classification\data\organized\pooled_aptos_ddr\test\0_No_DR\b46b09a45f39.png,0,No DR,0,0,0,True,True,True,0.9292680621147156,0.01902080699801445,0.019226549193263054,0.014921128749847412,0.01756344735622406,0.8865064382553101,0.10274199396371841,0.0006927932263351977,0.0009345267899334431,0.009124228730797768,0.9164395928382874,0.04413716495037079,0.013666422106325626,0.010725148022174835,0.015031681396067142
b5204c0decc7,A:\DR_classification\data\organized\pooled_aptos_ddr\test\0_No_DR\b5204c0decc7.png,0,No DR,0,0,0,True,True,True,0.9124895930290222,0.019763488322496414,0.019686706364154816,0.018307555466890335,0.02975267730653286,0.8885452151298523,0.09686987102031708,0.0021576681174337864,0.004030747339129448,0.008396473713219166,0.9053062200546265,0.04289540275931358,0.014427995309233665,0.014024512842297554,0.023345816880464554
b70e7c26f51e,A:\DR_classification\data\organized\pooled_aptos_ddr\test\0_No_DR\b70e7c26f51e.png,0,No DR,0,0,0,True,True,True,0.9348406195640564,0.029188985005021095,0.016818610951304436,0.00959240086376667,0.009559356607496738,0.9529642462730408,0.040140390396118164,0.0005861008539795876,0.0009744199342094362,0.005334822926670313,0.9402776956558228,0.03247440606355667,0.011948857456445694,0.0070070065557956696,0.008291996084153652
b72f59b85f7c,A:\DR_classification\data\organized\pooled_aptos_ddr\test\0_No_DR\b72f59b85f7c.png,0,No DR,0,0,0,True,True,True,0.915831983089447,0.056328386068344116,0.0095853041857481,0.012586897239089012,0.005667426623404026,0.9795748591423035,0.006961737293750048,0.000881964631844312,0.004175272304564714,0.008406080305576324,0.9349548816680908,0.04151839017868042,0.006974302232265472,0.010063408873975277,0.006489022634923458
b759cbef90c5,A:\DR_classification\data\organized\pooled_aptos_ddr\test\0_No_DR\b759cbef90c5.png,0,No DR,0,0,0,True,True,True,0.9559519290924072,0.013667494058609009,0.018692439422011375,0.004914772696793079,0.006773327011615038,0.8026902675628662,0.17974096536636353,0.00344004575163126,0.005526445806026459,0.008602309040725231,0.9099733829498291,0.06348954141139984,0.014116721227765083,0.005098274443298578,0.007322021760046482
c096131ad065,A:\DR_classification\data\organized\pooled_aptos_ddr\test\0_No_DR\c096131ad065.png,0,No DR,0,1,0,True,False,True,0.8554507493972778,0.046544816344976425,0.06572781503200531,0.020132649689912796,0.012143961153924465,0.39941713213920593,0.5687591433525085,0.010738437063992023,0.004923002328723669,0.016162298619747162,0.7186406254768372,0.20320911705493927,0.04923100024461746,0.015569754876196384,0.013349462300539017
cb68fce07789,A:\DR_classification\data\organized\pooled_aptos_ddr\test\0_No_DR\cb68fce07789.png,0,No DR,0,0,0,True,True,True,0.9261454939842224,0.026681173592805862,0.024664612486958504,0.011042189784348011,0.011466621421277523,0.8638646006584167,0.12408600747585297,0.0021234513260424137,0.0035937640350311995,0.006332131568342447,0.9074612259864807,0.0559026263654232,0.01790226437151432,0.008807661943137646,0.009926274418830872
cd01f4f83336,A:\DR_classification\data\organized\pooled_aptos_ddr\test\0_No_DR\cd01f4f83336.png,0,No DR,0,0,0,True,True,True,0.9652497172355652,0.01564711518585682,0.007450588513165712,0.007918617688119411,0.0037338626570999622,0.9795169830322266,0.01486280094832182,0.0007834024727344513,0.0018318057991564274,0.003005013568326831,0.9695298671722412,0.015411820262670517,0.005450432654470205,0.00609257398173213,0.0035152079071849585
cd314653a4d8,A:\DR_classification\data\organized\pooled_aptos_ddr\test\0_No_DR\cd314653a4d8.png,0,No DR,0,0,0,True,True,True,0.963508129119873,0.009195643477141857,0.010915384627878666,0.0103527856990695,0.006028013303875923,0.9932032823562622,0.003688264172524214,0.0003050325613003224,0.000718899944331497,0.002084566978737712,0.9724166989326477,0.007543429732322693,0.007732279133051634,0.007462619803845882,0.004844979383051395
d3dfd0a2dee6,A:\DR_classification\data\organized\pooled_aptos_ddr\test\0_No_DR\d3dfd0a2dee6.png,0,No DR,0,0,0,True,True,True,0.9646322727203369,0.00915441382676363,0.01102144829928875,0.0061706374399363995,0.009021280333399773,0.9368087649345398,0.02042752504348755,0.004099673125892878,0.006035095080733299,0.03262902423739433,0.9562852382659912,0.012536346912384033,0.008944915607571602,0.006129974499344826,0.016103602945804596
d69698f838db,A:\DR_classification\data\organized\pooled_aptos_ddr\test\0_No_DR\d69698f838db.png,0,No DR,0,0,0,True,True,True,0.93690425157547,0.02634861133992672,0.019934503361582756,0.00845140777528286,0.008361274376511574,0.7086662650108337,0.2725260853767395,0.00447611790150404,0.00424714433029294,0.010084356181323528,0.8684328198432922,0.10020186007022858,0.015296988189220428,0.007190128788352013,0.008878199383616447
d871895742b1,A:\DR_classification\data\organized\pooled_aptos_ddr\test\0_No_DR\d871895742b1.png,0,No DR,0,0,0,True,True,True,0.9711335897445679,0.010323583148419857,0.004567455966025591,0.004496410489082336,0.009479137137532234,0.9917003512382507,0.0064387014135718346,0.00010491337889106944,0.0004336082492955029,0.0013223704881966114,0.9773036241531372,0.00915811862796545,0.0032286932691931725,0.0032775697764009237,0.007032107096165419
d9c9b9786da3,A:\DR_classification\data\organized\pooled_aptos_ddr\test\0_No_DR\d9c9b9786da3.png,0,No DR,0,0,0,True,True,True,0.9526922702789307,0.011890796944499016,0.017854247242212296,0.008426572196185589,0.009136011824011803,0.7657524347305298,0.21100308001041412,0.001663442817516625,0.0030626808293163776,0.018518302589654922,0.8966103196144104,0.07162448763847351,0.012997005134820938,0.006817404646426439,0.011950699612498283
da9574d35b82,A:\DR_classification\data\organized\pooled_aptos_ddr\test\0_No_DR\da9574d35b82.png,0,No DR,0,0,0,True,True,True,0.8932521939277649,0.07641301304101944,0.007916470058262348,0.00907466746866703,0.013343681581318378,0.9982156753540039,0.0013000406324863434,4.194257780909538e-05,0.0002963970764540136,0.00014601863222196698,0.9247412085533142,0.05387911945581436,0.005554111674427986,0.006441186182200909,0.009384382516145706
da9fe02dead3,A:\DR_classification\data\organized\pooled_aptos_ddr\test\0_No_DR\da9fe02dead3.png,0,No DR,0,0,0,True,True,True,0.8715888857841492,0.06724824756383896,0.02128336764872074,0.026684317737817764,0.013195141218602657,0.8803220391273499,0.10935736447572708,0.0020264519844204187,0.0027657244354486465,0.005528466310352087,0.8742088079452515,0.0798809826374054,0.015506292693316936,0.019508739933371544,0.0108951386064291
dcc6c0ad5cad,A:\DR_classification\data\organized\pooled_aptos_ddr\test\0_No_DR\dcc6c0ad5cad.png,0,No DR,0,0,0,True,True,True,0.9268196225166321,0.05100369453430176,0.007644799537956715,0.005291220266371965,0.009240703657269478,0.9770278930664062,0.010133152827620506,0.0014142144937068224,0.00643036887049675,0.00499433558434248,0.9418821334838867,0.03874253109097481,0.005775623954832554,0.0056329648941755295,0.007966793142259121
de18071c36e6,A:\DR_classification\data\organized\pooled_aptos_ddr\test\0_No_DR\de18071c36e6.png,0,No DR,0,0,0,True,True,True,0.8754790425300598,0.09174757450819016,0.011023755185306072,0.011733193881809711,0.010016484186053276,0.9916349649429321,0.004708367865532637,0.00029726684442721307,0.0016666327137500048,0.0016928525874391198,0.9103258848190308,0.0656358152627945,0.007805808912962675,0.008713225834071636,0.007519394624978304
e12f9f19d1be,A:\DR_classification\data\organized\pooled_aptos_ddr\test\0_No_DR\e12f9f19d1be.png,0,No DR,0,0,0,True,True,True,0.7841212153434753,0.17696315050125122,0.01836223527789116,0.011597221717238426,0.0089561827480793,0.9696028232574463,0.013783450238406658,0.002171353669837117,0.006338243372738361,0.00810401514172554,0.839765727519989,0.12800924479961395,0.01350497081875801,0.01001952774822712,0.008700532838702202
ef48780f5d5f,A:\DR_classification\data\organized\pooled_aptos_ddr\test\0_No_DR\ef48780f5d5f.png,0,No DR,0,0,0,True,True,True,0.9123678207397461,0.03799702972173691,0.021687258034944534,0.013965344987809658,0.013982522301375866,0.9607088565826416,0.034443799406290054,0.0003642624360509217,0.0009688482386991382,0.00351417507044971,0.9268701076507568,0.03693106025457382,0.015290359035134315,0.010066395625472069,0.010842017829418182
f02057c41256,A:\DR_classification\data\organized\pooled_aptos_ddr\test\0_No_DR\f02057c41256.png,0,No DR,0,0,0,True,True,True,0.9307458996772766,0.04726037010550499,0.004110228270292282,0.01469188928604126,0.0031915612053126097,0.9264240860939026,0.03547781705856323,0.006563437636941671,0.014469372108578682,0.017065225169062614,0.9294493198394775,0.04372560232877731,0.00484619103372097,0.014625133946537971,0.007353660650551319
f0a2dc580009,A:\DR_classification\data\organized\pooled_aptos_ddr\test\0_No_DR\f0a2dc580009.png,0,No DR,0,0,0,True,True,True,0.8942643404006958,0.08842547237873077,0.010017376393079758,0.004566061310470104,0.0027267560362815857,0.9681692719459534,0.01290944591164589,0.0013071680441498756,0.007157039828598499,0.010457061231136322,0.9164358377456665,0.06577066332101822,0.007404313888400793,0.005343355238437653,0.005045847501605749
f451eee2b66b,A:\DR_classification\data\organized\pooled_aptos_ddr\test\0_No_DR\f451eee2b66b.png,0,No DR,0,0,0,True,True,True,0.9404977560043335,0.022419912740588188,0.01676546409726143,0.013144814409315586,0.007172114215791225,0.8905548453330994,0.07785440981388092,0.002816656371578574,0.006171675864607096,0.022602368146181107,0.9255149364471436,0.03905026242136955,0.012580822221934795,0.011052872985601425,0.011801190674304962
f66c4ee86629,A:\DR_classification\data\organized\pooled_aptos_ddr\test\0_No_DR\f66c4ee86629.png,0,No DR,0,0,0,True,True,True,0.9621749520301819,0.0321970172226429,0.0023947367444634438,0.0015518818981945515,0.0016814045375213027,0.9650317430496216,0.015326783992350101,0.0016449317336082458,0.012590023688971996,0.005406418815255165,0.9630320072174072,0.027135945856571198,0.002169795334339142,0.004863324575126171,0.002798908855766058
f7116e7b2f4e,A:\DR_classification\data\organized\pooled_aptos_ddr\test\0_No_DR\f7116e7b2f4e.png,0,No DR,0,0,0,True,True,True,0.9001162052154541,0.02238490805029869,0.03530307486653328,0.02324920892715454,0.018946608528494835,0.9037282466888428,0.07700591534376144,0.0023901304230093956,0.004025454632937908,0.012850240804255009,0.9011998176574707,0.038771212100982666,0.025429191067814827,0.017482083290815353,0.0171176977455616
f86d1c404acb,A:\DR_classification\data\organized\pooled_aptos_ddr\test\0_No_DR\f86d1c404acb.png,0,No DR,0,0,0,True,True,True,0.529801070690155,0.4118001163005829,0.014410136267542839,0.03232043609023094,0.011668279767036438,0.9801506996154785,0.016369333490729332,0.00015216322208289057,0.0013075980823487043,0.0020201625302433968,0.6649059653282166,0.29317086935043335,0.01013274397701025,0.023016583174467087,0.008773844689130783
f9d52509c571,A:\DR_classification\data\organized\pooled_aptos_ddr\test\0_No_DR\f9d52509c571.png,0,No DR,0,0,0,True,True,True,0.9208446145057678,0.02825062721967697,0.018204649910330772,0.013256696984171867,0.019443342462182045,0.7986676692962646,0.16929730772972107,0.0038448285777121782,0.004169782157987356,0.024020351469516754,0.8841915130615234,0.0705646350979805,0.013896703720092773,0.0105306226760149,0.020816445350646973
f9d8ff3e6592,A:\DR_classification\data\organized\pooled_aptos_ddr\test\0_No_DR\f9d8ff3e6592.png,0,No DR,0,0,0,True,True,True,0.9351593255996704,0.01405114121735096,0.017083236947655678,0.027216289192438126,0.006490025669336319,0.9906689524650574,0.005867721978574991,0.00021743321849498898,0.0009290957823395729,0.0023168802727013826,0.9518122673034668,0.011596115306019783,0.012023495510220528,0.019330130890011787,0.005238082259893417
fc782722a50c,A:\DR_classification\data\organized\pooled_aptos_ddr\test\0_No_DR\fc782722a50c.png,0,No DR,0,0,0,True,True,True,0.906111478805542,0.021867284551262856,0.03556884080171585,0.022521469742059708,0.013930823653936386,0.7204998731613159,0.2575085163116455,0.003917943220585585,0.0050010052509605885,0.013072559610009193,0.8504279851913452,0.09255965799093246,0.026073571294546127,0.017265329137444496,0.013673344627022743
fcc32dffd24d,A:\DR_classification\data\organized\pooled_aptos_ddr\test\0_No_DR\fcc32dffd24d.png,0,No DR,0,0,0,True,True,True,0.9616556763648987,0.016405805945396423,0.0017886646091938019,0.012129721231758595,0.008020100183784962,0.9975912570953369,0.0010683402651920915,7.520151120843366e-05,0.0008919578394852579,0.00037333418731577694,0.9724363088607788,0.011804565787315369,0.0012746256543323398,0.008758392184972763,0.005726070608943701
fd87b6b2e664,A:\DR_classification\data\organized\pooled_aptos_ddr\test\0_No_DR\fd87b6b2e664.png,0,No DR,0,0,0,True,True,True,0.9789672493934631,0.00493024755269289,0.007331429980695248,0.004567571450024843,0.0042034643702209,0.9461691379547119,0.03801779821515083,0.001440099673345685,0.003213654039427638,0.01115930825471878,0.9691277742385864,0.014856512658298016,0.005564030725508928,0.004161396063864231,0.006290217861533165
fed5bb685832,A:\DR_classification\data\organized\pooled_aptos_ddr\test\0_No_DR\fed5bb685832.png,0,No DR,0,0,0,True,True,True,0.9617798328399658,0.008137709461152554,0.013584090396761894,0.009734997525811195,0.006763410288840532,0.7857118844985962,0.1978740245103836,0.003025952260941267,0.003818630473688245,0.009569579735398293,0.9089593887329102,0.06505860388278961,0.010416649281978607,0.007960086688399315,0.007605261169373989
007-0096-000,A:\DR_classification\data\organized\pooled_aptos_ddr\test\1_Mild\007-0096-000.jpg,1,Mild,1,0,1,True,False,True,0.05378785729408264,0.923869252204895,0.006439837161451578,0.00860660895705223,0.007296459283679724,0.9129285216331482,0.057934124022722244,0.0032812494318932295,0.008413299918174744,0.017442889511585236,0.31153008341789246,0.6640887260437012,0.005492260679602623,0.0085486164316535,0.010340388864278793
007-0106-000,A:\DR_classification\data\organized\pooled_aptos_ddr\test\1_Mild\007-0106-000.jpg,1,Mild,1,0,1,True,False,True,0.016846388578414917,0.9688613414764404,0.006841819733381271,0.005944947246462107,0.0015054342802613974,0.6895347237586975,0.2583059072494507,0.012126792222261429,0.014106553979218006,0.02592593804001808,0.2186528891324997,0.7556946873664856,0.008427311666309834,0.008393429219722748,0.008831585757434368
007-0664-000,A:\DR_classification\data\organized\pooled_aptos_ddr\test\1_Mild\007-0664-000.jpg,1,Mild,1,0,1,True,False,True,0.025545179843902588,0.8792406320571899,0.033549774438142776,0.03542691096663475,0.02623749151825905,0.9520257115364075,0.04201603680849075,0.0004773092514369637,0.001238423865288496,0.004242445342242718,0.3034893572330475,0.6280732750892639,0.023628033697605133,0.02517036348581314,0.01963897794485092
007-0708-000,A:\DR_classification\data\organized\pooled_aptos_ddr\test\1_Mild\007-0708-000.jpg,1,Mild,1,0,1,True,False,True,0.0025699574034661055,0.9539462327957153,0.012116095051169395,0.025419536978006363,0.005948144011199474,0.9885318279266357,0.008845226839184761,0.00013093794404994696,0.0005511032068170607,0.0019408827647566795,0.2983585298061371,0.6704158782958984,0.008520547300577164,0.017959006130695343,0.0047459653578698635
007-1047-000,A:\DR_classification\data\organized\pooled_aptos_ddr\test\1_Mild\007-1047-000.jpg,1,Mild,1,0,1,True,False,True,0.15543876588344574,0.7645058631896973,0.029830733314156532,0.03304658830165863,0.017177993431687355,0.9647849202156067,0.014279919676482677,0.0016862991033121943,0.005540013313293457,0.01370894443243742,0.3982425928115845,0.5394380688667297,0.021387401968240738,0.02479461580514908,0.01613727957010269
007-1822-100,A:\DR_classification\data\organized\pooled_aptos_ddr\test\1_Mild\007-1822-100.jpg,1,Mild,1,0,1,True,False,True,0.02417916990816593,0.9688355922698975,0.0019205247517675161,0.0037570148706436157,0.0013076286995783448,0.9513694643974304,0.021123062819242477,0.0011180515866726637,0.002589087001979351,0.023800266906619072,0.30233627557754517,0.6845218539237976,0.0016797827556729317,0.003406636416912079,0.008055420592427254
007-1835-100,A:\DR_classification\data\organized\pooled_aptos_ddr\test\1_Mild\007-1835-100.jpg,1,Mild,1,0,1,True,False,True,0.002297864528372884,0.9943872690200806,0.0001915547181852162,0.0016865418292582035,0.0014367714757099748,0.917086124420166,0.01430665422230959,0.003450429765507579,0.006193886511027813,0.05896288529038429,0.2767343521118164,0.7003630995750427,0.0011692172847688198,0.0030387453734874725,0.01869460754096508
007-1846-100,A:\DR_classification\data\organized\pooled_aptos_ddr\test\1_Mild\007-1846-100.jpg,1,Mild,1,0,1,True,False,True,0.14944860339164734,0.8217887878417969,0.003169456496834755,0.0163302943110466,0.00926285795867443,0.9784618616104126,0.009405100718140602,0.0007298144628293812,0.0017313077114522457,0.009671942330896854,0.39815258979797363,0.5780736207962036,0.00243756384588778,0.01195059809833765,0.009385582990944386
007-1865-100,A:\DR_classification\data\organized\pooled_aptos_ddr\test\1_Mild\007-1865-100.jpg,1,Mild,1,0,1,True,False,True,0.03761735558509827,0.945165753364563,0.0025211761239916086,0.004985727369785309,0.00970989279448986,0.9241376519203186,0.05193936079740524,0.0020779308397322893,0.002512455452233553,0.019332580268383026,0.30357345938682556,0.6771978139877319,0.0023882025852799416,0.004243745934218168,0.012596698477864265
007-1897-100,A:\DR_classification\data\organized\pooled_aptos_ddr\test\1_Mild\007-1897-100.jpg,1,Mild,1,0,1,True,False,True,0.010157141834497452,0.9285097122192383,0.0033208378590643406,0.04538024589419365,0.01263209618628025,0.9877964854240417,0.0031026569195091724,0.00039573662797920406,0.002182617085054517,0.006522431969642639,0.30344894528388977,0.6508875489234924,0.0024433075450360775,0.03242095932364464,0.010799197480082512
007-1920-100,A:\DR_classification\data\organized\pooled_aptos_ddr\test\1_Mild\007-1920-100.jpg,1,Mild,1,0,1,True,False,True,0.22127841413021088,0.41556820273399353,0.20454128086566925,0.11250181496143341,0.04611026495695114,0.5099274516105652,0.1764380931854248,0.06363916397094727,0.10277575999498367,0.1472194790840149,0.3078731298446655,0.3438291549682617,0.162270650267601,0.10958399623632431,0.07644303143024445
007-1924-100,A:\DR_classification\data\organized\pooled_aptos_ddr\test\1_Mild\007-1924-100.jpg,1,Mild,1,0,1,True,False,True,0.03093285858631134,0.9317190647125244,0.01091182790696621,0.015957698225975037,0.010478576645255089,0.8558465242385864,0.11716920882463455,0.0029280639719218016,0.009089705534279346,0.014966394752264023,0.2784069776535034,0.6873540878295898,0.008516698144376278,0.013897299766540527,0.011824922636151314
007-1934-100,A:\DR_classification\data\organized\pooled_aptos_ddr\test\1_Mild\007-1934-100.jpg,1,Mild,1,0,1,True,False,True,0.013240472413599491,0.9763270616531372,0.005152200348675251,0.00235721655189991,0.0029230581130832434,0.8262174129486084,0.14260292053222656,0.001102070789784193,0.007311556488275528,0.022765973582863808,0.2571335732936859,0.726209819316864,0.003937161527574062,0.003843518439680338,0.008875932544469833
007-1980-100,A:\DR_classification\data\organized\pooled_aptos_ddr\test\1_Mild\007-1980-100.jpg,1,Mild,1,0,1,True,False,True,0.012145805172622204,0.972749650478363,0.003239449579268694,0.004823990631848574,0.007041043136268854,0.9313386082649231,0.028957471251487732,0.005750930868089199,0.006856834981590509,0.02709614485502243,0.28790366649627686,0.6896120309829712,0.003992894198745489,0.005433843936771154,0.01305757462978363
007-2009-100,A:\DR_classification\data\organized\pooled_aptos_ddr\test\1_Mild\007-2009-100.jpg,1,Mild,1,0,1,True,False,True,0.000669458881020546,0.9958788156509399,0.0007013390422798693,0.0020381934009492397,0.0007122296956367791,0.9910534024238586,0.0024210193660110235,0.0001341595925623551,0.0005833543254993856,0.005808055400848389,0.2977846562862396,0.697841465473175,0.0005311851855367422,0.001601741649210453,0.002240977482870221
007-2034-100,A:\DR_classification\data\organized\pooled_aptos_ddr\test\1_Mild\007-2034-100.jpg,1,Mild,1,0,1,True,False,True,0.07808297127485275,0.9017072916030884,0.006547271739691496,0.0040916940197348595,0.009570830501616001,0.9418317079544067,0.01663280837237835,0.0015000767307356,0.01198610570281744,0.028049202635884285,0.3372076153755188,0.6361849308013916,0.005033113062381744,0.006460017524659634,0.015114342793822289
007-2041-100,A:\DR_classification\data\organized\pooled_aptos_ddr\test\1_Mild\007-2041-100.jpg,1,Mild,1,0,1,True,False,True,0.011861399747431278,0.9761324524879456,0.0017291372641921043,0.008538258261978626,0.001738746534101665,0.9630221724510193,0.017642270773649216,0.0037189011927694082,0.005670689977705479,0.009946071542799473,0.29720965027809143,0.6885853409767151,0.002326066605746746,0.0076779876835644245,0.00420094421133399
007-2096-100,A:\DR_classification\data\organized\pooled_aptos_ddr\test\1_Mild\007-2096-100.jpg,1,Mild,1,0,1,True,False,True,0.007083806674927473,0.9670271873474121,0.00610947422683239,0.010701167397201061,0.009078273549675941,0.9271420836448669,0.050977885723114014,0.005364816635847092,0.007513059768825769,0.009002149105072021,0.28310129046440125,0.6922124028205872,0.0058860769495368,0.009744735434651375,0.009055436588823795
007-2102-100,A:\DR_classification\data\organized\pooled_aptos_ddr\test\1_Mild\007-2102-100.jpg,1,Mild,1,0,1,True,False,True,0.014293741434812546,0.9574658274650574,0.0040277400985360146,0.008178028278052807,0.016034649685025215,0.9847913384437561,0.007685663178563118,0.0006257054628804326,0.0025353138335049152,0.004361919593065977,0.30544304847717285,0.67253178358078,0.0030071295332163572,0.006485213991254568,0.01253283116966486
007-2128-100,A:\DR_classification\data\organized\pooled_aptos_ddr\test\1_Mild\007-2128-100.jpg,1,Mild,1,0,1,True,False,True,0.002301849192008376,0.8699790835380554,0.0064970869570970535,0.11020679026842117,0.011015242896974087,0.7973718047142029,0.07533221691846848,0.0159846693277359,0.021933631971478462,0.08937770128250122,0.24082283675670624,0.6315850019454956,0.009343361482024193,0.08372484147548676,0.03452398255467415
007-2154-100,A:\DR_classification\data\organized\pooled_aptos_ddr\test\1_Mild\007-2154-100.jpg,1,Mild,1,0,1,True,False,True,0.005485992878675461,0.8124475479125977,0.040607523173093796,0.09240327030420303,0.04905560240149498,0.8840126991271973,0.02645855024456978,0.005945443641394377,0.018503133207559586,0.06508012115955353,0.26904404163360596,0.5766507983207703,0.030208898708224297,0.07023323327302933,0.053862959146499634
007-2164-100,A:\DR_classification\data\organized\pooled_aptos_ddr\test\1_Mild\007-2164-100.jpg,1,Mild,1,0,1,True,False,True,0.033341772854328156,0.8455548286437988,0.007326345890760422,0.09059914946556091,0.023177919909358025,0.9799597263336182,0.01515030488371849,0.0006596191669814289,0.0012061649467796087,0.0030241890344768763,0.3173271715641022,0.5964334607124329,0.0053263274021446705,0.0637812539935112,0.017131801694631577
007-2173-100,A:\DR_classification\data\organized\pooled_aptos_ddr\test\1_Mild\007-2173-100.jpg,1,Mild,1,0,1,True,False,True,0.17646460235118866,0.7549957633018494,0.011855083517730236,0.04934235289692879,0.007342170923948288,0.9606646299362183,0.027653248980641365,0.0008170416112989187,0.001936518237926066,0.008928685449063778,0.41172462701797485,0.5367929935455322,0.008543671108782291,0.03512060269713402,0.007818125188350677
007-2188-100,A:\DR_classification\data\organized\pooled_aptos_ddr\test\1_Mild\007-2188-100.jpg,1,Mild,1,0,1,True,False,True,0.074515700340271,0.9040207266807556,0.005043244455009699,0.008948277682065964,0.007472106721252203,0.9943515062332153,0.0033290821593254805,4.815573993255384e-05,0.0006078293081372976,0.0016633816994726658,0.35046643018722534,0.6338132619857788,0.0035447177942842245,0.0064461431466042995,0.005729489028453827
007-2201-100,A:\DR_classification\data\organized\pooled_aptos_ddr\test\1_Mild\007-2201-100.jpg,1,Mild,1,0,1,True,False,True,0.010738634504377842,0.8476201295852661,0.005260315723717213,0.12975171208381653,0.006629155483096838,0.9555329084396362,0.033600740134716034,0.0005543562001548707,0.00237948726862669,0.00793246366083622,0.29417693614959717,0.6034142971038818,0.0038485280238091946,0.09154004603624344,0.007020147982984781
007-2262-100,A:\DR_classification\data\organized\pooled_aptos_ddr\test\1_Mild\007-2262-100.jpg,1,Mild,1,0,1,True,False,True,0.006134369410574436,0.9717750549316406,0.002998733427375555,0.00869050994515419,0.010401331819593906,0.8776860237121582,0.04292454198002815,0.009190275333821774,0.04008737951517105,0.030111804604530334,0.267599880695343,0.6931198835372925,0.004856196232140064,0.018109571188688278,0.016314474865794182
007-2286-100,A:\DR_classification\data\organized\pooled_aptos_ddr\test\1_Mild\007-2286-100.jpg,1,Mild,1,0,1,True,False,True,0.008277291432023048,0.8106619119644165,0.01595696248114109,0.08040621876716614,0.08469752222299576,0.9312777519226074,0.033685553818941116,0.0019383345497772098,0.006968717556446791,0.02612966299057007,0.28517743945121765,0.5775690078735352,0.011751373298466206,0.05837496742606163,0.06712716072797775
007-2300-100,A:\DR_classification\data\organized\pooled_aptos_ddr\test\1_Mild\007-2300-100.jpg,1,Mild,1,4,1,True,False,True,0.09166069328784943,0.5109336972236633,0.052078261971473694,0.23930799961090088,0.1060192883014679,0.3967989385128021,0.06388583034276962,0.023021435365080833,0.11789777874946594,0.39839601516723633,0.18320217728614807,0.37681934237480164,0.04336121305823326,0.20288492739200592,0.19373230636119843
007-2324-100,A:\DR_classification\data\organized\pooled_aptos_ddr\test\1_Mild\007-2324-100.jpg,1,Mild,1,0,1,True,False,True,0.06810647994279861,0.8767059445381165,0.026341278105974197,0.01594476029276848,0.012901547364890575,0.5399295687675476,0.3986007869243622,0.005282491445541382,0.0072510032914578915,0.04893622174859047,0.20965340733528137,0.7332743406295776,0.020023642107844353,0.013336633332073689,0.023711949586868286
007-2363-100,A:\DR_classification\data\organized\pooled_aptos_ddr\test\1_Mild\007-2363-100.jpg,1,Mild,1,0,1,True,False,True,0.008870991878211498,0.9411067962646484,0.021164312958717346,0.021605990827083588,0.007251947186887264,0.9799790382385254,0.018209008499979973,9.249470895156264e-05,0.0007362603209912777,0.0009831340285018086,0.300203412771225,0.6642374396324158,0.014842767268419266,0.015345071442425251,0.005371302831918001
007-2376-100,A:\DR_classification\data\organized\pooled_aptos_ddr\test\1_Mild\007-2376-100.jpg,1,Mild,1,0,1,True,False,True,0.01581806316971779,0.9014967083930969,0.022394798696041107,0.050175175070762634,0.010115246288478374,0.9807547330856323,0.015472743660211563,0.00023599753330927342,0.0010216054506599903,0.0025148282293230295,0.3052990734577179,0.6356894969940186,0.015747157856822014,0.035429105162620544,0.007835120894014835
007-2389-100,A:\DR_classification\data\organized\pooled_aptos_ddr\test\1_Mild\007-2389-100.jpg,1,Mild,1,0,1,True,False,True,0.003987796604633331,0.9893282055854797,0.0009623733349144459,0.004711637273430824,0.0010100480867549777,0.9912108182907104,0.00654649967327714,0.00030142313335090876,0.0007958334172144532,0.001145445043221116,0.3001547157764435,0.6944937109947205,0.0007640882395207882,0.0035368960816413164,0.0010506671387702227
007-2396-100,A:\DR_classification\data\organized\pooled_aptos_ddr\test\1_Mild\007-2396-100.jpg,1,Mild,1,0,1,True,False,True,0.01069108210504055,0.9514514803886414,0.005798134487122297,0.02392186038196087,0.008137527853250504,0.9900665283203125,0.008373747579753399,0.00012681294174399227,0.0003893706016242504,0.0010435770964249969,0.3045037090778351,0.668528139591217,0.004096738062798977,0.016862114891409874,0.006009342148900032
007-2410-100,A:\DR_classification\data\organized\pooled_aptos_ddr\test\1_Mild\007-2410-100.jpg,1,Mild,1,0,1,True,False,True,0.005423462484031916,0.9634055495262146,0.0056756422854959965,0.018070515245199203,0.007424905430525541,0.9825757741928101,0.01120822224766016,0.0005053654313087463,0.000880202918779105,0.004830536898225546,0.2985691726207733,0.6777463555335999,0.004124558996409178,0.012913420796394348,0.0066465949639678
007-2465-100,A:\DR_classification\data\organized\pooled_aptos_ddr\test\1_Mild\007-2465-100.jpg,1,Mild,1,0,1,True,False,True,0.08965504169464111,0.8706908822059631,0.005859355442225933,0.023041250184178352,0.010753458365797997,0.9879543781280518,0.008618068881332874,0.00019811624952126294,0.0013109135907143354,0.0019185181008651853,0.3591448664665222,0.6120690107345581,0.0041609834879636765,0.016522148624062538,0.00810297578573227
007-2520-100,A:\DR_classification\data\organized\pooled_aptos_ddr\test\1_Mild\007-2520-100.jpg,1,Mild,1,0,1,True,False,True,0.061232466250658035,0.6969895958900452,0.018248697742819786,0.03576717525720596,0.1877620667219162,0.9307962656021118,0.02582322061061859,0.0030933222733438015,0.0074453046545386314,0.03284182772040367,0.3221015930175781,0.4956396818161011,0.013702085241675377,0.027270613238215446,0.1412859857082367
007-2532-100,A:\DR_classification\data\organized\pooled_aptos_ddr\test\1_Mild\007-2532-100.jpg,1,Mild,1,0,0,True,False,False,0.4560745060443878,0.4734131395816803,0.02573530748486519,0.027688907459378242,0.017088139429688454,0.8992438316345215,0.03335031867027283,0.013057183474302292,0.018138892948627472,0.03620971366763115,0.5890253186225891,0.3413942754268646,0.02193186990916729,0.024823902174830437,0.022824611514806747
007-2540-100,A:\DR_classification\data\organized\pooled_aptos_ddr\test\1_Mild\007-2540-100.jpg,1,Mild,1,0,0,True,False,False,0.32630059123039246,0.492908239364624,0.09190981090068817,0.05886095017194748,0.03002040460705757,0.9143242835998535,0.01700722984969616,0.013569696806371212,0.010419140569865704,0.044679731130599976,0.5027077198028564,0.3501379191875458,0.06840777397155762,0.04432840645313263,0.03441820293664932
007-2551-100,A:\DR_classification\data\organized\pooled_aptos_ddr\test\1_Mild\007-2551-100.jpg,1,Mild,1,0,1,True,False,True,0.23239421844482422,0.7522445321083069,0.0059090880677104,0.0015432896325364709,0.007908932864665985,0.7255796194076538,0.06730558723211288,0.02903016097843647,0.02420855313539505,0.15387608110904694,0.3803498446941376,0.5467628240585327,0.012845410034060478,0.008342868648469448,0.05169907957315445
007-2566-100,A:\DR_classification\data\organized\pooled_aptos_ddr\test\1_Mild\007-2566-100.jpg,1,Mild,1,0,1,True,False,True,0.022003570571541786,0.9411061406135559,0.00884691346436739,0.007921235635876656,0.02012212947010994,0.8147783875465393,0.10376818478107452,0.004569337237626314,0.014548159204423428,0.06233598664402962,0.25983601808547974,0.6899047493934631,0.007563640363514423,0.009909313172101974,0.0327862873673439
007-2600-100,A:\DR_classification\data\organized\pooled_aptos_ddr\test\1_Mild\007-2600-100.jpg,1,Mild,1,0,1,True,False,True,0.020133091136813164,0.9440619945526123,0.006609604228287935,0.01992606185376644,0.00926924031227827,0.857037365436554,0.10516831278800964,0.006181885953992605,0.012785306200385094,0.018827106803655624,0.2712043821811676,0.6923938989639282,0.006481288932263851,0.017783835530281067,0.012136600911617279
007-2650-100,A:\DR_classification\data\organized\pooled_aptos_ddr\test\1_Mild\007-2650-100.jpg,1,Mild,1,0,1,True,False,True,0.014438575133681297,0.9695843458175659,0.0038760886527597904,0.006947039160877466,0.005154014565050602,0.7934638857841492,0.15192416310310364,0.003013415727764368,0.011545215733349323,0.04005339369177818,0.2481461763381958,0.7242862582206726,0.00361728691495955,0.00832649227231741,0.015623829327523708
007-2672-100,A:\DR_classification\data\organized\pooled_aptos_ddr\test\1_Mild\007-2672-100.jpg,1,Mild,1,0,1,True,False,True,0.06338083744049072,0.8906217813491821,0.011063474230468273,0.026231713593006134,0.008702232502400875,0.991142988204956,0.005086551420390606,0.00030683993827551603,0.001141040469519794,0.002322547137737274,0.3417094945907593,0.6249611973762512,0.007836484350264072,0.01870451122522354,0.006788326893001795
007-2689-100,A:\DR_classification\data\organized\pooled_aptos_ddr\test\1_Mild\007-2689-100.jpg,1,Mild,1,0,1,True,False,True,0.009838471189141273,0.922317624092102,0.014488362707197666,0.03403225913643837,0.019323326647281647,0.6711111068725586,0.05825486779212952,0.006620480678975582,0.01988641358911991,0.24412712454795837,0.20822027325630188,0.6630987524986267,0.012127998284995556,0.029788505285978317,0.08676446974277496
007-2715-100,A:\DR_classification\data\organized\pooled_aptos_ddr\test\1_Mild\007-2715-100.jpg,1,Mild,1,0,1,True,False,True,0.049201566725969315,0.826187014579773,0.03507159650325775,0.03270317614078522,0.05683673173189163,0.9491407871246338,0.04131818190217018,0.0005575851537287235,0.00369947194121778,0.005283907987177372,0.3191833198070526,0.5907263159751892,0.024717392399907112,0.024002065882086754,0.04137088358402252
007-2723-100,A:\DR_classification\data\organized\pooled_aptos_ddr\test\1_Mild\007-2723-100.jpg,1,Mild,1,0,1,True,False,True,0.03900318220257759,0.9011442065238953,0.018332073464989662,0.025437064468860626,0.01608341746032238,0.9627020359039307,0.021948525682091713,0.0021047054324299097,0.0038268191274255514,0.009417894296348095,0.31611284613609314,0.6373855471611023,0.013463863171637058,0.018953990191221237,0.014083759859204292
007-2769-100,A:\DR_classification\data\organized\pooled_aptos_ddr\test\1_Mild\007-2769-100.jpg,1,Mild,1,0,1,True,False,True,0.012976134195923805,0.9211370348930359,0.010659473948180676,0.04549914598464966,0.009728171862661839,0.9790118336677551,0.010418295860290527,0.0003534787683747709,0.001948866993188858,0.008267529308795929,0.30278685688972473,0.6479213833808899,0.007567675318568945,0.03243406116962433,0.009289979003369808
007-2771-100,A:\DR_classification\data\organized\pooled_aptos_ddr\test\1_Mild\007-2771-100.jpg,1,Mild,1,0,1,True,False,True,0.0029226120095700026,0.9533303380012512,0.010538565926253796,0.024339770898222923,0.008868706412613392,0.8819970488548279,0.10947603732347488,0.0009797984967008233,0.0014237668365240097,0.00612326804548502,0.2666449546813965,0.7001740336418152,0.007670935243368149,0.01746496930718422,0.00804507452994585
007-2812-100,A:\DR_classification\data\organized\pooled_aptos_ddr\test\1_Mild\007-2812-100.jpg,1,Mild,1,1,1,True,True,True,0.0028248608577996492,0.976751983165741,0.003705126466229558,0.01222260482609272,0.00449545681476593,0.3545946180820465,0.5595799088478088,0.0034779810812324286,0.03709390386939049,0.045253604650497437,0.10835579037666321,0.8516003489494324,0.0036369827575981617,0.019683994352817535,0.0167229026556015
007-2837-100,A:\DR_classification\data\organized\pooled_aptos_ddr\test\1_Mild\007-2837-100.jpg,1,Mild,4,3,4,False,False,False,0.04799780249595642,0.057247038930654526,0.030849240720272064,0.27794110774993896,0.5859647989273071,0.0007314027170650661,0.004502881783992052,0.02842567302286625,0.6468024253845215,0.3195376396179199,0.03381787985563278,0.04142379015684128,0.030122172087430954,0.3885995149612427,0.506036639213562
007-2841-100,A:\DR_classification\data\organized\pooled_aptos_ddr\test\1_Mild\007-2841-100.jpg,1,Mild,1,0,1,True,False,True,0.028300514444708824,0.8682038187980652,0.02444428764283657,0.04941534996032715,0.029636036604642868,0.9706491231918335,0.016773726791143417,0.00089653191389516,0.001999343279749155,0.009681225754320621,0.3110050857067108,0.6127747893333435,0.017379961907863617,0.03519054502248764,0.02364959381520748
007-2848-100,A:\DR_classification\data\organized\pooled_aptos_ddr\test\1_Mild\007-2848-100.jpg,1,Mild,3,0,0,False,False,False,0.09367141127586365,0.40195849537849426,0.01582483761012554,0.46459317207336426,0.023952024057507515,0.9670553207397461,0.004430724307894707,0.0003429064236115664,0.0014631503727287054,0.02670784667134285,0.35568660497665405,0.28270015120506287,0.011180258356034756,0.32565417885780334,0.02477877028286457
007-2877-100,A:\DR_classification\data\organized\pooled_aptos_ddr\test\1_Mild\007-2877-100.jpg,1,Mild,1,0,1,True,False,True,0.04739582538604736,0.9406304359436035,0.0019074722658842802,0.008478128351271152,0.0015880618011578918,0.9826303124427795,0.015720413997769356,3.326394289615564e-05,0.00022387808712664992,0.0013920177007094026,0.32796618342399597,0.6631574034690857,0.001345209777355194,0.006001852918416262,0.0015292486641556025
007-2879-100,A:\DR_classification\data\organized\pooled_aptos_ddr\test\1_Mild\007-2879-100.jpg,1,Mild,1,0,1,True,False,True,0.01852690428495407,0.9412573575973511,0.012218866497278214,0.019091246649622917,0.008905586786568165,0.9199788570404053,0.06336482614278793,0.0008063830900937319,0.002358799334615469,0.013491202145814896,0.2889625132083893,0.6778895854949951,0.008795120753347874,0.014071512967348099,0.010281271301209927
007-2883-100,A:\DR_classification\data\organized\pooled_aptos_ddr\test\1_Mild\007-2883-100.jpg,1,Mild,1,0,1,True,False,True,0.012226942926645279,0.9299098253250122,0.008935374207794666,0.04372689872980118,0.0052009024657309055,0.9532397389411926,0.03343046084046364,0.00155493279453367,0.0019920694176107645,0.009782706387341022,0.29453080892562866,0.6609659790992737,0.006721241865307093,0.03120644949376583,0.006575443781912327
007-2962-100,A:\DR_classification\data\organized\pooled_aptos_ddr\test\1_Mild\007-2962-100.jpg,1,Mild,1,0,1,True,False,True,0.03235973045229912,0.9393406510353088,0.007327741477638483,0.01725461520254612,0.0037172497250139713,0.9221879243850708,0.04229610040783882,0.007124151568859816,0.006323723122477531,0.022068174555897713,0.2993082106113434,0.6702272891998291,0.007266664411872625,0.013975347392261028,0.009222527965903282
007-3008-100,A:\DR_classification\data\organized\pooled_aptos_ddr\test\1_Mild\007-3008-100.jpg,1,Mild,1,0,1,True,False,True,0.011054767295718193,0.9426652193069458,0.013841357082128525,0.02712315320968628,0.005315516609698534,0.9601500034332275,0.024337023496627808,0.0014945801813155413,0.0030258565675467253,0.010992511175572872,0.2957833409309387,0.6671667098999023,0.010137324221432209,0.019893962889909744,0.007018615026026964
007-3048-100,A:\DR_classification\data\organized\pooled_aptos_ddr\test\1_Mild\007-3048-100.jpg,1,Mild,1,0,1,True,False,True,0.02006850391626358,0.9586795568466187,0.004533900413662195,0.010736722499132156,0.00598131911829114,0.932468831539154,0.03187399357557297,0.004560462664812803,0.004735875874757767,0.02636094205081463,0.2937886118888855,0.6806378960609436,0.0045418692752718925,0.00893646851181984,0.01209520548582077
007-3068-100,A:\DR_classification\data\organized\pooled_aptos_ddr\test\1_Mild\007-3068-100.jpg,1,Mild,1,0,1,True,False,True,0.005870492197573185,0.9185382127761841,0.008655046112835407,0.06458020955324173,0.002356078242883086,0.9808001518249512,0.013728821650147438,0.0006911001401022077,0.0007576075731776655,0.004022351931780577,0.29834941029548645,0.6470953822135925,0.006265862379223108,0.04543342813849449,0.0028559602797031403
007-3088-100,A:\DR_classification\data\organized\pooled_aptos_ddr\test\1_Mild\007-3088-100.jpg,1,Mild,1,0,1,True,False,True,0.0008846896234899759,0.9946715235710144,0.000890627212356776,0.0024860836565494537,0.0010671709896996617,0.8860387206077576,0.08258060365915298,0.010401279665529728,0.00908164493739605,0.011897725984454155,0.26643091440200806,0.7210442423820496,0.003743822919204831,0.0044647520408034325,0.004316337406635284
007-3090-100,A:\DR_classification\data\organized\pooled_aptos_ddr\test\1_Mild\007-3090-100.jpg,1,Mild,1,0,1,True,False,True,0.08225345611572266,0.6656519770622253,0.07561284303665161,0.0536981038749218,0.12278366088867188,0.624639630317688,0.10218534618616104,0.0473734512925148,0.0334540531039238,0.1923474222421646,0.24496930837631226,0.49661198258399963,0.06714102625846863,0.04762488603591919,0.1436527967453003
007-3095-100,A:\DR_classification\data\organized\pooled_aptos_ddr\test\1_Mild\007-3095-100.jpg,1,Mild,1,0,1,True,False,True,0.033352773636579514,0.873023509979248,0.006488130893558264,0.049615707248449326,0.037519872188568115,0.4729427993297577,0.13077504932880402,0.03495650738477707,0.0755428671836853,0.2857828140258789,0.16522979736328125,0.650348961353302,0.015028644353151321,0.05739385634660721,0.11199875175952911
007-3119-100,A:\DR_classification\data\organized\pooled_aptos_ddr\test\1_Mild\007-3119-100.jpg,1,Mild,1,4,1,True,False,True,0.19339708983898163,0.5751814842224121,0.02397492341697216,0.14483565092086792,0.06261081248521805,0.3177012801170349,0.3183648884296417,0.006167404353618622,0.03682614862918854,0.32094019651412964,0.23068834841251373,0.4981364905834198,0.018632667139172554,0.1124328002333641,0.14010962843894958
007-3128-100,A:\DR_classification\data\organized\pooled_aptos_ddr\test\1_Mild\007-3128-100.jpg,1,Mild,1,0,1,True,False,True,0.03718917444348335,0.7073442339897156,0.009983636438846588,0.08430588990449905,0.16117705404758453,0.4832480251789093,0.040307458490133286,0.010054622776806355,0.015260167419910431,0.4511297345161438,0.17100682854652405,0.507233202457428,0.010004932060837746,0.06359217315912247,0.2481628656387329
007-3169-100,A:\DR_classification\data\organized\pooled_aptos_ddr\test\1_Mild\007-3169-100.jpg,1,Mild,1,4,1,True,False,True,0.006117883138358593,0.9463028907775879,0.009623601101338863,0.014787181280553341,0.023168358951807022,0.12804099917411804,0.05297056585550308,0.016398563981056213,0.0174114890396595,0.7851784825325012,0.0426948219537735,0.6783031821250916,0.01165609061717987,0.015574473887681961,0.25177139043807983
007-3179-100,A:\DR_classification\data\organized\pooled_aptos_ddr\test\1_Mild\007-3179-100.jpg,1,Mild,1,0,1,True,False,True,0.01648184470832348,0.9196600914001465,0.004744978621602058,0.049986664205789566,0.00912647694349289,0.9608446359634399,0.01199206244200468,0.00044914064346812665,0.002328663831576705,0.024385588243603706,0.2997906804084778,0.6473596692085266,0.0034562270157039165,0.03568926453590393,0.01370421051979065
007-3189-100,A:\DR_classification\data\organized\pooled_aptos_ddr\test\1_Mild\007-3189-100.jpg,1,Mild,1,0,4,True,False,False,0.004195794928818941,0.41362032294273376,0.007950365543365479,0.19474466145038605,0.37948885560035706,0.7627407312393188,0.05714884772896767,0.0029815479647368193,0.0023886049166321754,0.1747402548789978,0.23175929486751556,0.3066788613796234,0.006459720432758331,0.13703784346580505,0.31806427240371704
007-3260-100,A:\DR_classification\data\organized\pooled_aptos_ddr\test\1_Mild\007-3260-100.jpg,1,Mild,3,0,4,False,False,False,0.041436512023210526,0.20262335240840912,0.19463686645030975,0.2860475182533264,0.2752557396888733,0.4413944482803345,0.08935749530792236,0.1512318253517151,0.04316926747560501,0.27484697103500366,0.16142389178276062,0.16864359378814697,0.18161535263061523,0.21318404376506805,0.2751331031322479
0124dffecf29,A:\DR_classification\data\organized\pooled_aptos_ddr\test\1_Mild\0124dffecf29.png,1,Mild,1,0,1,True,False,True,0.024979455396533012,0.8112537264823914,0.12504138052463531,0.01612406224012375,0.02260131947696209,0.889900803565979,0.09809313714504242,0.0008512333733960986,0.003533355426043272,0.007621480152010918,0.2844558656215668,0.5973055362701416,0.08778433501720428,0.012346850708127022,0.018107367679476738
0a3202889f4d,A:\DR_classification\data\organized\pooled_aptos_ddr\test\1_Mild\0a3202889f4d.png,1,Mild,1,0,1,True,False,True,0.018287790939211845,0.4668365716934204,0.4152589440345764,0.016082165762782097,0.08353451639413834,0.7605931758880615,0.05604880675673485,0.03426913544535637,0.08263687044382095,0.0664520263671875,0.2409794181585312,0.34360024333000183,0.300961971282959,0.03604857623577118,0.07840976864099503
19722bff5a09,A:\DR_classification\data\organized\pooled_aptos_ddr\test\1_Mild\19722bff5a09.png,1,Mild,1,0,1,True,False,True,0.07672568410634995,0.7441062927246094,0.0651969313621521,0.04116584733128548,0.07280519604682922,0.7384685277938843,0.1496528685092926,0.012940257787704468,0.03486014902591705,0.06407825648784637,0.27524855732917786,0.5657702684402466,0.04951992630958557,0.03927413746714592,0.07018711417913437
1d674e2e32e0,A:\DR_classification\data\organized\pooled_aptos_ddr\test\1_Mild\1d674e2e32e0.png,1,Mild,1,1,1,True,True,True,0.02101742848753929,0.41036564111709595,0.39543402194976807,0.02362465113401413,0.14955829083919525,0.0063302102498710155,0.5227494239807129,0.05672462284564972,0.3383309543132782,0.07586482912302017,0.016611263155937195,0.44408077001571655,0.29382121562957764,0.11803654581308365,0.12745025753974915
20170516160126110,A:\DR_classification\data\organized\pooled_aptos_ddr\test\1_Mild\20170516160126110.jpg,1,Mild,1,0,1,True,False,True,0.011457827873528004,0.9347140192985535,0.012420334853231907,0.02460760623216629,0.016800248995423317,0.9623355865478516,0.01272029709070921,0.002296609105542302,0.0045989095233380795,0.018048660829663277,0.2967211902141571,0.6581158638000488,0.009383217431604862,0.01860499568283558,0.017174772918224335
20170522165511476,A:\DR_classification\data\organized\pooled_aptos_ddr\test\1_Mild\20170522165511476.jpg,1,Mild,1,0,1,True,False,True,0.002870948053896427,0.9804994463920593,0.004510569851845503,0.0061053126119077206,0.006013752426952124,0.9946509003639221,0.0036312045995146036,8.536648965673521e-05,0.0005347687401808798,0.0010976927587762475,0.30040493607521057,0.68743896484375,0.0031830088701099157,0.004434149246662855,0.004538934212177992
20170627192035083,A:\DR_classification\data\organized\pooled_aptos_ddr\test\1_Mild\20170627192035083.jpg,1,Mild,1,0,1,True,False,True,0.06616046279668808,0.8234268426895142,0.032500166445970535,0.04714639484882355,0.03076617419719696,0.9332689642906189,0.05297114700078964,0.0021031107753515244,0.003021279349923134,0.008635435253381729,0.326293021440506,0.5922901630401611,0.023381050676107407,0.03390886262059212,0.02412695251405239
3461dc601cc2,A:\DR_classification\data\organized\pooled_aptos_ddr\test\1_Mild\3461dc601cc2.png,1,Mild,2,3,2,False,False,False,0.03267586976289749,0.12356880307197571,0.7729508280754089,0.0638263076543808,0.006978244986385107,0.026168588548898697,0.16139793395996094,0.08179591596126556,0.4887652099132538,0.24187234044075012,0.030723687261343002,0.13491754233837128,0.5656043291091919,0.19130799174308777,0.07744647562503815
36677b70b1ef,A:\DR_classification\data\organized\pooled_aptos_ddr\test\1_Mild\36677b70b1ef.png,1,Mild,1,1,1,True,True,True,0.017926758155226707,0.5739666223526001,0.3714055120944977,0.01220967061817646,0.02449142560362816,0.2436678111553192,0.629331648349762,0.037411879748106,0.0471448078751564,0.042443860322237015,0.08564907312393188,0.590576171875,0.27120742201805115,0.022690212354063988,0.029877156019210815
3c726de3ee90,A:\DR_classification\data\organized\pooled_aptos_ddr\test\1_Mild\3c726de3ee90.png,1,Mild,1,0,1,True,False,True,0.03265577182173729,0.7479590773582458,0.19662947952747345,0.015009754337370396,0.0077459728345274925,0.7750528454780579,0.20941589772701263,0.0014912581536918879,0.006751387845724821,0.007288666442036629,0.2553749084472656,0.5863961577415466,0.13808801770210266,0.012532244436442852,0.007608781103044748
4cae247d9909,A:\DR_classification\data\organized\pooled_aptos_ddr\test\1_Mild\4cae247d9909.png,1,Mild,0,0,0,False,False,False,0.6910387277603149,0.06455644220113754,0.17550769448280334,0.031139010563492775,0.03775814175605774,0.7282955050468445,0.20984874665737152,0.012092774733901024,0.015106584876775742,0.03465644270181656,0.7022157907485962,0.1081441342830658,0.12648321688175201,0.02632928267121315,0.036827631294727325
5777ef74c9ec,A:\DR_classification\data\organized\pooled_aptos_ddr\test\1_Mild\5777ef74c9ec.png,1,Mild,1,4,1,True,False,True,0.024905549362301826,0.7407800555229187,0.19478864967823029,0.009613380767405033,0.02991241216659546,0.21848057210445404,0.2888176739215851,0.05263453349471092,0.12573593854904175,0.3143312931060791,0.08297805488109589,0.6051913499832153,0.15214240550994873,0.044450148940086365,0.11523807793855667
5b0e53f53ef3,A:\DR_classification\data\organized\pooled_aptos_ddr\test\1_Mild\5b0e53f53ef3.png,1,Mild,1,0,1,True,False,True,0.04061972349882126,0.6697623133659363,0.15500663220882416,0.06509269773960114,0.06951866298913956,0.8586151003837585,0.030866382643580437,0.01462877169251442,0.01852102391421795,0.07736872136592865,0.28601834177970886,0.47809353470802307,0.11289326846599579,0.051121193915605545,0.07187367975711823
6298468d7d75,A:\DR_classification\data\organized\pooled_aptos_ddr\test\1_Mild\6298468d7d75.png,1,Mild,2,0,2,False,False,False,0.006902551278471947,0.09910985827445984,0.8763834238052368,0.005226814653724432,0.012377352453768253,0.8314116597175598,0.05223740637302399,0.018833301961421967,0.040245238691568375,0.05727250501513481,0.2542552947998047,0.0850481241941452,0.6191183924674988,0.01573234237730503,0.025845900177955627
655cafb4c932,A:\DR_classification\data\organized\pooled_aptos_ddr\test\1_Mild\655cafb4c932.png,1,Mild,1,0,1,True,False,True,0.006242725532501936,0.5915848612785339,0.3763201832771301,0.0036441755946725607,0.022208048030734062,0.4146920442581177,0.39883437752723694,0.01565573178231716,0.06375077366828918,0.10706713050603867,0.12877753376960754,0.5337597131729126,0.2681208550930023,0.02167615480720997,0.04766577482223511
66cd9c28e636,A:\DR_classification\data\organized\pooled_aptos_ddr\test\1_Mild\66cd9c28e636.png,1,Mild,1,0,1,True,False,True,0.004407342057675123,0.6182977557182312,0.3543189465999603,0.017099367454648018,0.005876506213098764,0.7568820118904114,0.04124492034316063,0.009783120825886726,0.031961459666490555,0.16012856364250183,0.2301497459411621,0.4451819062232971,0.2509582042694092,0.021557994186878204,0.0521521270275116
67f5d89da548,A:\DR_classification\data\organized\pooled_aptos_ddr\test\1_Mild\67f5d89da548.png,1,Mild,2,0,2,False,False,False,0.15380948781967163,0.2551652789115906,0.4744437634944916,0.02498357556760311,0.09159780293703079,0.5566831827163696,0.187689408659935,0.01965332217514515,0.04331847280263901,0.1926555633544922,0.27467161417007446,0.23492251336574554,0.3380066454410553,0.030484043061733246,0.12191513180732727
8714d17bb6da,A:\DR_classification\data\organized\pooled_aptos_ddr\test\1_Mild\8714d17bb6da.png,1,Mild,1,0,1,True,False,True,0.02935781329870224,0.8070852160453796,0.14424841105937958,0.009549079462885857,0.009759558364748955,0.8868391513824463,0.033638522028923035,0.012235695496201515,0.010394008830189705,0.05689261481165886,0.2866022288799286,0.5750511884689331,0.10464459657669067,0.009802558459341526,0.02389947511255741
89ed6a0dd53f,A:\DR_classification\data\organized\pooled_aptos_ddr\test\1_Mild\89ed6a0dd53f.png,1,Mild,2,3,2,False,False,False,0.0255061574280262,0.3936799466609955,0.4567040205001831,0.05754981189966202,0.0665600374341011,0.0016843895427882671,0.13316501677036285,0.04083674028515816,0.43213245272636414,0.3921813666820526,0.018359627574682236,0.31552547216415405,0.3319438397884369,0.16992461681365967,0.16424643993377686
ae8472f8d310,A:\DR_classification\data\organized\pooled_aptos_ddr\test\1_Mild\ae8472f8d310.png,1,Mild,1,1,1,True,True,True,0.03358035907149315,0.7584802508354187,0.1350807100534439,0.041891299188137054,0.030967341735959053,0.3437333106994629,0.4177491366863251,0.033014148473739624,0.10100296884775162,0.10450053960084915,0.12662625312805176,0.6562609076499939,0.10446073859930038,0.059624798595905304,0.05302730202674866
b22354b5f94b,A:\DR_classification\data\organized\pooled_aptos_ddr\test\1_Mild\b22354b5f94b.png,1,Mild,2,0,2,False,False,False,0.013471490703523159,0.2794142961502075,0.6490204930305481,0.04068942740559578,0.017404355108737946,0.8846164345741272,0.04571208730340004,0.0151827996596694,0.025445325300097466,0.02904329262673855,0.27481499314308167,0.20930363237857819,0.45886918902397156,0.03611619770526886,0.02089603617787361
c56e65f74187,A:\DR_classification\data\organized\pooled_aptos_ddr\test\1_Mild\c56e65f74187.png,1,Mild,2,0,2,False,False,False,0.038344331085681915,0.15350714325904846,0.7189832925796509,0.05255763605237007,0.03660761937499046,0.9604556560516357,0.009437804110348225,0.005331804975867271,0.008525890298187733,0.01624881848692894,0.314977765083313,0.11028634011745453,0.5048878192901611,0.03934811055660248,0.030499979853630066
c7b622ec8104,A:\DR_classification\data\organized\pooled_aptos_ddr\test\1_Mild\c7b622ec8104.png,1,Mild,2,0,1,False,False,True,0.011885118670761585,0.4512081742286682,0.45397520065307617,0.01108092162758112,0.07185055315494537,0.8927868008613586,0.05308990925550461,0.01228987518697977,0.0077025811187922955,0.034130893647670746,0.27615565061569214,0.33177271485328674,0.32146960496902466,0.010067419148981571,0.060534656047821045
cae51154e1ce,A:\DR_classification\data\organized\pooled_aptos_ddr\test\1_Mild\cae51154e1ce.png,1,Mild,2,4,2,False,False,False,0.014385883696377277,0.2495621293783188,0.7116683125495911,0.01453753188252449,0.009846187196671963,0.12253817170858383,0.02385181374847889,0.21398426592350006,0.19578108191490173,0.4438447058200836,0.04683157056570053,0.18184903264045715,0.5623630881309509,0.06891059875488281,0.14004576206207275
cfd1bd0fcbb4,A:\DR_classification\data\organized\pooled_aptos_ddr\test\1_Mild\cfd1bd0fcbb4.png,1,Mild,0,0,0,False,False,False,0.8523224592208862,0.09398680180311203,0.034944482147693634,0.015192776918411255,0.0035534524358808994,0.9219844341278076,0.028726616874337196,0.0029800261836498976,0.009521144442260265,0.036787763237953186,0.8732210397720337,0.07440873980522156,0.02535514533519745,0.01349128782749176,0.013523745350539684
e07045d7c5f7,A:\DR_classification\data\organized\pooled_aptos_ddr\test\1_Mild\e07045d7c5f7.png,1,Mild,1,0,1,True,False,True,0.035039838403463364,0.49576929211616516,0.33492568135261536,0.02183007262647152,0.11243511736392975,0.8096250891685486,0.13077744841575623,0.013990226201713085,0.022046184167265892,0.023561060428619385,0.26741543412208557,0.38627174496650696,0.2386450320482254,0.0218949057161808,0.08577290177345276
f55e1d2a19e4,A:\DR_classification\data\organized\pooled_aptos_ddr\test\1_Mild\f55e1d2a19e4.png,1,Mild,2,4,2,False,False,False,0.006135239265859127,0.3408021032810211,0.6108244061470032,0.027410851791501045,0.014827385544776917,0.02180599607527256,0.14609958231449127,0.18827736377716064,0.23399877548217773,0.4098183214664459,0.010836467146873474,0.28239133954048157,0.48406028747558594,0.08938723802566528,0.13332466781139374
f762c272c522,A:\DR_classification\data\organized\pooled_aptos_ddr\test\1_Mild\f762c272c522.png,1,Mild,1,4,1,True,False,True,0.0014966996386647224,0.6447980999946594,0.34678637981414795,0.004031617660075426,0.002887142589315772,0.06296462565660477,0.10849927365779877,0.04551063850522041,0.287588894367218,0.49543648958206177,0.019937077537178993,0.483908474445343,0.2564036548137665,0.08909880369901657,0.1506519466638565
fe674c2f73f5,A:\DR_classification\data\organized\pooled_aptos_ddr\test\1_Mild\fe674c2f73f5.png,1,Mild,1,0,1,True,False,True,0.04280848428606987,0.8484765887260437,0.0763084813952446,0.012162573635578156,0.02024390920996666,0.9062105417251587,0.04061783850193024,0.011348739266395569,0.014927995391190052,0.0268948245793581,0.30182909965515137,0.60611891746521,0.05682055652141571,0.012992200441658497,0.022239184007048607
071435a218ec,A:\DR_classification\data\organized\pooled_aptos_ddr\test\2_Moderate\071435a218ec.png,2,Moderate,2,1,2,True,False,True,0.010671108029782772,0.026586988940835,0.9292473196983337,0.012400353327393532,0.021094290539622307,0.0015815774677321315,0.3322197496891022,0.1566382497549057,0.3037858307361603,0.20577459037303925,0.007944248616695404,0.11827682703733444,0.6974645853042603,0.09981600195169449,0.07649838179349899
08c17a2d95b7,A:\DR_classification\data\organized\pooled_aptos_ddr\test\2_Moderate\08c17a2d95b7.png,2,Moderate,3,1,3,False,False,False,0.014120333828032017,0.02113204635679722,0.2924070656299591,0.6059741973876953,0.06636632978916168,0.009368150494992733,0.5336412191390991,0.09390480816364288,0.15696310997009277,0.2061227262020111,0.012694679200649261,0.17488479614257812,0.2328563928604126,0.4712708592414856,0.10829325020313263
0953c0ac1735,A:\DR_classification\data\organized\pooled_aptos_ddr\test\2_Moderate\0953c0ac1735.png,2,Moderate,2,4,2,True,False,True,0.01964041218161583,0.029879840090870857,0.793948233127594,0.09943293035030365,0.05709855258464813,0.0002863072731997818,0.1011546328663826,0.07335758954286575,0.11987599730491638,0.7053254842758179,0.013834180310368538,0.05126228183507919,0.5777710676193237,0.10556584596633911,0.25156664848327637
09f6ab477654,A:\DR_classification\data\organized\pooled_aptos_ddr\test\2_Moderate\09f6ab477654.png,2,Moderate,2,4,2,True,False,True,0.0028004685882478952,0.06085161864757538,0.8985350131988525,0.030877364799380302,0.00693547772243619,0.014883367344737053,0.08896190673112869,0.07210375368595123,0.386437326669693,0.4376136362552643,0.006425338797271252,0.06928470730781555,0.6506056189537048,0.1375453621149063,0.1361389309167862
0c76fd494af6,A:\DR_classification\data\organized\pooled_aptos_ddr\test\2_Moderate\0c76fd494af6.png,2,Moderate,2,1,2,True,False,True,0.01133239921182394,0.16704986989498138,0.7177989482879639,0.07030526548624039,0.033513423055410385,0.007850023917853832,0.4018391966819763,0.053120002150535583,0.30815017223358154,0.22904056310653687,0.010287687182426453,0.23748667538166046,0.5183952450752258,0.1416587382555008,0.0921715721487999
10eefba568dd,A:\DR_classification\data\organized\pooled_aptos_ddr\test\2_Moderate\10eefba568dd.png,2,Moderate,2,0,2,True,False,True,0.02332465723156929,0.12533600628376007,0.7806063890457153,0.04642990231513977,0.024303052574396133,0.6949686408042908,0.18740323185920715,0.0036353738978505135,0.02026805840432644,0.09372463077306747,0.22481785714626312,0.14395618438720703,0.5475150346755981,0.038581348955631256,0.045129526406526566
13063d1bc4ea,A:\DR_classification\data\organized\pooled_aptos_ddr\test\2_Moderate\13063d1bc4ea.png,2,Moderate,2,3,2,True,False,True,0.02323446422815323,0.2962579131126404,0.5505512952804565,0.06550644338130951,0.06444986909627914,0.177852600812912,0.05952499806880951,0.14027979969978333,0.3776373565196991,0.24470525979995728,0.06961990892887115,0.22523802518844604,0.4274698495864868,0.15914571285247803,0.11852648854255676
144b01e7b993,A:\DR_classification\data\organized\pooled_aptos_ddr\test\2_Moderate\144b01e7b993.png,2,Moderate,2,4,2,True,False,True,0.006586401257663965,0.0143035389482975,0.8290021419525146,0.11884303390979767,0.031264834105968475,0.010067835450172424,0.013183181174099445,0.056205954402685165,0.11892629414796829,0.8016167879104614,0.007630831561982632,0.013967431150376797,0.5971632599830627,0.11886800825595856,0.26237043738365173
14ee87d6cc42,A:\DR_classification\data\organized\pooled_aptos_ddr\test\2_Moderate\14ee87d6cc42.png,2,Moderate,0,0,0,False,False,False,0.48295679688453674,0.4031529426574707,0.032263658940792084,0.027792705222964287,0.053833965212106705,0.8276269435882568,0.15950362384319305,0.001821551937609911,0.005303245969116688,0.005744641181081533,0.586357831954956,0.33005812764167786,0.023131027817726135,0.02104586735367775,0.039407167583703995
15528e740543,A:\DR_classification\data\organized\pooled_aptos_ddr\test\2_Moderate\15528e740543.png,2,Moderate,2,1,2,True,False,True,0.1251644790172577,0.11061152070760727,0.6638373732566833,0.061896201223134995,0.038490451872348785,0.28203898668289185,0.45204347372055054,0.02620420604944229,0.14837370812892914,0.09133963286876678,0.17222683131694794,0.21304112672805786,0.47254741191864014,0.08783945441246033,0.054345205426216125
157d17349cc6,A:\DR_classification\data\organized\pooled_aptos_ddr\test\2_Moderate\157d17349cc6.png,2,Moderate,2,1,2,True,False,True,0.031204620376229286,0.1640632003545761,0.5836594700813293,0.14060744643211365,0.08046526461839676,0.13713882863521576,0.5009177923202515,0.02807021513581276,0.1465945690870285,0.1872785985469818,0.0629848837852478,0.2651195824146271,0.4169826805591583,0.14240357279777527,0.11250926554203033
1bea04b2bb2d,A:\DR_classification\data\organized\pooled_aptos_ddr\test\2_Moderate\1bea04b2bb2d.png,2,Moderate,2,4,2,True,False,True,0.00950503908097744,0.020201001316308975,0.9255032539367676,0.025082258507609367,0.01970844157040119,0.002261502668261528,0.09650292992591858,0.05131727457046509,0.0654982253909111,0.7844200134277344,0.007331978064030409,0.043091580271720886,0.6632474064826965,0.03720704838633537,0.24912191927433014
1dbdc32c17db,A:\DR_classification\data\organized\pooled_aptos_ddr\test\2_Moderate\1dbdc32c17db.png,2,Moderate,2,1,2,True,False,True,0.013860511593520641,0.07610467821359634,0.885770857334137,0.004321931395679712,0.019941994920372963,0.09367974102497101,0.5460771918296814,0.059924960136413574,0.05744621902704239,0.24287186563014984,0.037806279957294464,0.21709643304347992,0.6380170583724976,0.020259220153093338,0.08682096004486084
1e4650743fa2,A:\DR_classification\data\organized\pooled_aptos_ddr\test\2_Moderate\1e4650743fa2.png,2,Moderate,2,1,2,True,False,True,0.023095835000276566,0.20090368390083313,0.7537709474563599,0.014654186554253101,0.007575405761599541,0.06187249347567558,0.8315162062644958,0.018842782825231552,0.029419224709272385,0.05834931135177612,0.03472883254289627,0.39008742570877075,0.5332924723625183,0.019083697348833084,0.02280757948756218
20404ec7b518,A:\DR_classification\data\organized\pooled_aptos_ddr\test\2_Moderate\20404ec7b518.png,2,Moderate,2,4,2,True,False,True,0.0183764286339283,0.4309794306755066,0.5277639627456665,0.005985364317893982,0.016894740983843803,0.002724485471844673,0.01166221871972084,0.02429836243391037,0.09863603860139847,0.8626788258552551,0.013680845499038696,0.3051842749118805,0.3767242729663849,0.03378056734800339,0.27062997221946716
23175b7ef453,A:\DR_classification\data\organized\pooled_aptos_ddr\test\2_Moderate\23175b7ef453.png,2,Moderate,2,1,2,True,False,True,0.018313877284526825,0.057818520814180374,0.8282670378684998,0.04912186786532402,0.04647872969508171,0.16363269090652466,0.4077930450439453,0.062444835901260376,0.11352594196796417,0.2526034414768219,0.061909522861242294,0.16281087696552277,0.5985203385353088,0.06844308972358704,0.10831613838672638
23d7ca170bdb,A:\DR_classification\data\organized\pooled_aptos_ddr\test\2_Moderate\23d7ca170bdb.png,2,Moderate,1,1,1,False,False,False,0.006384300068020821,0.7827170491218567,0.18722085654735565,0.01244732178747654,0.011230427771806717,0.0849548801779747,0.677929699420929,0.015463585034012794,0.10926788300275803,0.1123839020729065,0.02995547652244568,0.7512808442115784,0.13569366931915283,0.0414934940636158,0.04157647490501404
269f0792f11f,A:\DR_classification\data\organized\pooled_aptos_ddr\test\2_Moderate\269f0792f11f.png,2,Moderate,2,4,2,True,False,True,0.019935594871640205,0.022740496322512627,0.8097127079963684,0.11812374740839005,0.029487455263733864,0.0017524322029203176,0.08023135364055634,0.2443421632051468,0.1835547536611557,0.4901192784309387,0.014480645768344402,0.03998775780200958,0.6401014924049377,0.13775305449962616,0.16767701506614685
27b68863349f,A:\DR_classification\data\organized\pooled_aptos_ddr\test\2_Moderate\27b68863349f.png,2,Moderate,2,4,2,True,False,True,0.003349531441926956,0.40854349732398987,0.57562255859375,0.006360380444675684,0.006123988423496485,0.05641806498169899,0.23949602246284485,0.031734827905893326,0.2533879578113556,0.41896307468414307,0.019270092248916626,0.3578292429447174,0.412456214427948,0.08046865463256836,0.12997572124004364
290ecdba359f,A:\DR_classification\data\organized\pooled_aptos_ddr\test\2_Moderate\290ecdba359f.png,2,Moderate,2,3,2,True,False,True,0.012871176935732365,0.015896273776888847,0.7494922280311584,0.19168579578399658,0.03005448915064335,0.007745073176920414,0.24338367581367493,0.11593475937843323,0.4258224666118622,0.2071140855550766,0.011333346366882324,0.08414249867200851,0.5594249963760376,0.2619268000125885,0.08317237347364426
2b88cb6e31cd,A:\DR_classification\data\organized\pooled_aptos_ddr\test\2_Moderate\2b88cb6e31cd.png,2,Moderate,2,0,2,True,False,True,0.00388899864628911,0.16363628208637238,0.802560567855835,0.024116287007927895,0.0057978215627372265,0.852975606918335,0.11268316954374313,0.007404584437608719,0.012132421135902405,0.014804176986217499,0.25861498713493347,0.14835035800933838,0.5640137195587158,0.020521126687526703,0.00849972851574421
2cef97083e6f,A:\DR_classification\data\organized\pooled_aptos_ddr\test\2_Moderate\2cef97083e6f.png,2,Moderate,2,0,2,True,False,True,0.030830223113298416,0.28804025053977966,0.6398398876190186,0.021236388012766838,0.02005324698984623,0.8982095718383789,0.04434904456138611,0.013138038106262684,0.014608537778258324,0.02969491481781006,0.2910440266132355,0.2149328887462616,0.45182934403419495,0.019248032942414284,0.022945746779441833
3e6bfc4d5c65,A:\DR_classification\data\organized\pooled_aptos_ddr\test\2_Moderate\3e6bfc4d5c65.png,2,Moderate,2,3,2,True,False,True,0.04875687509775162,0.29834091663360596,0.6101650595664978,0.009670420549809933,0.03306672349572182,0.07867172360420227,0.06347281485795975,0.024829870089888573,0.43114984035491943,0.4018758237361908,0.05773133039474487,0.22788049280643463,0.4345645010471344,0.13611425459384918,0.1437094658613205
4242c0d87f57,A:\DR_classification\data\organized\pooled_aptos_ddr\test\2_Moderate\4242c0d87f57.png,2,Moderate,2,3,3,True,False,False,0.036373864859342575,0.036047548055648804,0.43294334411621094,0.4234100878238678,0.07122509181499481,0.00010273700172547251,0.0016651651822030544,0.05065372958779335,0.47799479961395264,0.46958354115486145,0.025492526590824127,0.02573283389210701,0.3182564377784729,0.4397854804992676,0.19073262810707092
43fb6eda9b97,A:\DR_classification\data\organized\pooled_aptos_ddr\test\2_Moderate\43fb6eda9b97.png,2,Moderate,2,1,2,True,False,True,0.004090817645192146,0.18995845317840576,0.7867283225059509,0.008651222102344036,0.010571165010333061,0.12468786537647247,0.6540158987045288,0.018229935318231583,0.028839999809861183,0.17422626912593842,0.04026993364095688,0.3291757106781006,0.5561788082122803,0.014707855880260468,0.05966769903898239
441affbe99aa,A:\DR_classification\data\organized\pooled_aptos_ddr\test\2_Moderate\441affbe99aa.png,2,Moderate,2,4,2,True,False,True,0.01999020390212536,0.017172330990433693,0.6939125657081604,0.17598874866962433,0.09293616563081741,0.0013047922402620316,0.004560604691505432,0.026221252977848053,0.47865939140319824,0.4892539978027344,0.014384579844772816,0.013388813473284245,0.4936051666736603,0.2667899429798126,0.21183151006698608
465c618f7b23,A:\DR_classification\data\organized\pooled_aptos_ddr\test\2_Moderate\465c618f7b23.png,2,Moderate,2,1,2,True,False,True,0.034391794353723526,0.23185424506664276,0.5791820883750916,0.05886099860072136,0.09571091830730438,0.2886069416999817,0.3733483850955963,0.05264049395918846,0.1905742585659027,0.0948299914598465,0.11065634340047836,0.27430248260498047,0.4212196171283722,0.09837497770786285,0.0954466387629509
46f56c38051f,A:\DR_classification\data\organized\pooled_aptos_ddr\test\2_Moderate\46f56c38051f.png,2,Moderate,2,3,2,True,False,True,0.004399099387228489,0.015522494912147522,0.934612512588501,0.026682598516345024,0.01878325454890728,0.07031630724668503,0.19629281759262085,0.030884478241205215,0.4892308712005615,0.2132754921913147,0.024174261838197708,0.06975359469652176,0.6634941101074219,0.16544708609580994,0.07713092863559723
4a558a1cd243,A:\DR_classification\data\organized\pooled_aptos_ddr\test\2_Moderate\4a558a1cd243.png,2,Moderate,2,3,2,True,False,True,0.011552530340850353,0.06537143886089325,0.6392636299133301,0.23190046846866608,0.051911864429712296,0.001187245361506939,0.05335542559623718,0.08805719017982483,0.7437798380851746,0.11362025141716003,0.008442943915724754,0.06176663190126419,0.4739016890525818,0.38546431064605713,0.07042437791824341
4b1001050f1d,A:\DR_classification\data\organized\pooled_aptos_ddr\test\2_Moderate\4b1001050f1d.png,2,Moderate,1,0,1,False,False,False,0.028651457279920578,0.5533432364463806,0.20218029618263245,0.18470683693885803,0.031118253245949745,0.9690843224525452,0.013155109249055386,0.0026451759040355682,0.0069388155825436115,0.008176703006029129,0.310781329870224,0.39128679037094116,0.14231975376605988,0.13137643039226532,0.024235786870121956
4e43d05cc2ef,A:\DR_classification\data\organized\pooled_aptos_ddr\test\2_Moderate\4e43d05cc2ef.png,2,Moderate,2,4,2,True,False,True,0.008238418959081173,0.07349862903356552,0.8784776926040649,0.0066221486777067184,0.03316308557987213,0.027695463970303535,0.1296783983707428,0.06546810269355774,0.27512362599372864,0.5020343661308289,0.01407553255558014,0.09035255759954453,0.634574830532074,0.08717259764671326,0.1738244742155075
50d8a8fb7737,A:\DR_classification\data\organized\pooled_aptos_ddr\test\2_Moderate\50d8a8fb7737.png,2,Moderate,2,4,3,True,False,False,0.014794021844863892,0.05544574186205864,0.4497474730014801,0.3543846905231476,0.1256280541419983,0.00254324683919549,0.0008413590840063989,0.0361110083758831,0.2659817934036255,0.6945226192474365,0.011118789203464985,0.039064425975084305,0.325656533241272,0.32786381244659424,0.2962964177131653
51cfeccaf40d,A:\DR_classification\data\organized\pooled_aptos_ddr\test\2_Moderate\51cfeccaf40d.png,2,Moderate,2,1,2,True,False,True,0.009044590406119823,0.03574489802122116,0.9185367226600647,0.016727404668927193,0.019946424290537834,0.20635689795017242,0.7582362294197083,0.0034929343964904547,0.014561334624886513,0.017352541908621788,0.0682382881641388,0.2524923086166382,0.644023597240448,0.01607758365571499,0.01916825957596302
524f240e0c90,A:\DR_classification\data\organized\pooled_aptos_ddr\test\2_Moderate\524f240e0c90.png,2,Moderate,2,3,2,True,False,True,0.005542725790292025,0.05158473551273346,0.8246611952781677,0.10440067946910858,0.013810593634843826,0.002971878508105874,0.08748647570610046,0.023925866931676865,0.44789206981658936,0.43772363662719727,0.004771471489220858,0.06235525757074356,0.5844405889511108,0.2074480950832367,0.14098450541496277
582f739b8f62,A:\DR_classification\data\organized\pooled_aptos_ddr\test\2_Moderate\582f739b8f62.png,2,Moderate,2,0,2,True,False,True,0.008902525529265404,0.22118425369262695,0.6989266276359558,0.023063620552420616,0.04792294278740883,0.29499921202659607,0.04806755110621452,0.1699993759393692,0.29343244433403015,0.19350138306617737,0.09473153948783875,0.1692492514848709,0.540248453617096,0.10417427122592926,0.09159647673368454
5905a9b06a73,A:\DR_classification\data\organized\pooled_aptos_ddr\test\2_Moderate\5905a9b06a73.png,2,Moderate,2,2,2,True,True,True,0.019843928515911102,0.011317193508148193,0.7754533886909485,0.1723693162202835,0.02101624384522438,0.002116558840498328,0.11722742021083832,0.5569508075714111,0.08523313701152802,0.2384720891714096,0.014525717124342918,0.04309026151895523,0.7099025845527649,0.14622846245765686,0.08625300228595734
5b301a6d1ac7,A:\DR_classification\data\organized\pooled_aptos_ddr\test\2_Moderate\5b301a6d1ac7.png,2,Moderate,1,0,0,False,False,False,0.17500923573970795,0.3399606943130493,0.31175920367240906,0.05012611672282219,0.12314476817846298,0.8551141023635864,0.0957857295870781,0.002354153199121356,0.02571849524974823,0.021027451381087303,0.3790407180786133,0.2667081952095032,0.2189376801252365,0.04280383139848709,0.09250957518815994
5c6194562ed2,A:\DR_classification\data\organized\pooled_aptos_ddr\test\2_Moderate\5c6194562ed2.png,2,Moderate,2,0,2,True,False,True,0.043542180210351944,0.3848775327205658,0.5437120199203491,0.012458072043955326,0.015410205349326134,0.845741331577301,0.09505800902843475,0.007661233656108379,0.009051518514752388,0.04248793423175812,0.2842019200325012,0.2979316711425781,0.3828967809677124,0.011436105705797672,0.023533523082733154
5cde55f745af,A:\DR_classification\data\organized\pooled_aptos_ddr\test\2_Moderate\5cde55f745af.png,2,Moderate,2,0,2,True,False,True,0.014871673658490181,0.18071022629737854,0.7224586009979248,0.026151509955525398,0.05580795183777809,0.7734056115150452,0.217612162232399,0.0016945759998634458,0.002167139435186982,0.005120559129863977,0.2424318641424179,0.19178080558776855,0.5062294006347656,0.018956197425723076,0.040601734071969986
5e18af29d812,A:\DR_classification\data\organized\pooled_aptos_ddr\test\2_Moderate\5e18af29d812.png,2,Moderate,2,0,2,True,False,True,0.010928965173661709,0.19491541385650635,0.7573685646057129,0.022715341299772263,0.014071712270379066,0.49516820907592773,0.05436987057328224,0.037456024438142776,0.12228439003229141,0.29072150588035583,0.15620073676109314,0.15275174379348755,0.5413947701454163,0.05258605629205704,0.09706664830446243
5e52c9fe676f,A:\DR_classification\data\organized\pooled_aptos_ddr\test\2_Moderate\5e52c9fe676f.png,2,Moderate,3,4,3,False,False,False,0.006930114701390266,0.19924968481063843,0.29604777693748474,0.4469371438026428,0.0508352667093277,0.00040257966611534357,0.002709730761125684,0.056622352451086044,0.2935211956501007,0.6467441320419312,0.004971853923052549,0.14028769731521606,0.2242201566696167,0.400912344455719,0.2296079397201538
62e6f814c8f5,A:\DR_classification\data\organized\pooled_aptos_ddr\test\2_Moderate\62e6f814c8f5.png,2,Moderate,2,4,2,True,False,True,0.009782632812857628,0.07314857840538025,0.8959166407585144,0.005434757564216852,0.015717430040240288,0.022166045382618904,0.32792314887046814,0.06640570610761642,0.2135530412197113,0.3699520230293274,0.013497657142579556,0.1495809555053711,0.6470633745193481,0.06787025183439255,0.12198781222105026
63d217b059b6,A:\DR_classification\data\organized\pooled_aptos_ddr\test\2_Moderate\63d217b059b6.png,2,Moderate,2,1,2,True,False,True,0.0359843373298645,0.09626680612564087,0.7060458064079285,0.11228090524673462,0.04942217096686363,0.21720878779888153,0.3028649389743805,0.11086788773536682,0.08209824562072754,0.2869601249694824,0.09035167098045349,0.158246248960495,0.5274924039840698,0.10322610288858414,0.12068355828523636
66d2ca47aa44,A:\DR_classification\data\organized\pooled_aptos_ddr\test\2_Moderate\66d2ca47aa44.png,2,Moderate,2,0,2,True,False,True,0.02595895156264305,0.2668032646179199,0.585905909538269,0.03322965279221535,0.08810217678546906,0.5049822926521301,0.20101140439510345,0.02315833419561386,0.13732805848121643,0.13351991772651672,0.16966596245765686,0.2470657080411911,0.4170816242694855,0.0644591748714447,0.10172750055789948
6889bc64ab09,A:\DR_classification\data\organized\pooled_aptos_ddr\test\2_Moderate\6889bc64ab09.png,2,Moderate,2,4,2,True,False,True,0.0034828658681362867,0.026346789672970772,0.868155300617218,0.09230516105890274,0.009709859266877174,0.005150398705154657,0.01965017430484295,0.055479831993579865,0.364772766828537,0.554946780204773,0.003983125556260347,0.024337803944945335,0.6243526339530945,0.17404544353485107,0.17328093945980072
70ed3ec68b94,A:\DR_classification\data\organized\pooled_aptos_ddr\test\2_Moderate\70ed3ec68b94.png,2,Moderate,2,4,2,True,False,True,0.0033986305352300406,0.08767583221197128,0.762466549873352,0.13324987888336182,0.01320908684283495,0.0029929387383162975,0.026152530685067177,0.04741450399160385,0.17850005626678467,0.7449399828910828,0.0032769229728728533,0.06921884417533875,0.5479509234428406,0.1468249261379242,0.23272836208343506
71e4130bf5c8,A:\DR_classification\data\organized\pooled_aptos_ddr\test\2_Moderate\71e4130bf5c8.png,2,Moderate,2,4,2,True,False,True,0.002694695955142379,0.014678744599223137,0.805683970451355,0.1600514054298401,0.016891220584511757,0.014079207554459572,0.12417709082365036,0.03576838597655296,0.1305835247039795,0.695391833782196,0.006110049784183502,0.04752825200557709,0.5747092962265015,0.15121103823184967,0.22044140100479126
73e83a07a16d,A:\DR_classification\data\organized\pooled_aptos_ddr\test\2_Moderate\73e83a07a16d.png,2,Moderate,1,1,1,False,False,False,0.04636986926198006,0.3968258798122406,0.21203820407390594,0.04912009835243225,0.29564592242240906,0.013131887651979923,0.7804441452026367,0.016800938174128532,0.07591956853866577,0.11370343714952469,0.036398474127054214,0.5119113922119141,0.15346702933311462,0.05715993791818619,0.2410631775856018
7550966ef777,A:\DR_classification\data\organized\pooled_aptos_ddr\test\2_Moderate\7550966ef777.png,2,Moderate,2,1,2,True,False,True,0.005329381208866835,0.04646681249141693,0.8902736306190491,0.044161923229694366,0.01376821007579565,0.08168201148509979,0.45043084025382996,0.03237493336200714,0.042326148599386215,0.39318612217903137,0.028235170990228653,0.1676560342311859,0.6329039931297302,0.04361119121313095,0.12759359180927277
76e6a9238570,A:\DR_classification\data\organized\pooled_aptos_ddr\test\2_Moderate\76e6a9238570.png,2,Moderate,2,1,2,True,False,True,0.009666502475738525,0.023814009502530098,0.9208741188049316,0.02368527092039585,0.02196006290614605,0.0036278441548347473,0.4164508283138275,0.25567883253097534,0.061890676617622375,0.2623518407344818,0.007854904979467392,0.14160506427288055,0.7213155627250671,0.035146892070770264,0.09407760202884674
7743f4e04a6d,A:\DR_classification\data\organized\pooled_aptos_ddr\test\2_Moderate\7743f4e04a6d.png,2,Moderate,2,4,2,True,False,True,0.004778217524290085,0.01827508769929409,0.9137056469917297,0.050594329833984375,0.012646667659282684,0.005469180643558502,0.23515048623085022,0.038683172315359116,0.1353878527879715,0.5853093266487122,0.004985506646335125,0.0833377093076706,0.6511989235877991,0.07603238523006439,0.18444547057151794
77543f66a84a,A:\DR_classification\data\organized\pooled_aptos_ddr\test\2_Moderate\77543f66a84a.png,2,Moderate,2,1,2,True,False,True,0.0073535991832613945,0.05576593801379204,0.8667905926704407,0.05955112352967262,0.010538685135543346,0.003163107903674245,0.5894610285758972,0.14482221007347107,0.0712420865893364,0.19131158292293549,0.006096452008932829,0.21587446331977844,0.6502000689506531,0.06305841356515884,0.06477055698633194
77f69c7ff324,A:\DR_classification\data\organized\pooled_aptos_ddr\test\2_Moderate\77f69c7ff324.png,2,Moderate,3,3,3,False,False,False,0.015354231931269169,0.10016746073961258,0.36445608735084534,0.4061432480812073,0.11387895792722702,0.10339751839637756,0.25970545411109924,0.10159353911876678,0.34685811400413513,0.18844541907310486,0.041767220944166183,0.14802885055541992,0.2855973243713379,0.3883576989173889,0.1362488865852356
879744b9dc65,A:\DR_classification\data\organized\pooled_aptos_ddr\test\2_Moderate\879744b9dc65.png,2,Moderate,2,4,2,True,False,True,0.015854325145483017,0.03136935085058212,0.6507889628410339,0.2696710526943207,0.03231634944677353,0.057403698563575745,0.24258194863796234,0.09964662045240402,0.22906212508678436,0.37130558490753174,0.028319137170910835,0.09473313391208649,0.4854462742805481,0.2574883699417114,0.1340131163597107
8b26d3cd61e8,A:\DR_classification\data\organized\pooled_aptos_ddr\test\2_Moderate\8b26d3cd61e8.png,2,Moderate,2,4,2,True,False,True,0.03321715071797371,0.192904531955719,0.6105709075927734,0.05222566798329353,0.11108173429965973,0.00014805789396632463,0.021078962832689285,0.06297241896390915,0.3483245372772217,0.5674759745597839,0.023296421393752098,0.14135687053203583,0.44629135727882385,0.14105533063411713,0.24800001084804535
8d62ba9cb22a,A:\DR_classification\data\organized\pooled_aptos_ddr\test\2_Moderate\8d62ba9cb22a.png,2,Moderate,2,1,2,True,False,True,0.17877618968486786,0.03269221633672714,0.7418787479400635,0.027179347351193428,0.0194734875112772,0.013868461363017559,0.5608438849449158,0.049521468579769135,0.19309407472610474,0.18267208337783813,0.12930387258529663,0.19113771617412567,0.5341715812683105,0.07695376873016357,0.06843306869268417
907aaff827e5,A:\DR_classification\data\organized\pooled_aptos_ddr\test\2_Moderate\907aaff827e5.png,2,Moderate,2,1,2,True,False,True,0.01355946995317936,0.033687856048345566,0.5804404020309448,0.3376431465148926,0.03466914966702461,0.004431454464793205,0.5048409700393677,0.09645207226276398,0.10149125009775162,0.2927842438220978,0.010821064934134483,0.1750338077545166,0.4352438747882843,0.26679757237434387,0.11210367828607559
96c3e3db68bc,A:\DR_classification\data\organized\pooled_aptos_ddr\test\2_Moderate\96c3e3db68bc.png,2,Moderate,2,1,2,True,False,True,0.006437379866838455,0.05832156911492348,0.873137354850769,0.032886698842048645,0.029217014089226723,0.006207139231264591,0.6612565517425537,0.025865547358989716,0.14903059601783752,0.1576402336359024,0.006368307396769524,0.23920206725597382,0.6189558506011963,0.06772986799478531,0.06774397939443588
9b0eb9f41da4,A:\DR_classification\data\organized\pooled_aptos_ddr\test\2_Moderate\9b0eb9f41da4.png,2,Moderate,2,3,2,True,False,True,0.013829397968947887,0.03248181194067001,0.7497707605361938,0.18314801156520844,0.020770007744431496,7.45441866456531e-05,0.0013488074764609337,0.05666576698422432,0.6700336337089539,0.2718771696090698,0.00970294140279293,0.023141911253333092,0.5418392419815063,0.3292136788368225,0.09610215574502945
9c088d2d1559,A:\DR_classification\data\organized\pooled_aptos_ddr\test\2_Moderate\9c088d2d1559.png,2,Moderate,4,1,4,False,False,False,0.025280751287937164,0.23413880169391632,0.296569287776947,0.097041055560112,0.3469701409339905,0.06689171493053436,0.324628084897995,0.10028505325317383,0.24725058674812317,0.26094451546669006,0.0377640426158905,0.26128560304641724,0.23768401145935059,0.142103910446167,0.32116246223449707
9dab2e6ba44b,A:\DR_classification\data\organized\pooled_aptos_ddr\test\2_Moderate\9dab2e6ba44b.png,2,Moderate,2,3,2,True,False,True,0.005365428049117327,0.31961318850517273,0.6525343060493469,0.007435326464474201,0.015051689930260181,0.2735472321510315,0.23715205490589142,0.025697465986013412,0.3263009190559387,0.13730230927467346,0.08581997454166412,0.2948748469352722,0.46448323130607605,0.10309500992298126,0.05172687768936157
a476fd984005,A:\DR_classification\data\organized\pooled_aptos_ddr\test\2_Moderate\a476fd984005.png,2,Moderate,3,4,3,False,False,False,0.03258977085351944,0.018446581438183784,0.35098233819007874,0.47753027081489563,0.12045101076364517,0.015754995867609978,0.04986950755119324,0.171301007270813,0.20286162197589874,0.5602128505706787,0.027539338916540146,0.027873460203409195,0.2970779538154602,0.3951296806335449,0.25237956643104553
a47878630dc2,A:\DR_classification\data\organized\pooled_aptos_ddr\test\2_Moderate\a47878630dc2.png,2,Moderate,2,0,2,True,False,True,0.052752673625946045,0.16452686488628387,0.6861335635185242,0.03015057183802128,0.06643633544445038,0.7325260043144226,0.13208329677581787,0.015659384429454803,0.06788517534732819,0.05184624716639519,0.25668469071388245,0.15479379892349243,0.48499131202697754,0.041470952332019806,0.06205930560827255
a4d41c495666,A:\DR_classification\data\organized\pooled_aptos_ddr\test\2_Moderate\a4d41c495666.png,2,Moderate,2,3,2,True,False,True,0.001539614167995751,0.06197076290845871,0.9053977727890015,0.020948026329278946,0.010143809020519257,0.01105903647840023,0.03684458136558533,0.03290678933262825,0.5709542632102966,0.3482353389263153,0.004395441152155399,0.054432909935712814,0.643650472164154,0.18594990670681,0.11157126724720001
a62ea0043aa7,A:\DR_classification\data\organized\pooled_aptos_ddr\test\2_Moderate\a62ea0043aa7.png,2,Moderate,2,3,2,True,False,True,0.01647861860692501,0.28927183151245117,0.6542449593544006,0.020370978862047195,0.019633587449789047,0.0036745374090969563,0.006745604332536459,0.04480808600783348,0.510029137134552,0.43474262952804565,0.012637393549084663,0.20451396703720093,0.47141388058662415,0.16726842522621155,0.14416630566120148
a790a3b36390,A:\DR_classification\data\organized\pooled_aptos_ddr\test\2_Moderate\a790a3b36390.png,2,Moderate,2,1,2,True,False,True,0.007231330499053001,0.17383812367916107,0.7354165315628052,0.06022186204791069,0.023292195051908493,0.03400209918618202,0.37961632013320923,0.13744857907295227,0.17697963118553162,0.27195337414741516,0.015262560918927193,0.23557159304618835,0.5560261011123657,0.09524919092655182,0.09789055585861206
ac2c814949f9,A:\DR_classification\data\organized\pooled_aptos_ddr\test\2_Moderate\ac2c814949f9.png,2,Moderate,2,3,2,True,False,True,0.01854107901453972,0.16303439438343048,0.7165899276733398,0.05284356698393822,0.04899110272526741,0.002179937670007348,0.031839992851018906,0.10799556225538254,0.49624449014663696,0.36173999309539795,0.013632736168801785,0.12367607653141022,0.5340116024017334,0.18586385250091553,0.14281576871871948
ac720570dd0f,A:\DR_classification\data\organized\pooled_aptos_ddr\test\2_Moderate\ac720570dd0f.png,2,Moderate,2,0,2,True,False,True,0.05223320052027702,0.34647470712661743,0.5367107391357422,0.047131214290857315,0.0174501221626997,0.9149388670921326,0.05662936717271805,0.005025068763643503,0.013464258052408695,0.00994239840656519,0.31104493141174316,0.25952109694480896,0.3772050440311432,0.03703112527728081,0.015197805128991604
ae8424cdb029,A:\DR_classification\data\organized\pooled_aptos_ddr\test\2_Moderate\ae8424cdb029.png,2,Moderate,2,0,2,True,False,True,0.05571625754237175,0.17316506803035736,0.633145809173584,0.08175090700387955,0.05622198060154915,0.8609045147895813,0.06620020419359207,0.0071629988960921764,0.027437848970294,0.03829445689916611,0.2972727417945862,0.14107561111450195,0.4453509449958801,0.06545698642730713,0.050843723118305206
af8aa32beee4,A:\DR_classification\data\organized\pooled_aptos_ddr\test\2_Moderate\af8aa32beee4.png,2,Moderate,2,4,2,True,False,True,0.033454492688179016,0.06909487396478653,0.5401138663291931,0.08683881908655167,0.2704979181289673,0.006669517606496811,0.12554393708705902,0.056817442178726196,0.3487960398197174,0.46217310428619385,0.025419000536203384,0.08602959662675858,0.3951249420642853,0.16542598605155945,0.3280004858970642
b3c0c3330278,A:\DR_classification\data\organized\pooled_aptos_ddr\test\2_Moderate\b3c0c3330278.png,2,Moderate,2,0,2,True,False,True,0.012536561116576195,0.23225246369838715,0.5292565822601318,0.033150721341371536,0.19280362129211426,0.4236190915107727,0.14252445101737976,0.17598213255405426,0.15437987446784973,0.10349442064762115,0.1358613222837448,0.20533405244350433,0.4232742488384247,0.06951946765184402,0.16601085662841797
b665041e1633,A:\DR_classification\data\organized\pooled_aptos_ddr\test\2_Moderate\b665041e1633.png,2,Moderate,1,0,0,False,False,False,0.13230253756046295,0.5030363202095032,0.27354714274406433,0.07090068608522415,0.020213350653648376,0.9714752435684204,0.008658651262521744,0.002605447545647621,0.0073179262690246105,0.009942730888724327,0.38405436277389526,0.3547230064868927,0.1922646313905716,0.05182585492730141,0.017132164910435677
b8f1b30877db,A:\DR_classification\data\organized\pooled_aptos_ddr\test\2_Moderate\b8f1b30877db.png,2,Moderate,2,4,2,True,False,True,0.00891328789293766,0.04877295717597008,0.8913304805755615,0.02660304307937622,0.024380171671509743,0.013171004131436348,0.017530007287859917,0.24324652552604675,0.10339189320802689,0.6226605772972107,0.010190602391958237,0.03940007463097572,0.6969053149223328,0.04963970184326172,0.20386430621147156
b8fb9f55cd6d,A:\DR_classification\data\organized\pooled_aptos_ddr\test\2_Moderate\b8fb9f55cd6d.png,2,Moderate,2,1,2,True,False,True,0.004033924080431461,0.08239893615245819,0.8798877000808716,0.01768784411251545,0.015991631895303726,0.016719309613108635,0.8945354223251343,0.019554760307073593,0.03844970092177391,0.030740845948457718,0.007839540019631386,0.3260399103164673,0.6217877864837646,0.023916400969028473,0.020416397601366043
bcc762618e7d,A:\DR_classification\data\organized\pooled_aptos_ddr\test\2_Moderate\bcc762618e7d.png,2,Moderate,2,3,2,True,False,True,0.0171024352312088,0.05103812366724014,0.7815582156181335,0.051594819873571396,0.09870646148920059,0.009502141736447811,0.3941114842891693,0.0807957723736763,0.40425869822502136,0.11133187264204025,0.014822347089648247,0.15396013855934143,0.5713294744491577,0.15739399194717407,0.10249409079551697
bfe467b7e997,A:\DR_classification\data\organized\pooled_aptos_ddr\test\2_Moderate\bfe467b7e997.png,2,Moderate,1,0,1,False,False,False,0.02026684209704399,0.6649251580238342,0.27469107508659363,0.025538615882396698,0.014578335918486118,0.9068084359169006,0.0621449314057827,0.005805283319205046,0.007263618987053633,0.01797783561050892,0.28622934222221375,0.4840910732746124,0.19402533769607544,0.020056117326021194,0.015598185360431671
c5ad60521f8c,A:\DR_classification\data\organized\pooled_aptos_ddr\test\2_Moderate\c5ad60521f8c.png,2,Moderate,2,4,2,True,False,True,0.013816982507705688,0.18456023931503296,0.7121233940124512,0.05883178487420082,0.030667563900351524,0.0054269651882350445,0.017027340829372406,0.022956887260079384,0.047830384224653244,0.9067584276199341,0.011299977079033852,0.1343003660440445,0.5053734183311462,0.05553136765956879,0.29349485039711
c87493ed320c,A:\DR_classification\data\organized\pooled_aptos_ddr\test\2_Moderate\c87493ed320c.png,2,Moderate,2,4,2,True,False,True,0.009926548227667809,0.016628827899694443,0.928748607635498,0.01683555729687214,0.02786037139594555,0.00568642420694232,0.024757204577326775,0.03352276235818863,0.08844445645809174,0.8475890755653381,0.008654510602355003,0.019067339599132538,0.6601808667182922,0.03831822797656059,0.2737789750099182
ca891d37a43c,A:\DR_classification\data\organized\pooled_aptos_ddr\test\2_Moderate\ca891d37a43c.png,2,Moderate,2,4,2,True,False,True,0.004300519824028015,0.08469676226377487,0.8957161903381348,0.009211922995746136,0.006074525415897369,0.0017779923509806395,0.039411310106515884,0.03723325580358505,0.08888661116361618,0.8326908349990845,0.003543761558830738,0.07111112773418427,0.6381713151931763,0.03311432898044586,0.25405943393707275
cd9e2190c73f,A:\DR_classification\data\organized\pooled_aptos_ddr\test\2_Moderate\cd9e2190c73f.png,2,Moderate,1,0,1,False,False,False,0.03151286020874977,0.3860156834125519,0.30258092284202576,0.04504882171750069,0.23484165966510773,0.41512399911880493,0.3615213930606842,0.0663454458117485,0.051475316286087036,0.1055338978767395,0.14659620821475983,0.378667414188385,0.2317102700471878,0.04697677120566368,0.19604933261871338
d264396d8d1a,A:\DR_classification\data\organized\pooled_aptos_ddr\test\2_Moderate\d264396d8d1a.png,2,Moderate,2,1,2,True,False,True,0.04019510746002197,0.14531667530536652,0.4446466565132141,0.10853061825037003,0.261310875415802,0.0556580126285553,0.43182310461997986,0.1078815758228302,0.17522333562374115,0.22941391170024872,0.04483398050069809,0.23126861453056335,0.34361714124679565,0.12853842973709106,0.25174179673194885
d6283ded6aea,A:\DR_classification\data\organized\pooled_aptos_ddr\test\2_Moderate\d6283ded6aea.png,2,Moderate,2,1,2,True,False,True,0.02598589099943638,0.03165619075298309,0.624921441078186,0.20931145548820496,0.10812506824731827,0.0013852798147127032,0.421466588973999,0.050575289875268936,0.15873727202415466,0.36783555150032043,0.018605707213282585,0.14859932661056519,0.4526176154613495,0.19413921236991882,0.18603822588920593
d83d0695e215,A:\DR_classification\data\organized\pooled_aptos_ddr\test\2_Moderate\d83d0695e215.png,2,Moderate,2,1,2,True,False,True,0.003550387918949127,0.16692571341991425,0.7580766081809998,0.015975741669535637,0.05547155812382698,0.11900939047336578,0.8214883208274841,0.006295152008533478,0.01562827080488205,0.03757890686392784,0.038188088685274124,0.3632945120334625,0.5325421690940857,0.015871500596404076,0.05010376125574112
d88806d9ece9,A:\DR_classification\data\organized\pooled_aptos_ddr\test\2_Moderate\d88806d9ece9.png,2,Moderate,2,4,2,True,False,True,0.034708332270383835,0.1443874090909958,0.7275295853614807,0.03365670144557953,0.05971791222691536,0.0017260391032323241,0.0014953130157664418,0.06550587713718414,0.07343337684869766,0.8578394055366516,0.024813644587993622,0.10151977837085724,0.5289224982261658,0.04558970779180527,0.2991543710231781
d9bbdc33db83,A:\DR_classification\data\organized\pooled_aptos_ddr\test\2_Moderate\d9bbdc33db83.png,2,Moderate,2,4,2,True,False,True,0.009533954784274101,0.08819274604320526,0.6945817470550537,0.13106806576251984,0.07662347704172134,0.0004871146520599723,0.004711204674094915,0.08910371363162994,0.3576996624469757,0.547998309135437,0.006819902453571558,0.06314828246831894,0.5129383206367493,0.19905754923820496,0.21803593635559082
de778495a1cd,A:\DR_classification\data\organized\pooled_aptos_ddr\test\2_Moderate\de778495a1cd.png,2,Moderate,2,4,2,True,False,True,0.022944122552871704,0.08471541106700897,0.7937319278717041,0.047229960560798645,0.051378633826971054,0.0010001265909522772,0.044488366693258286,0.07451991736888885,0.15135720372200012,0.7286342978477478,0.016360923647880554,0.07264729589223862,0.5779682993888855,0.07846812903881073,0.254555344581604
e34fa07bd64d,A:\DR_classification\data\organized\pooled_aptos_ddr\test\2_Moderate\e34fa07bd64d.png,2,Moderate,2,4,4,True,False,False,0.018682142719626427,0.04023907333612442,0.4360949993133545,0.18875357508659363,0.3162301778793335,0.00014598593406844884,0.0038099458906799555,0.020873526111245155,0.06606873869895935,0.9091017246246338,0.013121294789016247,0.029310334473848343,0.3115285634994507,0.15194812417030334,0.49409162998199463
e9129ce55fd7,A:\DR_classification\data\organized\pooled_aptos_ddr\test\2_Moderate\e9129ce55fd7.png,2,Moderate,0,0,0,False,False,False,0.548816978931427,0.0960061326622963,0.17768146097660065,0.11209487915039062,0.0654006078839302,0.5592086911201477,0.3988458216190338,0.004811489023268223,0.02936217375099659,0.007771866396069527,0.5519344806671143,0.18685804307460785,0.12582047283649445,0.08727506548166275,0.04811198264360428
ea4dcb055139,A:\DR_classification\data\organized\pooled_aptos_ddr\test\2_Moderate\ea4dcb055139.png,2,Moderate,2,4,2,True,False,True,0.010008100420236588,0.0418769009411335,0.8898854851722717,0.031714413315057755,0.026515088975429535,0.01900620572268963,0.18089492619037628,0.07451264560222626,0.293483704328537,0.43210259079933167,0.012707531452178955,0.0835823118686676,0.6452736258506775,0.11024519801139832,0.14819134771823883
ee74c3b177e0,A:\DR_classification\data\organized\pooled_aptos_ddr\test\2_Moderate\ee74c3b177e0.png,2,Moderate,2,3,2,True,False,True,0.002400662051513791,0.024248089641332626,0.9647489786148071,0.006314328406006098,0.002287902869284153,0.004644885193556547,0.046712037175893784,0.16054025292396545,0.5187464952468872,0.26935631036758423,0.003073928877711296,0.030987273901700974,0.7234863638877869,0.16004398465156555,0.08240842819213867
f3a268d2726d,A:\DR_classification\data\organized\pooled_aptos_ddr\test\2_Moderate\f3a268d2726d.png,2,Moderate,2,1,2,True,False,True,0.027282819151878357,0.0608222633600235,0.7211654782295227,0.12411138415336609,0.06661801785230637,0.04964955151081085,0.38400042057037354,0.05772712081670761,0.3157135248184204,0.192909374833107,0.033992838114500046,0.15777571499347687,0.5221339464187622,0.18159201741218567,0.10450541973114014
f8372e80f731,A:\DR_classification\data\organized\pooled_aptos_ddr\test\2_Moderate\f8372e80f731.png,2,Moderate,2,1,2,True,False,True,0.015707287937402725,0.0426618792116642,0.8675045967102051,0.03431893140077591,0.03980735316872597,0.004028657916933298,0.7746602892875671,0.014989422634243965,0.14629359543323517,0.06002800539135933,0.012203698977828026,0.26226142048835754,0.6117500066757202,0.06791133433580399,0.045873548835515976
007-3360-200,A:\DR_classification\data\organized\pooled_aptos_ddr\test\3_Severe\007-3360-200.jpg,3,Severe,3,4,3,True,False,True,0.009837253019213676,0.030595090240240097,0.021760793402791023,0.7681287527084351,0.16967816650867462,0.0009918247815221548,0.01368305180221796,0.061539482325315475,0.19893018901348114,0.7248554825782776,0.007183624431490898,0.025521479547023773,0.03369440138339996,0.5973691344261169,0.3362313508987427
007-3579-200,A:\DR_classification\data\organized\pooled_aptos_ddr\test\3_Severe\007-3579-200.jpg,3,Severe,2,1,2,False,False,False,0.03125225380063057,0.1181631088256836,0.32832765579223633,0.24669919908046722,0.27555781602859497,0.005610117223113775,0.3947741389274597,0.31716638803482056,0.09190261363983154,0.19054672122001648,0.023559613153338432,0.2011464238166809,0.3249792754650116,0.2002602219581604,0.2500544786453247
007-3675-200,A:\DR_classification\data\organized\pooled_aptos_ddr\test\3_Severe\007-3675-200.jpg,3,Severe,3,3,3,True,True,True,0.01876305602490902,0.00992936734110117,0.022321777418255806,0.855394184589386,0.09359160810709,0.0355527438223362,0.024557339027523994,0.11766531318426132,0.42199984192848206,0.40022480487823486,0.023799963295459747,0.014317759312689304,0.050924837589263916,0.7253758907318115,0.18558156490325928
007-3705-200,A:\DR_classification\data\organized\pooled_aptos_ddr\test\3_Severe\007-3705-200.jpg,3,Severe,3,0,3,True,False,True,0.008393408730626106,0.04126301035284996,0.0837152972817421,0.6147056818008423,0.2519225478172302,0.6495932340621948,0.19354240596294403,0.013712639920413494,0.0703297033905983,0.07282203435897827,0.2007533609867096,0.08694683015346527,0.06271450221538544,0.45139288902282715,0.19819238781929016
007-3892-200,A:\DR_classification\data\organized\pooled_aptos_ddr\test\3_Severe\007-3892-200.jpg,3,Severe,3,4,4,True,False,False,0.08087261766195297,0.026812687516212463,0.16722416877746582,0.3693189322948456,0.35577166080474854,0.00015047656779643148,0.029871579259634018,0.17168216407299042,0.3142673075199127,0.48402854800224304,0.05665597319602966,0.02773035503923893,0.16856156289577484,0.35280346870422363,0.39424872398376465
007-3945-200,A:\DR_classification\data\organized\pooled_aptos_ddr\test\3_Severe\007-3945-200.jpg,3,Severe,4,4,4,False,False,False,0.03319452330470085,0.01980253867805004,0.027920421212911606,0.064958356320858,0.8541241884231567,1.7740416296874173e-05,0.0004373329284135252,0.057820018380880356,0.02690984308719635,0.9148150682449341,0.02324148826301098,0.0139929773285985,0.03689029812812805,0.053543802350759506,0.872331440448761
007-4254-200,A:\DR_classification\data\organized\pooled_aptos_ddr\test\3_Severe\007-4254-200.jpg,3,Severe,3,1,3,True,False,True,0.024744998663663864,0.12028416991233826,0.03907831758260727,0.6619310975074768,0.1539614349603653,0.08087171614170074,0.7745237350463867,0.10207166522741318,0.0051849461160600185,0.03734792396426201,0.04158301651477814,0.31655603647232056,0.05797632038593292,0.4649072289466858,0.1189773827791214
007-4786-300,A:\DR_classification\data\organized\pooled_aptos_ddr\test\3_Severe\007-4786-300.jpg,3,Severe,3,3,3,True,True,True,0.028043599799275398,0.027683492749929428,0.2207377403974533,0.612048327922821,0.11148683726787567,0.2210162878036499,0.062495265156030655,0.08270849287509918,0.42295145988464355,0.21082842350006104,0.08593541383743286,0.038127023726701736,0.17932896316051483,0.5553193092346191,0.14128932356834412
007-4850-300,A:\DR_classification\data\organized\pooled_aptos_ddr\test\3_Severe\007-4850-300.jpg,3,Severe,3,1,3,True,False,True,0.001404395210556686,0.0121981892734766,0.1207030788064003,0.8620876669883728,0.0036066907923668623,0.3022090196609497,0.5099341869354248,0.028126869350671768,0.04095902666449547,0.11877096444368362,0.09164578467607498,0.16151900589466095,0.09293021261692047,0.6157491207122803,0.03815597668290138
007-5067-300,A:\DR_classification\data\organized\pooled_aptos_ddr\test\3_Severe\007-5067-300.jpg,3,Severe,4,4,4,False,False,False,0.026332100853323936,0.07987076044082642,0.053035687655210495,0.2951796054840088,0.5455818176269531,0.02828271873295307,0.046080026775598526,0.3123253285884857,0.06166071444749832,0.5516511797904968,0.026917286217212677,0.06973354518413544,0.1308225840330124,0.22512392699718475,0.5474026203155518
007-5208-300,A:\DR_classification\data\organized\pooled_aptos_ddr\test\3_Severe\007-5208-300.jpg,3,Severe,3,4,3,True,False,True,0.017652079463005066,0.03992144763469696,0.03251083195209503,0.87824547290802,0.03167020529508591,0.18508635461330414,0.2830348014831543,0.051804471760988235,0.17196159064769745,0.3081128001213074,0.06788236647844315,0.1128554567694664,0.03829892352223396,0.6663603186607361,0.11460298299789429
007-5223-300,A:\DR_classification\data\organized\pooled_aptos_ddr\test\3_Severe\007-5223-300.jpg,3,Severe,3,4,4,True,False,False,0.02710595726966858,0.043856408447027206,0.05502163618803024,0.49634015560150146,0.377675861120224,0.004368270747363567,0.16602760553359985,0.041400909423828125,0.09458235651254654,0.6936208009719849,0.02028465084731579,0.08050777018070221,0.05093541741371155,0.3758127987384796,0.4724593460559845
007-5414-300,A:\DR_classification\data\organized\pooled_aptos_ddr\test\3_Severe\007-5414-300.jpg,3,Severe,3,1,3,True,False,True,0.016667362302541733,0.13276775181293488,0.0661822184920311,0.5936248898506165,0.19075781106948853,0.024351803585886955,0.8181365728378296,0.017369888722896576,0.02019328437745571,0.11994840204715729,0.018972694873809814,0.3383783996105194,0.05153851956129074,0.42159539461135864,0.1695149838924408
007-5457-300,A:\DR_classification\data\organized\pooled_aptos_ddr\test\3_Severe\007-5457-300.jpg,3,Severe,3,0,3,True,False,True,0.002318599494174123,0.0026083546690642834,0.008958711288869381,0.98008793592453,0.006026369985193014,0.8633170127868652,0.0804506167769432,0.003292842535302043,0.007610807660967112,0.04532867297530174,0.2606181502342224,0.02596103399991989,0.007258950732648373,0.6883447766304016,0.01781706139445305
007-5695-300,A:\DR_classification\data\organized\pooled_aptos_ddr\test\3_Severe\007-5695-300.jpg,3,Severe,3,1,3,True,False,True,0.024938276037573814,0.012784309685230255,0.011907625012099743,0.8705970048904419,0.0797727108001709,0.0013484688242897391,0.8203980922698975,0.11249711364507675,0.03422131761908531,0.031534936279058456,0.01786133274435997,0.25506845116615295,0.0420844741165638,0.6196843385696411,0.06530138105154037
007-5775-300,A:\DR_classification\data\organized\pooled_aptos_ddr\test\3_Severe\007-5775-300.jpg,3,Severe,4,2,4,False,False,False,0.048684582114219666,0.043327897787094116,0.036414843052625656,0.2921077609062195,0.5794649124145508,0.013309271074831486,0.08616519719362259,0.41506722569465637,0.07804178446531296,0.40741655230522156,0.03807198628783226,0.05617908760905266,0.15001057088375092,0.22788797318935394,0.5278503894805908
007-5822-300,A:\DR_classification\data\organized\pooled_aptos_ddr\test\3_Severe\007-5822-300.jpg,3,Severe,3,1,3,True,False,True,0.0015556113794445992,0.003113316372036934,0.00804846826940775,0.9817239046096802,0.005558667704463005,0.025525331497192383,0.7709934711456299,0.004941369406878948,0.0796891525387764,0.11885068565607071,0.008746527135372162,0.2334773689508438,0.007116338703781366,0.7111135125160217,0.03954627364873886
007-5865-300,A:\DR_classification\data\organized\pooled_aptos_ddr\test\3_Severe\007-5865-300.jpg,3,Severe,3,1,3,True,False,True,0.0237893033772707,0.06882025301456451,0.038054585456848145,0.7460187077522278,0.12331721186637878,0.1818043738603592,0.40806159377098083,0.024481896311044693,0.17959992587566376,0.20605221390724182,0.07119382917881012,0.17059266567230225,0.0339827798306942,0.5760930776596069,0.14813771843910217
007-5885-300,A:\DR_classification\data\organized\pooled_aptos_ddr\test\3_Severe\007-5885-300.jpg,3,Severe,3,4,3,True,False,True,0.04775669798254967,0.01030647847801447,0.01102380733937025,0.7349674701690674,0.19594550132751465,0.001208990695886314,0.021343229338526726,0.10427053272724152,0.2873701751232147,0.5858070254325867,0.03379238769412041,0.013617504388093948,0.0389978289604187,0.6006882190704346,0.3129039704799652
007-6093-300,A:\DR_classification\data\organized\pooled_aptos_ddr\test\3_Severe\007-6093-300.jpg,3,Severe,3,4,3,True,False,True,0.02252662554383278,0.01086034718900919,0.039242934435606,0.8041998147964478,0.12317030876874924,0.000799474073573947,0.07591570913791656,0.07224389165639877,0.06563995778560638,0.7854009866714478,0.01600847952067852,0.03037695586681366,0.0491432249546051,0.5826318860054016,0.32183951139450073
007-6164-300,A:\DR_classification\data\organized\pooled_aptos_ddr\test\3_Severe\007-6164-300.jpg,3,Severe,3,4,4,True,False,False,0.009645931422710419,0.2442634403705597,0.025905517861247063,0.36767515540122986,0.3525099754333496,0.0948900431394577,0.38053619861602783,0.009976225905120373,0.02052704431116581,0.49407052993774414,0.03521916642785072,0.28514528274536133,0.021126730367541313,0.2635307312011719,0.3949781656265259
007-6226-300,A:\DR_classification\data\organized\pooled_aptos_ddr\test\3_Severe\007-6226-300.jpg,3,Severe,3,1,3,True,False,True,0.029063448309898376,0.008472030982375145,0.05832231789827347,0.8643495440483093,0.039792660623788834,0.04879140481352806,0.43053850531578064,0.0909268707036972,0.31186574697494507,0.11787746101617813,0.03498183563351631,0.13509197533130646,0.06810368597507477,0.6986044049263,0.06321810185909271
069f43616fab,A:\DR_classification\data\organized\pooled_aptos_ddr\test\3_Severe\069f43616fab.png,3,Severe,4,1,3,False,False,True,0.054556723684072495,0.09115509688854218,0.1920567750930786,0.32953083515167236,0.33270061016082764,0.0674169585108757,0.42983657121658325,0.04280658811330795,0.3905027210712433,0.0694371685385704,0.05841479450464249,0.19275954365730286,0.1472817063331604,0.3478223979473114,0.25372156500816345
166068a24416,A:\DR_classification\data\organized\pooled_aptos_ddr\test\3_Severe\166068a24416.png,3,Severe,1,0,1,False,False,False,0.16208715736865997,0.45892512798309326,0.20272321999073029,0.035652823746204376,0.14061160385608673,0.5026473999023438,0.04244014993309975,0.02183123677968979,0.061181917786598206,0.3718993365764618,0.26425522565841675,0.33397963643074036,0.14845561981201172,0.043311551213264465,0.20999792218208313
20170531173341782,A:\DR_classification\data\organized\pooled_aptos_ddr\test\3_Severe\20170531173341782.jpg,3,Severe,1,0,1,False,False,False,0.00874391756951809,0.7100624442100525,0.028482995927333832,0.15683609247207642,0.09587454795837402,0.9749616384506226,0.013221973553299904,0.0011276822770014405,0.003925906028598547,0.006762764882296324,0.29860925674438477,0.5010102987289429,0.020276401191949844,0.11096303910017014,0.06914101541042328
20170609095102337,A:\DR_classification\data\organized\pooled_aptos_ddr\test\3_Severe\20170609095102337.jpg,3,Severe,3,0,3,True,False,True,0.007350197061896324,0.14599347114562988,0.026651158928871155,0.7621356844902039,0.057869479060173035,0.9341185688972473,0.03125086799263954,0.002744590863585472,0.007216318976134062,0.02466956153512001,0.2853807210922241,0.11157068610191345,0.019479187205433846,0.5356598496437073,0.04790950566530228
2b48daf24be0,A:\DR_classification\data\organized\pooled_aptos_ddr\test\3_Severe\2b48daf24be0.png,3,Severe,2,3,2,False,True,False,0.03376873955130577,0.05366591364145279,0.4687914252281189,0.11260606348514557,0.3311678171157837,0.0008491745102219284,0.3658353388309479,0.12404873967170715,0.4644728899002075,0.04479382559657097,0.023892870172858238,0.14731675386428833,0.3653686046600342,0.21816611289978027,0.24525561928749084
383e72af1955,A:\DR_classification\data\organized\pooled_aptos_ddr\test\3_Severe\383e72af1955.png,3,Severe,2,4,2,False,False,False,0.022753285244107246,0.04218028485774994,0.499187171459198,0.3011420965194702,0.13473711907863617,0.0006086411303840578,0.04478317126631737,0.09706238657236099,0.4057725965976715,0.4517732560634613,0.01610989309847355,0.04296115040779114,0.378549724817276,0.33253124356269836,0.2298479676246643
39aa3cd93c50,A:\DR_classification\data\organized\pooled_aptos_ddr\test\3_Severe\39aa3cd93c50.png,3,Severe,3,3,3,True,True,True,0.015066085383296013,0.0360565260052681,0.36216357350349426,0.5047533512115479,0.08196047693490982,0.0005521572893485427,0.0019582321401685476,0.06675378233194351,0.7008000016212463,0.2299359142780304,0.010711906477808952,0.025827037170529366,0.2735406458377838,0.5635673403739929,0.12635311484336853
3b018e8b7303,A:\DR_classification\data\organized\pooled_aptos_ddr\test\3_Severe\3b018e8b7303.png,3,Severe,2,4,2,False,False,False,0.02453826181590557,0.03767331689596176,0.5912047624588013,0.33725273609161377,0.009330932050943375,0.029310669749975204,0.20077022910118103,0.03921617195010185,0.2588080167770386,0.47189491987228394,0.025969984009861946,0.08660238981246948,0.42560818791389465,0.31371933221817017,0.1481001377105713
4294a14c656a,A:\DR_classification\data\organized\pooled_aptos_ddr\test\3_Severe\4294a14c656a.png,3,Severe,2,2,2,False,False,False,0.044598083943128586,0.04778490215539932,0.39941224455833435,0.2104821503162384,0.29772260785102844,0.00047868862748146057,0.32696372270584106,0.41307181119918823,0.09981078654527664,0.15967492759227753,0.03136226534843445,0.13153855502605438,0.40351012349128723,0.1772807389497757,0.25630831718444824
6d0c0531083f,A:\DR_classification\data\organized\pooled_aptos_ddr\test\3_Severe\6d0c0531083f.png,3,Severe,2,4,2,False,False,False,0.008901186287403107,0.022452032193541527,0.904033362865448,0.04911549761891365,0.01549784280359745,0.004850846249610186,0.03727128729224205,0.05636405944824219,0.32425999641418457,0.5772538781166077,0.007686084136366844,0.02689780853688717,0.6497325897216797,0.13165885210037231,0.1840246617794037
7b29e3783919,A:\DR_classification\data\organized\pooled_aptos_ddr\test\3_Severe\7b29e3783919.png,3,Severe,3,4,3,True,False,True,0.028882693499326706,0.02678697369992733,0.21707932651042938,0.5999994277954102,0.12725158035755157,0.0001079724679584615,0.006846184376627207,0.06890177726745605,0.3493519127368927,0.5747920870780945,0.02025027573108673,0.020804736763238907,0.1726260632276535,0.5248051881790161,0.26151373982429504
8a234d68b27e,A:\DR_classification\data\organized\pooled_aptos_ddr\test\3_Severe\8a234d68b27e.png,3,Severe,3,4,3,True,False,True,0.03282422944903374,0.011781202629208565,0.34790974855422974,0.545041024684906,0.0624438039958477,0.00017475242202635854,0.0040870727971196175,0.0926569253206253,0.3831026554107666,0.5199785828590393,0.0230293869972229,0.009472963400185108,0.2713339030742645,0.4964595139026642,0.19970424473285675
a14fcf84bfe1,A:\DR_classification\data\organized\pooled_aptos_ddr\test\3_Severe\a14fcf84bfe1.png,3,Severe,2,1,2,False,False,False,0.025851458311080933,0.00992373377084732,0.6041319370269775,0.3393888473510742,0.020704012364149094,0.005941446870565414,0.4733452796936035,0.051383860409259796,0.04137449339032173,0.4279549717903137,0.019878454506397247,0.14895020425319672,0.438307523727417,0.24998454749584198,0.14287930727005005
adb56cecafaf,A:\DR_classification\data\organized\pooled_aptos_ddr\test\3_Severe\adb56cecafaf.png,3,Severe,2,3,2,False,True,False,0.0312104020267725,0.0756630003452301,0.844831109046936,0.031116796657443047,0.017178628593683243,0.09029194712638855,0.26350951194763184,0.056229542940855026,0.3055761158466339,0.2843928933143616,0.04893486946821213,0.13201695680618286,0.6082506775856018,0.11345459520816803,0.09734290838241577
aea59ebec445,A:\DR_classification\data\organized\pooled_aptos_ddr\test\3_Severe\aea59ebec445.png,3,Severe,3,4,4,True,False,False,0.030639467760920525,0.029481349512934685,0.2609110474586487,0.4074482321739197,0.2715199589729309,0.0013088221894577146,0.015447375364601612,0.15500745177268982,0.20170560479164124,0.6265307068824768,0.021840274333953857,0.025271156802773476,0.22913996875286102,0.3457254469394684,0.3780232071876526
b310bd564329,A:\DR_classification\data\organized\pooled_aptos_ddr\test\3_Severe\b310bd564329.png,3,Severe,3,3,3,True,True,True,0.03334441035985947,0.06013442575931549,0.36568620800971985,0.37138667702674866,0.16944827139377594,0.004296374041587114,0.01586528867483139,0.11922559142112732,0.6960395574569702,0.16457322239875793,0.024629998952150345,0.0468536838889122,0.2917480170726776,0.46878254413604736,0.16798575222492218
bb7e0a2544cd,A:\DR_classification\data\organized\pooled_aptos_ddr\test\3_Severe\bb7e0a2544cd.png,3,Severe,3,4,3,True,False,True,0.033770542591810226,0.025150205940008163,0.13979503512382507,0.5290385484695435,0.2722456455230713,0.0006265252595767379,0.0500967912375927,0.06805753707885742,0.26131153106689453,0.6199076771736145,0.023827336728572845,0.0326341837644577,0.1182737797498703,0.44872042536735535,0.3765442371368408
d3e884109b45,A:\DR_classification\data\organized\pooled_aptos_ddr\test\3_Severe\d3e884109b45.png,3,Severe,3,3,3,True,True,True,0.007976964116096497,0.016892991960048676,0.34425464272499084,0.6068947911262512,0.02398063801229,0.04774809256196022,0.13499660789966583,0.06783550977706909,0.6326732039451599,0.11674651503562927,0.019908303394913673,0.052324078977108,0.26132890582084656,0.6146283149719238,0.051810406148433685
eyepacs_11069_right,A:\DR_classification\data\organized\pooled_aptos_ddr\test\3_Severe\eyepacs_11069_right.jpeg,3,Severe,3,1,3,True,False,True,0.004204194061458111,0.004094844684004784,0.015244788490235806,0.9680848121643066,0.008371426723897457,0.019414620473980904,0.8897354006767273,0.004977098666131496,0.04987630248069763,0.03599656745791435,0.008767321705818176,0.2697870135307312,0.012164481915533543,0.6926222443580627,0.016658969223499298
eyepacs_12208_left,A:\DR_classification\data\organized\pooled_aptos_ddr\test\3_Severe\eyepacs_12208_left.jpeg,3,Severe,3,0,3,True,False,True,0.0034445079509168863,0.0009901388548314571,0.009657957591116428,0.9849885702133179,0.000918909499887377,0.9770388007164001,0.011155015788972378,0.0012643560767173767,0.0014703985070809722,0.009071419946849346,0.2955228090286255,0.004039601888507605,0.007139876950532198,0.6899331212043762,0.003364662639796734
eyepacs_12612_left,A:\DR_classification\data\organized\pooled_aptos_ddr\test\3_Severe\eyepacs_12612_left.jpeg,3,Severe,3,0,3,True,False,True,0.0007269264315254986,0.00610734848305583,0.0026257261633872986,0.9874275922775269,0.0031125249806791544,0.7923363447189331,0.11622428148984909,0.008679659105837345,0.0387679785490036,0.04399176314473152,0.23820975422859192,0.0391424298286438,0.0044419062323868275,0.7028297185897827,0.015376296825706959
eyepacs_13022_left,A:\DR_classification\data\organized\pooled_aptos_ddr\test\3_Severe\eyepacs_13022_left.jpeg,3,Severe,3,4,3,True,False,True,0.008376594632863998,0.08328747749328613,0.017996344715356827,0.7967819571495056,0.09355758130550385,0.13633203506469727,0.19465218484401703,0.2705965042114258,0.07845662534236908,0.319962739944458,0.04676322638988495,0.11669689416885376,0.0937763974070549,0.5812843441963196,0.1614791303873062
eyepacs_1391_left,A:\DR_classification\data\organized\pooled_aptos_ddr\test\3_Severe\eyepacs_1391_left.jpeg,3,Severe,3,0,3,True,False,True,0.0017436319030821323,0.003827514126896858,0.007829861715435982,0.9849910140037537,0.0016079121269285679,0.6710451245307922,0.1809210181236267,0.0035694956313818693,0.019477255642414093,0.12498708069324493,0.20253407955169678,0.05695556476712227,0.006551751866936684,0.6953368782997131,0.03862166404724121
eyepacs_14224_left,A:\DR_classification\data\organized\pooled_aptos_ddr\test\3_Severe\eyepacs_14224_left.jpeg,3,Severe,3,0,3,True,False,True,0.0053800493478775024,0.053591907024383545,0.0628322884440422,0.8615910410881042,0.01660463772714138,0.9209046363830566,0.044776801019907,0.0042497748509049416,0.005941924173384905,0.024126725271344185,0.28003743290901184,0.05094737559556961,0.045257534831762314,0.6048963069915771,0.01886126399040222
eyepacs_14482_left,A:\DR_classification\data\organized\pooled_aptos_ddr\test\3_Severe\eyepacs_14482_left.jpeg,3,Severe,3,0,3,True,False,True,0.017457682639360428,0.012535803020000458,0.0060329861007630825,0.9607322812080383,0.003241197671741247,0.9462835788726807,0.013090508989989758,0.002252407604828477,0.013287982903420925,0.025085486471652985,0.2961054742336273,0.01270221546292305,0.004898812621831894,0.6764990091323853,0.009794484823942184
eyepacs_15798_left,A:\DR_classification\data\organized\pooled_aptos_ddr\test\3_Severe\eyepacs_15798_left.jpeg,3,Severe,3,0,3,True,False,True,0.007220775354653597,0.06008476763963699,0.012932022102177143,0.9062515497207642,0.013510876335203648,0.979068398475647,0.011704634875059128,0.0005056287627667189,0.0016800485318526626,0.007041339762508869,0.2987750768661499,0.045570727437734604,0.009204103611409664,0.6348800659179688,0.011570015922188759
eyepacs_17749_right,A:\DR_classification\data\organized\pooled_aptos_ddr\test\3_Severe\eyepacs_17749_right.jpeg,3,Severe,3,1,3,True,False,True,0.004152956418693066,0.007943611592054367,0.014475053176283836,0.9656116366386414,0.00781675148755312,0.24343252182006836,0.6507884860038757,0.0012425194727256894,0.02971772477030754,0.07481873035430908,0.07593682408332825,0.20079708099365234,0.010505293495953083,0.6848434209823608,0.027917344123125076
eyepacs_17953_right,A:\DR_classification\data\organized\pooled_aptos_ddr\test\3_Severe\eyepacs_17953_right.jpeg,3,Severe,3,4,3,True,False,True,0.005639756564050913,0.0025583382230252028,0.018631746992468834,0.96894371509552,0.00422641821205616,0.02608773298561573,0.1761774718761444,0.07217136770486832,0.35761386156082153,0.36794954538345337,0.011774148792028427,0.054644081741571426,0.0346936360001564,0.785544753074646,0.11334335803985596
eyepacs_18416_right,A:\DR_classification\data\organized\pooled_aptos_ddr\test\3_Severe\eyepacs_18416_right.jpeg,3,Severe,3,0,3,True,False,True,0.008555330336093903,0.08681831508874893,0.01971520110964775,0.8709754347801208,0.013935665600001812,0.7790808081626892,0.15393713116645813,0.004576988518238068,0.027974851429462433,0.03443026542663574,0.23971298336982727,0.10695396363735199,0.015173736959695816,0.6180752515792847,0.020084045827388763
eyepacs_18450_left,A:\DR_classification\data\organized\pooled_aptos_ddr\test\3_Severe\eyepacs_18450_left.jpeg,3,Severe,3,4,3,True,False,True,0.013482874259352684,0.013687926344573498,0.03567318990826607,0.903181791305542,0.0339743010699749,0.1565382033586502,0.16618968546390533,0.0820886641740799,0.18472521007061005,0.41045820713043213,0.056399475783109665,0.05943845584988594,0.04959782958030701,0.6876447796821594,0.14691947400569916
eyepacs_19920_right,A:\DR_classification\data\organized\pooled_aptos_ddr\test\3_Severe\eyepacs_19920_right.jpeg,3,Severe,3,4,3,True,False,True,0.004696266259998083,0.005425863433629274,0.13872312009334564,0.8466261625289917,0.004528574179857969,0.19756948947906494,0.2803276479244232,0.02109905332326889,0.09216830879449844,0.4088354706764221,0.06255823373794556,0.08789639919996262,0.10343589633703232,0.6202887892723083,0.12582065165042877
eyepacs_20760_right,A:\DR_classification\data\organized\pooled_aptos_ddr\test\3_Severe\eyepacs_20760_right.jpeg,3,Severe,3,0,3,True,False,True,0.020957335829734802,0.11267871409654617,0.02480781450867653,0.8005338907241821,0.04102227836847305,0.7852596044540405,0.12571069598197937,0.009347117505967617,0.01629449613392353,0.06338805705308914,0.2502480447292328,0.11658830940723419,0.020169606432318687,0.5652620792388916,0.04773201048374176
eyepacs_21444_right,A:\DR_classification\data\organized\pooled_aptos_ddr\test\3_Severe\eyepacs_21444_right.jpeg,3,Severe,3,3,3,True,True,True,0.05973194167017937,0.08214123547077179,0.06427764147520065,0.6450402736663818,0.14880894124507904,0.1124512180685997,0.06800844520330429,0.05790237337350845,0.5785670280456543,0.18307095766067505,0.0755477249622345,0.07790140062570572,0.062365058809518814,0.6250982880592346,0.15908753871917725
eyepacs_21796_left,A:\DR_classification\data\organized\pooled_aptos_ddr\test\3_Severe\eyepacs_21796_left.jpeg,3,Severe,3,0,3,True,False,True,0.007755488157272339,0.004306253045797348,0.015833353623747826,0.946982741355896,0.025122176855802536,0.7943302989006042,0.08986390382051468,0.029910629615187645,0.02004767768085003,0.0658474862575531,0.2437279373407364,0.029973547905683517,0.02005653828382492,0.6689022183418274,0.037339769303798676
eyepacs_21825_right,A:\DR_classification\data\organized\pooled_aptos_ddr\test\3_Severe\eyepacs_21825_right.jpeg,3,Severe,1,0,1,False,False,False,0.0076826997101306915,0.9676342606544495,0.009132676757872105,0.011219220235943794,0.00433108676224947,0.964838981628418,0.02912294678390026,0.0007455288432538509,0.0013931447174400091,0.0038994131609797478,0.2948296070098877,0.6860808730125427,0.0066165323369205,0.008271397091448307,0.004201584495604038
eyepacs_22930_left,A:\DR_classification\data\organized\pooled_aptos_ddr\test\3_Severe\eyepacs_22930_left.jpeg,3,Severe,3,0,3,True,False,True,0.007008133456110954,0.006031766068190336,0.02050236240029335,0.9611656665802002,0.005292103625833988,0.9648252129554749,0.02829185128211975,0.0016590342856943607,0.003025906626135111,0.002198123373091221,0.29435327649116516,0.012709792703390121,0.014849363826215267,0.6737237572669983,0.004363909363746643
eyepacs_23245_right,A:\DR_classification\data\organized\pooled_aptos_ddr\test\3_Severe\eyepacs_23245_right.jpeg,3,Severe,3,0,3,True,False,True,0.03441202640533447,0.014394822530448437,0.03880921006202698,0.9005554914474487,0.011828387156128883,0.9716676473617554,0.01940523087978363,0.0003228927089367062,0.0017356614116579294,0.00686847185716033,0.31558871269226074,0.015897944569587708,0.02726331539452076,0.6309095621109009,0.010340413078665733
eyepacs_23884_left,A:\DR_classification\data\organized\pooled_aptos_ddr\test\3_Severe\eyepacs_23884_left.jpeg,3,Severe,3,1,3,True,False,True,0.012236303649842739,0.005896818358451128,0.028904788196086884,0.923905074596405,0.029057078063488007,0.29170915484428406,0.5245164036750793,0.05470441281795502,0.02564707212150097,0.10342297703027725,0.09607815742492676,0.16148269176483154,0.036644674837589264,0.6544276475906372,0.05136685073375702
eyepacs_24232_left,A:\DR_classification\data\organized\pooled_aptos_ddr\test\3_Severe\eyepacs_24232_left.jpeg,3,Severe,3,0,3,True,False,True,0.04635077714920044,0.08688763529062271,0.02655216120183468,0.8252103328704834,0.01499912329018116,0.9596689939498901,0.005668043624609709,0.003269730368629098,0.006889301352202892,0.0245039239525795,0.32034626603126526,0.06252175569534302,0.01956743188202381,0.5797140002250671,0.017850562930107117
eyepacs_25533_right,A:\DR_classification\data\organized\pooled_aptos_ddr\test\3_Severe\eyepacs_25533_right.jpeg,3,Severe,3,0,3,True,False,True,0.013295656070113182,0.007332268171012402,0.006741419434547424,0.9687774181365967,0.00385314435698092,0.6545683145523071,0.21967236697673798,0.025941940024495125,0.02586210146546364,0.07395529001951218,0.20567744970321655,0.07103429734706879,0.01250157505273819,0.6859027743339539,0.02488378994166851
eyepacs_25593_right,A:\DR_classification\data\organized\pooled_aptos_ddr\test\3_Severe\eyepacs_25593_right.jpeg,3,Severe,3,0,3,True,False,True,0.0038038475904613733,0.002826447831466794,0.006522555369883776,0.9773697257041931,0.009477388113737106,0.48902055621147156,0.3674392104148865,0.031103000044822693,0.04248844087123871,0.06994879245758057,0.14936886727809906,0.11221028119325638,0.01389668881893158,0.6969053149223328,0.027618810534477234
eyepacs_27653_left,A:\DR_classification\data\organized\pooled_aptos_ddr\test\3_Severe\eyepacs_27653_left.jpeg,3,Severe,3,0,3,True,False,True,0.004965945612639189,0.20952586829662323,0.036502525210380554,0.7385131120681763,0.010492543689906597,0.6317932605743408,0.29262328147888184,0.00344110862351954,0.0128205306828022,0.059321802109479904,0.19301414489746094,0.23445509374141693,0.026584099978208542,0.5208053588867188,0.025141321122646332
eyepacs_2767_left,A:\DR_classification\data\organized\pooled_aptos_ddr\test\3_Severe\eyepacs_2767_left.jpeg,3,Severe,3,3,3,True,True,True,0.001026397803798318,0.0021163197234272957,0.006134506314992905,0.9875248670578003,0.003197961952537298,0.00812776293605566,0.09371469914913177,0.08501564711332321,0.4923916757106781,0.32075023651123047,0.0031568072736263275,0.029595833271741867,0.029798850417137146,0.8389848470687866,0.09846364706754684
eyepacs_27939_right,A:\DR_classification\data\organized\pooled_aptos_ddr\test\3_Severe\eyepacs_27939_right.jpeg,3,Severe,3,1,3,True,False,True,0.0016935321036726236,0.013841895386576653,0.010204670950770378,0.9661210775375366,0.008138853125274181,0.006828184239566326,0.6267238855361938,0.016193268820643425,0.05122276023030281,0.2990318834781647,0.0032339277677237988,0.19770650565624237,0.012001249939203262,0.6916515827178955,0.09540676325559616
eyepacs_28052_left,A:\DR_classification\data\organized\pooled_aptos_ddr\test\3_Severe\eyepacs_28052_left.jpeg,3,Severe,3,0,3,True,False,True,0.03255610540509224,0.026791460812091827,0.031791556626558304,0.755060613155365,0.15380026400089264,0.46242716908454895,0.11291099339723587,0.06291303783655167,0.09246160835027695,0.26928722858428955,0.1615174263715744,0.0526273250579834,0.0411280021071434,0.5562809109687805,0.18844634294509888
eyepacs_28052_right,A:\DR_classification\data\organized\pooled_aptos_ddr\test\3_Severe\eyepacs_28052_right.jpeg,3,Severe,3,0,3,True,False,True,0.07625783234834671,0.016224989667534828,0.05833643674850464,0.6408964395523071,0.2082841992378235,0.8383364081382751,0.043920449912548065,0.012723300606012344,0.054014626890420914,0.051005199551582336,0.30488142371177673,0.024533629417419434,0.04465249553322792,0.4648318886756897,0.16110049188137054
eyepacs_28901_right,A:\DR_classification\data\organized\pooled_aptos_ddr\test\3_Severe\eyepacs_28901_right.jpeg,3,Severe,3,0,3,True,False,True,0.001181336003355682,0.008950022049248219,0.012715228833258152,0.9760728478431702,0.001080553513020277,0.861723780632019,0.08497336506843567,0.0036400477401912212,0.015292119234800339,0.034370604902505875,0.25934407114982605,0.03175702691078186,0.009992673993110657,0.687838613986969,0.011067569255828857
eyepacs_30666_right,A:\DR_classification\data\organized\pooled_aptos_ddr\test\3_Severe\eyepacs_30666_right.jpeg,3,Severe,3,0,3,True,False,True,0.00795104168355465,0.03725003823637962,0.0080150431022048,0.9379999041557312,0.00878397561609745,0.9582636952400208,0.015135054476559162,0.0046270377933979034,0.007861134596168995,0.014113021083176136,0.2930448651313782,0.030615542083978653,0.006998641416430473,0.6589582562446594,0.010382689535617828
eyepacs_31426_left,A:\DR_classification\data\organized\pooled_aptos_ddr\test\3_Severe\eyepacs_31426_left.jpeg,3,Severe,3,0,3,True,False,True,0.00022181434906087816,0.001474441378377378,0.0030376268550753593,0.9947285056114197,0.0005376163753680885,0.4452974200248718,0.4262695014476776,0.029997967183589935,0.02019353397190571,0.07824157923460007,0.1337445080280304,0.12891297042369843,0.01112572941929102,0.7023679614067078,0.02384880557656288
eyepacs_31647_right,A:\DR_classification\data\organized\pooled_aptos_ddr\test\3_Severe\eyepacs_31647_right.jpeg,3,Severe,1,4,1,False,False,False,0.043766167014837265,0.7665547132492065,0.013327698223292828,0.11490431427955627,0.061447158455848694,0.0992390513420105,0.038559991866350174,0.03766689449548721,0.10110337287187576,0.7234306335449219,0.060408033430576324,0.5481563210487366,0.020629458129405975,0.1107640340924263,0.2600422203540802
eyepacs_31962_left,A:\DR_classification\data\organized\pooled_aptos_ddr\test\3_Severe\eyepacs_31962_left.jpeg,3,Severe,3,1,3,True,False,True,0.003603070741519332,0.011797036044299603,0.002500534290447831,0.9768109321594238,0.0052884165197610855,0.3381006121635437,0.4534929692745209,0.0637919157743454,0.023505184799432755,0.12110936641693115,0.1039523333311081,0.14430582523345947,0.0208879504352808,0.6908191442489624,0.0400347039103508
eyepacs_32000_left,A:\DR_classification\data\organized\pooled_aptos_ddr\test\3_Severe\eyepacs_32000_left.jpeg,3,Severe,3,0,3,True,False,True,0.005344548728317022,0.01756873168051243,0.008111265487968922,0.9654802680015564,0.003495203796774149,0.7983686327934265,0.0963350310921669,0.008519615978002548,0.023366007953882217,0.07341066747903824,0.24325178563594818,0.041198622435331345,0.008233770728111267,0.6828460097312927,0.02446984313428402
eyepacs_32603_right,A:\DR_classification\data\organized\pooled_aptos_ddr\test\3_Severe\eyepacs_32603_right.jpeg,3,Severe,3,4,3,True,False,True,0.015432484447956085,0.012464760802686214,0.02146255038678646,0.9105674624443054,0.0400727242231369,0.27905571460723877,0.16915839910507202,0.027484139427542686,0.1224384754896164,0.4018632769584656,0.09451945871114731,0.05947285145521164,0.02326902747154236,0.6741287708282471,0.14860989153385162
eyepacs_33287_right,A:\DR_classification\data\organized\pooled_aptos_ddr\test\3_Severe\eyepacs_33287_right.jpeg,3,Severe,4,4,4,False,False,False,0.03244969621300697,0.05306040495634079,0.03302094340324402,0.07713143527507782,0.8043374419212341,0.11161825060844421,0.012185846455395222,0.12975187599658966,0.08389274775981903,0.6625513434410095,0.056200262159109116,0.040798038244247437,0.06204022467136383,0.07915982604026794,0.7618016004562378
eyepacs_33374_left,A:\DR_classification\data\organized\pooled_aptos_ddr\test\3_Severe\eyepacs_33374_left.jpeg,3,Severe,3,4,3,True,False,True,0.023383310064673424,0.10046221315860748,0.012926779687404633,0.8485394716262817,0.014688219875097275,0.38232114911079407,0.10619955509901047,0.021764883771538734,0.02553255669772625,0.4641818404197693,0.13106466829776764,0.10218341648578644,0.015578211285173893,0.6016374230384827,0.14953631162643433
eyepacs_33432_right,A:\DR_classification\data\organized\pooled_aptos_ddr\test\3_Severe\eyepacs_33432_right.jpeg,3,Severe,2,3,2,False,True,False,0.010845031589269638,0.042500175535678864,0.7516412734985352,0.17565061151981354,0.019362837076187134,0.03197038173675537,0.3326793313026428,0.12200923264026642,0.392164021730423,0.12117709964513779,0.017182637006044388,0.1295539289712906,0.5627516508102417,0.24060463905334473,0.04990711435675621
eyepacs_33840_left,A:\DR_classification\data\organized\pooled_aptos_ddr\test\3_Severe\eyepacs_33840_left.jpeg,3,Severe,3,0,3,True,False,True,0.014977551996707916,0.2397380769252777,0.011882944963872433,0.7143685221672058,0.019032927230000496,0.9892957806587219,0.00558316009119153,0.0005222012405283749,0.0012238636845722795,0.003375021740794182,0.3072730302810669,0.16949160397052765,0.008474721573293209,0.5004251003265381,0.014335555955767632
eyepacs_34571_left,A:\DR_classification\data\organized\pooled_aptos_ddr\test\3_Severe\eyepacs_34571_left.jpeg,3,Severe,3,1,3,True,False,True,0.012023931369185448,0.07374925911426544,0.06640554964542389,0.8217594623565674,0.02606179378926754,0.060019996017217636,0.724595844745636,0.03970804065465927,0.14980857074260712,0.025867512449622154,0.02642275020480156,0.2690032422542572,0.05839629843831062,0.6201741695404053,0.026003509759902954
eyepacs_34918_left,A:\DR_classification\data\organized\pooled_aptos_ddr\test\3_Severe\eyepacs_34918_left.jpeg,3,Severe,3,0,3,True,False,True,0.01657595857977867,0.14937660098075867,0.024109886959195137,0.7923901081085205,0.017547430470585823,0.9930073022842407,0.00391647731885314,8.601451554568484e-05,0.0003850112552754581,0.00260510784573853,0.3095053732395172,0.1057385578751564,0.016902726143598557,0.5547885894775391,0.0130647337064147
eyepacs_35710_left,A:\DR_classification\data\organized\pooled_aptos_ddr\test\3_Severe\eyepacs_35710_left.jpeg,3,Severe,3,0,3,True,False,True,0.0021004388108849525,0.002239055000245571,0.004634147509932518,0.9863570928573608,0.004669326823204756,0.6861785650253296,0.02421591989696026,0.027168279513716698,0.09413497895002365,0.1683022528886795,0.20732389390468597,0.00883211474865675,0.011394387111067772,0.7186904549598694,0.05375920608639717
eyepacs_35710_right,A:\DR_classification\data\organized\pooled_aptos_ddr\test\3_Severe\eyepacs_35710_right.jpeg,3,Severe,3,1,3,True,False,True,0.0020499315578490496,0.001746305380947888,0.005216105841100216,0.9897448420524597,0.0012428282061591744,0.20430555939674377,0.5500574111938477,0.028837306424975395,0.0663156509399414,0.15048407018184662,0.06272661685943604,0.1662396490573883,0.012302466668188572,0.7127161026000977,0.04601519927382469
eyepacs_36213_right,A:\DR_classification\data\organized\pooled_aptos_ddr\test\3_Severe\eyepacs_36213_right.jpeg,3,Severe,1,0,1,False,False,False,0.005555362906306982,0.6850184798240662,0.03987202048301697,0.17562563717365265,0.09392847865819931,0.7891258001327515,0.13639651238918304,0.008905941620469093,0.007695433683693409,0.05787631496787071,0.2406264990568161,0.5204318761825562,0.03058219514787197,0.1252465844154358,0.08311282843351364
eyepacs_36691_left,A:\DR_classification\data\organized\pooled_aptos_ddr\test\3_Severe\eyepacs_36691_left.jpeg,3,Severe,3,0,3,True,False,True,0.003872903296723962,0.015607652254402637,0.002778016496449709,0.9725755453109741,0.005165900569409132,0.7180781960487366,0.19968627393245697,0.02131706103682518,0.022257573902606964,0.0386609211564064,0.21813449263572693,0.07083123922348022,0.008339730091392994,0.6874801516532898,0.015214407816529274
eyepacs_36767_right,A:\DR_classification\data\organized\pooled_aptos_ddr\test\3_Severe\eyepacs_36767_right.jpeg,3,Severe,3,1,3,True,False,True,0.032193828374147415,0.044744089245796204,0.044187165796756744,0.7840069532394409,0.09486792236566544,0.17648658156394958,0.5170673727989197,0.20423270761966705,0.06091633066534996,0.041297055780887604,0.07548165321350098,0.1864410936832428,0.09220083057880402,0.5670797824859619,0.07879666239023209
eyepacs_36832_left,A:\DR_classification\data\organized\pooled_aptos_ddr\test\3_Severe\eyepacs_36832_left.jpeg,3,Severe,3,4,3,True,False,True,0.0006964093190617859,0.0017805614043027163,0.002101687714457512,0.9949133396148682,0.000507923832628876,0.28743109107017517,0.01982956752181053,0.09214506298303604,0.11296699196100235,0.4876273274421692,0.08671681582927704,0.007195263169705868,0.029114700853824615,0.7303293943405151,0.1466437429189682
eyepacs_3773_right,A:\DR_classification\data\organized\pooled_aptos_ddr\test\3_Severe\eyepacs_3773_right.jpeg,3,Severe,3,1,3,True,False,True,0.005065701901912689,0.02213391847908497,0.043316613882780075,0.8818003535270691,0.047683440148830414,0.04425147920846939,0.6614363789558411,0.088349349796772,0.019641419872641563,0.18632131814956665,0.01682143658399582,0.21392467617988586,0.05682643502950668,0.6231526732444763,0.0892748087644577
eyepacs_3988_left,A:\DR_classification\data\organized\pooled_aptos_ddr\test\3_Severe\eyepacs_3988_left.jpeg,3,Severe,3,1,3,True,False,True,0.0007559048244729638,0.0007791676325723529,0.002851691795513034,0.9931336641311646,0.0024795758072286844,0.03145892173051834,0.7173686623573303,0.0122124794870615,0.09052383154630661,0.1484360545873642,0.00996681023389101,0.21575601398944855,0.005659928545355797,0.7223506569862366,0.04626651853322983
eyepacs_42428_left,A:\DR_classification\data\organized\pooled_aptos_ddr\test\3_Severe\eyepacs_42428_left.jpeg,3,Severe,1,0,1,False,False,False,0.004905447829514742,0.9028964638710022,0.003930936101824045,0.07468058168888092,0.013586610555648804,0.9878911972045898,0.0095521230250597,0.0003405457828193903,0.0006419303244911134,0.0015741630923002958,0.29980120062828064,0.6348931193351746,0.0028538189362734556,0.05246898531913757,0.009982875548303127
eyepacs_42891_left,A:\DR_classification\data\organized\pooled_aptos_ddr\test\3_Severe\eyepacs_42891_left.jpeg,3,Severe,3,0,3,True,False,True,0.0036911957431584597,0.04935939237475395,0.02098192647099495,0.9010945558547974,0.024872951209545135,0.6037216186523438,0.04207104071974754,0.10215998440980911,0.066582590341568,0.1854647696018219,0.1837003231048584,0.04717288911342621,0.04533534497022629,0.650740921497345,0.07305049896240234
eyepacs_5304_left,A:\DR_classification\data\organized\pooled_aptos_ddr\test\3_Severe\eyepacs_5304_left.jpeg,3,Severe,3,0,3,True,False,True,0.06769772619009018,0.0380762480199337,0.04937736690044403,0.4848376214504242,0.36001113057136536,0.8047506213188171,0.03286626562476158,0.011657520197331905,0.019615013152360916,0.13111059367656708,0.28881362080574036,0.036513254046440125,0.038061413913965225,0.3452708423137665,0.2913409471511841
eyepacs_687_left,A:\DR_classification\data\organized\pooled_aptos_ddr\test\3_Severe\eyepacs_687_left.jpeg,3,Severe,3,0,3,True,False,True,0.006996734533458948,0.0024126076605170965,0.030346646904945374,0.9565231800079346,0.0037208774592727423,0.8918213248252869,0.056105222553014755,0.007558885030448437,0.017807964235544205,0.026706524193286896,0.27244412899017334,0.01852039247751236,0.023510318249464035,0.6749085783958435,0.010616571642458439
eyepacs_7276_left,A:\DR_classification\data\organized\pooled_aptos_ddr\test\3_Severe\eyepacs_7276_left.jpeg,3,Severe,3,0,3,True,False,True,0.0005441360408440232,0.003019437426701188,0.0033329196739941835,0.9919227361679077,0.0011808571871370077,0.8348426818847656,0.09833244234323502,0.007211681455373764,0.011226141825318336,0.048387058079242706,0.2508337199687958,0.031613338738679886,0.0044965483248233795,0.6977137327194214,0.015342717990279198
eyepacs_7883_right,A:\DR_classification\data\organized\pooled_aptos_ddr\test\3_Severe\eyepacs_7883_right.jpeg,3,Severe,4,4,4,False,False,False,0.006008510943502188,0.15654771029949188,0.027375735342502594,0.07726117223501205,0.732806921005249,0.0052498443983495235,0.025422072038054466,0.012992647476494312,0.04641464725136757,0.9099206924438477,0.005780911073088646,0.1172100156545639,0.023060807958245277,0.0680072158575058,0.7859410643577576
eyepacs_7959_left,A:\DR_classification\data\organized\pooled_aptos_ddr\test\3_Severe\eyepacs_7959_left.jpeg,3,Severe,3,4,3,True,False,True,0.010893247090280056,0.003565543331205845,0.010443827137351036,0.963706374168396,0.011391016654670238,0.11873079091310501,0.24183917045593262,0.030479446053504944,0.16220343112945557,0.44674721360206604,0.04324451461434364,0.07504763454198837,0.016454512253403664,0.7232555150985718,0.14199788868427277
eyepacs_8699_right,A:\DR_classification\data\organized\pooled_aptos_ddr\test\3_Severe\eyepacs_8699_right.jpeg,3,Severe,3,0,3,True,False,True,0.060005635023117065,0.05108654126524925,0.08592782914638519,0.6998266577720642,0.10315334796905518,0.6136502623558044,0.2231890708208084,0.07850349694490433,0.012505303137004375,0.07215189188718796,0.22609902918338776,0.10271729528903961,0.08370053023099899,0.4936302602291107,0.09385290741920471
eyepacs_9001_left,A:\DR_classification\data\organized\pooled_aptos_ddr\test\3_Severe\eyepacs_9001_left.jpeg,3,Severe,3,0,3,True,False,True,0.0025620285887271166,0.001284650876186788,0.013482002541422844,0.979776918888092,0.0028944022487848997,0.9721864461898804,0.009084123186767101,0.0005689164972864091,0.0027102793101221323,0.015450255945324898,0.29344937205314636,0.0036244927905499935,0.009608076885342598,0.6866568922996521,0.00666115852072835
eyepacs_9001_right,A:\DR_classification\data\organized\pooled_aptos_ddr\test\3_Severe\eyepacs_9001_right.jpeg,3,Severe,3,4,3,True,False,True,0.010940522886812687,0.005062349606305361,0.014203222468495369,0.9543717503547668,0.015422231517732143,0.1729530543088913,0.21268638968467712,0.08490309119224548,0.10623630881309509,0.4232211112976074,0.05954428389668465,0.06734956800937653,0.03541318327188492,0.6999311447143555,0.1377619057893753
eyepacs_9951_left,A:\DR_classification\data\organized\pooled_aptos_ddr\test\3_Severe\eyepacs_9951_left.jpeg,3,Severe,3,1,3,True,False,True,0.0027055498212575912,0.004005394410341978,0.033681679517030716,0.9466348886489868,0.012972472235560417,0.09940435737371445,0.7996484637260437,0.006553077604621649,0.02442988194525242,0.06996425241231918,0.03171519190073013,0.2426983267068863,0.025543099269270897,0.6699733734130859,0.030070006847381592
f092febbf5c0,A:\DR_classification\data\organized\pooled_aptos_ddr\test\3_Severe\f092febbf5c0.png,3,Severe,2,4,2,False,False,False,0.023557240143418312,0.07076425105333328,0.6595327854156494,0.13452677428722382,0.11161893606185913,0.019205288961529732,0.03620895743370056,0.0855376198887825,0.39309120178222656,0.4659569561481476,0.022251654416322708,0.060397662222385406,0.4873342216014862,0.21209609508514404,0.21792034804821014
007-3122-100,A:\DR_classification\data\organized\pooled_aptos_ddr\test\4_Proliferative_DR\007-3122-100.jpg,4,Proliferative DR,4,1,4,True,False,True,0.1395488679409027,0.14503347873687744,0.060572341084480286,0.17090879380702972,0.48393645882606506,0.049365852028131485,0.4316869378089905,0.03230632096529007,0.08766672760248184,0.3989741802215576,0.11249396204948425,0.23102951049804688,0.0520925372838974,0.14593617618083954,0.45844778418540955
007-3979-200,A:\DR_classification\data\organized\pooled_aptos_ddr\test\4_Proliferative_DR\007-3979-200.jpg,4,Proliferative DR,4,4,4,True,True,True,0.027556704357266426,0.04464203491806984,0.017784010618925095,0.28235235810279846,0.6276648640632629,0.047199275344610214,0.021566497161984444,0.1605973094701767,0.15798209607601166,0.6126548051834106,0.03344947472214699,0.037719372659921646,0.060628000646829605,0.24504128098487854,0.6231618523597717
007-6284-400,A:\DR_classification\data\organized\pooled_aptos_ddr\test\4_Proliferative_DR\007-6284-400.jpg,4,Proliferative DR,4,4,4,True,True,True,0.016734685748815536,0.03797675296664238,0.037109795957803726,0.03861566632986069,0.8695631623268127,7.748995994916186e-05,0.010750755667686462,0.3063821792602539,0.03648035600781441,0.6463091969490051,0.011737526394426823,0.029808953404426575,0.11789151281118393,0.03797507286071777,0.8025869727134705
007-6290-400,A:\DR_classification\data\organized\pooled_aptos_ddr\test\4_Proliferative_DR\007-6290-400.jpg,4,Proliferative DR,4,4,4,True,True,True,0.021017897874116898,0.03327201306819916,0.01768786646425724,0.05198489502072334,0.8760373592376709,0.2540639638900757,0.06741867959499359,0.07140252739191055,0.1411190629005432,0.4659956693649292,0.0909317210316658,0.04351601377129555,0.03380226343870163,0.07872514426708221,0.7530248165130615
007-6299-400,A:\DR_classification\data\organized\pooled_aptos_ddr\test\4_Proliferative_DR\007-6299-400.jpg,4,Proliferative DR,4,4,4,True,True,True,0.038153622299432755,0.04281115531921387,0.04594969004392624,0.12932534515857697,0.7437602281570435,0.19882561266422272,0.06783615797758102,0.017788097262382507,0.02073555625975132,0.6948145031929016,0.08635522425174713,0.05031865835189819,0.03750121220946312,0.09674841165542603,0.7290765047073364
007-6327-400,A:\DR_classification\data\organized\pooled_aptos_ddr\test\4_Proliferative_DR\007-6327-400.jpg,4,Proliferative DR,4,4,4,True,True,True,0.002075847703963518,0.0006543797207996249,0.00055759830866009,0.0005076881498098373,0.9962045550346375,0.0399051308631897,0.02430129051208496,0.00906453188508749,0.04790214076638222,0.8788268566131592,0.01342463307082653,0.007748453412204981,0.003109678626060486,0.014726024121046066,0.9609912633895874
007-6344-400,A:\DR_classification\data\organized\pooled_aptos_ddr\test\4_Proliferative_DR\007-6344-400.jpg,4,Proliferative DR,4,0,4,True,False,True,0.027375800535082817,0.05642726644873619,0.029684200882911682,0.21350441873073578,0.673008382320404,0.42020779848098755,0.08808537572622299,0.04103168845176697,0.08614472299814224,0.36453038454055786,0.1452254056930542,0.06592469662427902,0.03308844938874245,0.17529650032520294,0.5804650187492371
007-6348-400,A:\DR_classification\data\organized\pooled_aptos_ddr\test\4_Proliferative_DR\007-6348-400.jpg,4,Proliferative DR,4,0,4,True,False,True,0.004765440244227648,0.015214916318655014,0.015945522114634514,0.07833429425954819,0.885739803314209,0.9296793341636658,0.015346058644354343,0.006803462281823158,0.011579880490899086,0.03659136965870857,0.2822396159172058,0.01525425910949707,0.013202904723584652,0.05830796808004379,0.6309952139854431
007-6350-400,A:\DR_classification\data\organized\pooled_aptos_ddr\test\4_Proliferative_DR\007-6350-400.jpg,4,Proliferative DR,4,2,4,True,False,True,0.008573397062718868,0.043874528259038925,0.024891864508390427,0.09144801646471024,0.8312122225761414,6.156329618534073e-05,0.0012800832046195865,0.5376092791557312,0.01314470637589693,0.4479043483734131,0.006019847001880407,0.031096193939447403,0.178707093000412,0.06795702129602432,0.7162199020385742
007-6427-400,A:\DR_classification\data\organized\pooled_aptos_ddr\test\4_Proliferative_DR\007-6427-400.jpg,4,Proliferative DR,4,4,4,True,True,True,0.057535525411367416,0.04826851189136505,0.053629763424396515,0.11536729335784912,0.7251988649368286,0.0033868735190480947,0.014524267055094242,0.1563037484884262,0.15883605182170868,0.6669490933418274,0.041290927678346634,0.03814523667097092,0.0844319611787796,0.12840792536735535,0.7077239155769348
007-6436-400,A:\DR_classification\data\organized\pooled_aptos_ddr\test\4_Proliferative_DR\007-6436-400.jpg,4,Proliferative DR,4,2,4,True,False,True,0.0326591320335865,0.0379989817738533,0.01724318228662014,0.047776833176612854,0.8643218278884888,0.0014474511845037341,0.01902218535542488,0.5071395635604858,0.10699057579040527,0.36540019512176514,0.023295626044273376,0.032305940985679626,0.16421209275722504,0.06554095447063446,0.7146453857421875
007-6442-400,A:\DR_classification\data\organized\pooled_aptos_ddr\test\4_Proliferative_DR\007-6442-400.jpg,4,Proliferative DR,4,4,4,True,True,True,0.05196380242705345,0.03056292235851288,0.031219854950904846,0.1273849755525589,0.7588684558868408,0.0010245878947898746,0.02637934871017933,0.0492057166993618,0.1853133589029312,0.7380769848823547,0.03668203949928284,0.02930784970521927,0.03661561384797096,0.14476348459720612,0.7526310086250305
007-6446-400,A:\DR_classification\data\organized\pooled_aptos_ddr\test\4_Proliferative_DR\007-6446-400.jpg,4,Proliferative DR,4,4,4,True,True,True,0.011261004023253918,0.01006598211824894,0.005042653530836105,0.004481195472180843,0.9691492319107056,0.0001892914588097483,0.0019883420318365097,0.09356154501438141,0.023001039400696754,0.8812597990036011,0.007939490489661694,0.007642690092325211,0.031598322093486786,0.010037148371338844,0.9427824020385742
007-6460-400,A:\DR_classification\data\organized\pooled_aptos_ddr\test\4_Proliferative_DR\007-6460-400.jpg,4,Proliferative DR,4,4,4,True,True,True,0.008921699598431587,0.01082129031419754,0.0060266489163041115,0.008783628232777119,0.9654467105865479,0.007341380696743727,0.026529358699917793,0.012012308463454247,0.017407407984137535,0.9367095828056335,0.00844760425388813,0.01553371176123619,0.00782234687358141,0.011370762251317501,0.9568255543708801
007-6461-400,A:\DR_classification\data\organized\pooled_aptos_ddr\test\4_Proliferative_DR\007-6461-400.jpg,4,Proliferative DR,4,0,4,True,False,True,0.0035086714196950197,0.016697252169251442,0.004014280624687672,0.02597145363688469,0.9498082995414734,0.4931817352771759,0.14177028834819794,0.07152164727449417,0.1336633563041687,0.15986305475234985,0.15041059255599976,0.054219163954257965,0.02426649071276188,0.05827902629971504,0.7128247022628784
007-6465-400,A:\DR_classification\data\organized\pooled_aptos_ddr\test\4_Proliferative_DR\007-6465-400.jpg,4,Proliferative DR,4,4,4,True,True,True,0.007648456376045942,0.016598520800471306,0.006338401231914759,0.012482433579862118,0.9569322466850281,0.2317586988210678,0.03902694210410118,0.013480816967785358,0.21103963255882263,0.5046939253807068,0.07488153129816055,0.023327047005295753,0.00848112627863884,0.0720495954155922,0.8212607502937317
007-6474-400,A:\DR_classification\data\organized\pooled_aptos_ddr\test\4_Proliferative_DR\007-6474-400.jpg,4,Proliferative DR,3,4,3,False,True,False,0.031701840460300446,0.07530026137828827,0.15784260630607605,0.6147437691688538,0.12041144073009491,0.01421491801738739,0.2761678397655487,0.00721710966899991,0.10755067318677902,0.5948494672775269,0.02645576372742653,0.135560542345047,0.11265495419502258,0.46258583664894104,0.2627428472042084
007-6500-400,A:\DR_classification\data\organized\pooled_aptos_ddr\test\4_Proliferative_DR\007-6500-400.jpg,4,Proliferative DR,4,4,4,True,True,True,0.011011665686964989,0.06224982440471649,0.01044898759573698,0.0189557783305645,0.8973337411880493,0.015736665576696396,0.24820616841316223,0.020291011780500412,0.010535073466598988,0.7052310705184937,0.01242916565388441,0.11803673207759857,0.013401594944298267,0.016429565846920013,0.8397029042243958
007-6521-400,A:\DR_classification\data\organized\pooled_aptos_ddr\test\4_Proliferative_DR\007-6521-400.jpg,4,Proliferative DR,4,4,4,True,True,True,0.01140261348336935,0.05668475106358528,0.009372792206704617,0.25409695506095886,0.6684429049491882,0.09146308898925781,0.04555227980017662,0.04990663751959801,0.08973819017410278,0.7233397960662842,0.03542075678706169,0.05334500968456268,0.021532945334911346,0.20478931069374084,0.6849119663238525
007-6526-400,A:\DR_classification\data\organized\pooled_aptos_ddr\test\4_Proliferative_DR\007-6526-400.jpg,4,Proliferative DR,4,4,4,True,True,True,0.13413883745670319,0.04131181165575981,0.05743066594004631,0.09839718043804169,0.6687214970588684,0.00957230944186449,0.06368028372526169,0.32656505703926086,0.046747222542762756,0.5534351468086243,0.09676887840032578,0.048022352159023285,0.13817098736763,0.08290219306945801,0.6341356039047241
007-6554-400,A:\DR_classification\data\organized\pooled_aptos_ddr\test\4_Proliferative_DR\007-6554-400.jpg,4,Proliferative DR,4,0,4,True,False,True,0.023017778992652893,0.02426200918853283,0.05257135257124901,0.3776910603046417,0.5224577784538269,0.7462049722671509,0.1427229791879654,0.006216269452124834,0.01876179128885269,0.0860939547419548,0.23997394740581512,0.05980030447244644,0.03866482526063919,0.2700122594833374,0.39154863357543945
007-6564-400,A:\DR_classification\data\organized\pooled_aptos_ddr\test\4_Proliferative_DR\007-6564-400.jpg,4,Proliferative DR,4,4,4,True,True,True,0.019540803506970406,0.027611128985881805,0.033869966864585876,0.05817163363099098,0.8608064651489258,0.15560276806354523,0.09935107827186584,0.03140983358025551,0.060074254870414734,0.653562068939209,0.06035939231514931,0.04913311451673508,0.033131927251815796,0.05874241888523102,0.7986331582069397
007-6565-400,A:\DR_classification\data\organized\pooled_aptos_ddr\test\4_Proliferative_DR\007-6565-400.jpg,4,Proliferative DR,4,4,4,True,True,True,0.021930765360593796,0.04204682260751724,0.0295419879257679,0.06182609498500824,0.8446542620658875,0.2488875389099121,0.2139994502067566,0.018340399488806725,0.02084631286561489,0.4979262948036194,0.09001779556274414,0.09363260865211487,0.02618151158094406,0.04953216016292572,0.740635871887207
007-6566-400,A:\DR_classification\data\organized\pooled_aptos_ddr\test\4_Proliferative_DR\007-6566-400.jpg,4,Proliferative DR,4,4,4,True,True,True,0.026386672630906105,0.013296295888721943,0.02053612470626831,0.016586683690547943,0.9231941103935242,0.010081406682729721,0.02371392585337162,0.005002285353839397,0.020650304853916168,0.9405521750450134,0.021495092660188675,0.01642158441245556,0.01587597280740738,0.01780577003955841,0.9284015893936157
007-6567-400,A:\DR_classification\data\organized\pooled_aptos_ddr\test\4_Proliferative_DR\007-6567-400.jpg,4,Proliferative DR,4,4,4,True,True,True,0.008621050976216793,0.005769495386630297,0.008171755820512772,0.01789235882461071,0.9595453143119812,0.0005894021014682949,0.03829863294959068,0.0334283746778965,0.0028634376358240843,0.9248201251029968,0.006211556028574705,0.015528237447142601,0.01574874296784401,0.013383682817220688,0.9491277933120728
007-6579-400,A:\DR_classification\data\organized\pooled_aptos_ddr\test\4_Proliferative_DR\007-6579-400.jpg,4,Proliferative DR,4,4,4,True,True,True,0.009058428928256035,0.008554595522582531,0.00492888456210494,0.0076224468648433685,0.969835638999939,0.2308267205953598,0.028277693316340446,0.023425955325365067,0.030786145478487015,0.6866834759712219,0.07558891922235489,0.014471525326371193,0.01047800574451685,0.014571556821465492,0.8848899602890015
007-6584-400,A:\DR_classification\data\organized\pooled_aptos_ddr\test\4_Proliferative_DR\007-6584-400.jpg,4,Proliferative DR,4,0,4,True,False,True,0.004554879851639271,0.01125238835811615,0.0025661939289420843,0.06562608480453491,0.9160004258155823,0.5619490742683411,0.04048893600702286,0.02013436146080494,0.015221481211483479,0.36220622062683105,0.17177315056324005,0.020023353397846222,0.007836644537746906,0.05050470307469368,0.7498621940612793
007-6586-400,A:\DR_classification\data\organized\pooled_aptos_ddr\test\4_Proliferative_DR\007-6586-400.jpg,4,Proliferative DR,4,4,4,True,True,True,0.04676781967282295,0.05124397575855255,0.019197380170226097,0.16032978892326355,0.7224610447883606,0.0010114202741533518,0.0571945384144783,0.06292791664600372,0.007640956435352564,0.8712251782417297,0.03304089978337288,0.053029146045446396,0.03231654316186905,0.11452314257621765,0.7670902609825134
007-6592-400,A:\DR_classification\data\organized\pooled_aptos_ddr\test\4_Proliferative_DR\007-6592-400.jpg,4,Proliferative DR,4,4,4,True,True,True,0.021214358508586884,0.013126366771757603,0.027817875146865845,0.10196875035762787,0.8358726501464844,0.00033166026696562767,0.012920907698571682,0.0415935292840004,0.11517333984375,0.8299806714057922,0.014949548989534378,0.013064729049801826,0.03195057064294815,0.1059301346540451,0.8341050744056702
007-6597-400,A:\DR_classification\data\organized\pooled_aptos_ddr\test\4_Proliferative_DR\007-6597-400.jpg,4,Proliferative DR,4,4,4,True,True,True,0.020562373101711273,0.044748734682798386,0.036923568695783615,0.10149185359477997,0.7962734699249268,0.04228948801755905,0.04491177946329117,0.051035188138484955,0.14790579676628113,0.7138577699661255,0.027080507948994637,0.04479764774441719,0.04115705564618111,0.1154160350561142,0.7715487480163574
007-6610-400,A:\DR_classification\data\organized\pooled_aptos_ddr\test\4_Proliferative_DR\007-6610-400.jpg,4,Proliferative DR,3,1,3,False,False,False,0.030519070103764534,0.08902300149202347,0.12354002147912979,0.5701374411582947,0.18678048253059387,0.001959903398528695,0.8699023127555847,0.0045845829881727695,0.091737762093544,0.03181542456150055,0.02195132151246071,0.3232868015766144,0.08785339444875717,0.4266175329685211,0.14029096066951752
007-6611-400,A:\DR_classification\data\organized\pooled_aptos_ddr\test\4_Proliferative_DR\007-6611-400.jpg,4,Proliferative DR,4,4,4,True,True,True,0.04153461754322052,0.020037872716784477,0.04962775483727455,0.11766847223043442,0.7711312770843506,0.002725960686802864,0.20960970222949982,0.028207991272211075,0.0964919775724411,0.6629643440246582,0.02989201992750168,0.07690942287445068,0.04320182651281357,0.11131551861763,0.7386811971664429
007-6620-400,A:\DR_classification\data\organized\pooled_aptos_ddr\test\4_Proliferative_DR\007-6620-400.jpg,4,Proliferative DR,3,4,3,False,True,False,0.030612528324127197,0.014882620424032211,0.14605441689491272,0.502388596534729,0.3060618042945862,0.0004919626517221332,0.18287785351276398,0.14102302491664886,0.22229240834712982,0.45331478118896484,0.021576358005404472,0.06528119742870331,0.14454498887062073,0.41835975646972656,0.3502376973628998
007-6621-400,A:\DR_classification\data\organized\pooled_aptos_ddr\test\4_Proliferative_DR\007-6621-400.jpg,4,Proliferative DR,4,4,4,True,True,True,0.07642293721437454,0.048199448734521866,0.10326509922742844,0.21008417010307312,0.5620283484458923,0.01562018133699894,0.18824231624603271,0.20919354259967804,0.07901927083730698,0.5079247355461121,0.05818210914731026,0.09021231532096863,0.13504363596439362,0.17076469957828522,0.5457972288131714
007-6631-400,A:\DR_classification\data\organized\pooled_aptos_ddr\test\4_Proliferative_DR\007-6631-400.jpg,4,Proliferative DR,4,4,4,True,True,True,0.02646331861615181,0.017102183774113655,0.07989328354597092,0.07957939803600311,0.7969617247581482,0.011072458699345589,0.006155467126518488,0.031824711710214615,0.261772096157074,0.6891753077507019,0.02184605970978737,0.013818169012665749,0.06547271460294724,0.13423720002174377,0.7646257877349854
007-6686-400,A:\DR_classification\data\organized\pooled_aptos_ddr\test\4_Proliferative_DR\007-6686-400.jpg,4,Proliferative DR,4,4,4,True,True,True,0.027486132457852364,0.006401028484106064,0.02941429615020752,0.16050027310848236,0.7761983275413513,0.0029157758690416813,0.0828305184841156,0.13295131921768188,0.20774002373218536,0.5735623240470886,0.020115025341510773,0.029329875484108925,0.06047540530562401,0.1746722012758255,0.7154075503349304
007-6688-400,A:\DR_classification\data\organized\pooled_aptos_ddr\test\4_Proliferative_DR\007-6688-400.jpg,4,Proliferative DR,4,4,4,True,True,True,0.04069823771715164,0.008968458510935307,0.021048912778496742,0.018271468579769135,0.9110130071640015,0.07996202260255814,0.04184022545814514,0.09927396476268768,0.03738991171121597,0.7415338754653931,0.05247737467288971,0.018829990178346634,0.0445164293050766,0.024007001891732216,0.8601692318916321
007-6689-400,A:\DR_classification\data\organized\pooled_aptos_ddr\test\4_Proliferative_DR\007-6689-400.jpg,4,Proliferative DR,4,1,4,True,False,True,0.021260827779769897,0.060720764100551605,0.052836231887340546,0.13394615054130554,0.7312360405921936,0.0028091573622077703,0.627497673034668,0.19772903621196747,0.026056597009301186,0.14590752124786377,0.015725325793027878,0.2307538390159607,0.09630407392978668,0.10157927870750427,0.5556374788284302
007-6697-400,A:\DR_classification\data\organized\pooled_aptos_ddr\test\4_Proliferative_DR\007-6697-400.jpg,4,Proliferative DR,4,0,4,True,False,True,0.17797981202602386,0.17764973640441895,0.052001845091581345,0.048857785761356354,0.5435107350349426,0.5780261754989624,0.031201671808958054,0.04037564992904663,0.03512530401349068,0.31527119874954224,0.2979937195777893,0.13371531665325165,0.0485139861702919,0.0447380393743515,0.47503888607025146
007-6719-400,A:\DR_classification\data\organized\pooled_aptos_ddr\test\4_Proliferative_DR\007-6719-400.jpg,4,Proliferative DR,4,4,4,True,True,True,0.023819783702492714,0.029353823512792587,0.048859644681215286,0.03679031506180763,0.8611765503883362,0.000521478767041117,0.0032452447339892387,0.2423809915781021,0.00840452965348959,0.7454477548599243,0.016830291599035263,0.021521249786019325,0.10691605508327484,0.028274578973650932,0.8264578580856323
007-6741-400,A:\DR_classification\data\organized\pooled_aptos_ddr\test\4_Proliferative_DR\007-6741-400.jpg,4,Proliferative DR,3,2,3,False,False,False,0.03559040278196335,0.027350638061761856,0.016154123470187187,0.5582598447799683,0.3626449406147003,5.735433205700247e-06,0.0014078326057642698,0.5804781913757324,0.13686169683933258,0.28124648332595825,0.024915002286434174,0.01956779509782791,0.18545134365558624,0.4318403899669647,0.338225394487381
007-6752-400,A:\DR_classification\data\organized\pooled_aptos_ddr\test\4_Proliferative_DR\007-6752-400.jpg,4,Proliferative DR,1,0,0,False,False,False,0.307608425617218,0.3204858899116516,0.061587993055582047,0.13475295901298523,0.17556479573249817,0.6514637470245361,0.06920626759529114,0.017239095643162727,0.05229506269097328,0.2097957879304886,0.41076502203941345,0.24510200321674347,0.048283323645591736,0.11001558601856232,0.1858340948820114
007-6757-400,A:\DR_classification\data\organized\pooled_aptos_ddr\test\4_Proliferative_DR\007-6757-400.jpg,4,Proliferative DR,4,4,4,True,True,True,0.022005416452884674,0.012227802537381649,0.02147970348596573,0.15837690234184265,0.7859101891517639,0.021961253136396408,0.08120686560869217,0.10997918248176575,0.3464401662349701,0.4404124915599823,0.021992167457938194,0.03292152285575867,0.04802954941987991,0.21479588747024536,0.6822608709335327
007-6772-400,A:\DR_classification\data\organized\pooled_aptos_ddr\test\4_Proliferative_DR\007-6772-400.jpg,4,Proliferative DR,4,0,4,True,False,True,0.008720505982637405,0.09335803985595703,0.057327739894390106,0.12060454487800598,0.7199891805648804,0.5492313504219055,0.016625763848423958,0.01281719096004963,0.08560139685869217,0.3357243239879608,0.170873761177063,0.07033836096525192,0.04397457465529442,0.11010359972715378,0.6047097444534302
007-6791-400,A:\DR_classification\data\organized\pooled_aptos_ddr\test\4_Proliferative_DR\007-6791-400.jpg,4,Proliferative DR,4,4,4,True,True,True,0.007261066697537899,0.021105078980326653,0.039361532777547836,0.07542362064123154,0.8568487763404846,6.611788558075204e-05,0.0025176662020385265,0.470161497592926,0.0427197627723217,0.48453494906425476,0.005102581810206175,0.015528854914009571,0.16860152781009674,0.06561246514320374,0.745154619216919
007-6795-400,A:\DR_classification\data\organized\pooled_aptos_ddr\test\4_Proliferative_DR\007-6795-400.jpg,4,Proliferative DR,4,4,4,True,True,True,0.016332490369677544,0.01655111461877823,0.008693407289683819,0.02580098621547222,0.9326220750808716,0.007400553673505783,0.06864530593156815,0.16634273529052734,0.35578519105911255,0.40182623267173767,0.013652908615767956,0.03217937424778938,0.05598820745944977,0.12479625642299652,0.7733833193778992
007-6808-400,A:\DR_classification\data\organized\pooled_aptos_ddr\test\4_Proliferative_DR\007-6808-400.jpg,4,Proliferative DR,4,4,4,True,True,True,0.026572249829769135,0.3092529773712158,0.01209662202745676,0.07322267442941666,0.5788553953170776,0.007579505909234285,0.020405109971761703,0.0852079913020134,0.09185071289539337,0.7949566841125488,0.020874425768852234,0.2225986123085022,0.03403003513813019,0.07881108671426773,0.6436858177185059
007-6844-400,A:\DR_classification\data\organized\pooled_aptos_ddr\test\4_Proliferative_DR\007-6844-400.jpg,4,Proliferative DR,4,4,4,True,True,True,0.020183727145195007,0.01778748258948326,0.02318662218749523,0.028553275391459465,0.9102888703346252,1.1721392183972057e-05,0.01052132248878479,0.10620202124118805,0.013584060594439507,0.8696808815002441,0.014132125303149223,0.01560763455927372,0.04809124395251274,0.024062510579824448,0.8981064558029175
007-6854-400,A:\DR_classification\data\organized\pooled_aptos_ddr\test\4_Proliferative_DR\007-6854-400.jpg,4,Proliferative DR,4,4,4,True,True,True,0.01732906699180603,0.11556622385978699,0.03695078566670418,0.12022454291582108,0.7099294066429138,0.03618903085589409,0.0993415117263794,0.027069510892033577,0.06855509430170059,0.7688449621200562,0.022987056523561478,0.11069881170988083,0.0339864045381546,0.10472370684146881,0.7276040315628052
007-6865-400,A:\DR_classification\data\organized\pooled_aptos_ddr\test\4_Proliferative_DR\007-6865-400.jpg,4,Proliferative DR,4,4,4,True,True,True,0.06602274626493454,0.09196381270885468,0.08622642606496811,0.10918470472097397,0.6466023325920105,0.008867853321135044,0.12285013496875763,0.03830070421099663,0.08637917041778564,0.7436020970344543,0.04887627810239792,0.1012297123670578,0.07184871286153793,0.10234304517507553,0.6757022738456726
007-6878-400,A:\DR_classification\data\organized\pooled_aptos_ddr\test\4_Proliferative_DR\007-6878-400.jpg,4,Proliferative DR,4,0,4,True,False,True,0.0013697788817808032,0.07075672596693039,0.0011080078547820449,0.010489222593605518,0.9162763357162476,0.5394022464752197,0.20464655756950378,0.01371888816356659,0.1270640641450882,0.1151682585477829,0.1627795249223709,0.11092367768287659,0.00489127216860652,0.04546167701482773,0.675943911075592
007-6883-400,A:\DR_classification\data\organized\pooled_aptos_ddr\test\4_Proliferative_DR\007-6883-400.jpg,4,Proliferative DR,4,4,4,True,True,True,0.016054529696702957,0.07626727223396301,0.03627125173807144,0.024771936237812042,0.8466350436210632,0.40241721272468567,0.0317055843770504,0.1027427539229393,0.052217863500118256,0.4109165370464325,0.1319633424282074,0.06289876997470856,0.05621270090341568,0.033005714416503906,0.7159194946289062
007-6889-400,A:\DR_classification\data\organized\pooled_aptos_ddr\test\4_Proliferative_DR\007-6889-400.jpg,4,Proliferative DR,4,4,4,True,True,True,0.014852907508611679,0.014991158619523048,0.026813481003046036,0.39559289813041687,0.5477495789527893,0.08070491999387741,0.14675895869731903,0.05736233666539192,0.10134333372116089,0.6138304471969604,0.03460851311683655,0.05452150106430054,0.03597813844680786,0.3073180019855499,0.5675738453865051
007-6892-400,A:\DR_classification\data\organized\pooled_aptos_ddr\test\4_Proliferative_DR\007-6892-400.jpg,4,Proliferative DR,4,0,4,True,False,True,0.05766225606203079,0.10133200883865356,0.1929839551448822,0.23835420608520508,0.40966761112213135,0.5102507472038269,0.03691861778497696,0.08708605915307999,0.05712485685944557,0.3086197078227997,0.1934388130903244,0.0820079892873764,0.16121459007263184,0.1839853972196579,0.37935325503349304
007-6914-400,A:\DR_classification\data\organized\pooled_aptos_ddr\test\4_Proliferative_DR\007-6914-400.jpg,4,Proliferative DR,4,4,4,True,True,True,0.06276516616344452,0.029550030827522278,0.01061810553073883,0.043970778584480286,0.8530960083007812,0.09830063581466675,0.04152525216341019,0.01975194923579693,0.06079782545566559,0.779624342918396,0.07342580705881119,0.03314259648323059,0.01335825864225626,0.049018893390893936,0.8310545086860657
007-6923-400,A:\DR_classification\data\organized\pooled_aptos_ddr\test\4_Proliferative_DR\007-6923-400.jpg,4,Proliferative DR,4,4,4,True,True,True,0.010416384786367416,0.007753489073365927,0.00766309630125761,0.0015891770599409938,0.9725778102874756,0.002165780635550618,0.01336092222481966,0.11060597002506256,0.017766980454325676,0.8561002612113953,0.007941203191876411,0.00943571887910366,0.038545962423086166,0.006442517973482609,0.9376345276832581
007-6926-400,A:\DR_classification\data\organized\pooled_aptos_ddr\test\4_Proliferative_DR\007-6926-400.jpg,4,Proliferative DR,4,1,4,True,False,True,0.018801843747496605,0.12507709860801697,0.16185244917869568,0.33391258120536804,0.3603559732437134,0.104258231818676,0.42279669642448425,0.06088384985923767,0.08400425314903259,0.32805702090263367,0.04443876072764397,0.2143929898738861,0.13156186044216156,0.25894010066986084,0.3506662845611572
007-6948-400,A:\DR_classification\data\organized\pooled_aptos_ddr\test\4_Proliferative_DR\007-6948-400.jpg,4,Proliferative DR,1,0,1,False,False,False,0.20241570472717285,0.6456592082977295,0.03812899813055992,0.04216225445270538,0.07163383811712265,0.9754472970962524,0.010040979832410812,0.0013419456081464887,0.0014109521871432662,0.011758814565837383,0.4343251585960388,0.4549737274646759,0.027092881500720978,0.029936863109469414,0.05367133021354675
007-6952-400,A:\DR_classification\data\organized\pooled_aptos_ddr\test\4_Proliferative_DR\007-6952-400.jpg,4,Proliferative DR,4,4,4,True,True,True,0.024569902569055557,0.017732517793774605,0.08674799650907516,0.14766038954257965,0.7232892513275146,0.010765454731881618,0.014467119239270687,0.07945193350315094,0.025677142664790154,0.8696383237838745,0.020428568124771118,0.016752898693084717,0.08455917239189148,0.11106541007757187,0.7671939730644226
007-6961-400,A:\DR_classification\data\organized\pooled_aptos_ddr\test\4_Proliferative_DR\007-6961-400.jpg,4,Proliferative DR,1,0,1,False,False,False,0.10624638199806213,0.4524168372154236,0.13700231909751892,0.08555477112531662,0.2187797576189041,0.5042030215263367,0.18603794276714325,0.0242777056992054,0.032210253179073334,0.25327110290527344,0.2256333827972412,0.3725031614303589,0.10318493843078613,0.06955141574144363,0.2291271686553955
007-6973-400,A:\DR_classification\data\organized\pooled_aptos_ddr\test\4_Proliferative_DR\007-6973-400.jpg,4,Proliferative DR,4,4,4,True,True,True,0.023687470704317093,0.026280352845788002,0.032328855246305466,0.1268068253993988,0.790896475315094,0.15374387800693512,0.0800456628203392,0.12892910838127136,0.07870672643184662,0.5585746169090271,0.06270439922809601,0.042409949004650116,0.06130893528461456,0.11237679421901703,0.7211999297142029
007-6977-400,A:\DR_classification\data\organized\pooled_aptos_ddr\test\4_Proliferative_DR\007-6977-400.jpg,4,Proliferative DR,4,4,4,True,True,True,0.034576356410980225,0.01753348857164383,0.016807975247502327,0.04834336042404175,0.8827388286590576,0.09091023355722427,0.003441806184127927,0.024336349219083786,0.01100571546703577,0.8703058958053589,0.05147652328014374,0.013305983506143093,0.01906648650765419,0.037142064422369,0.879008948802948
007-6983-400,A:\DR_classification\data\organized\pooled_aptos_ddr\test\4_Proliferative_DR\007-6983-400.jpg,4,Proliferative DR,4,4,4,True,True,True,0.01697697676718235,0.005565819796174765,0.009608197957277298,0.005949675105512142,0.9618993401527405,0.0007895491435192525,0.005546471104025841,0.21538136899471283,0.02021537721157074,0.75806725025177,0.012120748870074749,0.005560015328228474,0.0713401511311531,0.010229386389255524,0.900749683380127
007-6986-400,A:\DR_classification\data\organized\pooled_aptos_ddr\test\4_Proliferative_DR\007-6986-400.jpg,4,Proliferative DR,4,4,4,True,True,True,0.01786414533853531,0.009630611166357994,0.008695396594703197,0.005404975265264511,0.9584048390388489,0.09411859512329102,0.03150966763496399,0.34989047050476074,0.05226891115307808,0.4722123146057129,0.0407404825091362,0.016194328665733337,0.11105392128229141,0.0194641575217247,0.8125470876693726
007-6988-400,A:\DR_classification\data\organized\pooled_aptos_ddr\test\4_Proliferative_DR\007-6988-400.jpg,4,Proliferative DR,4,4,4,True,True,True,0.018214082345366478,0.00666416622698307,0.004641046281903982,0.01775692030787468,0.9527238011360168,0.0045026931911706924,0.006976994685828686,0.25573816895484924,0.05531126260757446,0.6774709820747375,0.014100665226578712,0.0067580146715044975,0.07997018098831177,0.029023222625255585,0.8701479434967041
007-6990-400,A:\DR_classification\data\organized\pooled_aptos_ddr\test\4_Proliferative_DR\007-6990-400.jpg,4,Proliferative DR,4,3,4,True,False,True,0.03161503002047539,0.009236068464815617,0.014015239663422108,0.05226048827171326,0.892873227596283,0.03882688283920288,0.025283068418502808,0.13833390176296234,0.5213959217071533,0.27616021037101746,0.033778585493564606,0.014050168916583061,0.051310840994119644,0.19300112128257751,0.7078593373298645
007-6993-400,A:\DR_classification\data\organized\pooled_aptos_ddr\test\4_Proliferative_DR\007-6993-400.jpg,4,Proliferative DR,4,4,4,True,True,True,0.03402071073651314,0.06483949720859528,0.008502979762852192,0.05988473445177078,0.832751989364624,9.196514292852953e-05,0.0021212745923548937,0.1442122459411621,0.2054232656955719,0.6481512784957886,0.023842087015509605,0.046024031937122345,0.049215760082006454,0.10354629158973694,0.7773717641830444
007-7047-400,A:\DR_classification\data\organized\pooled_aptos_ddr\test\4_Proliferative_DR\007-7047-400.jpg,4,Proliferative DR,4,0,4,True,False,True,0.04401528090238571,0.09447063505649567,0.07137210667133331,0.054045919328927994,0.7360960245132446,0.9494572877883911,0.017604101449251175,0.005882211960852146,0.007247591856867075,0.01980883628129959,0.3156478703022003,0.07141067832708359,0.05172513797879219,0.04000642150640488,0.5212098360061646
007-7056-400,A:\DR_classification\data\organized\pooled_aptos_ddr\test\4_Proliferative_DR\007-7056-400.jpg,4,Proliferative DR,4,4,4,True,True,True,0.021129943430423737,0.04668821766972542,0.013723112642765045,0.04500238597393036,0.8734562993049622,0.20747797191143036,0.021803047508001328,0.20034724473953247,0.12350005656480789,0.44687166810035706,0.0770343542098999,0.03922266513109207,0.06971035897731781,0.0685516893863678,0.7454808950424194
007-7058-400,A:\DR_classification\data\organized\pooled_aptos_ddr\test\4_Proliferative_DR\007-7058-400.jpg,4,Proliferative DR,4,4,4,True,True,True,0.014752868562936783,0.04637278988957405,0.011134668253362179,0.03183317556977272,0.8959065079689026,0.09482308477163315,0.06535586714744568,0.04607964679598808,0.3880178928375244,0.405723512172699,0.03877393156290054,0.05206771567463875,0.021618161350488663,0.1386885941028595,0.7488515973091125
007-7060-400,A:\DR_classification\data\organized\pooled_aptos_ddr\test\4_Proliferative_DR\007-7060-400.jpg,4,Proliferative DR,4,0,4,True,False,True,0.04801694676280022,0.30565592646598816,0.014252557419240475,0.12742674350738525,0.5046478509902954,0.41389787197113037,0.10297507047653198,0.03564619645476341,0.10244417190551758,0.3450366258621216,0.1577812284231186,0.24485166370868683,0.02067064866423607,0.11993196606636047,0.45676445960998535
007-7104-400,A:\DR_classification\data\organized\pooled_aptos_ddr\test\4_Proliferative_DR\007-7104-400.jpg,4,Proliferative DR,4,4,4,True,True,True,0.008350176736712456,0.013322481885552406,0.00413467176258564,0.0056835077702999115,0.9685091376304626,0.0003917866270057857,0.010056626982986927,0.11973382532596588,0.022637728601694107,0.8471801280975342,0.005962659604847431,0.012342724949121475,0.038814421743154526,0.010769774205982685,0.9321104288101196
007-7110-400,A:\DR_classification\data\organized\pooled_aptos_ddr\test\4_Proliferative_DR\007-7110-400.jpg,4,Proliferative DR,4,4,4,True,True,True,0.01524380873888731,0.02035922184586525,0.011966656893491745,0.11881968379020691,0.8336107134819031,0.020545879378914833,0.021254511550068855,0.04245710372924805,0.18680217862129211,0.7289403676986694,0.016834430396556854,0.020627807825803757,0.021113790571689606,0.139214426279068,0.8022096157073975
007-7111-400,A:\DR_classification\data\organized\pooled_aptos_ddr\test\4_Proliferative_DR\007-7111-400.jpg,4,Proliferative DR,3,1,3,False,False,False,0.050721798092126846,0.026984527707099915,0.07005741447210312,0.7400787472724915,0.11215753853321075,0.02013583667576313,0.7867466807365417,0.02554522454738617,0.03403794392943382,0.1335342824459076,0.04154600948095322,0.25491318106651306,0.056703757494688034,0.5282665491104126,0.11857056617736816
007-7143-400,A:\DR_classification\data\organized\pooled_aptos_ddr\test\4_Proliferative_DR\007-7143-400.jpg,4,Proliferative DR,4,4,4,True,True,True,0.04520372673869133,0.13718342781066895,0.020767677575349808,0.01563555747270584,0.7812096476554871,0.0017168547492474318,0.04607426002621651,0.08325040340423584,0.008354783058166504,0.8606036901473999,0.03215766325592995,0.10985067486763,0.03951249644160271,0.01345132477581501,0.8050278425216675
007-7150-400,A:\DR_classification\data\organized\pooled_aptos_ddr\test\4_Proliferative_DR\007-7150-400.jpg,4,Proliferative DR,1,4,4,False,True,True,0.20720291137695312,0.2848556935787201,0.15800125896930695,0.13657306134700775,0.2133670449256897,0.022100208327174187,0.15489475429058075,0.04088269919157028,0.08140860497951508,0.7007137537002563,0.1516720950603485,0.24586740136146545,0.122865691781044,0.12002372741699219,0.35957106947898865
007-7152-400,A:\DR_classification\data\organized\pooled_aptos_ddr\test\4_Proliferative_DR\007-7152-400.jpg,4,Proliferative DR,4,1,4,True,False,True,0.014531774446368217,0.10702800750732422,0.07050979882478714,0.2842218279838562,0.5237085223197937,0.02138831838965416,0.5658575296401978,0.04636237770318985,0.19683115184307098,0.16956067085266113,0.016588738188147545,0.2446768581867218,0.06326557695865631,0.25800463557243347,0.41746416687965393
007-7187-400,A:\DR_classification\data\organized\pooled_aptos_ddr\test\4_Proliferative_DR\007-7187-400.jpg,4,Proliferative DR,4,0,4,True,False,True,0.014416798017919064,0.03982008248567581,0.029375534504652023,0.06546911597251892,0.8509184718132019,0.593080997467041,0.10186364501714706,0.012759655714035034,0.0566820353269577,0.2356136441230774,0.18801605701446533,0.05843315273523331,0.024390771985054016,0.06283298879861832,0.6663269996643066
007-7198-400,A:\DR_classification\data\organized\pooled_aptos_ddr\test\4_Proliferative_DR\007-7198-400.jpg,4,Proliferative DR,4,4,4,True,True,True,0.005130736157298088,0.0048401206731796265,0.006825882010161877,0.005840181838721037,0.9773629903793335,0.002589015057310462,0.05666808784008026,0.3193487524986267,0.02219475992023945,0.5991993546485901,0.004368219990283251,0.020388511940836906,0.10058274865150452,0.010746555402874947,0.863913893699646
007-7199-400,A:\DR_classification\data\organized\pooled_aptos_ddr\test\4_Proliferative_DR\007-7199-400.jpg,4,Proliferative DR,4,4,4,True,True,True,0.0227081086486578,0.027356524020433426,0.026097381487488747,0.03204277157783508,0.89179527759552,0.00837652012705803,0.03387095779180527,0.12850479781627655,0.022217607125639915,0.8070300817489624,0.018408631905913353,0.02931085415184498,0.0568196102976799,0.029095221310853958,0.8663656711578369
007-7202-400,A:\DR_classification\data\organized\pooled_aptos_ddr\test\4_Proliferative_DR\007-7202-400.jpg,4,Proliferative DR,4,4,4,True,True,True,0.004013201221823692,0.007223314139991999,0.0038865243550390005,0.009843921288847923,0.975033164024353,0.014003271237015724,0.025592105463147163,0.1835605502128601,0.36275771260261536,0.41408637166023254,0.007010222412645817,0.012733951210975647,0.05778873711824417,0.1157180592417717,0.8067491054534912
007-7210-400,A:\DR_classification\data\organized\pooled_aptos_ddr\test\4_Proliferative_DR\007-7210-400.jpg,4,Proliferative DR,3,4,3,False,True,False,0.03127216547727585,0.0394776351749897,0.020766369998455048,0.6535943746566772,0.2548893988132477,0.00136097171343863,0.39702197909355164,0.11198732256889343,0.06315244734287262,0.4264772832393646,0.02229880727827549,0.14674094319343567,0.04813265800476074,0.4764617681503296,0.3063657581806183
007-7212-400,A:\DR_classification\data\organized\pooled_aptos_ddr\test\4_Proliferative_DR\007-7212-400.jpg,4,Proliferative DR,4,4,4,True,True,True,0.03152962028980255,0.023089367896318436,0.04967852681875229,0.08084125816822052,0.8148612380027771,0.011314311064779758,0.29030659794807434,0.18508422374725342,0.10137484967708588,0.41192004084587097,0.02546502649784088,0.1032545417547226,0.09030023217201233,0.08700133860111237,0.6939789056777954
007-7218-400,A:\DR_classification\data\organized\pooled_aptos_ddr\test\4_Proliferative_DR\007-7218-400.jpg,4,Proliferative DR,4,0,4,True,False,True,0.01382720097899437,0.0775451511144638,0.06833740323781967,0.24397659301757812,0.5963136553764343,0.6975082755088806,0.0139254629611969,0.05440284684300423,0.062124792486429214,0.17203859984874725,0.21893152594566345,0.058459244668483734,0.06415703892707825,0.18942104279994965,0.46903112530708313
007-7225-400,A:\DR_classification\data\organized\pooled_aptos_ddr\test\4_Proliferative_DR\007-7225-400.jpg,4,Proliferative DR,1,0,0,False,False,False,0.06936658173799515,0.38722655177116394,0.02721778117120266,0.17665712535381317,0.33953192830085754,0.8962591886520386,0.02762250043451786,0.0032543144188821316,0.007872216403484344,0.06499170511960983,0.3174343705177307,0.2793453335762024,0.020028740167617798,0.12602165341377258,0.25716984272003174
007-7233-400,A:\DR_classification\data\organized\pooled_aptos_ddr\test\4_Proliferative_DR\007-7233-400.jpg,4,Proliferative DR,4,4,4,True,True,True,0.00544182350859046,0.0034131528809666634,0.0044174594804644585,0.005237877368927002,0.9814897179603577,4.001536581199616e-05,0.01637500524520874,0.041060738265514374,0.0041351355612277985,0.9383890628814697,0.0038212810177356005,0.007301708683371544,0.015410443767905235,0.004907054826617241,0.9685595035552979
007-7235-400,A:\DR_classification\data\organized\pooled_aptos_ddr\test\4_Proliferative_DR\007-7235-400.jpg,4,Proliferative DR,3,0,3,False,False,False,0.011931270360946655,0.06505057960748672,0.18944932520389557,0.6227721571922302,0.1107967346906662,0.6942490339279175,0.19447597861289978,0.006525218952447176,0.024576086550951004,0.08017377555370331,0.2166266143321991,0.1038782000541687,0.1345720887184143,0.443313330411911,0.10160984843969345
007-7238-400,A:\DR_classification\data\organized\pooled_aptos_ddr\test\4_Proliferative_DR\007-7238-400.jpg,4,Proliferative DR,4,0,4,True,False,True,0.16980195045471191,0.17556601762771606,0.05352151766419411,0.048163898289203644,0.5529466271400452,0.5724538564682007,0.0314030647277832,0.04141293093562126,0.035918328911066055,0.31881183385849,0.290597528219223,0.13231712579727173,0.04988894239068031,0.04449022561311722,0.4827061891555786
007-7239-400,A:\DR_classification\data\organized\pooled_aptos_ddr\test\4_Proliferative_DR\007-7239-400.jpg,4,Proliferative DR,4,4,4,True,True,True,0.027072785422205925,0.01188899576663971,0.014770167879760265,0.01781076192855835,0.9284573197364807,0.00011900769459316507,0.00445688096806407,0.04368678852915764,0.013286717236042023,0.9384505748748779,0.01898665353655815,0.009659361094236374,0.02344515547156334,0.01645354926586151,0.9314552545547485
007-7250-400,A:\DR_classification\data\organized\pooled_aptos_ddr\test\4_Proliferative_DR\007-7250-400.jpg,4,Proliferative DR,4,4,4,True,True,True,0.013901698403060436,0.01847115345299244,0.01657882146537304,0.009773872792720795,0.9412744641304016,0.011601515114307404,0.0032940369565039873,0.1302897036075592,0.06703849136829376,0.7877763509750366,0.013211643323302269,0.013918018899857998,0.05069208890199661,0.026953257620334625,0.8952249884605408
007-7255-400,A:\DR_classification\data\organized\pooled_aptos_ddr\test\4_Proliferative_DR\007-7255-400.jpg,4,Proliferative DR,4,0,4,True,False,True,0.016604388132691383,0.019948242232203484,0.0042713843286037445,0.012730060145258904,0.9464459419250488,0.5056490898132324,0.10529021918773651,0.09969896078109741,0.05869792401790619,0.23066382110118866,0.16331779956817627,0.045550838112831116,0.032899659126996994,0.026520419865846634,0.7317112684249878
007-7258-400,A:\DR_classification\data\organized\pooled_aptos_ddr\test\4_Proliferative_DR\007-7258-400.jpg,4,Proliferative DR,4,2,4,True,False,True,0.021677721291780472,0.08580813556909561,0.031179962679743767,0.10058024525642395,0.760753870010376,0.17901717126369476,0.1036921814084053,0.2797863483428955,0.16250713169574738,0.27499720454216003,0.06887955963611603,0.09117335081100464,0.10576188564300537,0.1191583126783371,0.6150268316268921
007-7259-400,A:\DR_classification\data\organized\pooled_aptos_ddr\test\4_Proliferative_DR\007-7259-400.jpg,4,Proliferative DR,4,2,4,True,False,True,0.010169378481805325,0.045198503881692886,0.022214500233530998,0.0977359190583229,0.8246816992759705,0.06967733800411224,0.17514073848724365,0.4241198003292084,0.15529756247997284,0.1757645308971405,0.028021767735481262,0.08418117463588715,0.14278610050678253,0.11500441282987595,0.6300065517425537
007-7283-601,A:\DR_classification\data\organized\pooled_aptos_ddr\test\4_Proliferative_DR\007-7283-601.jpg,4,Proliferative DR,4,4,4,True,True,True,0.02860589139163494,0.034685272723436356,0.03554532676935196,0.029871782287955284,0.8712917566299438,0.13470858335494995,0.024142248556017876,0.030540671199560165,0.04489234834909439,0.7657160758972168,0.06043669953942299,0.031522367149591446,0.03404393047094345,0.03437795490026474,0.8396190404891968
007-7683-601,A:\DR_classification\data\organized\pooled_aptos_ddr\test\4_Proliferative_DR\007-7683-601.jpg,4,Proliferative DR,4,4,4,True,True,True,0.013594970107078552,0.007582648191601038,0.005929997656494379,0.006778550334274769,0.9661138653755188,0.010020325891673565,0.04775308072566986,0.08787994831800461,0.06068046763539314,0.7936661839485168,0.012522576376795769,0.019633779302239418,0.03051498346030712,0.02294912561774254,0.9143795967102051
0083ee8054ee,A:\DR_classification\data\organized\pooled_aptos_ddr\test\4_Proliferative_DR\0083ee8054ee.png,4,Proliferative DR,2,0,2,False,False,False,0.038702212274074554,0.11629283428192139,0.5296270251274109,0.1622997522354126,0.15307818353176117,0.2750409245491028,0.2135966569185257,0.041118133813142776,0.2543984651565552,0.21584585309028625,0.10960382968187332,0.14548398554325104,0.3830743730068207,0.18992936611175537,0.17190848290920258
0318598cfd16,A:\DR_classification\data\organized\pooled_aptos_ddr\test\4_Proliferative_DR\0318598cfd16.png,4,Proliferative DR,2,0,2,False,False,False,0.011233429424464703,0.40124577283859253,0.5249531865119934,0.02443617209792137,0.038131434470415115,0.4534129202365875,0.09454835951328278,0.06515533477067947,0.3112017512321472,0.07568161189556122,0.14388728141784668,0.3092365562915802,0.38701382279396057,0.11046584695577621,0.04939648509025574
1fd5d860d4d7,A:\DR_classification\data\organized\pooled_aptos_ddr\test\4_Proliferative_DR\1fd5d860d4d7.png,4,Proliferative DR,4,0,4,True,False,True,0.009806246496737003,0.29893431067466736,0.18928292393684387,0.11455104500055313,0.3874254524707794,0.6744638681411743,0.1411527395248413,0.011357133276760578,0.06342963129281998,0.10959657281637192,0.2092035412788391,0.25159984827041626,0.1359051764011383,0.09921462833881378,0.30407679080963135
3a6e9730b298,A:\DR_classification\data\organized\pooled_aptos_ddr\test\4_Proliferative_DR\3a6e9730b298.png,4,Proliferative DR,2,4,2,False,True,False,0.017846615985035896,0.034521255642175674,0.7179821133613586,0.19689103960990906,0.03275897726416588,0.022149408236145973,0.031317517161369324,0.13888485729694366,0.2308126837015152,0.576835572719574,0.01913745328783989,0.0335601344704628,0.5442529320716858,0.2070675492286682,0.1959819495677948
3b232b394e4f,A:\DR_classification\data\organized\pooled_aptos_ddr\test\4_Proliferative_DR\3b232b394e4f.png,4,Proliferative DR,4,3,4,True,False,True,0.022028286010026932,0.033228591084480286,0.010828446596860886,0.026207517832517624,0.9077072143554688,0.3521929383277893,0.03531075268983841,0.02329886332154274,0.550006628036499,0.03919069841504097,0.12107768654823303,0.03385324031114578,0.014569571241736412,0.18334725499153137,0.6471522450447083
518e880613de,A:\DR_classification\data\organized\pooled_aptos_ddr\test\4_Proliferative_DR\518e880613de.png,4,Proliferative DR,2,4,2,False,True,False,0.022103914991021156,0.09955129772424698,0.5449516177177429,0.22374483942985535,0.10964830964803696,0.19309629499912262,0.25990787148475647,0.06205534562468529,0.07800397276878357,0.40693652629852295,0.07340162992477417,0.14765827357769012,0.4000827372074127,0.18002256751060486,0.19883477687835693
5c7ab966a3ee,A:\DR_classification\data\organized\pooled_aptos_ddr\test\4_Proliferative_DR\5c7ab966a3ee.png,4,Proliferative DR,4,3,4,True,False,True,0.02397323213517666,0.052941109985113144,0.022782757878303528,0.05397876724600792,0.8463242053985596,0.03002835623919964,0.009659935720264912,0.18939454853534698,0.48834848403930664,0.28256866335868835,0.025789771229028702,0.03995675966143608,0.07276629656553268,0.18428969383239746,0.6771975755691528
6194e0fff071,A:\DR_classification\data\organized\pooled_aptos_ddr\test\4_Proliferative_DR\6194e0fff071.png,4,Proliferative DR,4,1,4,True,False,True,0.02437417581677437,0.011673822067677975,0.08674375712871552,0.022765306755900383,0.8544429540634155,0.0014750850386917591,0.5446950793266296,0.18041175603866577,0.07257220894098282,0.200845867395401,0.01750444807112217,0.1715802103281021,0.11484415829181671,0.0377073809504509,0.6583638191223145
6f4719c6bb4b,A:\DR_classification\data\organized\pooled_aptos_ddr\test\4_Proliferative_DR\6f4719c6bb4b.png,4,Proliferative DR,3,3,3,False,False,False,0.022227734327316284,0.046298492699861526,0.2298843115568161,0.6075003743171692,0.09408915042877197,0.013104471378028393,0.08205767720937729,0.0389755517244339,0.5366142392158508,0.3292480409145355,0.01949075609445572,0.057026252150535583,0.17261168360710144,0.5862345695495605,0.16463682055473328
753b14c27c83,A:\DR_classification\data\organized\pooled_aptos_ddr\test\4_Proliferative_DR\753b14c27c83.png,4,Proliferative DR,1,0,1,False,False,False,0.015546361915767193,0.4030885398387909,0.27672556042671204,0.019741106778383255,0.2848983705043793,0.670545756816864,0.1283249408006668,0.07975205034017563,0.05119233578443527,0.07018495351076126,0.21204619109630585,0.32065945863723755,0.21763350069522858,0.02917647548019886,0.22048434615135193
887c26fc0e1f,A:\DR_classification\data\organized\pooled_aptos_ddr\test\4_Proliferative_DR\887c26fc0e1f.png,4,Proliferative DR,2,1,2,False,False,False,0.03929518163204193,0.033543024212121964,0.7527099847793579,0.15075206756591797,0.023699812591075897,0.10398256033658981,0.8301735520362854,0.001446376321837306,0.005449017975479364,0.058948539197444916,0.058701395988464355,0.272532194852829,0.5273308753967285,0.10716114938259125,0.03427442908287048
97da093947e8,A:\DR_classification\data\organized\pooled_aptos_ddr\test\4_Proliferative_DR\97da093947e8.png,4,Proliferative DR,1,0,1,False,False,False,0.008132532238960266,0.5305824279785156,0.4429129362106323,0.007958834990859032,0.010413188487291336,0.8454670310020447,0.12362999469041824,0.004313937854021788,0.009418266825377941,0.017170732840895653,0.25933289527893066,0.4084966778755188,0.31133323907852173,0.008396664634346962,0.012440452352166176
a2ddabee14e9,A:\DR_classification\data\organized\pooled_aptos_ddr\test\4_Proliferative_DR\a2ddabee14e9.png,4,Proliferative DR,2,0,2,False,False,False,0.021713273599743843,0.17579209804534912,0.674575686454773,0.02360372617840767,0.10431518405675888,0.5081475973129272,0.16556018590927124,0.03566436097025871,0.12065465748310089,0.1699732393026352,0.16764357686042786,0.17272251844406128,0.48290228843688965,0.052719008177518845,0.12401260435581207
b3819a805dca,A:\DR_classification\data\organized\pooled_aptos_ddr\test\4_Proliferative_DR\b3819a805dca.png,4,Proliferative DR,4,3,4,True,False,True,0.0329575389623642,0.06101791560649872,0.0715356394648552,0.27711209654808044,0.5573768019676208,0.05233140289783478,0.08874272555112839,0.08939848840236664,0.6239952445030212,0.14553214609622955,0.03876969963312149,0.06933535635471344,0.07689449191093445,0.38117703795433044,0.4338234066963196
b87f9c59748b,A:\DR_classification\data\organized\pooled_aptos_ddr\test\4_Proliferative_DR\b87f9c59748b.png,4,Proliferative DR,2,4,4,False,True,True,0.034850601106882095,0.22822017967700958,0.43641772866249084,0.08952910453081131,0.21098236739635468,0.006606453098356724,0.02341252937912941,0.06845378130674362,0.1682923436164856,0.7332349419593811,0.0263773575425148,0.16677787899971008,0.3260285258293152,0.11315807700157166,0.3676581382751465
bc34ed91c9bc,A:\DR_classification\data\organized\pooled_aptos_ddr\test\4_Proliferative_DR\bc34ed91c9bc.png,4,Proliferative DR,2,4,2,False,True,False,0.022856086492538452,0.10750868171453476,0.7013856768608093,0.05304650589823723,0.11520300805568695,0.015164253301918507,0.018331605941057205,0.03475305438041687,0.007207626011222601,0.9245434403419495,0.020548535510897636,0.0807555615901947,0.5013958811759949,0.03929484263062477,0.3580051362514496
c01eae4b4939,A:\DR_classification\data\organized\pooled_aptos_ddr\test\4_Proliferative_DR\c01eae4b4939.png,4,Proliferative DR,4,3,4,True,False,True,0.021024301648139954,0.017028894275426865,0.008009769022464752,0.029447248205542564,0.9244897365570068,0.016778191551566124,0.03022267296910286,0.12599603831768036,0.5481438636779785,0.2788591980934143,0.01975046843290329,0.020987028256058693,0.04340565204620361,0.18505623936653137,0.7308005690574646
d659d7fd5ccf,A:\DR_classification\data\organized\pooled_aptos_ddr\test\4_Proliferative_DR\d659d7fd5ccf.png,4,Proliferative DR,4,1,4,True,False,True,0.048901453614234924,0.09704169631004333,0.042839229106903076,0.1976555585861206,0.6135620474815369,0.13953708112239838,0.31193554401397705,0.2043687403202057,0.15152789652347565,0.19263078272342682,0.07609213888645172,0.16150984168052673,0.09129808098077774,0.18381726741790771,0.4872826635837555
d9ba044671e1,A:\DR_classification\data\organized\pooled_aptos_ddr\test\4_Proliferative_DR\d9ba044671e1.png,4,Proliferative DR,2,1,2,False,False,False,0.021762831136584282,0.04311522841453552,0.6461454033851624,0.07995053380727768,0.20902597904205322,0.1857052445411682,0.575657069683075,0.04229207709431648,0.07028786092996597,0.12605774402618408,0.07094555348157883,0.20287778973579407,0.46498939394950867,0.07705172896385193,0.18413551151752472
e32dc722eca5,A:\DR_classification\data\organized\pooled_aptos_ddr\test\4_Proliferative_DR\e32dc722eca5.png,4,Proliferative DR,2,1,2,False,False,False,0.030123021453619003,0.098977230489254,0.5424329042434692,0.049253471195697784,0.2792133092880249,0.021512415260076523,0.49514055252075195,0.05750041827559471,0.1766158640384674,0.2492307871580124,0.02753983996808529,0.2178262174129486,0.39695313572883606,0.08746218681335449,0.27021855115890503
ef26625121b3,A:\DR_classification\data\organized\pooled_aptos_ddr\test\4_Proliferative_DR\ef26625121b3.png,4,Proliferative DR,4,3,4,True,False,True,0.04553966224193573,0.10105755180120468,0.12268025428056717,0.05839236080646515,0.6723301410675049,0.05870332941412926,0.044135138392448425,0.12346267700195312,0.4079842269420624,0.3657146990299225,0.04948876053094864,0.08398082852363586,0.12291497737169266,0.16326992213726044,0.5803455114364624
f549294e12e1,A:\DR_classification\data\organized\pooled_aptos_ddr\test\4_Proliferative_DR\f549294e12e1.png,4,Proliferative DR,1,4,1,False,True,False,0.0041611697524785995,0.8877179622650146,0.04828057065606117,0.02963685430586338,0.03020351380109787,0.15632838010787964,0.2215239405632019,0.2385661005973816,0.08554202318191528,0.29803958535194397,0.049811337143182755,0.6878597736358643,0.10536623001098633,0.046408407390117645,0.11055433750152588
fb696a8e055a,A:\DR_classification\data\organized\pooled_aptos_ddr\test\4_Proliferative_DR\fb696a8e055a.png,4,Proliferative DR,3,4,3,False,True,False,0.058969881385564804,0.039201781153678894,0.1842980980873108,0.47622013092041016,0.2413100153207779,0.0012759919045493007,0.07440048456192017,0.18853425979614258,0.30228304862976074,0.43350616097450256,0.041661713272333145,0.049761392176151276,0.1855689436197281,0.42403900623321533,0.2989688515663147
