sample_id,dataset,image_path,relative_path,source_split,filename,diagnosis,class_name
aptos:train/0_No_DR/fb1b8771c70a.png,aptos,A:\DR_classification\data\organized\aptos\train\0_No_DR\fb1b8771c70a.png,train/0_No_DR/fb1b8771c70a.png,train,fb1b8771c70a.png,0,No_DR
aptos:train/0_No_DR/af6166d57f13.png,aptos,A:\DR_classification\data\organized\aptos\train\0_No_DR\af6166d57f13.png,train/0_No_DR/af6166d57f13.png,train,af6166d57f13.png,0,No_DR
aptos:train/0_No_DR/7269a1d84a57.png,aptos,A:\DR_classification\data\organized\aptos\train\0_No_DR\7269a1d84a57.png,train/0_No_DR/7269a1d84a57.png,train,7269a1d84a57.png,0,No_DR
aptos:train/0_No_DR/d2d523e9f669.png,aptos,A:\DR_classification\data\organized\aptos\train\0_No_DR\d2d523e9f669.png,train/0_No_DR/d2d523e9f669.png,train,d2d523e9f669.png,0,No_DR
aptos:train/0_No_DR/6c9c902a97de.png,aptos,A:\DR_classification\data\organized\aptos\train\0_No_DR\6c9c902a97de.png,train/0_No_DR/6c9c902a97de.png,train,6c9c902a97de.png,0,No_DR
aptos:train/0_No_DR/8af50c9d0a86.png,aptos,A:\DR_classification\data\organized\aptos\train\0_No_DR\8af50c9d0a86.png,train/0_No_DR/8af50c9d0a86.png,train,8af50c9d0a86.png,0,No_DR
aptos:val/0_No_DR/8185ce1cdcef.png,aptos,A:\DR_classification\data\organized\aptos\val\0_No_DR\8185ce1cdcef.png,val/0_No_DR/8185ce1cdcef.png,val,8185ce1cdcef.png,0,No_DR
aptos:train/0_No_DR/34acae864963.png,aptos,A:\DR_classification\data\organized\aptos\train\0_No_DR\34acae864963.png,train/0_No_DR/34acae864963.png,train,34acae864963.png,0,No_DR
aptos:train/2_Moderate/b99c825b93c5.png,aptos,A:\DR_classification\data\organized\aptos\train\2_Moderate\b99c825b93c5.png,train/2_Moderate/b99c825b93c5.png,train,b99c825b93c5.png,2,Moderate
aptos:test/1_Mild/33b893e18eb3.png,aptos,A:\DR_classification\data\organized\aptos\test\1_Mild\33b893e18eb3.png,test/1_Mild/33b893e18eb3.png,test,33b893e18eb3.png,1,Mild
aptos:train/2_Moderate/b3c0c3330278.png,aptos,A:\DR_classification\data\organized\aptos\train\2_Moderate\b3c0c3330278.png,train/2_Moderate/b3c0c3330278.png,train,b3c0c3330278.png,2,Moderate
aptos:train/2_Moderate/5a03fe3ed15c.png,aptos,A:\DR_classification\data\organized\aptos\train\2_Moderate\5a03fe3ed15c.png,train/2_Moderate/5a03fe3ed15c.png,train,5a03fe3ed15c.png,2,Moderate
aptos:val/2_Moderate/09f6ab477654.png,aptos,A:\DR_classification\data\organized\aptos\val\2_Moderate\09f6ab477654.png,val/2_Moderate/09f6ab477654.png,val,09f6ab477654.png,2,Moderate
aptos:train/0_No_DR/f0e1201b5c1f.png,aptos,A:\DR_classification\data\organized\aptos\train\0_No_DR\f0e1201b5c1f.png,train/0_No_DR/f0e1201b5c1f.png,train,f0e1201b5c1f.png,0,No_DR
aptos:train/0_No_DR/d2cd47ed2c1d.png,aptos,A:\DR_classification\data\organized\aptos\train\0_No_DR\d2cd47ed2c1d.png,train/0_No_DR/d2cd47ed2c1d.png,train,d2cd47ed2c1d.png,0,No_DR
aptos:val/0_No_DR/4826d10030b3.png,aptos,A:\DR_classification\data\organized\aptos\val\0_No_DR\4826d10030b3.png,val/0_No_DR/4826d10030b3.png,val,4826d10030b3.png,0,No_DR
aptos:test/2_Moderate/25dc1b41ed9c.png,aptos,A:\DR_classification\data\organized\aptos\test\2_Moderate\25dc1b41ed9c.png,test/2_Moderate/25dc1b41ed9c.png,test,25dc1b41ed9c.png,2,Moderate
aptos:train/2_Moderate/582f739b8f62.png,aptos,A:\DR_classification\data\organized\aptos\train\2_Moderate\582f739b8f62.png,train/2_Moderate/582f739b8f62.png,train,582f739b8f62.png,2,Moderate
aptos:train/1_Mild/49386d603494.png,aptos,A:\DR_classification\data\organized\aptos\train\1_Mild\49386d603494.png,train/1_Mild/49386d603494.png,train,49386d603494.png,1,Mild
aptos:train/2_Moderate/3b58b02c89ed.png,aptos,A:\DR_classification\data\organized\aptos\train\2_Moderate\3b58b02c89ed.png,train/2_Moderate/3b58b02c89ed.png,train,3b58b02c89ed.png,2,Moderate
aptos:train/0_No_DR/09662e462531.png,aptos,A:\DR_classification\data\organized\aptos\train\0_No_DR\09662e462531.png,train/0_No_DR/09662e462531.png,train,09662e462531.png,0,No_DR
aptos:train/2_Moderate/26453eb7e989.png,aptos,A:\DR_classification\data\organized\aptos\train\2_Moderate\26453eb7e989.png,train/2_Moderate/26453eb7e989.png,train,26453eb7e989.png,2,Moderate
aptos:train/2_Moderate/8aab201c0691.png,aptos,A:\DR_classification\data\organized\aptos\train\2_Moderate\8aab201c0691.png,train/2_Moderate/8aab201c0691.png,train,8aab201c0691.png,2,Moderate
aptos:test/0_No_DR/c12e9ca420a5.png,aptos,A:\DR_classification\data\organized\aptos\test\0_No_DR\c12e9ca420a5.png,test/0_No_DR/c12e9ca420a5.png,test,c12e9ca420a5.png,0,No_DR
aptos:train/1_Mild/c0f15fe3b4b7.png,aptos,A:\DR_classification\data\organized\aptos\train\1_Mild\c0f15fe3b4b7.png,train/1_Mild/c0f15fe3b4b7.png,train,c0f15fe3b4b7.png,1,Mild
aptos:train/0_No_DR/767d777ee889.png,aptos,A:\DR_classification\data\organized\aptos\train\0_No_DR\767d777ee889.png,train/0_No_DR/767d777ee889.png,train,767d777ee889.png,0,No_DR
aptos:train/0_No_DR/ef7eb85b75fc.png,aptos,A:\DR_classification\data\organized\aptos\train\0_No_DR\ef7eb85b75fc.png,train/0_No_DR/ef7eb85b75fc.png,train,ef7eb85b75fc.png,0,No_DR
aptos:train/4_Proliferative_DR/4a7dc013e802.png,aptos,A:\DR_classification\data\organized\aptos\train\4_Proliferative_DR\4a7dc013e802.png,train/4_Proliferative_DR/4a7dc013e802.png,train,4a7dc013e802.png,4,Proliferative_DR
aptos:train/0_No_DR/8d4ff745a409.png,aptos,A:\DR_classification\data\organized\aptos\train\0_No_DR\8d4ff745a409.png,train/0_No_DR/8d4ff745a409.png,train,8d4ff745a409.png,0,No_DR
aptos:test/1_Mild/7a3ea1779b13.png,aptos,A:\DR_classification\data\organized\aptos\test\1_Mild\7a3ea1779b13.png,test/1_Mild/7a3ea1779b13.png,test,7a3ea1779b13.png,1,Mild
aptos:train/2_Moderate/69591ebb198d.png,aptos,A:\DR_classification\data\organized\aptos\train\2_Moderate\69591ebb198d.png,train/2_Moderate/69591ebb198d.png,train,69591ebb198d.png,2,Moderate
aptos:train/1_Mild/12e3f5f2cb17.png,aptos,A:\DR_classification\data\organized\aptos\train\1_Mild\12e3f5f2cb17.png,train/1_Mild/12e3f5f2cb17.png,train,12e3f5f2cb17.png,1,Mild
aptos:val/0_No_DR/c013e869acce.png,aptos,A:\DR_classification\data\organized\aptos\val\0_No_DR\c013e869acce.png,val/0_No_DR/c013e869acce.png,val,c013e869acce.png,0,No_DR
aptos:train/0_No_DR/6f3b62e5b7f5.png,aptos,A:\DR_classification\data\organized\aptos\train\0_No_DR\6f3b62e5b7f5.png,train/0_No_DR/6f3b62e5b7f5.png,train,6f3b62e5b7f5.png,0,No_DR
aptos:train/2_Moderate/2e26762daed5.png,aptos,A:\DR_classification\data\organized\aptos\train\2_Moderate\2e26762daed5.png,train/2_Moderate/2e26762daed5.png,train,2e26762daed5.png,2,Moderate
aptos:train/1_Mild/7347f5133a6a.png,aptos,A:\DR_classification\data\organized\aptos\train\1_Mild\7347f5133a6a.png,train/1_Mild/7347f5133a6a.png,train,7347f5133a6a.png,1,Mild
aptos:train/0_No_DR/6fbaaf8eb67a.png,aptos,A:\DR_classification\data\organized\aptos\train\0_No_DR\6fbaaf8eb67a.png,train/0_No_DR/6fbaaf8eb67a.png,train,6fbaaf8eb67a.png,0,No_DR
aptos:train/4_Proliferative_DR/080ee76c958c.png,aptos,A:\DR_classification\data\organized\aptos\train\4_Proliferative_DR\080ee76c958c.png,train/4_Proliferative_DR/080ee76c958c.png,train,080ee76c958c.png,4,Proliferative_DR
aptos:test/0_No_DR/e632e38fd2d4.png,aptos,A:\DR_classification\data\organized\aptos\test\0_No_DR\e632e38fd2d4.png,test/0_No_DR/e632e38fd2d4.png,test,e632e38fd2d4.png,0,No_DR
aptos:test/0_No_DR/da9fe02dead3.png,aptos,A:\DR_classification\data\organized\aptos\test\0_No_DR\da9fe02dead3.png,test/0_No_DR/da9fe02dead3.png,test,da9fe02dead3.png,0,No_DR
aptos:test/0_No_DR/96793edb1003.png,aptos,A:\DR_classification\data\organized\aptos\test\0_No_DR\96793edb1003.png,test/0_No_DR/96793edb1003.png,test,96793edb1003.png,0,No_DR
aptos:train/0_No_DR/a45c30da0c72.png,aptos,A:\DR_classification\data\organized\aptos\train\0_No_DR\a45c30da0c72.png,train/0_No_DR/a45c30da0c72.png,train,a45c30da0c72.png,0,No_DR
aptos:val/2_Moderate/1411c8ab7161.png,aptos,A:\DR_classification\data\organized\aptos\val\2_Moderate\1411c8ab7161.png,val/2_Moderate/1411c8ab7161.png,val,1411c8ab7161.png,2,Moderate
aptos:train/1_Mild/677f087cd697.png,aptos,A:\DR_classification\data\organized\aptos\train\1_Mild\677f087cd697.png,train/1_Mild/677f087cd697.png,train,677f087cd697.png,1,Mild
aptos:train/2_Moderate/5a11d21c2828.png,aptos,A:\DR_classification\data\organized\aptos\train\2_Moderate\5a11d21c2828.png,train/2_Moderate/5a11d21c2828.png,train,5a11d21c2828.png,2,Moderate
aptos:train/1_Mild/94111ed3d276.png,aptos,A:\DR_classification\data\organized\aptos\train\1_Mild\94111ed3d276.png,train/1_Mild/94111ed3d276.png,train,94111ed3d276.png,1,Mild
aptos:train/3_Severe/0dc8d25b3f69.png,aptos,A:\DR_classification\data\organized\aptos\train\3_Severe\0dc8d25b3f69.png,train/3_Severe/0dc8d25b3f69.png,train,0dc8d25b3f69.png,3,Severe
aptos:test/2_Moderate/525acfea47e8.png,aptos,A:\DR_classification\data\organized\aptos\test\2_Moderate\525acfea47e8.png,test/2_Moderate/525acfea47e8.png,test,525acfea47e8.png,2,Moderate
aptos:train/2_Moderate/a64273801bde.png,aptos,A:\DR_classification\data\organized\aptos\train\2_Moderate\a64273801bde.png,train/2_Moderate/a64273801bde.png,train,a64273801bde.png,2,Moderate
aptos:train/0_No_DR/b64e1eef3d63.png,aptos,A:\DR_classification\data\organized\aptos\train\0_No_DR\b64e1eef3d63.png,train/0_No_DR/b64e1eef3d63.png,train,b64e1eef3d63.png,0,No_DR
aptos:train/0_No_DR/5b47043942f4.png,aptos,A:\DR_classification\data\organized\aptos\train\0_No_DR\5b47043942f4.png,train/0_No_DR/5b47043942f4.png,train,5b47043942f4.png,0,No_DR
aptos:train/2_Moderate/419406328dcd.png,aptos,A:\DR_classification\data\organized\aptos\train\2_Moderate\419406328dcd.png,train/2_Moderate/419406328dcd.png,train,419406328dcd.png,2,Moderate
aptos:train/4_Proliferative_DR/df4aec4a0eaf.png,aptos,A:\DR_classification\data\organized\aptos\train\4_Proliferative_DR\df4aec4a0eaf.png,train/4_Proliferative_DR/df4aec4a0eaf.png,train,df4aec4a0eaf.png,4,Proliferative_DR
aptos:train/0_No_DR/906d02fb822d.png,aptos,A:\DR_classification\data\organized\aptos\train\0_No_DR\906d02fb822d.png,train/0_No_DR/906d02fb822d.png,train,906d02fb822d.png,0,No_DR
aptos:val/2_Moderate/0efc93ec838b.png,aptos,A:\DR_classification\data\organized\aptos\val\2_Moderate\0efc93ec838b.png,val/2_Moderate/0efc93ec838b.png,val,0efc93ec838b.png,2,Moderate
aptos:train/1_Mild/5b068765e846.png,aptos,A:\DR_classification\data\organized\aptos\train\1_Mild\5b068765e846.png,train/1_Mild/5b068765e846.png,train,5b068765e846.png,1,Mild
aptos:train/1_Mild/944a233fbf8e.png,aptos,A:\DR_classification\data\organized\aptos\train\1_Mild\944a233fbf8e.png,train/1_Mild/944a233fbf8e.png,train,944a233fbf8e.png,1,Mild
aptos:train/2_Moderate/295fdc964f6e.png,aptos,A:\DR_classification\data\organized\aptos\train\2_Moderate\295fdc964f6e.png,train/2_Moderate/295fdc964f6e.png,train,295fdc964f6e.png,2,Moderate
aptos:train/1_Mild/99132193eaa0.png,aptos,A:\DR_classification\data\organized\aptos\train\1_Mild\99132193eaa0.png,train/1_Mild/99132193eaa0.png,train,99132193eaa0.png,1,Mild
aptos:train/0_No_DR/ee77763a6afb.png,aptos,A:\DR_classification\data\organized\aptos\train\0_No_DR\ee77763a6afb.png,train/0_No_DR/ee77763a6afb.png,train,ee77763a6afb.png,0,No_DR
aptos:val/4_Proliferative_DR/8fd7ad26e691.png,aptos,A:\DR_classification\data\organized\aptos\val\4_Proliferative_DR\8fd7ad26e691.png,val/4_Proliferative_DR/8fd7ad26e691.png,val,8fd7ad26e691.png,4,Proliferative_DR
aptos:train/0_No_DR/80b5697f2a5e.png,aptos,A:\DR_classification\data\organized\aptos\train\0_No_DR\80b5697f2a5e.png,train/0_No_DR/80b5697f2a5e.png,train,80b5697f2a5e.png,0,No_DR
aptos:train/0_No_DR/2c8101f14723.png,aptos,A:\DR_classification\data\organized\aptos\train\0_No_DR\2c8101f14723.png,train/0_No_DR/2c8101f14723.png,train,2c8101f14723.png,0,No_DR
aptos:train/2_Moderate/d83d0695e215.png,aptos,A:\DR_classification\data\organized\aptos\train\2_Moderate\d83d0695e215.png,train/2_Moderate/d83d0695e215.png,train,d83d0695e215.png,2,Moderate
aptos:train/4_Proliferative_DR/4462fba1d2a1.png,aptos,A:\DR_classification\data\organized\aptos\train\4_Proliferative_DR\4462fba1d2a1.png,train/4_Proliferative_DR/4462fba1d2a1.png,train,4462fba1d2a1.png,4,Proliferative_DR
aptos:train/1_Mild/e55188915f9d.png,aptos,A:\DR_classification\data\organized\aptos\train\1_Mild\e55188915f9d.png,train/1_Mild/e55188915f9d.png,train,e55188915f9d.png,1,Mild
aptos:train/2_Moderate/51d574513bcb.png,aptos,A:\DR_classification\data\organized\aptos\train\2_Moderate\51d574513bcb.png,train/2_Moderate/51d574513bcb.png,train,51d574513bcb.png,2,Moderate
aptos:test/0_No_DR/b09101adb478.png,aptos,A:\DR_classification\data\organized\aptos\test\0_No_DR\b09101adb478.png,test/0_No_DR/b09101adb478.png,test,b09101adb478.png,0,No_DR
aptos:train/2_Moderate/17eb5d4ad740.png,aptos,A:\DR_classification\data\organized\aptos\train\2_Moderate\17eb5d4ad740.png,train/2_Moderate/17eb5d4ad740.png,train,17eb5d4ad740.png,2,Moderate
aptos:train/1_Mild/495255c7492f.png,aptos,A:\DR_classification\data\organized\aptos\train\1_Mild\495255c7492f.png,train/1_Mild/495255c7492f.png,train,495255c7492f.png,1,Mild
aptos:val/0_No_DR/d1ca85af57c9.png,aptos,A:\DR_classification\data\organized\aptos\val\0_No_DR\d1ca85af57c9.png,val/0_No_DR/d1ca85af57c9.png,val,d1ca85af57c9.png,0,No_DR
aptos:test/0_No_DR/d51e5d7484ea.png,aptos,A:\DR_classification\data\organized\aptos\test\0_No_DR\d51e5d7484ea.png,test/0_No_DR/d51e5d7484ea.png,test,d51e5d7484ea.png,0,No_DR
aptos:train/0_No_DR/ff59d44a70a7.png,aptos,A:\DR_classification\data\organized\aptos\train\0_No_DR\ff59d44a70a7.png,train/0_No_DR/ff59d44a70a7.png,train,ff59d44a70a7.png,0,No_DR
aptos:train/2_Moderate/144b01e7b993.png,aptos,A:\DR_classification\data\organized\aptos\train\2_Moderate\144b01e7b993.png,train/2_Moderate/144b01e7b993.png,train,144b01e7b993.png,2,Moderate
aptos:train/2_Moderate/3f5b4c2948e8.png,aptos,A:\DR_classification\data\organized\aptos\train\2_Moderate\3f5b4c2948e8.png,train/2_Moderate/3f5b4c2948e8.png,train,3f5b4c2948e8.png,2,Moderate
aptos:test/2_Moderate/3246f07e65b4.png,aptos,A:\DR_classification\data\organized\aptos\test\2_Moderate\3246f07e65b4.png,test/2_Moderate/3246f07e65b4.png,test,3246f07e65b4.png,2,Moderate
aptos:train/0_No_DR/4e4a6224a04e.png,aptos,A:\DR_classification\data\organized\aptos\train\0_No_DR\4e4a6224a04e.png,train/0_No_DR/4e4a6224a04e.png,train,4e4a6224a04e.png,0,No_DR
aptos:train/2_Moderate/e2161692a0b4.png,aptos,A:\DR_classification\data\organized\aptos\train\2_Moderate\e2161692a0b4.png,train/2_Moderate/e2161692a0b4.png,train,e2161692a0b4.png,2,Moderate
aptos:test/1_Mild/6298468d7d75.png,aptos,A:\DR_classification\data\organized\aptos\test\1_Mild\6298468d7d75.png,test/1_Mild/6298468d7d75.png,test,6298468d7d75.png,1,Mild
aptos:val/2_Moderate/cb75210abebe.png,aptos,A:\DR_classification\data\organized\aptos\val\2_Moderate\cb75210abebe.png,val/2_Moderate/cb75210abebe.png,val,cb75210abebe.png,2,Moderate
aptos:test/0_No_DR/454a944eb557.png,aptos,A:\DR_classification\data\organized\aptos\test\0_No_DR\454a944eb557.png,test/0_No_DR/454a944eb557.png,test,454a944eb557.png,0,No_DR
aptos:test/0_No_DR/7179f85bfd6f.png,aptos,A:\DR_classification\data\organized\aptos\test\0_No_DR\7179f85bfd6f.png,test/0_No_DR/7179f85bfd6f.png,test,7179f85bfd6f.png,0,No_DR
aptos:val/0_No_DR/d516f77d4516.png,aptos,A:\DR_classification\data\organized\aptos\val\0_No_DR\d516f77d4516.png,val/0_No_DR/d516f77d4516.png,val,d516f77d4516.png,0,No_DR
aptos:train/1_Mild/358d2224de73.png,aptos,A:\DR_classification\data\organized\aptos\train\1_Mild\358d2224de73.png,train/1_Mild/358d2224de73.png,train,358d2224de73.png,1,Mild
aptos:train/0_No_DR/a95d9d61ddd4.png,aptos,A:\DR_classification\data\organized\aptos\train\0_No_DR\a95d9d61ddd4.png,train/0_No_DR/a95d9d61ddd4.png,train,a95d9d61ddd4.png,0,No_DR
aptos:train/0_No_DR/6180920bc224.png,aptos,A:\DR_classification\data\organized\aptos\train\0_No_DR\6180920bc224.png,train/0_No_DR/6180920bc224.png,train,6180920bc224.png,0,No_DR
aptos:train/0_No_DR/bc92a61a1f9c.png,aptos,A:\DR_classification\data\organized\aptos\train\0_No_DR\bc92a61a1f9c.png,train/0_No_DR/bc92a61a1f9c.png,train,bc92a61a1f9c.png,0,No_DR
aptos:train/0_No_DR/9c14ce27cbfc.png,aptos,A:\DR_classification\data\organized\aptos\train\0_No_DR\9c14ce27cbfc.png,train/0_No_DR/9c14ce27cbfc.png,train,9c14ce27cbfc.png,0,No_DR
aptos:test/3_Severe/e93394175a19.png,aptos,A:\DR_classification\data\organized\aptos\test\3_Severe\e93394175a19.png,test/3_Severe/e93394175a19.png,test,e93394175a19.png,3,Severe
aptos:train/0_No_DR/253e96488cfb.png,aptos,A:\DR_classification\data\organized\aptos\train\0_No_DR\253e96488cfb.png,train/0_No_DR/253e96488cfb.png,train,253e96488cfb.png,0,No_DR
aptos:train/0_No_DR/e9f3c85a2a02.png,aptos,A:\DR_classification\data\organized\aptos\train\0_No_DR\e9f3c85a2a02.png,train/0_No_DR/e9f3c85a2a02.png,train,e9f3c85a2a02.png,0,No_DR
aptos:val/0_No_DR/b0619ca93a5f.png,aptos,A:\DR_classification\data\organized\aptos\val\0_No_DR\b0619ca93a5f.png,val/0_No_DR/b0619ca93a5f.png,val,b0619ca93a5f.png,0,No_DR
aptos:train/1_Mild/ec4649213ccf.png,aptos,A:\DR_classification\data\organized\aptos\train\1_Mild\ec4649213ccf.png,train/1_Mild/ec4649213ccf.png,train,ec4649213ccf.png,1,Mild
aptos:train/2_Moderate/af8aa32beee4.png,aptos,A:\DR_classification\data\organized\aptos\train\2_Moderate\af8aa32beee4.png,train/2_Moderate/af8aa32beee4.png,train,af8aa32beee4.png,2,Moderate
aptos:val/0_No_DR/266fbefa58fb.png,aptos,A:\DR_classification\data\organized\aptos\val\0_No_DR\266fbefa58fb.png,val/0_No_DR/266fbefa58fb.png,val,266fbefa58fb.png,0,No_DR
aptos:train/4_Proliferative_DR/f850cb51fdba.png,aptos,A:\DR_classification\data\organized\aptos\train\4_Proliferative_DR\f850cb51fdba.png,train/4_Proliferative_DR/f850cb51fdba.png,train,f850cb51fdba.png,4,Proliferative_DR
aptos:train/2_Moderate/84e8c62165b5.png,aptos,A:\DR_classification\data\organized\aptos\train\2_Moderate\84e8c62165b5.png,train/2_Moderate/84e8c62165b5.png,train,84e8c62165b5.png,2,Moderate
aptos:train/2_Moderate/0afdfe5f422c.png,aptos,A:\DR_classification\data\organized\aptos\train\2_Moderate\0afdfe5f422c.png,train/2_Moderate/0afdfe5f422c.png,train,0afdfe5f422c.png,2,Moderate
aptos:val/2_Moderate/27bab1432f61.png,aptos,A:\DR_classification\data\organized\aptos\val\2_Moderate\27bab1432f61.png,val/2_Moderate/27bab1432f61.png,val,27bab1432f61.png,2,Moderate
aptos:train/0_No_DR/005b95c28852.png,aptos,A:\DR_classification\data\organized\aptos\train\0_No_DR\005b95c28852.png,train/0_No_DR/005b95c28852.png,train,005b95c28852.png,0,No_DR
aptos:val/0_No_DR/3323fd59782e.png,aptos,A:\DR_classification\data\organized\aptos\val\0_No_DR\3323fd59782e.png,val/0_No_DR/3323fd59782e.png,val,3323fd59782e.png,0,No_DR
aptos:train/2_Moderate/032d7b0b4bf6.png,aptos,A:\DR_classification\data\organized\aptos\train\2_Moderate\032d7b0b4bf6.png,train/2_Moderate/032d7b0b4bf6.png,train,032d7b0b4bf6.png,2,Moderate
aptos:train/1_Mild/4aa07d720638.png,aptos,A:\DR_classification\data\organized\aptos\train\1_Mild\4aa07d720638.png,train/1_Mild/4aa07d720638.png,train,4aa07d720638.png,1,Mild
aptos:train/0_No_DR/0fe31196e0e8.png,aptos,A:\DR_classification\data\organized\aptos\train\0_No_DR\0fe31196e0e8.png,train/0_No_DR/0fe31196e0e8.png,train,0fe31196e0e8.png,0,No_DR
aptos:val/0_No_DR/75ed83dbccce.png,aptos,A:\DR_classification\data\organized\aptos\val\0_No_DR\75ed83dbccce.png,val/0_No_DR/75ed83dbccce.png,val,75ed83dbccce.png,0,No_DR
aptos:train/2_Moderate/c7c0470bcf87.png,aptos,A:\DR_classification\data\organized\aptos\train\2_Moderate\c7c0470bcf87.png,train/2_Moderate/c7c0470bcf87.png,train,c7c0470bcf87.png,2,Moderate
aptos:test/0_No_DR/65a3b13ad9a0.png,aptos,A:\DR_classification\data\organized\aptos\test\0_No_DR\65a3b13ad9a0.png,test/0_No_DR/65a3b13ad9a0.png,test,65a3b13ad9a0.png,0,No_DR
aptos:train/3_Severe/6a244e855d0e.png,aptos,A:\DR_classification\data\organized\aptos\train\3_Severe\6a244e855d0e.png,train/3_Severe/6a244e855d0e.png,train,6a244e855d0e.png,3,Severe
aptos:train/0_No_DR/cbe633765ea7.png,aptos,A:\DR_classification\data\organized\aptos\train\0_No_DR\cbe633765ea7.png,train/0_No_DR/cbe633765ea7.png,train,cbe633765ea7.png,0,No_DR
aptos:train/4_Proliferative_DR/613028ede6a0.png,aptos,A:\DR_classification\data\organized\aptos\train\4_Proliferative_DR\613028ede6a0.png,train/4_Proliferative_DR/613028ede6a0.png,train,613028ede6a0.png,4,Proliferative_DR
aptos:train/0_No_DR/389552047476.png,aptos,A:\DR_classification\data\organized\aptos\train\0_No_DR\389552047476.png,train/0_No_DR/389552047476.png,train,389552047476.png,0,No_DR
aptos:val/0_No_DR/f58f0b2fd718.png,aptos,A:\DR_classification\data\organized\aptos\val\0_No_DR\f58f0b2fd718.png,val/0_No_DR/f58f0b2fd718.png,val,f58f0b2fd718.png,0,No_DR
aptos:train/0_No_DR/a07efb1ecfc0.png,aptos,A:\DR_classification\data\organized\aptos\train\0_No_DR\a07efb1ecfc0.png,train/0_No_DR/a07efb1ecfc0.png,train,a07efb1ecfc0.png,0,No_DR
aptos:train/0_No_DR/2b5bb6d33959.png,aptos,A:\DR_classification\data\organized\aptos\train\0_No_DR\2b5bb6d33959.png,train/0_No_DR/2b5bb6d33959.png,train,2b5bb6d33959.png,0,No_DR
aptos:train/0_No_DR/bfa30ebf63a8.png,aptos,A:\DR_classification\data\organized\aptos\train\0_No_DR\bfa30ebf63a8.png,train/0_No_DR/bfa30ebf63a8.png,train,bfa30ebf63a8.png,0,No_DR
aptos:train/4_Proliferative_DR/f69835dc7c50.png,aptos,A:\DR_classification\data\organized\aptos\train\4_Proliferative_DR\f69835dc7c50.png,train/4_Proliferative_DR/f69835dc7c50.png,train,f69835dc7c50.png,4,Proliferative_DR
aptos:train/0_No_DR/19545647508e.png,aptos,A:\DR_classification\data\organized\aptos\train\0_No_DR\19545647508e.png,train/0_No_DR/19545647508e.png,train,19545647508e.png,0,No_DR
aptos:train/2_Moderate/3cdda8b3df19.png,aptos,A:\DR_classification\data\organized\aptos\train\2_Moderate\3cdda8b3df19.png,train/2_Moderate/3cdda8b3df19.png,train,3cdda8b3df19.png,2,Moderate
aptos:train/0_No_DR/3cd9713c0ecb.png,aptos,A:\DR_classification\data\organized\aptos\train\0_No_DR\3cd9713c0ecb.png,train/0_No_DR/3cd9713c0ecb.png,train,3cd9713c0ecb.png,0,No_DR
aptos:test/2_Moderate/c7e827fc7f41.png,aptos,A:\DR_classification\data\organized\aptos\test\2_Moderate\c7e827fc7f41.png,test/2_Moderate/c7e827fc7f41.png,test,c7e827fc7f41.png,2,Moderate
aptos:train/2_Moderate/5188a8afa879.png,aptos,A:\DR_classification\data\organized\aptos\train\2_Moderate\5188a8afa879.png,train/2_Moderate/5188a8afa879.png,train,5188a8afa879.png,2,Moderate
aptos:test/0_No_DR/92fcf50b3562.png,aptos,A:\DR_classification\data\organized\aptos\test\0_No_DR\92fcf50b3562.png,test/0_No_DR/92fcf50b3562.png,test,92fcf50b3562.png,0,No_DR
aptos:train/0_No_DR/6c3589d7ed8d.png,aptos,A:\DR_classification\data\organized\aptos\train\0_No_DR\6c3589d7ed8d.png,train/0_No_DR/6c3589d7ed8d.png,train,6c3589d7ed8d.png,0,No_DR
aptos:val/1_Mild/b1197f2cc9b3.png,aptos,A:\DR_classification\data\organized\aptos\val\1_Mild\b1197f2cc9b3.png,val/1_Mild/b1197f2cc9b3.png,val,b1197f2cc9b3.png,1,Mild
aptos:train/3_Severe/c9ea9d5eab65.png,aptos,A:\DR_classification\data\organized\aptos\train\3_Severe\c9ea9d5eab65.png,train/3_Severe/c9ea9d5eab65.png,train,c9ea9d5eab65.png,3,Severe
aptos:train/4_Proliferative_DR/0318598cfd16.png,aptos,A:\DR_classification\data\organized\aptos\train\4_Proliferative_DR\0318598cfd16.png,train/4_Proliferative_DR/0318598cfd16.png,train,0318598cfd16.png,4,Proliferative_DR
aptos:test/2_Moderate/a87f53bc984a.png,aptos,A:\DR_classification\data\organized\aptos\test\2_Moderate\a87f53bc984a.png,test/2_Moderate/a87f53bc984a.png,test,a87f53bc984a.png,2,Moderate
aptos:train/0_No_DR/4c389d033cb0.png,aptos,A:\DR_classification\data\organized\aptos\train\0_No_DR\4c389d033cb0.png,train/0_No_DR/4c389d033cb0.png,train,4c389d033cb0.png,0,No_DR
aptos:val/4_Proliferative_DR/7c629b491d1a.png,aptos,A:\DR_classification\data\organized\aptos\val\4_Proliferative_DR\7c629b491d1a.png,val/4_Proliferative_DR/7c629b491d1a.png,val,7c629b491d1a.png,4,Proliferative_DR
aptos:train/2_Moderate/4d1cf360b2d7.png,aptos,A:\DR_classification\data\organized\aptos\train\2_Moderate\4d1cf360b2d7.png,train/2_Moderate/4d1cf360b2d7.png,train,4d1cf360b2d7.png,2,Moderate
aptos:train/0_No_DR/8a8a251770cd.png,aptos,A:\DR_classification\data\organized\aptos\train\0_No_DR\8a8a251770cd.png,train/0_No_DR/8a8a251770cd.png,train,8a8a251770cd.png,0,No_DR
aptos:train/2_Moderate/e03e70bc8bba.png,aptos,A:\DR_classification\data\organized\aptos\train\2_Moderate\e03e70bc8bba.png,train/2_Moderate/e03e70bc8bba.png,train,e03e70bc8bba.png,2,Moderate
aptos:test/2_Moderate/196e6a186452.png,aptos,A:\DR_classification\data\organized\aptos\test\2_Moderate\196e6a186452.png,test/2_Moderate/196e6a186452.png,test,196e6a186452.png,2,Moderate
aptos:train/2_Moderate/686ed1dbae20.png,aptos,A:\DR_classification\data\organized\aptos\train\2_Moderate\686ed1dbae20.png,train/2_Moderate/686ed1dbae20.png,train,686ed1dbae20.png,2,Moderate
aptos:train/4_Proliferative_DR/bfefa7344e7d.png,aptos,A:\DR_classification\data\organized\aptos\train\4_Proliferative_DR\bfefa7344e7d.png,train/4_Proliferative_DR/bfefa7344e7d.png,train,bfefa7344e7d.png,4,Proliferative_DR
aptos:train/2_Moderate/6666c4f18396.png,aptos,A:\DR_classification\data\organized\aptos\train\2_Moderate\6666c4f18396.png,train/2_Moderate/6666c4f18396.png,train,6666c4f18396.png,2,Moderate
aptos:train/0_No_DR/78937523f7a8.png,aptos,A:\DR_classification\data\organized\aptos\train\0_No_DR\78937523f7a8.png,train/0_No_DR/78937523f7a8.png,train,78937523f7a8.png,0,No_DR
aptos:train/2_Moderate/0a1076183736.png,aptos,A:\DR_classification\data\organized\aptos\train\2_Moderate\0a1076183736.png,train/2_Moderate/0a1076183736.png,train,0a1076183736.png,2,Moderate
aptos:train/0_No_DR/f06e7a9df795.png,aptos,A:\DR_classification\data\organized\aptos\train\0_No_DR\f06e7a9df795.png,train/0_No_DR/f06e7a9df795.png,train,f06e7a9df795.png,0,No_DR
aptos:train/2_Moderate/2a3378bcfbcc.png,aptos,A:\DR_classification\data\organized\aptos\train\2_Moderate\2a3378bcfbcc.png,train/2_Moderate/2a3378bcfbcc.png,train,2a3378bcfbcc.png,2,Moderate
aptos:val/0_No_DR/26d60db3bbfd.png,aptos,A:\DR_classification\data\organized\aptos\val\0_No_DR\26d60db3bbfd.png,val/0_No_DR/26d60db3bbfd.png,val,26d60db3bbfd.png,0,No_DR
aptos:train/0_No_DR/81914ceb4e74.png,aptos,A:\DR_classification\data\organized\aptos\train\0_No_DR\81914ceb4e74.png,train/0_No_DR/81914ceb4e74.png,train,81914ceb4e74.png,0,No_DR
aptos:train/0_No_DR/ae57c8630249.png,aptos,A:\DR_classification\data\organized\aptos\train\0_No_DR\ae57c8630249.png,train/0_No_DR/ae57c8630249.png,train,ae57c8630249.png,0,No_DR
aptos:train/0_No_DR/d97911a32918.png,aptos,A:\DR_classification\data\organized\aptos\train\0_No_DR\d97911a32918.png,train/0_No_DR/d97911a32918.png,train,d97911a32918.png,0,No_DR
aptos:val/0_No_DR/3f6bccf21ce8.png,aptos,A:\DR_classification\data\organized\aptos\val\0_No_DR\3f6bccf21ce8.png,val/0_No_DR/3f6bccf21ce8.png,val,3f6bccf21ce8.png,0,No_DR
aptos:test/0_No_DR/1caba2fb38f6.png,aptos,A:\DR_classification\data\organized\aptos\test\0_No_DR\1caba2fb38f6.png,test/0_No_DR/1caba2fb38f6.png,test,1caba2fb38f6.png,0,No_DR
aptos:train/1_Mild/200d947f75db.png,aptos,A:\DR_classification\data\organized\aptos\train\1_Mild\200d947f75db.png,train/1_Mild/200d947f75db.png,train,200d947f75db.png,1,Mild
aptos:val/0_No_DR/3b9817a39adf.png,aptos,A:\DR_classification\data\organized\aptos\val\0_No_DR\3b9817a39adf.png,val/0_No_DR/3b9817a39adf.png,val,3b9817a39adf.png,0,No_DR
aptos:train/3_Severe/4294a14c656a.png,aptos,A:\DR_classification\data\organized\aptos\train\3_Severe\4294a14c656a.png,train/3_Severe/4294a14c656a.png,train,4294a14c656a.png,3,Severe
aptos:train/3_Severe/74eee788edee.png,aptos,A:\DR_classification\data\organized\aptos\train\3_Severe\74eee788edee.png,train/3_Severe/74eee788edee.png,train,74eee788edee.png,3,Severe
aptos:test/0_No_DR/5056fa7d505f.png,aptos,A:\DR_classification\data\organized\aptos\test\0_No_DR\5056fa7d505f.png,test/0_No_DR/5056fa7d505f.png,test,5056fa7d505f.png,0,No_DR
aptos:train/0_No_DR/a0fd94e2ad76.png,aptos,A:\DR_classification\data\organized\aptos\train\0_No_DR\a0fd94e2ad76.png,train/0_No_DR/a0fd94e2ad76.png,train,a0fd94e2ad76.png,0,No_DR
aptos:train/0_No_DR/6a57a3db3eff.png,aptos,A:\DR_classification\data\organized\aptos\train\0_No_DR\6a57a3db3eff.png,train/0_No_DR/6a57a3db3eff.png,train,6a57a3db3eff.png,0,No_DR
aptos:test/0_No_DR/ae2c3f6312ef.png,aptos,A:\DR_classification\data\organized\aptos\test\0_No_DR\ae2c3f6312ef.png,test/0_No_DR/ae2c3f6312ef.png,test,ae2c3f6312ef.png,0,No_DR
aptos:train/0_No_DR/2bb3c492d6d3.png,aptos,A:\DR_classification\data\organized\aptos\train\0_No_DR\2bb3c492d6d3.png,train/0_No_DR/2bb3c492d6d3.png,train,2bb3c492d6d3.png,0,No_DR
aptos:train/2_Moderate/650fbed3fdca.png,aptos,A:\DR_classification\data\organized\aptos\train\2_Moderate\650fbed3fdca.png,train/2_Moderate/650fbed3fdca.png,train,650fbed3fdca.png,2,Moderate
aptos:train/1_Mild/bb783d8e496f.png,aptos,A:\DR_classification\data\organized\aptos\train\1_Mild\bb783d8e496f.png,train/1_Mild/bb783d8e496f.png,train,bb783d8e496f.png,1,Mild
aptos:train/0_No_DR/5c817060c0ed.png,aptos,A:\DR_classification\data\organized\aptos\train\0_No_DR\5c817060c0ed.png,train/0_No_DR/5c817060c0ed.png,train,5c817060c0ed.png,0,No_DR
aptos:train/2_Moderate/73e83a07a16d.png,aptos,A:\DR_classification\data\organized\aptos\train\2_Moderate\73e83a07a16d.png,train/2_Moderate/73e83a07a16d.png,train,73e83a07a16d.png,2,Moderate
aptos:train/0_No_DR/13d411c85ffd.png,aptos,A:\DR_classification\data\organized\aptos\train\0_No_DR\13d411c85ffd.png,train/0_No_DR/13d411c85ffd.png,train,13d411c85ffd.png,0,No_DR
aptos:train/0_No_DR/d26bc6e1230d.png,aptos,A:\DR_classification\data\organized\aptos\train\0_No_DR\d26bc6e1230d.png,train/0_No_DR/d26bc6e1230d.png,train,d26bc6e1230d.png,0,No_DR
aptos:val/4_Proliferative_DR/b90bc89ce8d8.png,aptos,A:\DR_classification\data\organized\aptos\val\4_Proliferative_DR\b90bc89ce8d8.png,val/4_Proliferative_DR/b90bc89ce8d8.png,val,b90bc89ce8d8.png,4,Proliferative_DR
aptos:train/0_No_DR/a12ca80bb8c7.png,aptos,A:\DR_classification\data\organized\aptos\train\0_No_DR\a12ca80bb8c7.png,train/0_No_DR/a12ca80bb8c7.png,train,a12ca80bb8c7.png,0,No_DR
aptos:val/0_No_DR/1f5496352859.png,aptos,A:\DR_classification\data\organized\aptos\val\0_No_DR\1f5496352859.png,val/0_No_DR/1f5496352859.png,val,1f5496352859.png,0,No_DR
aptos:train/0_No_DR/35ac70c0d08f.png,aptos,A:\DR_classification\data\organized\aptos\train\0_No_DR\35ac70c0d08f.png,train/0_No_DR/35ac70c0d08f.png,train,35ac70c0d08f.png,0,No_DR
aptos:val/0_No_DR/999ad827ed35.png,aptos,A:\DR_classification\data\organized\aptos\val\0_No_DR\999ad827ed35.png,val/0_No_DR/999ad827ed35.png,val,999ad827ed35.png,0,No_DR
aptos:train/1_Mild/55eac26bd383.png,aptos,A:\DR_classification\data\organized\aptos\train\1_Mild\55eac26bd383.png,train/1_Mild/55eac26bd383.png,train,55eac26bd383.png,1,Mild
aptos:val/0_No_DR/aa4407aab872.png,aptos,A:\DR_classification\data\organized\aptos\val\0_No_DR\aa4407aab872.png,val/0_No_DR/aa4407aab872.png,val,aa4407aab872.png,0,No_DR
aptos:val/2_Moderate/f9e779a13204.png,aptos,A:\DR_classification\data\organized\aptos\val\2_Moderate\f9e779a13204.png,val/2_Moderate/f9e779a13204.png,val,f9e779a13204.png,2,Moderate
aptos:val/0_No_DR/ea4ce9516144.png,aptos,A:\DR_classification\data\organized\aptos\val\0_No_DR\ea4ce9516144.png,val/0_No_DR/ea4ce9516144.png,val,ea4ce9516144.png,0,No_DR
aptos:train/2_Moderate/681c3c115684.png,aptos,A:\DR_classification\data\organized\aptos\train\2_Moderate\681c3c115684.png,train/2_Moderate/681c3c115684.png,train,681c3c115684.png,2,Moderate
aptos:train/0_No_DR/338326891d84.png,aptos,A:\DR_classification\data\organized\aptos\train\0_No_DR\338326891d84.png,train/0_No_DR/338326891d84.png,train,338326891d84.png,0,No_DR
aptos:train/3_Severe/aea59ebec445.png,aptos,A:\DR_classification\data\organized\aptos\train\3_Severe\aea59ebec445.png,train/3_Severe/aea59ebec445.png,train,aea59ebec445.png,3,Severe
aptos:train/0_No_DR/6a2642131e4a.png,aptos,A:\DR_classification\data\organized\aptos\train\0_No_DR\6a2642131e4a.png,train/0_No_DR/6a2642131e4a.png,train,6a2642131e4a.png,0,No_DR
aptos:train/0_No_DR/b842b43cb7fb.png,aptos,A:\DR_classification\data\organized\aptos\train\0_No_DR\b842b43cb7fb.png,train/0_No_DR/b842b43cb7fb.png,train,b842b43cb7fb.png,0,No_DR
aptos:train/1_Mild/b07bc463b718.png,aptos,A:\DR_classification\data\organized\aptos\train\1_Mild\b07bc463b718.png,train/1_Mild/b07bc463b718.png,train,b07bc463b718.png,1,Mild
aptos:train/0_No_DR/504a69096fcb.png,aptos,A:\DR_classification\data\organized\aptos\train\0_No_DR\504a69096fcb.png,train/0_No_DR/504a69096fcb.png,train,504a69096fcb.png,0,No_DR
aptos:train/0_No_DR/e251bdf05b85.png,aptos,A:\DR_classification\data\organized\aptos\train\0_No_DR\e251bdf05b85.png,train/0_No_DR/e251bdf05b85.png,train,e251bdf05b85.png,0,No_DR
aptos:train/0_No_DR/fbfa925506f6.png,aptos,A:\DR_classification\data\organized\aptos\train\0_No_DR\fbfa925506f6.png,train/0_No_DR/fbfa925506f6.png,train,fbfa925506f6.png,0,No_DR
aptos:test/0_No_DR/de57c9e9fa93.png,aptos,A:\DR_classification\data\organized\aptos\test\0_No_DR\de57c9e9fa93.png,test/0_No_DR/de57c9e9fa93.png,test,de57c9e9fa93.png,0,No_DR
aptos:test/0_No_DR/8d13c46e7d75.png,aptos,A:\DR_classification\data\organized\aptos\test\0_No_DR\8d13c46e7d75.png,test/0_No_DR/8d13c46e7d75.png,test,8d13c46e7d75.png,0,No_DR
aptos:val/4_Proliferative_DR/4abca30b676b.png,aptos,A:\DR_classification\data\organized\aptos\val\4_Proliferative_DR\4abca30b676b.png,val/4_Proliferative_DR/4abca30b676b.png,val,4abca30b676b.png,4,Proliferative_DR
aptos:test/2_Moderate/7b8c78b41c0d.png,aptos,A:\DR_classification\data\organized\aptos\test\2_Moderate\7b8c78b41c0d.png,test/2_Moderate/7b8c78b41c0d.png,test,7b8c78b41c0d.png,2,Moderate
aptos:test/2_Moderate/a04fb36db784.png,aptos,A:\DR_classification\data\organized\aptos\test\2_Moderate\a04fb36db784.png,test/2_Moderate/a04fb36db784.png,test,a04fb36db784.png,2,Moderate
aptos:train/0_No_DR/e529c5757d64.png,aptos,A:\DR_classification\data\organized\aptos\train\0_No_DR\e529c5757d64.png,train/0_No_DR/e529c5757d64.png,train,e529c5757d64.png,0,No_DR
aptos:train/2_Moderate/9ad92f1c1542.png,aptos,A:\DR_classification\data\organized\aptos\train\2_Moderate\9ad92f1c1542.png,train/2_Moderate/9ad92f1c1542.png,train,9ad92f1c1542.png,2,Moderate
aptos:train/4_Proliferative_DR/87774aafe068.png,aptos,A:\DR_classification\data\organized\aptos\train\4_Proliferative_DR\87774aafe068.png,train/4_Proliferative_DR/87774aafe068.png,train,87774aafe068.png,4,Proliferative_DR
aptos:train/0_No_DR/ad029ba7fa8b.png,aptos,A:\DR_classification\data\organized\aptos\train\0_No_DR\ad029ba7fa8b.png,train/0_No_DR/ad029ba7fa8b.png,train,ad029ba7fa8b.png,0,No_DR
aptos:train/2_Moderate/b0d6417bad3e.png,aptos,A:\DR_classification\data\organized\aptos\train\2_Moderate\b0d6417bad3e.png,train/2_Moderate/b0d6417bad3e.png,train,b0d6417bad3e.png,2,Moderate
aptos:train/0_No_DR/3694e8c8e09a.png,aptos,A:\DR_classification\data\organized\aptos\train\0_No_DR\3694e8c8e09a.png,train/0_No_DR/3694e8c8e09a.png,train,3694e8c8e09a.png,0,No_DR
aptos:train/0_No_DR/fefded6bf135.png,aptos,A:\DR_classification\data\organized\aptos\train\0_No_DR\fefded6bf135.png,train/0_No_DR/fefded6bf135.png,train,fefded6bf135.png,0,No_DR
aptos:train/3_Severe/3fa4f4d77177.png,aptos,A:\DR_classification\data\organized\aptos\train\3_Severe\3fa4f4d77177.png,train/3_Severe/3fa4f4d77177.png,train,3fa4f4d77177.png,3,Severe
aptos:test/0_No_DR/80dbeb0fdc75.png,aptos,A:\DR_classification\data\organized\aptos\test\0_No_DR\80dbeb0fdc75.png,test/0_No_DR/80dbeb0fdc75.png,test,80dbeb0fdc75.png,0,No_DR
aptos:train/0_No_DR/7d48f8cdfb69.png,aptos,A:\DR_classification\data\organized\aptos\train\0_No_DR\7d48f8cdfb69.png,train/0_No_DR/7d48f8cdfb69.png,train,7d48f8cdfb69.png,0,No_DR
aptos:val/3_Severe/e19936582c61.png,aptos,A:\DR_classification\data\organized\aptos\val\3_Severe\e19936582c61.png,val/3_Severe/e19936582c61.png,val,e19936582c61.png,3,Severe
aptos:train/0_No_DR/a1872f9c0cba.png,aptos,A:\DR_classification\data\organized\aptos\train\0_No_DR\a1872f9c0cba.png,train/0_No_DR/a1872f9c0cba.png,train,a1872f9c0cba.png,0,No_DR
aptos:train/2_Moderate/c87493ed320c.png,aptos,A:\DR_classification\data\organized\aptos\train\2_Moderate\c87493ed320c.png,train/2_Moderate/c87493ed320c.png,train,c87493ed320c.png,2,Moderate
aptos:train/0_No_DR/2fdfb80ea53c.png,aptos,A:\DR_classification\data\organized\aptos\train\0_No_DR\2fdfb80ea53c.png,train/0_No_DR/2fdfb80ea53c.png,train,2fdfb80ea53c.png,0,No_DR
aptos:train/4_Proliferative_DR/1efa5d443707.png,aptos,A:\DR_classification\data\organized\aptos\train\4_Proliferative_DR\1efa5d443707.png,train/4_Proliferative_DR/1efa5d443707.png,train,1efa5d443707.png,4,Proliferative_DR
aptos:train/0_No_DR/8bf05909e1e1.png,aptos,A:\DR_classification\data\organized\aptos\train\0_No_DR\8bf05909e1e1.png,train/0_No_DR/8bf05909e1e1.png,train,8bf05909e1e1.png,0,No_DR
aptos:val/0_No_DR/54038e56131d.png,aptos,A:\DR_classification\data\organized\aptos\val\0_No_DR\54038e56131d.png,val/0_No_DR/54038e56131d.png,val,54038e56131d.png,0,No_DR
aptos:train/2_Moderate/a21b37719f9b.png,aptos,A:\DR_classification\data\organized\aptos\train\2_Moderate\a21b37719f9b.png,train/2_Moderate/a21b37719f9b.png,train,a21b37719f9b.png,2,Moderate
aptos:train/0_No_DR/2a4520f1f9a3.png,aptos,A:\DR_classification\data\organized\aptos\train\0_No_DR\2a4520f1f9a3.png,train/0_No_DR/2a4520f1f9a3.png,train,2a4520f1f9a3.png,0,No_DR
aptos:train/2_Moderate/27b68863349f.png,aptos,A:\DR_classification\data\organized\aptos\train\2_Moderate\27b68863349f.png,train/2_Moderate/27b68863349f.png,train,27b68863349f.png,2,Moderate
aptos:test/0_No_DR/e8ddfc9709ce.png,aptos,A:\DR_classification\data\organized\aptos\test\0_No_DR\e8ddfc9709ce.png,test/0_No_DR/e8ddfc9709ce.png,test,e8ddfc9709ce.png,0,No_DR
aptos:val/0_No_DR/fa0c87bd75ce.png,aptos,A:\DR_classification\data\organized\aptos\val\0_No_DR\fa0c87bd75ce.png,val/0_No_DR/fa0c87bd75ce.png,val,fa0c87bd75ce.png,0,No_DR
aptos:train/4_Proliferative_DR/e019b3e0f33d.png,aptos,A:\DR_classification\data\organized\aptos\train\4_Proliferative_DR\e019b3e0f33d.png,train/4_Proliferative_DR/e019b3e0f33d.png,train,e019b3e0f33d.png,4,Proliferative_DR
aptos:train/2_Moderate/fc4c2d35c6f8.png,aptos,A:\DR_classification\data\organized\aptos\train\2_Moderate\fc4c2d35c6f8.png,train/2_Moderate/fc4c2d35c6f8.png,train,fc4c2d35c6f8.png,2,Moderate
aptos:train/1_Mild/5b0e53f53ef3.png,aptos,A:\DR_classification\data\organized\aptos\train\1_Mild\5b0e53f53ef3.png,train/1_Mild/5b0e53f53ef3.png,train,5b0e53f53ef3.png,1,Mild
aptos:val/0_No_DR/969f92a390db.png,aptos,A:\DR_classification\data\organized\aptos\val\0_No_DR\969f92a390db.png,val/0_No_DR/969f92a390db.png,val,969f92a390db.png,0,No_DR
aptos:train/3_Severe/e4210e7fe587.png,aptos,A:\DR_classification\data\organized\aptos\train\3_Severe\e4210e7fe587.png,train/3_Severe/e4210e7fe587.png,train,e4210e7fe587.png,3,Severe
aptos:train/0_No_DR/e04f3c6619a3.png,aptos,A:\DR_classification\data\organized\aptos\train\0_No_DR\e04f3c6619a3.png,train/0_No_DR/e04f3c6619a3.png,train,e04f3c6619a3.png,0,No_DR
aptos:val/2_Moderate/5a2c27b95c7c.png,aptos,A:\DR_classification\data\organized\aptos\val\2_Moderate\5a2c27b95c7c.png,val/2_Moderate/5a2c27b95c7c.png,val,5a2c27b95c7c.png,2,Moderate
aptos:train/2_Moderate/0fb560f9adb2.png,aptos,A:\DR_classification\data\organized\aptos\train\2_Moderate\0fb560f9adb2.png,train/2_Moderate/0fb560f9adb2.png,train,0fb560f9adb2.png,2,Moderate
aptos:val/4_Proliferative_DR/6e73acb2cf60.png,aptos,A:\DR_classification\data\organized\aptos\val\4_Proliferative_DR\6e73acb2cf60.png,val/4_Proliferative_DR/6e73acb2cf60.png,val,6e73acb2cf60.png,4,Proliferative_DR
aptos:train/0_No_DR/e594c19e2e1d.png,aptos,A:\DR_classification\data\organized\aptos\train\0_No_DR\e594c19e2e1d.png,train/0_No_DR/e594c19e2e1d.png,train,e594c19e2e1d.png,0,No_DR
aptos:test/0_No_DR/7347bd23ba80.png,aptos,A:\DR_classification\data\organized\aptos\test\0_No_DR\7347bd23ba80.png,test/0_No_DR/7347bd23ba80.png,test,7347bd23ba80.png,0,No_DR
aptos:test/4_Proliferative_DR/e821c1b6417a.png,aptos,A:\DR_classification\data\organized\aptos\test\4_Proliferative_DR\e821c1b6417a.png,test/4_Proliferative_DR/e821c1b6417a.png,test,e821c1b6417a.png,4,Proliferative_DR
aptos:train/1_Mild/8bbd7835e9aa.png,aptos,A:\DR_classification\data\organized\aptos\train\1_Mild\8bbd7835e9aa.png,train/1_Mild/8bbd7835e9aa.png,train,8bbd7835e9aa.png,1,Mild
aptos:train/0_No_DR/fe06dad6851c.png,aptos,A:\DR_classification\data\organized\aptos\train\0_No_DR\fe06dad6851c.png,train/0_No_DR/fe06dad6851c.png,train,fe06dad6851c.png,0,No_DR
aptos:test/0_No_DR/e12f9f19d1be.png,aptos,A:\DR_classification\data\organized\aptos\test\0_No_DR\e12f9f19d1be.png,test/0_No_DR/e12f9f19d1be.png,test,e12f9f19d1be.png,0,No_DR
aptos:train/0_No_DR/e29e54ff921e.png,aptos,A:\DR_classification\data\organized\aptos\train\0_No_DR\e29e54ff921e.png,train/0_No_DR/e29e54ff921e.png,train,e29e54ff921e.png,0,No_DR
aptos:train/0_No_DR/7635921c5efb.png,aptos,A:\DR_classification\data\organized\aptos\train\0_No_DR\7635921c5efb.png,train/0_No_DR/7635921c5efb.png,train,7635921c5efb.png,0,No_DR
aptos:train/0_No_DR/8241e43408a8.png,aptos,A:\DR_classification\data\organized\aptos\train\0_No_DR\8241e43408a8.png,train/0_No_DR/8241e43408a8.png,train,8241e43408a8.png,0,No_DR
aptos:train/0_No_DR/606daaf0bfc7.png,aptos,A:\DR_classification\data\organized\aptos\train\0_No_DR\606daaf0bfc7.png,train/0_No_DR/606daaf0bfc7.png,train,606daaf0bfc7.png,0,No_DR
aptos:train/0_No_DR/1db6bb46c102.png,aptos,A:\DR_classification\data\organized\aptos\train\0_No_DR\1db6bb46c102.png,train/0_No_DR/1db6bb46c102.png,train,1db6bb46c102.png,0,No_DR
aptos:train/1_Mild/a77dbec966d4.png,aptos,A:\DR_classification\data\organized\aptos\train\1_Mild\a77dbec966d4.png,train/1_Mild/a77dbec966d4.png,train,a77dbec966d4.png,1,Mild
aptos:train/0_No_DR/e82232a3c28b.png,aptos,A:\DR_classification\data\organized\aptos\train\0_No_DR\e82232a3c28b.png,train/0_No_DR/e82232a3c28b.png,train,e82232a3c28b.png,0,No_DR
aptos:train/0_No_DR/3c326543fff6.png,aptos,A:\DR_classification\data\organized\aptos\train\0_No_DR\3c326543fff6.png,train/0_No_DR/3c326543fff6.png,train,3c326543fff6.png,0,No_DR
aptos:train/0_No_DR/07e827469099.png,aptos,A:\DR_classification\data\organized\aptos\train\0_No_DR\07e827469099.png,train/0_No_DR/07e827469099.png,train,07e827469099.png,0,No_DR
aptos:train/0_No_DR/6fe67fd7f5d1.png,aptos,A:\DR_classification\data\organized\aptos\train\0_No_DR\6fe67fd7f5d1.png,train/0_No_DR/6fe67fd7f5d1.png,train,6fe67fd7f5d1.png,0,No_DR
aptos:train/0_No_DR/4bd5d0b30198.png,aptos,A:\DR_classification\data\organized\aptos\train\0_No_DR\4bd5d0b30198.png,train/0_No_DR/4bd5d0b30198.png,train,4bd5d0b30198.png,0,No_DR
aptos:train/0_No_DR/8f9819752ca0.png,aptos,A:\DR_classification\data\organized\aptos\train\0_No_DR\8f9819752ca0.png,train/0_No_DR/8f9819752ca0.png,train,8f9819752ca0.png,0,No_DR
aptos:val/0_No_DR/fe3b0e50be78.png,aptos,A:\DR_classification\data\organized\aptos\val\0_No_DR\fe3b0e50be78.png,val/0_No_DR/fe3b0e50be78.png,val,fe3b0e50be78.png,0,No_DR
aptos:train/3_Severe/71a39c660432.png,aptos,A:\DR_classification\data\organized\aptos\train\3_Severe\71a39c660432.png,train/3_Severe/71a39c660432.png,train,71a39c660432.png,3,Severe
aptos:train/4_Proliferative_DR/4689b739d240.png,aptos,A:\DR_classification\data\organized\aptos\train\4_Proliferative_DR\4689b739d240.png,train/4_Proliferative_DR/4689b739d240.png,train,4689b739d240.png,4,Proliferative_DR
aptos:train/0_No_DR/3b0190bbe615.png,aptos,A:\DR_classification\data\organized\aptos\train\0_No_DR\3b0190bbe615.png,train/0_No_DR/3b0190bbe615.png,train,3b0190bbe615.png,0,No_DR
aptos:train/2_Moderate/465c618f7b23.png,aptos,A:\DR_classification\data\organized\aptos\train\2_Moderate\465c618f7b23.png,train/2_Moderate/465c618f7b23.png,train,465c618f7b23.png,2,Moderate
aptos:test/1_Mild/d4f32b9c07df.png,aptos,A:\DR_classification\data\organized\aptos\test\1_Mild\d4f32b9c07df.png,test/1_Mild/d4f32b9c07df.png,test,d4f32b9c07df.png,1,Mild
aptos:test/2_Moderate/2376e5415458.png,aptos,A:\DR_classification\data\organized\aptos\test\2_Moderate\2376e5415458.png,test/2_Moderate/2376e5415458.png,test,2376e5415458.png,2,Moderate
aptos:train/4_Proliferative_DR/61e301bd3c25.png,aptos,A:\DR_classification\data\organized\aptos\train\4_Proliferative_DR\61e301bd3c25.png,train/4_Proliferative_DR/61e301bd3c25.png,train,61e301bd3c25.png,4,Proliferative_DR
aptos:train/2_Moderate/92d8a7c8e718.png,aptos,A:\DR_classification\data\organized\aptos\train\2_Moderate\92d8a7c8e718.png,train/2_Moderate/92d8a7c8e718.png,train,92d8a7c8e718.png,2,Moderate
aptos:train/2_Moderate/6dfd80748e72.png,aptos,A:\DR_classification\data\organized\aptos\train\2_Moderate\6dfd80748e72.png,train/2_Moderate/6dfd80748e72.png,train,6dfd80748e72.png,2,Moderate
aptos:train/2_Moderate/9cedf5c7016b.png,aptos,A:\DR_classification\data\organized\aptos\train\2_Moderate\9cedf5c7016b.png,train/2_Moderate/9cedf5c7016b.png,train,9cedf5c7016b.png,2,Moderate
aptos:train/3_Severe/2bbd1f99ecc3.png,aptos,A:\DR_classification\data\organized\aptos\train\3_Severe\2bbd1f99ecc3.png,train/3_Severe/2bbd1f99ecc3.png,train,2bbd1f99ecc3.png,3,Severe
aptos:train/2_Moderate/cb602182cde3.png,aptos,A:\DR_classification\data\organized\aptos\train\2_Moderate\cb602182cde3.png,train/2_Moderate/cb602182cde3.png,train,cb602182cde3.png,2,Moderate
aptos:train/0_No_DR/726dff37edc0.png,aptos,A:\DR_classification\data\organized\aptos\train\0_No_DR\726dff37edc0.png,train/0_No_DR/726dff37edc0.png,train,726dff37edc0.png,0,No_DR
aptos:test/4_Proliferative_DR/0ada12c0e78f.png,aptos,A:\DR_classification\data\organized\aptos\test\4_Proliferative_DR\0ada12c0e78f.png,test/4_Proliferative_DR/0ada12c0e78f.png,test,0ada12c0e78f.png,4,Proliferative_DR
aptos:train/0_No_DR/150fc7127582.png,aptos,A:\DR_classification\data\organized\aptos\train\0_No_DR\150fc7127582.png,train/0_No_DR/150fc7127582.png,train,150fc7127582.png,0,No_DR
aptos:train/2_Moderate/e2856afe62c5.png,aptos,A:\DR_classification\data\organized\aptos\train\2_Moderate\e2856afe62c5.png,train/2_Moderate/e2856afe62c5.png,train,e2856afe62c5.png,2,Moderate
aptos:train/0_No_DR/6107a2e9f60e.png,aptos,A:\DR_classification\data\organized\aptos\train\0_No_DR\6107a2e9f60e.png,train/0_No_DR/6107a2e9f60e.png,train,6107a2e9f60e.png,0,No_DR
aptos:train/3_Severe/25b0e72705a8.png,aptos,A:\DR_classification\data\organized\aptos\train\3_Severe\25b0e72705a8.png,train/3_Severe/25b0e72705a8.png,train,25b0e72705a8.png,3,Severe
aptos:test/0_No_DR/c2f3281cf528.png,aptos,A:\DR_classification\data\organized\aptos\test\0_No_DR\c2f3281cf528.png,test/0_No_DR/c2f3281cf528.png,test,c2f3281cf528.png,0,No_DR
aptos:val/3_Severe/f6f433f3306f.png,aptos,A:\DR_classification\data\organized\aptos\val\3_Severe\f6f433f3306f.png,val/3_Severe/f6f433f3306f.png,val,f6f433f3306f.png,3,Severe
aptos:train/2_Moderate/d83c3efade75.png,aptos,A:\DR_classification\data\organized\aptos\train\2_Moderate\d83c3efade75.png,train/2_Moderate/d83c3efade75.png,train,d83c3efade75.png,2,Moderate
aptos:train/0_No_DR/44a86263117b.png,aptos,A:\DR_classification\data\organized\aptos\train\0_No_DR\44a86263117b.png,train/0_No_DR/44a86263117b.png,train,44a86263117b.png,0,No_DR
aptos:train/0_No_DR/cd941e5bc659.png,aptos,A:\DR_classification\data\organized\aptos\train\0_No_DR\cd941e5bc659.png,train/0_No_DR/cd941e5bc659.png,train,cd941e5bc659.png,0,No_DR
aptos:test/0_No_DR/ae2e888905ba.png,aptos,A:\DR_classification\data\organized\aptos\test\0_No_DR\ae2e888905ba.png,test/0_No_DR/ae2e888905ba.png,test,ae2e888905ba.png,0,No_DR
aptos:train/4_Proliferative_DR/69fff98cb32a.png,aptos,A:\DR_classification\data\organized\aptos\train\4_Proliferative_DR\69fff98cb32a.png,train/4_Proliferative_DR/69fff98cb32a.png,train,69fff98cb32a.png,4,Proliferative_DR
aptos:val/1_Mild/bd269a1f0e4d.png,aptos,A:\DR_classification\data\organized\aptos\val\1_Mild\bd269a1f0e4d.png,val/1_Mild/bd269a1f0e4d.png,val,bd269a1f0e4d.png,1,Mild
aptos:train/0_No_DR/04aef84a2cc1.png,aptos,A:\DR_classification\data\organized\aptos\train\0_No_DR\04aef84a2cc1.png,train/0_No_DR/04aef84a2cc1.png,train,04aef84a2cc1.png,0,No_DR
aptos:val/2_Moderate/b498b84d383f.png,aptos,A:\DR_classification\data\organized\aptos\val\2_Moderate\b498b84d383f.png,val/2_Moderate/b498b84d383f.png,val,b498b84d383f.png,2,Moderate
aptos:train/2_Moderate/1c5e6cdc7ee1.png,aptos,A:\DR_classification\data\organized\aptos\train\2_Moderate\1c5e6cdc7ee1.png,train/2_Moderate/1c5e6cdc7ee1.png,train,1c5e6cdc7ee1.png,2,Moderate
aptos:train/2_Moderate/94dcb491143f.png,aptos,A:\DR_classification\data\organized\aptos\train\2_Moderate\94dcb491143f.png,train/2_Moderate/94dcb491143f.png,train,94dcb491143f.png,2,Moderate
aptos:train/2_Moderate/38487e1a5b1f.png,aptos,A:\DR_classification\data\organized\aptos\train\2_Moderate\38487e1a5b1f.png,train/2_Moderate/38487e1a5b1f.png,train,38487e1a5b1f.png,2,Moderate
aptos:train/0_No_DR/7831ce1d895e.png,aptos,A:\DR_classification\data\organized\aptos\train\0_No_DR\7831ce1d895e.png,train/0_No_DR/7831ce1d895e.png,train,7831ce1d895e.png,0,No_DR
aptos:train/0_No_DR/ecad6845f630.png,aptos,A:\DR_classification\data\organized\aptos\train\0_No_DR\ecad6845f630.png,train/0_No_DR/ecad6845f630.png,train,ecad6845f630.png,0,No_DR
aptos:train/2_Moderate/475c7ded0f7a.png,aptos,A:\DR_classification\data\organized\aptos\train\2_Moderate\475c7ded0f7a.png,train/2_Moderate/475c7ded0f7a.png,train,475c7ded0f7a.png,2,Moderate
aptos:train/0_No_DR/9c893e16c055.png,aptos,A:\DR_classification\data\organized\aptos\train\0_No_DR\9c893e16c055.png,train/0_No_DR/9c893e16c055.png,train,9c893e16c055.png,0,No_DR
aptos:train/2_Moderate/66d2ca47aa44.png,aptos,A:\DR_classification\data\organized\aptos\train\2_Moderate\66d2ca47aa44.png,train/2_Moderate/66d2ca47aa44.png,train,66d2ca47aa44.png,2,Moderate
aptos:train/0_No_DR/973b0facfa9b.png,aptos,A:\DR_classification\data\organized\aptos\train\0_No_DR\973b0facfa9b.png,train/0_No_DR/973b0facfa9b.png,train,973b0facfa9b.png,0,No_DR
aptos:train/4_Proliferative_DR/46d3316c4857.png,aptos,A:\DR_classification\data\organized\aptos\train\4_Proliferative_DR\46d3316c4857.png,train/4_Proliferative_DR/46d3316c4857.png,train,46d3316c4857.png,4,Proliferative_DR
aptos:train/0_No_DR/af345c68e836.png,aptos,A:\DR_classification\data\organized\aptos\train\0_No_DR\af345c68e836.png,train/0_No_DR/af345c68e836.png,train,af345c68e836.png,0,No_DR
aptos:train/0_No_DR/66460ecab347.png,aptos,A:\DR_classification\data\organized\aptos\train\0_No_DR\66460ecab347.png,train/0_No_DR/66460ecab347.png,train,66460ecab347.png,0,No_DR
aptos:train/2_Moderate/57ce57a8cfb0.png,aptos,A:\DR_classification\data\organized\aptos\train\2_Moderate\57ce57a8cfb0.png,train/2_Moderate/57ce57a8cfb0.png,train,57ce57a8cfb0.png,2,Moderate
aptos:train/0_No_DR/0cecc2864b7f.png,aptos,A:\DR_classification\data\organized\aptos\train\0_No_DR\0cecc2864b7f.png,train/0_No_DR/0cecc2864b7f.png,train,0cecc2864b7f.png,0,No_DR
aptos:val/2_Moderate/3a1d3ce00f0c.png,aptos,A:\DR_classification\data\organized\aptos\val\2_Moderate\3a1d3ce00f0c.png,val/2_Moderate/3a1d3ce00f0c.png,val,3a1d3ce00f0c.png,2,Moderate
aptos:train/0_No_DR/8693ab1fd2be.png,aptos,A:\DR_classification\data\organized\aptos\train\0_No_DR\8693ab1fd2be.png,train/0_No_DR/8693ab1fd2be.png,train,8693ab1fd2be.png,0,No_DR
aptos:train/2_Moderate/60e269e3e188.png,aptos,A:\DR_classification\data\organized\aptos\train\2_Moderate\60e269e3e188.png,train/2_Moderate/60e269e3e188.png,train,60e269e3e188.png,2,Moderate
aptos:train/2_Moderate/aa9cfe639ef1.png,aptos,A:\DR_classification\data\organized\aptos\train\2_Moderate\aa9cfe639ef1.png,train/2_Moderate/aa9cfe639ef1.png,train,aa9cfe639ef1.png,2,Moderate
aptos:train/0_No_DR/a2811f512c1c.png,aptos,A:\DR_classification\data\organized\aptos\train\0_No_DR\a2811f512c1c.png,train/0_No_DR/a2811f512c1c.png,train,a2811f512c1c.png,0,No_DR
aptos:train/2_Moderate/7663aba8d762.png,aptos,A:\DR_classification\data\organized\aptos\train\2_Moderate\7663aba8d762.png,train/2_Moderate/7663aba8d762.png,train,7663aba8d762.png,2,Moderate
aptos:test/0_No_DR/06be1092a062.png,aptos,A:\DR_classification\data\organized\aptos\test\0_No_DR\06be1092a062.png,test/0_No_DR/06be1092a062.png,test,06be1092a062.png,0,No_DR
aptos:train/2_Moderate/aa0afc41ed19.png,aptos,A:\DR_classification\data\organized\aptos\train\2_Moderate\aa0afc41ed19.png,train/2_Moderate/aa0afc41ed19.png,train,aa0afc41ed19.png,2,Moderate
aptos:train/0_No_DR/ad1aa75d5630.png,aptos,A:\DR_classification\data\organized\aptos\train\0_No_DR\ad1aa75d5630.png,train/0_No_DR/ad1aa75d5630.png,train,ad1aa75d5630.png,0,No_DR
aptos:train/0_No_DR/be6cbf6e5b10.png,aptos,A:\DR_classification\data\organized\aptos\train\0_No_DR\be6cbf6e5b10.png,train/0_No_DR/be6cbf6e5b10.png,train,be6cbf6e5b10.png,0,No_DR
aptos:test/0_No_DR/351e842842a2.png,aptos,A:\DR_classification\data\organized\aptos\test\0_No_DR\351e842842a2.png,test/0_No_DR/351e842842a2.png,test,351e842842a2.png,0,No_DR
aptos:train/0_No_DR/cf8f1bc7a215.png,aptos,A:\DR_classification\data\organized\aptos\train\0_No_DR\cf8f1bc7a215.png,train/0_No_DR/cf8f1bc7a215.png,train,cf8f1bc7a215.png,0,No_DR
aptos:train/0_No_DR/80ed04a84a16.png,aptos,A:\DR_classification\data\organized\aptos\train\0_No_DR\80ed04a84a16.png,train/0_No_DR/80ed04a84a16.png,train,80ed04a84a16.png,0,No_DR
aptos:train/0_No_DR/2d07162a13b1.png,aptos,A:\DR_classification\data\organized\aptos\train\0_No_DR\2d07162a13b1.png,train/0_No_DR/2d07162a13b1.png,train,2d07162a13b1.png,0,No_DR
aptos:test/0_No_DR/40c24aded50c.png,aptos,A:\DR_classification\data\organized\aptos\test\0_No_DR\40c24aded50c.png,test/0_No_DR/40c24aded50c.png,test,40c24aded50c.png,0,No_DR
aptos:test/0_No_DR/0125fbd2e791.png,aptos,A:\DR_classification\data\organized\aptos\test\0_No_DR\0125fbd2e791.png,test/0_No_DR/0125fbd2e791.png,test,0125fbd2e791.png,0,No_DR
aptos:train/0_No_DR/188219f2d9c6.png,aptos,A:\DR_classification\data\organized\aptos\train\0_No_DR\188219f2d9c6.png,train/0_No_DR/188219f2d9c6.png,train,188219f2d9c6.png,0,No_DR
aptos:train/0_No_DR/38f1901f214a.png,aptos,A:\DR_classification\data\organized\aptos\train\0_No_DR\38f1901f214a.png,train/0_No_DR/38f1901f214a.png,train,38f1901f214a.png,0,No_DR
aptos:val/0_No_DR/3ca8be3b40d6.png,aptos,A:\DR_classification\data\organized\aptos\val\0_No_DR\3ca8be3b40d6.png,val/0_No_DR/3ca8be3b40d6.png,val,3ca8be3b40d6.png,0,No_DR
aptos:train/3_Severe/1b495ac025b7.png,aptos,A:\DR_classification\data\organized\aptos\train\3_Severe\1b495ac025b7.png,train/3_Severe/1b495ac025b7.png,train,1b495ac025b7.png,3,Severe
aptos:train/2_Moderate/3a61e690f4bb.png,aptos,A:\DR_classification\data\organized\aptos\train\2_Moderate\3a61e690f4bb.png,train/2_Moderate/3a61e690f4bb.png,train,3a61e690f4bb.png,2,Moderate
aptos:test/0_No_DR/164cd5a3a6cd.png,aptos,A:\DR_classification\data\organized\aptos\test\0_No_DR\164cd5a3a6cd.png,test/0_No_DR/164cd5a3a6cd.png,test,164cd5a3a6cd.png,0,No_DR
aptos:train/2_Moderate/77543f66a84a.png,aptos,A:\DR_classification\data\organized\aptos\train\2_Moderate\77543f66a84a.png,train/2_Moderate/77543f66a84a.png,train,77543f66a84a.png,2,Moderate
aptos:train/0_No_DR/535682537302.png,aptos,A:\DR_classification\data\organized\aptos\train\0_No_DR\535682537302.png,train/0_No_DR/535682537302.png,train,535682537302.png,0,No_DR
aptos:val/2_Moderate/a9a28c37c8c4.png,aptos,A:\DR_classification\data\organized\aptos\val\2_Moderate\a9a28c37c8c4.png,val/2_Moderate/a9a28c37c8c4.png,val,a9a28c37c8c4.png,2,Moderate
aptos:train/0_No_DR/c90c6b94cf40.png,aptos,A:\DR_classification\data\organized\aptos\train\0_No_DR\c90c6b94cf40.png,train/0_No_DR/c90c6b94cf40.png,train,c90c6b94cf40.png,0,No_DR
aptos:train/1_Mild/c739ff9580d3.png,aptos,A:\DR_classification\data\organized\aptos\train\1_Mild\c739ff9580d3.png,train/1_Mild/c739ff9580d3.png,train,c739ff9580d3.png,1,Mild
aptos:train/0_No_DR/5fcff7280019.png,aptos,A:\DR_classification\data\organized\aptos\train\0_No_DR\5fcff7280019.png,train/0_No_DR/5fcff7280019.png,train,5fcff7280019.png,0,No_DR
aptos:val/4_Proliferative_DR/875a2fc5fe23.png,aptos,A:\DR_classification\data\organized\aptos\val\4_Proliferative_DR\875a2fc5fe23.png,val/4_Proliferative_DR/875a2fc5fe23.png,val,875a2fc5fe23.png,4,Proliferative_DR
aptos:train/2_Moderate/bcc762618e7d.png,aptos,A:\DR_classification\data\organized\aptos\train\2_Moderate\bcc762618e7d.png,train/2_Moderate/bcc762618e7d.png,train,bcc762618e7d.png,2,Moderate
aptos:val/0_No_DR/c0a117de7d0a.png,aptos,A:\DR_classification\data\organized\aptos\val\0_No_DR\c0a117de7d0a.png,val/0_No_DR/c0a117de7d0a.png,val,c0a117de7d0a.png,0,No_DR
aptos:train/0_No_DR/bff51afc76d4.png,aptos,A:\DR_classification\data\organized\aptos\train\0_No_DR\bff51afc76d4.png,train/0_No_DR/bff51afc76d4.png,train,bff51afc76d4.png,0,No_DR
aptos:train/2_Moderate/524f240e0c90.png,aptos,A:\DR_classification\data\organized\aptos\train\2_Moderate\524f240e0c90.png,train/2_Moderate/524f240e0c90.png,train,524f240e0c90.png,2,Moderate
aptos:train/0_No_DR/9870ce41cac4.png,aptos,A:\DR_classification\data\organized\aptos\train\0_No_DR\9870ce41cac4.png,train/0_No_DR/9870ce41cac4.png,train,9870ce41cac4.png,0,No_DR
aptos:train/2_Moderate/d1fb4efb117c.png,aptos,A:\DR_classification\data\organized\aptos\train\2_Moderate\d1fb4efb117c.png,train/2_Moderate/d1fb4efb117c.png,train,d1fb4efb117c.png,2,Moderate
aptos:val/4_Proliferative_DR/3ac3fbfca7d4.png,aptos,A:\DR_classification\data\organized\aptos\val\4_Proliferative_DR\3ac3fbfca7d4.png,val/4_Proliferative_DR/3ac3fbfca7d4.png,val,3ac3fbfca7d4.png,4,Proliferative_DR
aptos:val/1_Mild/b94c58d063bf.png,aptos,A:\DR_classification\data\organized\aptos\val\1_Mild\b94c58d063bf.png,val/1_Mild/b94c58d063bf.png,val,b94c58d063bf.png,1,Mild
aptos:train/0_No_DR/c57c164bca05.png,aptos,A:\DR_classification\data\organized\aptos\train\0_No_DR\c57c164bca05.png,train/0_No_DR/c57c164bca05.png,train,c57c164bca05.png,0,No_DR
aptos:val/4_Proliferative_DR/63b4d030b016.png,aptos,A:\DR_classification\data\organized\aptos\val\4_Proliferative_DR\63b4d030b016.png,val/4_Proliferative_DR/63b4d030b016.png,val,63b4d030b016.png,4,Proliferative_DR
aptos:train/2_Moderate/b89938407ee6.png,aptos,A:\DR_classification\data\organized\aptos\train\2_Moderate\b89938407ee6.png,train/2_Moderate/b89938407ee6.png,train,b89938407ee6.png,2,Moderate
aptos:val/4_Proliferative_DR/1fd5d860d4d7.png,aptos,A:\DR_classification\data\organized\aptos\val\4_Proliferative_DR\1fd5d860d4d7.png,val/4_Proliferative_DR/1fd5d860d4d7.png,val,1fd5d860d4d7.png,4,Proliferative_DR
aptos:train/0_No_DR/c56293f53191.png,aptos,A:\DR_classification\data\organized\aptos\train\0_No_DR\c56293f53191.png,train/0_No_DR/c56293f53191.png,train,c56293f53191.png,0,No_DR
aptos:train/1_Mild/ababe19ed448.png,aptos,A:\DR_classification\data\organized\aptos\train\1_Mild\ababe19ed448.png,train/1_Mild/ababe19ed448.png,train,ababe19ed448.png,1,Mild
aptos:train/2_Moderate/32a3eb37ff40.png,aptos,A:\DR_classification\data\organized\aptos\train\2_Moderate\32a3eb37ff40.png,train/2_Moderate/32a3eb37ff40.png,train,32a3eb37ff40.png,2,Moderate
aptos:train/0_No_DR/1f15ca672675.png,aptos,A:\DR_classification\data\organized\aptos\train\0_No_DR\1f15ca672675.png,train/0_No_DR/1f15ca672675.png,train,1f15ca672675.png,0,No_DR
aptos:val/0_No_DR/705f508d1e42.png,aptos,A:\DR_classification\data\organized\aptos\val\0_No_DR\705f508d1e42.png,val/0_No_DR/705f508d1e42.png,val,705f508d1e42.png,0,No_DR
aptos:train/4_Proliferative_DR/c1799a6f5c65.png,aptos,A:\DR_classification\data\organized\aptos\train\4_Proliferative_DR\c1799a6f5c65.png,train/4_Proliferative_DR/c1799a6f5c65.png,train,c1799a6f5c65.png,4,Proliferative_DR
aptos:train/0_No_DR/a53d6d2472a6.png,aptos,A:\DR_classification\data\organized\aptos\train\0_No_DR\a53d6d2472a6.png,train/0_No_DR/a53d6d2472a6.png,train,a53d6d2472a6.png,0,No_DR
aptos:val/2_Moderate/b6304c545f95.png,aptos,A:\DR_classification\data\organized\aptos\val\2_Moderate\b6304c545f95.png,val/2_Moderate/b6304c545f95.png,val,b6304c545f95.png,2,Moderate
aptos:train/0_No_DR/8344c783da65.png,aptos,A:\DR_classification\data\organized\aptos\train\0_No_DR\8344c783da65.png,train/0_No_DR/8344c783da65.png,train,8344c783da65.png,0,No_DR
aptos:train/0_No_DR/00f6c1be5a33.png,aptos,A:\DR_classification\data\organized\aptos\train\0_No_DR\00f6c1be5a33.png,train/0_No_DR/00f6c1be5a33.png,train,00f6c1be5a33.png,0,No_DR
aptos:train/0_No_DR/c704bd669f36.png,aptos,A:\DR_classification\data\organized\aptos\train\0_No_DR\c704bd669f36.png,train/0_No_DR/c704bd669f36.png,train,c704bd669f36.png,0,No_DR
aptos:train/2_Moderate/1594ca6c30d3.png,aptos,A:\DR_classification\data\organized\aptos\train\2_Moderate\1594ca6c30d3.png,train/2_Moderate/1594ca6c30d3.png,train,1594ca6c30d3.png,2,Moderate
aptos:val/0_No_DR/29192375ab1b.png,aptos,A:\DR_classification\data\organized\aptos\val\0_No_DR\29192375ab1b.png,val/0_No_DR/29192375ab1b.png,val,29192375ab1b.png,0,No_DR
aptos:train/2_Moderate/80feb1f7ca5e.png,aptos,A:\DR_classification\data\organized\aptos\train\2_Moderate\80feb1f7ca5e.png,train/2_Moderate/80feb1f7ca5e.png,train,80feb1f7ca5e.png,2,Moderate
aptos:train/0_No_DR/cb0cc98d7e35.png,aptos,A:\DR_classification\data\organized\aptos\train\0_No_DR\cb0cc98d7e35.png,train/0_No_DR/cb0cc98d7e35.png,train,cb0cc98d7e35.png,0,No_DR
aptos:train/0_No_DR/8564b7aa3c1a.png,aptos,A:\DR_classification\data\organized\aptos\train\0_No_DR\8564b7aa3c1a.png,train/0_No_DR/8564b7aa3c1a.png,train,8564b7aa3c1a.png,0,No_DR
aptos:train/1_Mild/3de8ad4151e1.png,aptos,A:\DR_classification\data\organized\aptos\train\1_Mild\3de8ad4151e1.png,train/1_Mild/3de8ad4151e1.png,train,3de8ad4151e1.png,1,Mild
aptos:train/0_No_DR/b4e15102cd7a.png,aptos,A:\DR_classification\data\organized\aptos\train\0_No_DR\b4e15102cd7a.png,train/0_No_DR/b4e15102cd7a.png,train,b4e15102cd7a.png,0,No_DR
aptos:train/0_No_DR/ec0c9f817b03.png,aptos,A:\DR_classification\data\organized\aptos\train\0_No_DR\ec0c9f817b03.png,train/0_No_DR/ec0c9f817b03.png,train,ec0c9f817b03.png,0,No_DR
aptos:train/0_No_DR/e087bd4b88f2.png,aptos,A:\DR_classification\data\organized\aptos\train\0_No_DR\e087bd4b88f2.png,train/0_No_DR/e087bd4b88f2.png,train,e087bd4b88f2.png,0,No_DR
aptos:train/0_No_DR/895fe2bfc5b6.png,aptos,A:\DR_classification\data\organized\aptos\train\0_No_DR\895fe2bfc5b6.png,train/0_No_DR/895fe2bfc5b6.png,train,895fe2bfc5b6.png,0,No_DR
aptos:test/4_Proliferative_DR/f025f33b2c9b.png,aptos,A:\DR_classification\data\organized\aptos\test\4_Proliferative_DR\f025f33b2c9b.png,test/4_Proliferative_DR/f025f33b2c9b.png,test,f025f33b2c9b.png,4,Proliferative_DR
aptos:train/0_No_DR/3a4cfea0a766.png,aptos,A:\DR_classification\data\organized\aptos\train\0_No_DR\3a4cfea0a766.png,train/0_No_DR/3a4cfea0a766.png,train,3a4cfea0a766.png,0,No_DR
aptos:train/2_Moderate/18f1f979d30d.png,aptos,A:\DR_classification\data\organized\aptos\train\2_Moderate\18f1f979d30d.png,train/2_Moderate/18f1f979d30d.png,train,18f1f979d30d.png,2,Moderate
aptos:train/0_No_DR/837acf120946.png,aptos,A:\DR_classification\data\organized\aptos\train\0_No_DR\837acf120946.png,train/0_No_DR/837acf120946.png,train,837acf120946.png,0,No_DR
aptos:train/2_Moderate/d18b1d8ac4de.png,aptos,A:\DR_classification\data\organized\aptos\train\2_Moderate\d18b1d8ac4de.png,train/2_Moderate/d18b1d8ac4de.png,train,d18b1d8ac4de.png,2,Moderate
aptos:val/0_No_DR/8e76054f0831.png,aptos,A:\DR_classification\data\organized\aptos\val\0_No_DR\8e76054f0831.png,val/0_No_DR/8e76054f0831.png,val,8e76054f0831.png,0,No_DR
aptos:train/0_No_DR/d838d5b9f571.png,aptos,A:\DR_classification\data\organized\aptos\train\0_No_DR\d838d5b9f571.png,train/0_No_DR/d838d5b9f571.png,train,d838d5b9f571.png,0,No_DR
aptos:val/2_Moderate/bfaa0080ab61.png,aptos,A:\DR_classification\data\organized\aptos\val\2_Moderate\bfaa0080ab61.png,val/2_Moderate/bfaa0080ab61.png,val,bfaa0080ab61.png,2,Moderate
aptos:val/0_No_DR/c81c6911f5e0.png,aptos,A:\DR_classification\data\organized\aptos\val\0_No_DR\c81c6911f5e0.png,val/0_No_DR/c81c6911f5e0.png,val,c81c6911f5e0.png,0,No_DR
aptos:test/0_No_DR/ed2c52c14493.png,aptos,A:\DR_classification\data\organized\aptos\test\0_No_DR\ed2c52c14493.png,test/0_No_DR/ed2c52c14493.png,test,ed2c52c14493.png,0,No_DR
aptos:train/0_No_DR/529906ff9dfa.png,aptos,A:\DR_classification\data\organized\aptos\train\0_No_DR\529906ff9dfa.png,train/0_No_DR/529906ff9dfa.png,train,529906ff9dfa.png,0,No_DR
aptos:train/1_Mild/a19ecd0a706e.png,aptos,A:\DR_classification\data\organized\aptos\train\1_Mild\a19ecd0a706e.png,train/1_Mild/a19ecd0a706e.png,train,a19ecd0a706e.png,1,Mild
aptos:train/0_No_DR/45369821d6a3.png,aptos,A:\DR_classification\data\organized\aptos\train\0_No_DR\45369821d6a3.png,train/0_No_DR/45369821d6a3.png,train,45369821d6a3.png,0,No_DR
aptos:test/0_No_DR/d1fa0f744620.png,aptos,A:\DR_classification\data\organized\aptos\test\0_No_DR\d1fa0f744620.png,test/0_No_DR/d1fa0f744620.png,test,d1fa0f744620.png,0,No_DR
aptos:test/3_Severe/6181aa9f75f4.png,aptos,A:\DR_classification\data\organized\aptos\test\3_Severe\6181aa9f75f4.png,test/3_Severe/6181aa9f75f4.png,test,6181aa9f75f4.png,3,Severe
aptos:test/0_No_DR/bb752b179751.png,aptos,A:\DR_classification\data\organized\aptos\test\0_No_DR\bb752b179751.png,test/0_No_DR/bb752b179751.png,test,bb752b179751.png,0,No_DR
aptos:train/0_No_DR/992599744a23.png,aptos,A:\DR_classification\data\organized\aptos\train\0_No_DR\992599744a23.png,train/0_No_DR/992599744a23.png,train,992599744a23.png,0,No_DR
aptos:test/0_No_DR/d866c26d76f0.png,aptos,A:\DR_classification\data\organized\aptos\test\0_No_DR\d866c26d76f0.png,test/0_No_DR/d866c26d76f0.png,test,d866c26d76f0.png,0,No_DR
aptos:train/0_No_DR/3c42512c81e0.png,aptos,A:\DR_classification\data\organized\aptos\train\0_No_DR\3c42512c81e0.png,train/0_No_DR/3c42512c81e0.png,train,3c42512c81e0.png,0,No_DR
aptos:train/0_No_DR/cf8ae5501bd6.png,aptos,A:\DR_classification\data\organized\aptos\train\0_No_DR\cf8ae5501bd6.png,train/0_No_DR/cf8ae5501bd6.png,train,cf8ae5501bd6.png,0,No_DR
aptos:train/0_No_DR/ff03f74667df.png,aptos,A:\DR_classification\data\organized\aptos\train\0_No_DR\ff03f74667df.png,train/0_No_DR/ff03f74667df.png,train,ff03f74667df.png,0,No_DR
aptos:train/0_No_DR/4cfd22ae43d4.png,aptos,A:\DR_classification\data\organized\aptos\train\0_No_DR\4cfd22ae43d4.png,train/0_No_DR/4cfd22ae43d4.png,train,4cfd22ae43d4.png,0,No_DR
aptos:train/4_Proliferative_DR/8ae049175db6.png,aptos,A:\DR_classification\data\organized\aptos\train\4_Proliferative_DR\8ae049175db6.png,train/4_Proliferative_DR/8ae049175db6.png,train,8ae049175db6.png,4,Proliferative_DR
aptos:train/2_Moderate/b9b6ee2b9453.png,aptos,A:\DR_classification\data\organized\aptos\train\2_Moderate\b9b6ee2b9453.png,train/2_Moderate/b9b6ee2b9453.png,train,b9b6ee2b9453.png,2,Moderate
aptos:train/2_Moderate/29f44aea93a4.png,aptos,A:\DR_classification\data\organized\aptos\train\2_Moderate\29f44aea93a4.png,train/2_Moderate/29f44aea93a4.png,train,29f44aea93a4.png,2,Moderate
aptos:train/2_Moderate/cc1eebed9276.png,aptos,A:\DR_classification\data\organized\aptos\train\2_Moderate\cc1eebed9276.png,train/2_Moderate/cc1eebed9276.png,train,cc1eebed9276.png,2,Moderate
aptos:train/0_No_DR/eda1d75cbcf0.png,aptos,A:\DR_classification\data\organized\aptos\train\0_No_DR\eda1d75cbcf0.png,train/0_No_DR/eda1d75cbcf0.png,train,eda1d75cbcf0.png,0,No_DR
aptos:train/0_No_DR/f298b7d05958.png,aptos,A:\DR_classification\data\organized\aptos\train\0_No_DR\f298b7d05958.png,train/0_No_DR/f298b7d05958.png,train,f298b7d05958.png,0,No_DR
aptos:train/2_Moderate/37de05ef12a5.png,aptos,A:\DR_classification\data\organized\aptos\train\2_Moderate\37de05ef12a5.png,train/2_Moderate/37de05ef12a5.png,train,37de05ef12a5.png,2,Moderate
aptos:train/0_No_DR/b66f23ffa730.png,aptos,A:\DR_classification\data\organized\aptos\train\0_No_DR\b66f23ffa730.png,train/0_No_DR/b66f23ffa730.png,train,b66f23ffa730.png,0,No_DR
aptos:train/2_Moderate/c5ad60521f8c.png,aptos,A:\DR_classification\data\organized\aptos\train\2_Moderate\c5ad60521f8c.png,train/2_Moderate/c5ad60521f8c.png,train,c5ad60521f8c.png,2,Moderate
aptos:test/0_No_DR/da6bbb76d562.png,aptos,A:\DR_classification\data\organized\aptos\test\0_No_DR\da6bbb76d562.png,test/0_No_DR/da6bbb76d562.png,test,da6bbb76d562.png,0,No_DR
aptos:train/0_No_DR/c1437a7a52c9.png,aptos,A:\DR_classification\data\organized\aptos\train\0_No_DR\c1437a7a52c9.png,train/0_No_DR/c1437a7a52c9.png,train,c1437a7a52c9.png,0,No_DR
aptos:train/4_Proliferative_DR/d659d7fd5ccf.png,aptos,A:\DR_classification\data\organized\aptos\train\4_Proliferative_DR\d659d7fd5ccf.png,train/4_Proliferative_DR/d659d7fd5ccf.png,train,d659d7fd5ccf.png,4,Proliferative_DR
aptos:train/0_No_DR/82d364726a58.png,aptos,A:\DR_classification\data\organized\aptos\train\0_No_DR\82d364726a58.png,train/0_No_DR/82d364726a58.png,train,82d364726a58.png,0,No_DR
aptos:train/0_No_DR/7a39c91416e2.png,aptos,A:\DR_classification\data\organized\aptos\train\0_No_DR\7a39c91416e2.png,train/0_No_DR/7a39c91416e2.png,train,7a39c91416e2.png,0,No_DR
aptos:train/4_Proliferative_DR/bba38f2294a3.png,aptos,A:\DR_classification\data\organized\aptos\train\4_Proliferative_DR\bba38f2294a3.png,train/4_Proliferative_DR/bba38f2294a3.png,train,bba38f2294a3.png,4,Proliferative_DR
aptos:val/2_Moderate/46c1548d730e.png,aptos,A:\DR_classification\data\organized\aptos\val\2_Moderate\46c1548d730e.png,val/2_Moderate/46c1548d730e.png,val,46c1548d730e.png,2,Moderate
aptos:train/0_No_DR/2b2f5a0f880d.png,aptos,A:\DR_classification\data\organized\aptos\train\0_No_DR\2b2f5a0f880d.png,train/0_No_DR/2b2f5a0f880d.png,train,2b2f5a0f880d.png,0,No_DR
aptos:train/0_No_DR/9c6512166557.png,aptos,A:\DR_classification\data\organized\aptos\train\0_No_DR\9c6512166557.png,train/0_No_DR/9c6512166557.png,train,9c6512166557.png,0,No_DR
aptos:val/2_Moderate/b2aaa81cc8f0.png,aptos,A:\DR_classification\data\organized\aptos\val\2_Moderate\b2aaa81cc8f0.png,val/2_Moderate/b2aaa81cc8f0.png,val,b2aaa81cc8f0.png,2,Moderate
aptos:train/0_No_DR/97d02a9b94f7.png,aptos,A:\DR_classification\data\organized\aptos\train\0_No_DR\97d02a9b94f7.png,train/0_No_DR/97d02a9b94f7.png,train,97d02a9b94f7.png,0,No_DR
aptos:train/2_Moderate/4f46d7ee61ed.png,aptos,A:\DR_classification\data\organized\aptos\train\2_Moderate\4f46d7ee61ed.png,train/2_Moderate/4f46d7ee61ed.png,train,4f46d7ee61ed.png,2,Moderate
aptos:train/0_No_DR/d4bc001f7224.png,aptos,A:\DR_classification\data\organized\aptos\train\0_No_DR\d4bc001f7224.png,train/0_No_DR/d4bc001f7224.png,train,d4bc001f7224.png,0,No_DR
aptos:test/2_Moderate/9e5ec293267c.png,aptos,A:\DR_classification\data\organized\aptos\test\2_Moderate\9e5ec293267c.png,test/2_Moderate/9e5ec293267c.png,test,9e5ec293267c.png,2,Moderate
aptos:val/1_Mild/1e8a1fdee5b9.png,aptos,A:\DR_classification\data\organized\aptos\val\1_Mild\1e8a1fdee5b9.png,val/1_Mild/1e8a1fdee5b9.png,val,1e8a1fdee5b9.png,1,Mild
aptos:train/0_No_DR/904b03ad5594.png,aptos,A:\DR_classification\data\organized\aptos\train\0_No_DR\904b03ad5594.png,train/0_No_DR/904b03ad5594.png,train,904b03ad5594.png,0,No_DR
aptos:test/2_Moderate/cbc2e57447c2.png,aptos,A:\DR_classification\data\organized\aptos\test\2_Moderate\cbc2e57447c2.png,test/2_Moderate/cbc2e57447c2.png,test,cbc2e57447c2.png,2,Moderate
aptos:train/0_No_DR/24de56d433cd.png,aptos,A:\DR_classification\data\organized\aptos\train\0_No_DR\24de56d433cd.png,train/0_No_DR/24de56d433cd.png,train,24de56d433cd.png,0,No_DR
aptos:train/2_Moderate/66bae1ba227f.png,aptos,A:\DR_classification\data\organized\aptos\train\2_Moderate\66bae1ba227f.png,train/2_Moderate/66bae1ba227f.png,train,66bae1ba227f.png,2,Moderate
aptos:train/0_No_DR/d6dbb0820ea5.png,aptos,A:\DR_classification\data\organized\aptos\train\0_No_DR\d6dbb0820ea5.png,train/0_No_DR/d6dbb0820ea5.png,train,d6dbb0820ea5.png,0,No_DR
aptos:train/0_No_DR/189cbbc9e5e3.png,aptos,A:\DR_classification\data\organized\aptos\train\0_No_DR\189cbbc9e5e3.png,train/0_No_DR/189cbbc9e5e3.png,train,189cbbc9e5e3.png,0,No_DR
aptos:train/0_No_DR/01f7bb8be950.png,aptos,A:\DR_classification\data\organized\aptos\train\0_No_DR\01f7bb8be950.png,train/0_No_DR/01f7bb8be950.png,train,01f7bb8be950.png,0,No_DR
aptos:train/0_No_DR/fbcbc81cf9be.png,aptos,A:\DR_classification\data\organized\aptos\train\0_No_DR\fbcbc81cf9be.png,train/0_No_DR/fbcbc81cf9be.png,train,fbcbc81cf9be.png,0,No_DR
aptos:train/1_Mild/c1e6fa1ad314.png,aptos,A:\DR_classification\data\organized\aptos\train\1_Mild\c1e6fa1ad314.png,train/1_Mild/c1e6fa1ad314.png,train,c1e6fa1ad314.png,1,Mild
aptos:train/1_Mild/53f6c1c65c04.png,aptos,A:\DR_classification\data\organized\aptos\train\1_Mild\53f6c1c65c04.png,train/1_Mild/53f6c1c65c04.png,train,53f6c1c65c04.png,1,Mild
aptos:train/0_No_DR/55f7f018c61c.png,aptos,A:\DR_classification\data\organized\aptos\train\0_No_DR\55f7f018c61c.png,train/0_No_DR/55f7f018c61c.png,train,55f7f018c61c.png,0,No_DR
aptos:train/4_Proliferative_DR/247e98aba610.png,aptos,A:\DR_classification\data\organized\aptos\train\4_Proliferative_DR\247e98aba610.png,train/4_Proliferative_DR/247e98aba610.png,train,247e98aba610.png,4,Proliferative_DR
aptos:val/4_Proliferative_DR/d9ba044671e1.png,aptos,A:\DR_classification\data\organized\aptos\val\4_Proliferative_DR\d9ba044671e1.png,val/4_Proliferative_DR/d9ba044671e1.png,val,d9ba044671e1.png,4,Proliferative_DR
aptos:train/0_No_DR/5b32ece9c627.png,aptos,A:\DR_classification\data\organized\aptos\train\0_No_DR\5b32ece9c627.png,train/0_No_DR/5b32ece9c627.png,train,5b32ece9c627.png,0,No_DR
aptos:train/0_No_DR/d3dfd0a2dee6.png,aptos,A:\DR_classification\data\organized\aptos\train\0_No_DR\d3dfd0a2dee6.png,train/0_No_DR/d3dfd0a2dee6.png,train,d3dfd0a2dee6.png,0,No_DR
aptos:train/2_Moderate/3d663a6a50a3.png,aptos,A:\DR_classification\data\organized\aptos\train\2_Moderate\3d663a6a50a3.png,train/2_Moderate/3d663a6a50a3.png,train,3d663a6a50a3.png,2,Moderate
aptos:train/2_Moderate/98f48850ebce.png,aptos,A:\DR_classification\data\organized\aptos\train\2_Moderate\98f48850ebce.png,train/2_Moderate/98f48850ebce.png,train,98f48850ebce.png,2,Moderate
aptos:train/0_No_DR/f00ce9b9d6f4.png,aptos,A:\DR_classification\data\organized\aptos\train\0_No_DR\f00ce9b9d6f4.png,train/0_No_DR/f00ce9b9d6f4.png,train,f00ce9b9d6f4.png,0,No_DR
aptos:train/0_No_DR/58eb3809f456.png,aptos,A:\DR_classification\data\organized\aptos\train\0_No_DR\58eb3809f456.png,train/0_No_DR/58eb3809f456.png,train,58eb3809f456.png,0,No_DR
aptos:train/2_Moderate/367c7049929c.png,aptos,A:\DR_classification\data\organized\aptos\train\2_Moderate\367c7049929c.png,train/2_Moderate/367c7049929c.png,train,367c7049929c.png,2,Moderate
aptos:val/0_No_DR/1e742358e0b9.png,aptos,A:\DR_classification\data\organized\aptos\val\0_No_DR\1e742358e0b9.png,val/0_No_DR/1e742358e0b9.png,val,1e742358e0b9.png,0,No_DR
aptos:val/0_No_DR/8a482c024fc2.png,aptos,A:\DR_classification\data\organized\aptos\val\0_No_DR\8a482c024fc2.png,val/0_No_DR/8a482c024fc2.png,val,8a482c024fc2.png,0,No_DR
aptos:train/0_No_DR/8650d32f4a9e.png,aptos,A:\DR_classification\data\organized\aptos\train\0_No_DR\8650d32f4a9e.png,train/0_No_DR/8650d32f4a9e.png,train,8650d32f4a9e.png,0,No_DR
aptos:train/0_No_DR/cd66754e1b3b.png,aptos,A:\DR_classification\data\organized\aptos\train\0_No_DR\cd66754e1b3b.png,train/0_No_DR/cd66754e1b3b.png,train,cd66754e1b3b.png,0,No_DR
aptos:test/0_No_DR/79cbae28d8b2.png,aptos,A:\DR_classification\data\organized\aptos\test\0_No_DR\79cbae28d8b2.png,test/0_No_DR/79cbae28d8b2.png,test,79cbae28d8b2.png,0,No_DR
aptos:train/0_No_DR/b3a994760537.png,aptos,A:\DR_classification\data\organized\aptos\train\0_No_DR\b3a994760537.png,train/0_No_DR/b3a994760537.png,train,b3a994760537.png,0,No_DR
aptos:test/2_Moderate/7d1b40fdbd86.png,aptos,A:\DR_classification\data\organized\aptos\test\2_Moderate\7d1b40fdbd86.png,test/2_Moderate/7d1b40fdbd86.png,test,7d1b40fdbd86.png,2,Moderate
aptos:train/0_No_DR/c597ef460944.png,aptos,A:\DR_classification\data\organized\aptos\train\0_No_DR\c597ef460944.png,train/0_No_DR/c597ef460944.png,train,c597ef460944.png,0,No_DR
aptos:train/2_Moderate/c73c5f6ef664.png,aptos,A:\DR_classification\data\organized\aptos\train\2_Moderate\c73c5f6ef664.png,train/2_Moderate/c73c5f6ef664.png,train,c73c5f6ef664.png,2,Moderate
aptos:train/2_Moderate/15cd5f52d300.png,aptos,A:\DR_classification\data\organized\aptos\train\2_Moderate\15cd5f52d300.png,train/2_Moderate/15cd5f52d300.png,train,15cd5f52d300.png,2,Moderate
aptos:train/0_No_DR/7e980424868e.png,aptos,A:\DR_classification\data\organized\aptos\train\0_No_DR\7e980424868e.png,train/0_No_DR/7e980424868e.png,train,7e980424868e.png,0,No_DR
aptos:train/2_Moderate/3748349334f6.png,aptos,A:\DR_classification\data\organized\aptos\train\2_Moderate\3748349334f6.png,train/2_Moderate/3748349334f6.png,train,3748349334f6.png,2,Moderate
aptos:train/4_Proliferative_DR/29bc0e721cfe.png,aptos,A:\DR_classification\data\organized\aptos\train\4_Proliferative_DR\29bc0e721cfe.png,train/4_Proliferative_DR/29bc0e721cfe.png,train,29bc0e721cfe.png,4,Proliferative_DR
aptos:train/2_Moderate/e6a6acf7fca1.png,aptos,A:\DR_classification\data\organized\aptos\train\2_Moderate\e6a6acf7fca1.png,train/2_Moderate/e6a6acf7fca1.png,train,e6a6acf7fca1.png,2,Moderate
aptos:train/0_No_DR/3f6c627e2ff2.png,aptos,A:\DR_classification\data\organized\aptos\train\0_No_DR\3f6c627e2ff2.png,train/0_No_DR/3f6c627e2ff2.png,train,3f6c627e2ff2.png,0,No_DR
aptos:test/2_Moderate/7350c50667c5.png,aptos,A:\DR_classification\data\organized\aptos\test\2_Moderate\7350c50667c5.png,test/2_Moderate/7350c50667c5.png,test,7350c50667c5.png,2,Moderate
aptos:val/0_No_DR/7f6690fa390a.png,aptos,A:\DR_classification\data\organized\aptos\val\0_No_DR\7f6690fa390a.png,val/0_No_DR/7f6690fa390a.png,val,7f6690fa390a.png,0,No_DR
aptos:val/2_Moderate/79be2ff796bf.png,aptos,A:\DR_classification\data\organized\aptos\val\2_Moderate\79be2ff796bf.png,val/2_Moderate/79be2ff796bf.png,val,79be2ff796bf.png,2,Moderate
aptos:train/0_No_DR/8448af27ba07.png,aptos,A:\DR_classification\data\organized\aptos\train\0_No_DR\8448af27ba07.png,train/0_No_DR/8448af27ba07.png,train,8448af27ba07.png,0,No_DR
aptos:test/2_Moderate/b83a6eca125f.png,aptos,A:\DR_classification\data\organized\aptos\test\2_Moderate\b83a6eca125f.png,test/2_Moderate/b83a6eca125f.png,test,b83a6eca125f.png,2,Moderate
aptos:test/1_Mild/259d30f693b6.png,aptos,A:\DR_classification\data\organized\aptos\test\1_Mild\259d30f693b6.png,test/1_Mild/259d30f693b6.png,test,259d30f693b6.png,1,Mild
aptos:val/0_No_DR/c98f623d08d1.png,aptos,A:\DR_classification\data\organized\aptos\val\0_No_DR\c98f623d08d1.png,val/0_No_DR/c98f623d08d1.png,val,c98f623d08d1.png,0,No_DR
aptos:test/4_Proliferative_DR/a11bf2edd470.png,aptos,A:\DR_classification\data\organized\aptos\test\4_Proliferative_DR\a11bf2edd470.png,test/4_Proliferative_DR/a11bf2edd470.png,test,a11bf2edd470.png,4,Proliferative_DR
aptos:train/2_Moderate/67c03349bb31.png,aptos,A:\DR_classification\data\organized\aptos\train\2_Moderate\67c03349bb31.png,train/2_Moderate/67c03349bb31.png,train,67c03349bb31.png,2,Moderate
aptos:train/0_No_DR/b549af91bd30.png,aptos,A:\DR_classification\data\organized\aptos\train\0_No_DR\b549af91bd30.png,train/0_No_DR/b549af91bd30.png,train,b549af91bd30.png,0,No_DR
aptos:test/2_Moderate/aa5ce75edcf5.png,aptos,A:\DR_classification\data\organized\aptos\test\2_Moderate\aa5ce75edcf5.png,test/2_Moderate/aa5ce75edcf5.png,test,aa5ce75edcf5.png,2,Moderate
aptos:train/0_No_DR/8ceff4c4c860.png,aptos,A:\DR_classification\data\organized\aptos\train\0_No_DR\8ceff4c4c860.png,train/0_No_DR/8ceff4c4c860.png,train,8ceff4c4c860.png,0,No_DR
aptos:test/0_No_DR/43823561c3f0.png,aptos,A:\DR_classification\data\organized\aptos\test\0_No_DR\43823561c3f0.png,test/0_No_DR/43823561c3f0.png,test,43823561c3f0.png,0,No_DR
aptos:train/3_Severe/a4d4b69f7404.png,aptos,A:\DR_classification\data\organized\aptos\train\3_Severe\a4d4b69f7404.png,train/3_Severe/a4d4b69f7404.png,train,a4d4b69f7404.png,3,Severe
aptos:val/3_Severe/d035c2bd9104.png,aptos,A:\DR_classification\data\organized\aptos\val\3_Severe\d035c2bd9104.png,val/3_Severe/d035c2bd9104.png,val,d035c2bd9104.png,3,Severe
aptos:val/0_No_DR/b86fb2d5be1a.png,aptos,A:\DR_classification\data\organized\aptos\val\0_No_DR\b86fb2d5be1a.png,val/0_No_DR/b86fb2d5be1a.png,val,b86fb2d5be1a.png,0,No_DR
aptos:train/0_No_DR/1e7ccd4a1c87.png,aptos,A:\DR_classification\data\organized\aptos\train\0_No_DR\1e7ccd4a1c87.png,train/0_No_DR/1e7ccd4a1c87.png,train,1e7ccd4a1c87.png,0,No_DR
aptos:val/2_Moderate/49a4765f8822.png,aptos,A:\DR_classification\data\organized\aptos\val\2_Moderate\49a4765f8822.png,val/2_Moderate/49a4765f8822.png,val,49a4765f8822.png,2,Moderate
aptos:val/1_Mild/4dd5d5ccddcf.png,aptos,A:\DR_classification\data\organized\aptos\val\1_Mild\4dd5d5ccddcf.png,val/1_Mild/4dd5d5ccddcf.png,val,4dd5d5ccddcf.png,1,Mild
aptos:train/0_No_DR/a96ff96bbae5.png,aptos,A:\DR_classification\data\organized\aptos\train\0_No_DR\a96ff96bbae5.png,train/0_No_DR/a96ff96bbae5.png,train,a96ff96bbae5.png,0,No_DR
aptos:val/2_Moderate/1c0e5dd1b14c.png,aptos,A:\DR_classification\data\organized\aptos\val\2_Moderate\1c0e5dd1b14c.png,val/2_Moderate/1c0e5dd1b14c.png,val,1c0e5dd1b14c.png,2,Moderate
aptos:train/3_Severe/c0a0828e01b4.png,aptos,A:\DR_classification\data\organized\aptos\train\3_Severe\c0a0828e01b4.png,train/3_Severe/c0a0828e01b4.png,train,c0a0828e01b4.png,3,Severe
aptos:train/2_Moderate/840527bc6628.png,aptos,A:\DR_classification\data\organized\aptos\train\2_Moderate\840527bc6628.png,train/2_Moderate/840527bc6628.png,train,840527bc6628.png,2,Moderate
aptos:train/4_Proliferative_DR/5bda2ed09e62.png,aptos,A:\DR_classification\data\organized\aptos\train\4_Proliferative_DR\5bda2ed09e62.png,train/4_Proliferative_DR/5bda2ed09e62.png,train,5bda2ed09e62.png,4,Proliferative_DR
aptos:train/0_No_DR/16060f05d047.png,aptos,A:\DR_classification\data\organized\aptos\train\0_No_DR\16060f05d047.png,train/0_No_DR/16060f05d047.png,train,16060f05d047.png,0,No_DR
aptos:train/0_No_DR/0097f532ac9f.png,aptos,A:\DR_classification\data\organized\aptos\train\0_No_DR\0097f532ac9f.png,train/0_No_DR/0097f532ac9f.png,train,0097f532ac9f.png,0,No_DR
aptos:train/4_Proliferative_DR/838c87c63422.png,aptos,A:\DR_classification\data\organized\aptos\train\4_Proliferative_DR\838c87c63422.png,train/4_Proliferative_DR/838c87c63422.png,train,838c87c63422.png,4,Proliferative_DR
aptos:val/0_No_DR/1782142e17d9.png,aptos,A:\DR_classification\data\organized\aptos\val\0_No_DR\1782142e17d9.png,val/0_No_DR/1782142e17d9.png,val,1782142e17d9.png,0,No_DR
aptos:test/2_Moderate/9d74428188bb.png,aptos,A:\DR_classification\data\organized\aptos\test\2_Moderate\9d74428188bb.png,test/2_Moderate/9d74428188bb.png,test,9d74428188bb.png,2,Moderate
aptos:train/2_Moderate/6dcde47060f9.png,aptos,A:\DR_classification\data\organized\aptos\train\2_Moderate\6dcde47060f9.png,train/2_Moderate/6dcde47060f9.png,train,6dcde47060f9.png,2,Moderate
aptos:train/0_No_DR/0dbe6c26cedc.png,aptos,A:\DR_classification\data\organized\aptos\train\0_No_DR\0dbe6c26cedc.png,train/0_No_DR/0dbe6c26cedc.png,train,0dbe6c26cedc.png,0,No_DR
aptos:train/0_No_DR/a963ac561580.png,aptos,A:\DR_classification\data\organized\aptos\train\0_No_DR\a963ac561580.png,train/0_No_DR/a963ac561580.png,train,a963ac561580.png,0,No_DR
aptos:train/3_Severe/c76664770c07.png,aptos,A:\DR_classification\data\organized\aptos\train\3_Severe\c76664770c07.png,train/3_Severe/c76664770c07.png,train,c76664770c07.png,3,Severe
aptos:train/2_Moderate/44855f666225.png,aptos,A:\DR_classification\data\organized\aptos\train\2_Moderate\44855f666225.png,train/2_Moderate/44855f666225.png,train,44855f666225.png,2,Moderate
aptos:train/0_No_DR/bffca6eeb2bf.png,aptos,A:\DR_classification\data\organized\aptos\train\0_No_DR\bffca6eeb2bf.png,train/0_No_DR/bffca6eeb2bf.png,train,bffca6eeb2bf.png,0,No_DR
aptos:train/0_No_DR/692e946b1f85.png,aptos,A:\DR_classification\data\organized\aptos\train\0_No_DR\692e946b1f85.png,train/0_No_DR/692e946b1f85.png,train,692e946b1f85.png,0,No_DR
aptos:train/2_Moderate/12a82fc7d73e.png,aptos,A:\DR_classification\data\organized\aptos\train\2_Moderate\12a82fc7d73e.png,train/2_Moderate/12a82fc7d73e.png,train,12a82fc7d73e.png,2,Moderate
aptos:train/0_No_DR/a73d012c4c38.png,aptos,A:\DR_classification\data\organized\aptos\train\0_No_DR\a73d012c4c38.png,train/0_No_DR/a73d012c4c38.png,train,a73d012c4c38.png,0,No_DR
aptos:train/4_Proliferative_DR/25d069089c5e.png,aptos,A:\DR_classification\data\organized\aptos\train\4_Proliferative_DR\25d069089c5e.png,train/4_Proliferative_DR/25d069089c5e.png,train,25d069089c5e.png,4,Proliferative_DR
aptos:val/0_No_DR/5511f114e7ee.png,aptos,A:\DR_classification\data\organized\aptos\val\0_No_DR\5511f114e7ee.png,val/0_No_DR/5511f114e7ee.png,val,5511f114e7ee.png,0,No_DR
aptos:train/0_No_DR/684dd88a0d49.png,aptos,A:\DR_classification\data\organized\aptos\train\0_No_DR\684dd88a0d49.png,train/0_No_DR/684dd88a0d49.png,train,684dd88a0d49.png,0,No_DR
aptos:val/0_No_DR/44f7f3ef9d50.png,aptos,A:\DR_classification\data\organized\aptos\val\0_No_DR\44f7f3ef9d50.png,val/0_No_DR/44f7f3ef9d50.png,val,44f7f3ef9d50.png,0,No_DR
aptos:train/2_Moderate/523ff163211b.png,aptos,A:\DR_classification\data\organized\aptos\train\2_Moderate\523ff163211b.png,train/2_Moderate/523ff163211b.png,train,523ff163211b.png,2,Moderate
aptos:train/0_No_DR/484dbeb9bf2a.png,aptos,A:\DR_classification\data\organized\aptos\train\0_No_DR\484dbeb9bf2a.png,train/0_No_DR/484dbeb9bf2a.png,train,484dbeb9bf2a.png,0,No_DR
aptos:train/0_No_DR/2c77bf969079.png,aptos,A:\DR_classification\data\organized\aptos\train\0_No_DR\2c77bf969079.png,train/0_No_DR/2c77bf969079.png,train,2c77bf969079.png,0,No_DR
aptos:train/4_Proliferative_DR/cb547e723a16.png,aptos,A:\DR_classification\data\organized\aptos\train\4_Proliferative_DR\cb547e723a16.png,train/4_Proliferative_DR/cb547e723a16.png,train,cb547e723a16.png,4,Proliferative_DR
aptos:train/3_Severe/bb7e0a2544cd.png,aptos,A:\DR_classification\data\organized\aptos\train\3_Severe\bb7e0a2544cd.png,train/3_Severe/bb7e0a2544cd.png,train,bb7e0a2544cd.png,3,Severe
aptos:test/0_No_DR/2b10f138e67d.png,aptos,A:\DR_classification\data\organized\aptos\test\0_No_DR\2b10f138e67d.png,test/0_No_DR/2b10f138e67d.png,test,2b10f138e67d.png,0,No_DR
aptos:train/0_No_DR/ff4955e76894.png,aptos,A:\DR_classification\data\organized\aptos\train\0_No_DR\ff4955e76894.png,train/0_No_DR/ff4955e76894.png,train,ff4955e76894.png,0,No_DR
aptos:train/0_No_DR/18621b9ca978.png,aptos,A:\DR_classification\data\organized\aptos\train\0_No_DR\18621b9ca978.png,train/0_No_DR/18621b9ca978.png,train,18621b9ca978.png,0,No_DR
aptos:train/0_No_DR/357f02a779d7.png,aptos,A:\DR_classification\data\organized\aptos\train\0_No_DR\357f02a779d7.png,train/0_No_DR/357f02a779d7.png,train,357f02a779d7.png,0,No_DR
aptos:test/0_No_DR/2c9dfc270f1b.png,aptos,A:\DR_classification\data\organized\aptos\test\0_No_DR\2c9dfc270f1b.png,test/0_No_DR/2c9dfc270f1b.png,test,2c9dfc270f1b.png,0,No_DR
aptos:train/0_No_DR/d0926ed2c8e5.png,aptos,A:\DR_classification\data\organized\aptos\train\0_No_DR\d0926ed2c8e5.png,train/0_No_DR/d0926ed2c8e5.png,train,d0926ed2c8e5.png,0,No_DR
aptos:val/2_Moderate/f61bf44c677c.png,aptos,A:\DR_classification\data\organized\aptos\val\2_Moderate\f61bf44c677c.png,val/2_Moderate/f61bf44c677c.png,val,f61bf44c677c.png,2,Moderate
aptos:train/4_Proliferative_DR/7c90ab025331.png,aptos,A:\DR_classification\data\organized\aptos\train\4_Proliferative_DR\7c90ab025331.png,train/4_Proliferative_DR/7c90ab025331.png,train,7c90ab025331.png,4,Proliferative_DR
aptos:train/0_No_DR/63b71347e95d.png,aptos,A:\DR_classification\data\organized\aptos\train\0_No_DR\63b71347e95d.png,train/0_No_DR/63b71347e95d.png,train,63b71347e95d.png,0,No_DR
aptos:train/1_Mild/12ce6a1a1f31.png,aptos,A:\DR_classification\data\organized\aptos\train\1_Mild\12ce6a1a1f31.png,train/1_Mild/12ce6a1a1f31.png,train,12ce6a1a1f31.png,1,Mild
aptos:train/2_Moderate/ac2c814949f9.png,aptos,A:\DR_classification\data\organized\aptos\train\2_Moderate\ac2c814949f9.png,train/2_Moderate/ac2c814949f9.png,train,ac2c814949f9.png,2,Moderate
aptos:train/3_Severe/72595230840c.png,aptos,A:\DR_classification\data\organized\aptos\train\3_Severe\72595230840c.png,train/3_Severe/72595230840c.png,train,72595230840c.png,3,Severe
aptos:train/3_Severe/4b618537d52f.png,aptos,A:\DR_classification\data\organized\aptos\train\3_Severe\4b618537d52f.png,train/3_Severe/4b618537d52f.png,train,4b618537d52f.png,3,Severe
aptos:train/0_No_DR/71e43b4f8ba6.png,aptos,A:\DR_classification\data\organized\aptos\train\0_No_DR\71e43b4f8ba6.png,train/0_No_DR/71e43b4f8ba6.png,train,71e43b4f8ba6.png,0,No_DR
aptos:test/3_Severe/a80dab8eddf4.png,aptos,A:\DR_classification\data\organized\aptos\test\3_Severe\a80dab8eddf4.png,test/3_Severe/a80dab8eddf4.png,test,a80dab8eddf4.png,3,Severe
aptos:train/3_Severe/4fef9ed8a4c5.png,aptos,A:\DR_classification\data\organized\aptos\train\3_Severe\4fef9ed8a4c5.png,train/3_Severe/4fef9ed8a4c5.png,train,4fef9ed8a4c5.png,3,Severe
aptos:train/1_Mild/3c72f580d4ba.png,aptos,A:\DR_classification\data\organized\aptos\train\1_Mild\3c72f580d4ba.png,train/1_Mild/3c72f580d4ba.png,train,3c72f580d4ba.png,1,Mild
aptos:train/2_Moderate/453a1e2754b2.png,aptos,A:\DR_classification\data\organized\aptos\train\2_Moderate\453a1e2754b2.png,train/2_Moderate/453a1e2754b2.png,train,453a1e2754b2.png,2,Moderate
aptos:train/2_Moderate/01eb826f6467.png,aptos,A:\DR_classification\data\organized\aptos\train\2_Moderate\01eb826f6467.png,train/2_Moderate/01eb826f6467.png,train,01eb826f6467.png,2,Moderate
aptos:val/2_Moderate/a125377fb985.png,aptos,A:\DR_classification\data\organized\aptos\val\2_Moderate\a125377fb985.png,val/2_Moderate/a125377fb985.png,val,a125377fb985.png,2,Moderate
aptos:test/2_Moderate/8e20b8fac7c3.png,aptos,A:\DR_classification\data\organized\aptos\test\2_Moderate\8e20b8fac7c3.png,test/2_Moderate/8e20b8fac7c3.png,test,8e20b8fac7c3.png,2,Moderate
aptos:train/4_Proliferative_DR/3b185ac445d0.png,aptos,A:\DR_classification\data\organized\aptos\train\4_Proliferative_DR\3b185ac445d0.png,train/4_Proliferative_DR/3b185ac445d0.png,train,3b185ac445d0.png,4,Proliferative_DR
aptos:train/4_Proliferative_DR/1b32e1d775ea.png,aptos,A:\DR_classification\data\organized\aptos\train\4_Proliferative_DR\1b32e1d775ea.png,train/4_Proliferative_DR/1b32e1d775ea.png,train,1b32e1d775ea.png,4,Proliferative_DR
aptos:val/4_Proliferative_DR/6630f8675a97.png,aptos,A:\DR_classification\data\organized\aptos\val\4_Proliferative_DR\6630f8675a97.png,val/4_Proliferative_DR/6630f8675a97.png,val,6630f8675a97.png,4,Proliferative_DR
aptos:train/1_Mild/f6f7dba7104d.png,aptos,A:\DR_classification\data\organized\aptos\train\1_Mild\f6f7dba7104d.png,train/1_Mild/f6f7dba7104d.png,train,f6f7dba7104d.png,1,Mild
aptos:test/2_Moderate/135575dc57c9.png,aptos,A:\DR_classification\data\organized\aptos\test\2_Moderate\135575dc57c9.png,test/2_Moderate/135575dc57c9.png,test,135575dc57c9.png,2,Moderate
aptos:train/0_No_DR/7eee3d1f1268.png,aptos,A:\DR_classification\data\organized\aptos\train\0_No_DR\7eee3d1f1268.png,train/0_No_DR/7eee3d1f1268.png,train,7eee3d1f1268.png,0,No_DR
aptos:train/0_No_DR/05b1bb2bdb81.png,aptos,A:\DR_classification\data\organized\aptos\train\0_No_DR\05b1bb2bdb81.png,train/0_No_DR/05b1bb2bdb81.png,train,05b1bb2bdb81.png,0,No_DR
aptos:train/4_Proliferative_DR/7efc91af4ae6.png,aptos,A:\DR_classification\data\organized\aptos\train\4_Proliferative_DR\7efc91af4ae6.png,train/4_Proliferative_DR/7efc91af4ae6.png,train,7efc91af4ae6.png,4,Proliferative_DR
aptos:test/0_No_DR/4beeca5cc859.png,aptos,A:\DR_classification\data\organized\aptos\test\0_No_DR\4beeca5cc859.png,test/0_No_DR/4beeca5cc859.png,test,4beeca5cc859.png,0,No_DR
aptos:train/2_Moderate/f2ee81781411.png,aptos,A:\DR_classification\data\organized\aptos\train\2_Moderate\f2ee81781411.png,train/2_Moderate/f2ee81781411.png,train,f2ee81781411.png,2,Moderate
aptos:train/0_No_DR/a1822dd8d05d.png,aptos,A:\DR_classification\data\organized\aptos\train\0_No_DR\a1822dd8d05d.png,train/0_No_DR/a1822dd8d05d.png,train,a1822dd8d05d.png,0,No_DR
aptos:train/0_No_DR/252305189b3a.png,aptos,A:\DR_classification\data\organized\aptos\train\0_No_DR\252305189b3a.png,train/0_No_DR/252305189b3a.png,train,252305189b3a.png,0,No_DR
aptos:train/0_No_DR/6b3860e8f64f.png,aptos,A:\DR_classification\data\organized\aptos\train\0_No_DR\6b3860e8f64f.png,train/0_No_DR/6b3860e8f64f.png,train,6b3860e8f64f.png,0,No_DR
aptos:train/0_No_DR/721214151233.png,aptos,A:\DR_classification\data\organized\aptos\train\0_No_DR\721214151233.png,train/0_No_DR/721214151233.png,train,721214151233.png,0,No_DR
aptos:train/0_No_DR/a821b6ecef33.png,aptos,A:\DR_classification\data\organized\aptos\train\0_No_DR\a821b6ecef33.png,train/0_No_DR/a821b6ecef33.png,train,a821b6ecef33.png,0,No_DR
aptos:test/0_No_DR/65dda202653d.png,aptos,A:\DR_classification\data\organized\aptos\test\0_No_DR\65dda202653d.png,test/0_No_DR/65dda202653d.png,test,65dda202653d.png,0,No_DR
aptos:test/0_No_DR/bd500a73beae.png,aptos,A:\DR_classification\data\organized\aptos\test\0_No_DR\bd500a73beae.png,test/0_No_DR/bd500a73beae.png,test,bd500a73beae.png,0,No_DR
aptos:train/0_No_DR/ecb4500285ed.png,aptos,A:\DR_classification\data\organized\aptos\train\0_No_DR\ecb4500285ed.png,train/0_No_DR/ecb4500285ed.png,train,ecb4500285ed.png,0,No_DR
aptos:train/2_Moderate/921433215353.png,aptos,A:\DR_classification\data\organized\aptos\train\2_Moderate\921433215353.png,train/2_Moderate/921433215353.png,train,921433215353.png,2,Moderate
aptos:train/0_No_DR/cfdbaef73a8b.png,aptos,A:\DR_classification\data\organized\aptos\train\0_No_DR\cfdbaef73a8b.png,train/0_No_DR/cfdbaef73a8b.png,train,cfdbaef73a8b.png,0,No_DR
aptos:test/2_Moderate/bda7ff3b1562.png,aptos,A:\DR_classification\data\organized\aptos\test\2_Moderate\bda7ff3b1562.png,test/2_Moderate/bda7ff3b1562.png,test,bda7ff3b1562.png,2,Moderate
aptos:val/0_No_DR/4d167ca69ea8.png,aptos,A:\DR_classification\data\organized\aptos\val\0_No_DR\4d167ca69ea8.png,val/0_No_DR/4d167ca69ea8.png,val,4d167ca69ea8.png,0,No_DR
aptos:test/2_Moderate/23d7ca170bdb.png,aptos,A:\DR_classification\data\organized\aptos\test\2_Moderate\23d7ca170bdb.png,test/2_Moderate/23d7ca170bdb.png,test,23d7ca170bdb.png,2,Moderate
aptos:train/0_No_DR/242fc19be06f.png,aptos,A:\DR_classification\data\organized\aptos\train\0_No_DR\242fc19be06f.png,train/0_No_DR/242fc19be06f.png,train,242fc19be06f.png,0,No_DR
aptos:train/0_No_DR/7d0a871c45db.png,aptos,A:\DR_classification\data\organized\aptos\train\0_No_DR\7d0a871c45db.png,train/0_No_DR/7d0a871c45db.png,train,7d0a871c45db.png,0,No_DR
aptos:val/0_No_DR/dec5595e6154.png,aptos,A:\DR_classification\data\organized\aptos\val\0_No_DR\dec5595e6154.png,val/0_No_DR/dec5595e6154.png,val,dec5595e6154.png,0,No_DR
aptos:train/3_Severe/237c078d00fc.png,aptos,A:\DR_classification\data\organized\aptos\train\3_Severe\237c078d00fc.png,train/3_Severe/237c078d00fc.png,train,237c078d00fc.png,3,Severe
aptos:test/2_Moderate/d4be0403e6ab.png,aptos,A:\DR_classification\data\organized\aptos\test\2_Moderate\d4be0403e6ab.png,test/2_Moderate/d4be0403e6ab.png,test,d4be0403e6ab.png,2,Moderate
aptos:test/0_No_DR/e68746d426b2.png,aptos,A:\DR_classification\data\organized\aptos\test\0_No_DR\e68746d426b2.png,test/0_No_DR/e68746d426b2.png,test,e68746d426b2.png,0,No_DR
aptos:train/0_No_DR/57db4781e7ec.png,aptos,A:\DR_classification\data\organized\aptos\train\0_No_DR\57db4781e7ec.png,train/0_No_DR/57db4781e7ec.png,train,57db4781e7ec.png,0,No_DR
aptos:train/2_Moderate/c0202976c670.png,aptos,A:\DR_classification\data\organized\aptos\train\2_Moderate\c0202976c670.png,train/2_Moderate/c0202976c670.png,train,c0202976c670.png,2,Moderate
aptos:train/2_Moderate/1414128bead0.png,aptos,A:\DR_classification\data\organized\aptos\train\2_Moderate\1414128bead0.png,train/2_Moderate/1414128bead0.png,train,1414128bead0.png,2,Moderate
aptos:train/0_No_DR/b46b09a45f39.png,aptos,A:\DR_classification\data\organized\aptos\train\0_No_DR\b46b09a45f39.png,train/0_No_DR/b46b09a45f39.png,train,b46b09a45f39.png,0,No_DR
aptos:train/2_Moderate/2d552318eb07.png,aptos,A:\DR_classification\data\organized\aptos\train\2_Moderate\2d552318eb07.png,train/2_Moderate/2d552318eb07.png,train,2d552318eb07.png,2,Moderate
aptos:train/3_Severe/f64214bed40e.png,aptos,A:\DR_classification\data\organized\aptos\train\3_Severe\f64214bed40e.png,train/3_Severe/f64214bed40e.png,train,f64214bed40e.png,3,Severe
aptos:test/0_No_DR/9f935fb38440.png,aptos,A:\DR_classification\data\organized\aptos\test\0_No_DR\9f935fb38440.png,test/0_No_DR/9f935fb38440.png,test,9f935fb38440.png,0,No_DR
aptos:train/0_No_DR/c9e697117f3f.png,aptos,A:\DR_classification\data\organized\aptos\train\0_No_DR\c9e697117f3f.png,train/0_No_DR/c9e697117f3f.png,train,c9e697117f3f.png,0,No_DR
aptos:train/0_No_DR/d39752cb6e57.png,aptos,A:\DR_classification\data\organized\aptos\train\0_No_DR\d39752cb6e57.png,train/0_No_DR/d39752cb6e57.png,train,d39752cb6e57.png,0,No_DR
aptos:train/0_No_DR/92889b863ae6.png,aptos,A:\DR_classification\data\organized\aptos\train\0_No_DR\92889b863ae6.png,train/0_No_DR/92889b863ae6.png,train,92889b863ae6.png,0,No_DR
aptos:test/0_No_DR/a06e5ac695ce.png,aptos,A:\DR_classification\data\organized\aptos\test\0_No_DR\a06e5ac695ce.png,test/0_No_DR/a06e5ac695ce.png,test,a06e5ac695ce.png,0,No_DR
aptos:train/0_No_DR/e0d229db881a.png,aptos,A:\DR_classification\data\organized\aptos\train\0_No_DR\e0d229db881a.png,train/0_No_DR/e0d229db881a.png,train,e0d229db881a.png,0,No_DR
aptos:train/0_No_DR/51cd8d2057fa.png,aptos,A:\DR_classification\data\organized\aptos\train\0_No_DR\51cd8d2057fa.png,train/0_No_DR/51cd8d2057fa.png,train,51cd8d2057fa.png,0,No_DR
aptos:train/2_Moderate/e1e490773462.png,aptos,A:\DR_classification\data\organized\aptos\train\2_Moderate\e1e490773462.png,train/2_Moderate/e1e490773462.png,train,e1e490773462.png,2,Moderate
aptos:train/2_Moderate/d3be5346684b.png,aptos,A:\DR_classification\data\organized\aptos\train\2_Moderate\d3be5346684b.png,train/2_Moderate/d3be5346684b.png,train,d3be5346684b.png,2,Moderate
aptos:train/1_Mild/a01024054596.png,aptos,A:\DR_classification\data\organized\aptos\train\1_Mild\a01024054596.png,train/1_Mild/a01024054596.png,train,a01024054596.png,1,Mild
aptos:train/1_Mild/0369f3efe69b.png,aptos,A:\DR_classification\data\organized\aptos\train\1_Mild\0369f3efe69b.png,train/1_Mild/0369f3efe69b.png,train,0369f3efe69b.png,1,Mild
aptos:test/0_No_DR/50ddd7d976df.png,aptos,A:\DR_classification\data\organized\aptos\test\0_No_DR\50ddd7d976df.png,test/0_No_DR/50ddd7d976df.png,test,50ddd7d976df.png,0,No_DR
aptos:val/2_Moderate/7d1da90d3ca9.png,aptos,A:\DR_classification\data\organized\aptos\val\2_Moderate\7d1da90d3ca9.png,val/2_Moderate/7d1da90d3ca9.png,val,7d1da90d3ca9.png,2,Moderate
aptos:train/0_No_DR/a2163f0c2af5.png,aptos,A:\DR_classification\data\organized\aptos\train\0_No_DR\a2163f0c2af5.png,train/0_No_DR/a2163f0c2af5.png,train,a2163f0c2af5.png,0,No_DR
aptos:train/0_No_DR/1ae3c58759fb.png,aptos,A:\DR_classification\data\organized\aptos\train\0_No_DR\1ae3c58759fb.png,train/0_No_DR/1ae3c58759fb.png,train,1ae3c58759fb.png,0,No_DR
aptos:test/4_Proliferative_DR/a6d45de20e4d.png,aptos,A:\DR_classification\data\organized\aptos\test\4_Proliferative_DR\a6d45de20e4d.png,test/4_Proliferative_DR/a6d45de20e4d.png,test,a6d45de20e4d.png,4,Proliferative_DR
aptos:val/0_No_DR/bf7221a016b5.png,aptos,A:\DR_classification\data\organized\aptos\val\0_No_DR\bf7221a016b5.png,val/0_No_DR/bf7221a016b5.png,val,bf7221a016b5.png,0,No_DR
aptos:val/2_Moderate/df8365d6ac33.png,aptos,A:\DR_classification\data\organized\aptos\val\2_Moderate\df8365d6ac33.png,val/2_Moderate/df8365d6ac33.png,val,df8365d6ac33.png,2,Moderate
aptos:train/3_Severe/788ddb0b70b7.png,aptos,A:\DR_classification\data\organized\aptos\train\3_Severe\788ddb0b70b7.png,train/3_Severe/788ddb0b70b7.png,train,788ddb0b70b7.png,3,Severe
aptos:train/2_Moderate/4e7694eebb91.png,aptos,A:\DR_classification\data\organized\aptos\train\2_Moderate\4e7694eebb91.png,train/2_Moderate/4e7694eebb91.png,train,4e7694eebb91.png,2,Moderate
aptos:val/0_No_DR/54bdcdecd8f3.png,aptos,A:\DR_classification\data\organized\aptos\val\0_No_DR\54bdcdecd8f3.png,val/0_No_DR/54bdcdecd8f3.png,val,54bdcdecd8f3.png,0,No_DR
aptos:train/0_No_DR/62b826899151.png,aptos,A:\DR_classification\data\organized\aptos\train\0_No_DR\62b826899151.png,train/0_No_DR/62b826899151.png,train,62b826899151.png,0,No_DR
aptos:train/0_No_DR/5264a54e1830.png,aptos,A:\DR_classification\data\organized\aptos\train\0_No_DR\5264a54e1830.png,train/0_No_DR/5264a54e1830.png,train,5264a54e1830.png,0,No_DR
aptos:train/0_No_DR/10de500cf0c5.png,aptos,A:\DR_classification\data\organized\aptos\train\0_No_DR\10de500cf0c5.png,train/0_No_DR/10de500cf0c5.png,train,10de500cf0c5.png,0,No_DR
aptos:train/0_No_DR/b22cc1bf0b8a.png,aptos,A:\DR_classification\data\organized\aptos\train\0_No_DR\b22cc1bf0b8a.png,train/0_No_DR/b22cc1bf0b8a.png,train,b22cc1bf0b8a.png,0,No_DR
aptos:val/2_Moderate/2608e1dac5b1.png,aptos,A:\DR_classification\data\organized\aptos\val\2_Moderate\2608e1dac5b1.png,val/2_Moderate/2608e1dac5b1.png,val,2608e1dac5b1.png,2,Moderate
aptos:train/0_No_DR/6d10709053ae.png,aptos,A:\DR_classification\data\organized\aptos\train\0_No_DR\6d10709053ae.png,train/0_No_DR/6d10709053ae.png,train,6d10709053ae.png,0,No_DR
aptos:train/2_Moderate/0ca0aee4d57e.png,aptos,A:\DR_classification\data\organized\aptos\train\2_Moderate\0ca0aee4d57e.png,train/2_Moderate/0ca0aee4d57e.png,train,0ca0aee4d57e.png,2,Moderate
aptos:train/0_No_DR/2f7fbdcc9a4b.png,aptos,A:\DR_classification\data\organized\aptos\train\0_No_DR\2f7fbdcc9a4b.png,train/0_No_DR/2f7fbdcc9a4b.png,train,2f7fbdcc9a4b.png,0,No_DR
aptos:train/2_Moderate/b746a6681ba9.png,aptos,A:\DR_classification\data\organized\aptos\train\2_Moderate\b746a6681ba9.png,train/2_Moderate/b746a6681ba9.png,train,b746a6681ba9.png,2,Moderate
aptos:train/2_Moderate/bcdc8db5423b.png,aptos,A:\DR_classification\data\organized\aptos\train\2_Moderate\bcdc8db5423b.png,train/2_Moderate/bcdc8db5423b.png,train,bcdc8db5423b.png,2,Moderate
aptos:train/0_No_DR/573ea80a53be.png,aptos,A:\DR_classification\data\organized\aptos\train\0_No_DR\573ea80a53be.png,train/0_No_DR/573ea80a53be.png,train,573ea80a53be.png,0,No_DR
aptos:train/0_No_DR/a6b6d27c1b32.png,aptos,A:\DR_classification\data\organized\aptos\train\0_No_DR\a6b6d27c1b32.png,train/0_No_DR/a6b6d27c1b32.png,train,a6b6d27c1b32.png,0,No_DR
aptos:train/0_No_DR/359bab5d784b.png,aptos,A:\DR_classification\data\organized\aptos\train\0_No_DR\359bab5d784b.png,train/0_No_DR/359bab5d784b.png,train,359bab5d784b.png,0,No_DR
aptos:test/2_Moderate/abf0f56c6f12.png,aptos,A:\DR_classification\data\organized\aptos\test\2_Moderate\abf0f56c6f12.png,test/2_Moderate/abf0f56c6f12.png,test,abf0f56c6f12.png,2,Moderate
aptos:test/2_Moderate/42b93b574f23.png,aptos,A:\DR_classification\data\organized\aptos\test\2_Moderate\42b93b574f23.png,test/2_Moderate/42b93b574f23.png,test,42b93b574f23.png,2,Moderate
aptos:train/0_No_DR/6966abf40b8c.png,aptos,A:\DR_classification\data\organized\aptos\train\0_No_DR\6966abf40b8c.png,train/0_No_DR/6966abf40b8c.png,train,6966abf40b8c.png,0,No_DR
aptos:test/0_No_DR/39f8935185e6.png,aptos,A:\DR_classification\data\organized\aptos\test\0_No_DR\39f8935185e6.png,test/0_No_DR/39f8935185e6.png,test,39f8935185e6.png,0,No_DR
aptos:train/4_Proliferative_DR/03a7f4a5786f.png,aptos,A:\DR_classification\data\organized\aptos\train\4_Proliferative_DR\03a7f4a5786f.png,train/4_Proliferative_DR/03a7f4a5786f.png,train,03a7f4a5786f.png,4,Proliferative_DR
aptos:train/2_Moderate/547b37da9223.png,aptos,A:\DR_classification\data\organized\aptos\train\2_Moderate\547b37da9223.png,train/2_Moderate/547b37da9223.png,train,547b37da9223.png,2,Moderate
aptos:train/2_Moderate/e6a58edc5b42.png,aptos,A:\DR_classification\data\organized\aptos\train\2_Moderate\e6a58edc5b42.png,train/2_Moderate/e6a58edc5b42.png,train,e6a58edc5b42.png,2,Moderate
aptos:train/0_No_DR/b598bc9753c2.png,aptos,A:\DR_classification\data\organized\aptos\train\0_No_DR\b598bc9753c2.png,train/0_No_DR/b598bc9753c2.png,train,b598bc9753c2.png,0,No_DR
aptos:val/3_Severe/bb5083fae98f.png,aptos,A:\DR_classification\data\organized\aptos\val\3_Severe\bb5083fae98f.png,val/3_Severe/bb5083fae98f.png,val,bb5083fae98f.png,3,Severe
aptos:train/0_No_DR/72a867980067.png,aptos,A:\DR_classification\data\organized\aptos\train\0_No_DR\72a867980067.png,train/0_No_DR/72a867980067.png,train,72a867980067.png,0,No_DR
aptos:train/2_Moderate/0c76fd494af6.png,aptos,A:\DR_classification\data\organized\aptos\train\2_Moderate\0c76fd494af6.png,train/2_Moderate/0c76fd494af6.png,train,0c76fd494af6.png,2,Moderate
aptos:train/1_Mild/53704c80f0d8.png,aptos,A:\DR_classification\data\organized\aptos\train\1_Mild\53704c80f0d8.png,train/1_Mild/53704c80f0d8.png,train,53704c80f0d8.png,1,Mild
aptos:train/0_No_DR/abbb8791785e.png,aptos,A:\DR_classification\data\organized\aptos\train\0_No_DR\abbb8791785e.png,train/0_No_DR/abbb8791785e.png,train,abbb8791785e.png,0,No_DR
aptos:train/0_No_DR/fce73678f650.png,aptos,A:\DR_classification\data\organized\aptos\train\0_No_DR\fce73678f650.png,train/0_No_DR/fce73678f650.png,train,fce73678f650.png,0,No_DR
aptos:val/2_Moderate/bb733062f494.png,aptos,A:\DR_classification\data\organized\aptos\val\2_Moderate\bb733062f494.png,val/2_Moderate/bb733062f494.png,val,bb733062f494.png,2,Moderate
aptos:train/0_No_DR/2408799a09b2.png,aptos,A:\DR_classification\data\organized\aptos\train\0_No_DR\2408799a09b2.png,train/0_No_DR/2408799a09b2.png,train,2408799a09b2.png,0,No_DR
aptos:test/2_Moderate/ffa47f6a7bf4.png,aptos,A:\DR_classification\data\organized\aptos\test\2_Moderate\ffa47f6a7bf4.png,test/2_Moderate/ffa47f6a7bf4.png,test,ffa47f6a7bf4.png,2,Moderate
aptos:train/0_No_DR/e4dcca36ceb4.png,aptos,A:\DR_classification\data\organized\aptos\train\0_No_DR\e4dcca36ceb4.png,train/0_No_DR/e4dcca36ceb4.png,train,e4dcca36ceb4.png,0,No_DR
aptos:train/0_No_DR/cffc50047828.png,aptos,A:\DR_classification\data\organized\aptos\train\0_No_DR\cffc50047828.png,train/0_No_DR/cffc50047828.png,train,cffc50047828.png,0,No_DR
aptos:train/1_Mild/27e4c800a449.png,aptos,A:\DR_classification\data\organized\aptos\train\1_Mild\27e4c800a449.png,train/1_Mild/27e4c800a449.png,train,27e4c800a449.png,1,Mild
aptos:val/2_Moderate/1c6d119c3d70.png,aptos,A:\DR_classification\data\organized\aptos\val\2_Moderate\1c6d119c3d70.png,val/2_Moderate/1c6d119c3d70.png,val,1c6d119c3d70.png,2,Moderate
aptos:val/2_Moderate/a150ff5dfe07.png,aptos,A:\DR_classification\data\organized\aptos\val\2_Moderate\a150ff5dfe07.png,val/2_Moderate/a150ff5dfe07.png,val,a150ff5dfe07.png,2,Moderate
aptos:train/0_No_DR/5de4615a5161.png,aptos,A:\DR_classification\data\organized\aptos\train\0_No_DR\5de4615a5161.png,train/0_No_DR/5de4615a5161.png,train,5de4615a5161.png,0,No_DR
aptos:train/0_No_DR/b5e6ae31493c.png,aptos,A:\DR_classification\data\organized\aptos\train\0_No_DR\b5e6ae31493c.png,train/0_No_DR/b5e6ae31493c.png,train,b5e6ae31493c.png,0,No_DR
aptos:train/4_Proliferative_DR/6cd606dc52e9.png,aptos,A:\DR_classification\data\organized\aptos\train\4_Proliferative_DR\6cd606dc52e9.png,train/4_Proliferative_DR/6cd606dc52e9.png,train,6cd606dc52e9.png,4,Proliferative_DR
aptos:train/2_Moderate/6733544ae7a6.png,aptos,A:\DR_classification\data\organized\aptos\train\2_Moderate\6733544ae7a6.png,train/2_Moderate/6733544ae7a6.png,train,6733544ae7a6.png,2,Moderate
aptos:train/2_Moderate/698d6e422a80.png,aptos,A:\DR_classification\data\organized\aptos\train\2_Moderate\698d6e422a80.png,train/2_Moderate/698d6e422a80.png,train,698d6e422a80.png,2,Moderate
aptos:train/0_No_DR/99240ee00485.png,aptos,A:\DR_classification\data\organized\aptos\train\0_No_DR\99240ee00485.png,train/0_No_DR/99240ee00485.png,train,99240ee00485.png,0,No_DR
aptos:train/0_No_DR/5a93c0f783c4.png,aptos,A:\DR_classification\data\organized\aptos\train\0_No_DR\5a93c0f783c4.png,train/0_No_DR/5a93c0f783c4.png,train,5a93c0f783c4.png,0,No_DR
aptos:train/2_Moderate/fc1b1841eadf.png,aptos,A:\DR_classification\data\organized\aptos\train\2_Moderate\fc1b1841eadf.png,train/2_Moderate/fc1b1841eadf.png,train,fc1b1841eadf.png,2,Moderate
aptos:test/0_No_DR/64c6c6ee0d98.png,aptos,A:\DR_classification\data\organized\aptos\test\0_No_DR\64c6c6ee0d98.png,test/0_No_DR/64c6c6ee0d98.png,test,64c6c6ee0d98.png,0,No_DR
aptos:test/0_No_DR/0e0003ddd8df.png,aptos,A:\DR_classification\data\organized\aptos\test\0_No_DR\0e0003ddd8df.png,test/0_No_DR/0e0003ddd8df.png,test,0e0003ddd8df.png,0,No_DR
aptos:train/2_Moderate/38e111cac46f.png,aptos,A:\DR_classification\data\organized\aptos\train\2_Moderate\38e111cac46f.png,train/2_Moderate/38e111cac46f.png,train,38e111cac46f.png,2,Moderate
aptos:train/1_Mild/35d6c4c50072.png,aptos,A:\DR_classification\data\organized\aptos\train\1_Mild\35d6c4c50072.png,train/1_Mild/35d6c4c50072.png,train,35d6c4c50072.png,1,Mild
aptos:val/0_No_DR/c334f8688b77.png,aptos,A:\DR_classification\data\organized\aptos\val\0_No_DR\c334f8688b77.png,val/0_No_DR/c334f8688b77.png,val,c334f8688b77.png,0,No_DR
aptos:val/2_Moderate/282bc792d23a.png,aptos,A:\DR_classification\data\organized\aptos\val\2_Moderate\282bc792d23a.png,val/2_Moderate/282bc792d23a.png,val,282bc792d23a.png,2,Moderate
aptos:train/2_Moderate/eb1ad14dd281.png,aptos,A:\DR_classification\data\organized\aptos\train\2_Moderate\eb1ad14dd281.png,train/2_Moderate/eb1ad14dd281.png,train,eb1ad14dd281.png,2,Moderate
aptos:train/2_Moderate/a9d0c900b6a9.png,aptos,A:\DR_classification\data\organized\aptos\train\2_Moderate\a9d0c900b6a9.png,train/2_Moderate/a9d0c900b6a9.png,train,a9d0c900b6a9.png,2,Moderate
aptos:train/0_No_DR/c97472ef2c66.png,aptos,A:\DR_classification\data\organized\aptos\train\0_No_DR\c97472ef2c66.png,train/0_No_DR/c97472ef2c66.png,train,c97472ef2c66.png,0,No_DR
aptos:train/2_Moderate/0c7e82daf5a0.png,aptos,A:\DR_classification\data\organized\aptos\train\2_Moderate\0c7e82daf5a0.png,train/2_Moderate/0c7e82daf5a0.png,train,0c7e82daf5a0.png,2,Moderate
aptos:train/3_Severe/0f882877bf13.png,aptos,A:\DR_classification\data\organized\aptos\train\3_Severe\0f882877bf13.png,train/3_Severe/0f882877bf13.png,train,0f882877bf13.png,3,Severe
aptos:train/1_Mild/3dbc90c7ee7d.png,aptos,A:\DR_classification\data\organized\aptos\train\1_Mild\3dbc90c7ee7d.png,train/1_Mild/3dbc90c7ee7d.png,train,3dbc90c7ee7d.png,1,Mild
aptos:val/0_No_DR/ba4e62c11cc0.png,aptos,A:\DR_classification\data\organized\aptos\val\0_No_DR\ba4e62c11cc0.png,val/0_No_DR/ba4e62c11cc0.png,val,ba4e62c11cc0.png,0,No_DR
aptos:train/2_Moderate/b402b18d99a5.png,aptos,A:\DR_classification\data\organized\aptos\train\2_Moderate\b402b18d99a5.png,train/2_Moderate/b402b18d99a5.png,train,b402b18d99a5.png,2,Moderate
aptos:train/4_Proliferative_DR/ba08cee68c71.png,aptos,A:\DR_classification\data\organized\aptos\train\4_Proliferative_DR\ba08cee68c71.png,train/4_Proliferative_DR/ba08cee68c71.png,train,ba08cee68c71.png,4,Proliferative_DR
aptos:train/2_Moderate/92f313287a29.png,aptos,A:\DR_classification\data\organized\aptos\train\2_Moderate\92f313287a29.png,train/2_Moderate/92f313287a29.png,train,92f313287a29.png,2,Moderate
aptos:train/2_Moderate/f999c6921e6d.png,aptos,A:\DR_classification\data\organized\aptos\train\2_Moderate\f999c6921e6d.png,train/2_Moderate/f999c6921e6d.png,train,f999c6921e6d.png,2,Moderate
aptos:train/0_No_DR/2927665214e1.png,aptos,A:\DR_classification\data\organized\aptos\train\0_No_DR\2927665214e1.png,train/0_No_DR/2927665214e1.png,train,2927665214e1.png,0,No_DR
aptos:train/0_No_DR/8f10e41a2f02.png,aptos,A:\DR_classification\data\organized\aptos\train\0_No_DR\8f10e41a2f02.png,train/0_No_DR/8f10e41a2f02.png,train,8f10e41a2f02.png,0,No_DR
aptos:train/2_Moderate/9a78c6a7b1c2.png,aptos,A:\DR_classification\data\organized\aptos\train\2_Moderate\9a78c6a7b1c2.png,train/2_Moderate/9a78c6a7b1c2.png,train,9a78c6a7b1c2.png,2,Moderate
aptos:train/0_No_DR/be7f791a7877.png,aptos,A:\DR_classification\data\organized\aptos\train\0_No_DR\be7f791a7877.png,train/0_No_DR/be7f791a7877.png,train,be7f791a7877.png,0,No_DR
aptos:test/3_Severe/51da6aebba8f.png,aptos,A:\DR_classification\data\organized\aptos\test\3_Severe\51da6aebba8f.png,test/3_Severe/51da6aebba8f.png,test,51da6aebba8f.png,3,Severe
aptos:train/1_Mild/0f495d87656a.png,aptos,A:\DR_classification\data\organized\aptos\train\1_Mild\0f495d87656a.png,train/1_Mild/0f495d87656a.png,train,0f495d87656a.png,1,Mild
aptos:train/2_Moderate/300305ce82d2.png,aptos,A:\DR_classification\data\organized\aptos\train\2_Moderate\300305ce82d2.png,train/2_Moderate/300305ce82d2.png,train,300305ce82d2.png,2,Moderate
aptos:train/0_No_DR/4145dcb25053.png,aptos,A:\DR_classification\data\organized\aptos\train\0_No_DR\4145dcb25053.png,train/0_No_DR/4145dcb25053.png,train,4145dcb25053.png,0,No_DR
aptos:train/4_Proliferative_DR/7bc4dd99eee5.png,aptos,A:\DR_classification\data\organized\aptos\train\4_Proliferative_DR\7bc4dd99eee5.png,train/4_Proliferative_DR/7bc4dd99eee5.png,train,7bc4dd99eee5.png,4,Proliferative_DR
aptos:train/0_No_DR/b3f31c371e59.png,aptos,A:\DR_classification\data\organized\aptos\train\0_No_DR\b3f31c371e59.png,train/0_No_DR/b3f31c371e59.png,train,b3f31c371e59.png,0,No_DR
aptos:test/1_Mild/28f98cfe3858.png,aptos,A:\DR_classification\data\organized\aptos\test\1_Mild\28f98cfe3858.png,test/1_Mild/28f98cfe3858.png,test,28f98cfe3858.png,1,Mild
aptos:train/0_No_DR/6bf2a81a5d91.png,aptos,A:\DR_classification\data\organized\aptos\train\0_No_DR\6bf2a81a5d91.png,train/0_No_DR/6bf2a81a5d91.png,train,6bf2a81a5d91.png,0,No_DR
aptos:test/0_No_DR/1002f3fe38f0.png,aptos,A:\DR_classification\data\organized\aptos\test\0_No_DR\1002f3fe38f0.png,test/0_No_DR/1002f3fe38f0.png,test,1002f3fe38f0.png,0,No_DR
aptos:val/2_Moderate/0161338f53cc.png,aptos,A:\DR_classification\data\organized\aptos\val\2_Moderate\0161338f53cc.png,val/2_Moderate/0161338f53cc.png,val,0161338f53cc.png,2,Moderate
aptos:train/0_No_DR/51aa3361294c.png,aptos,A:\DR_classification\data\organized\aptos\train\0_No_DR\51aa3361294c.png,train/0_No_DR/51aa3361294c.png,train,51aa3361294c.png,0,No_DR
aptos:train/4_Proliferative_DR/312694ea8e6a.png,aptos,A:\DR_classification\data\organized\aptos\train\4_Proliferative_DR\312694ea8e6a.png,train/4_Proliferative_DR/312694ea8e6a.png,train,312694ea8e6a.png,4,Proliferative_DR
aptos:train/1_Mild/fb6b8200b7f8.png,aptos,A:\DR_classification\data\organized\aptos\train\1_Mild\fb6b8200b7f8.png,train/1_Mild/fb6b8200b7f8.png,train,fb6b8200b7f8.png,1,Mild
aptos:train/2_Moderate/302bcdb635ff.png,aptos,A:\DR_classification\data\organized\aptos\train\2_Moderate\302bcdb635ff.png,train/2_Moderate/302bcdb635ff.png,train,302bcdb635ff.png,2,Moderate
aptos:train/2_Moderate/3a122851e526.png,aptos,A:\DR_classification\data\organized\aptos\train\2_Moderate\3a122851e526.png,train/2_Moderate/3a122851e526.png,train,3a122851e526.png,2,Moderate
aptos:train/1_Mild/f481f76a6b75.png,aptos,A:\DR_classification\data\organized\aptos\train\1_Mild\f481f76a6b75.png,train/1_Mild/f481f76a6b75.png,train,f481f76a6b75.png,1,Mild
aptos:train/0_No_DR/ab653b8554c0.png,aptos,A:\DR_classification\data\organized\aptos\train\0_No_DR\ab653b8554c0.png,train/0_No_DR/ab653b8554c0.png,train,ab653b8554c0.png,0,No_DR
aptos:train/0_No_DR/a188c60b93fb.png,aptos,A:\DR_classification\data\organized\aptos\train\0_No_DR\a188c60b93fb.png,train/0_No_DR/a188c60b93fb.png,train,a188c60b93fb.png,0,No_DR
aptos:test/1_Mild/f762c272c522.png,aptos,A:\DR_classification\data\organized\aptos\test\1_Mild\f762c272c522.png,test/1_Mild/f762c272c522.png,test,f762c272c522.png,1,Mild
aptos:train/0_No_DR/addf66a50f42.png,aptos,A:\DR_classification\data\organized\aptos\train\0_No_DR\addf66a50f42.png,train/0_No_DR/addf66a50f42.png,train,addf66a50f42.png,0,No_DR
aptos:train/0_No_DR/d30d079e6f9a.png,aptos,A:\DR_classification\data\organized\aptos\train\0_No_DR\d30d079e6f9a.png,train/0_No_DR/d30d079e6f9a.png,train,d30d079e6f9a.png,0,No_DR
aptos:train/4_Proliferative_DR/bdff5d8bddf8.png,aptos,A:\DR_classification\data\organized\aptos\train\4_Proliferative_DR\bdff5d8bddf8.png,train/4_Proliferative_DR/bdff5d8bddf8.png,train,bdff5d8bddf8.png,4,Proliferative_DR
aptos:val/3_Severe/05cd0178ccfe.png,aptos,A:\DR_classification\data\organized\aptos\val\3_Severe\05cd0178ccfe.png,val/3_Severe/05cd0178ccfe.png,val,05cd0178ccfe.png,3,Severe
aptos:train/3_Severe/4df6a81b476e.png,aptos,A:\DR_classification\data\organized\aptos\train\3_Severe\4df6a81b476e.png,train/3_Severe/4df6a81b476e.png,train,4df6a81b476e.png,3,Severe
aptos:val/1_Mild/d5b4705ac2ee.png,aptos,A:\DR_classification\data\organized\aptos\val\1_Mild\d5b4705ac2ee.png,val/1_Mild/d5b4705ac2ee.png,val,d5b4705ac2ee.png,1,Mild
aptos:val/1_Mild/e25ccfe38e44.png,aptos,A:\DR_classification\data\organized\aptos\val\1_Mild\e25ccfe38e44.png,val/1_Mild/e25ccfe38e44.png,val,e25ccfe38e44.png,1,Mild
aptos:val/0_No_DR/c096131ad065.png,aptos,A:\DR_classification\data\organized\aptos\val\0_No_DR\c096131ad065.png,val/0_No_DR/c096131ad065.png,val,c096131ad065.png,0,No_DR
aptos:train/4_Proliferative_DR/710b05a96e0f.png,aptos,A:\DR_classification\data\organized\aptos\train\4_Proliferative_DR\710b05a96e0f.png,train/4_Proliferative_DR/710b05a96e0f.png,train,710b05a96e0f.png,4,Proliferative_DR
aptos:val/2_Moderate/0953c0ac1735.png,aptos,A:\DR_classification\data\organized\aptos\val\2_Moderate\0953c0ac1735.png,val/2_Moderate/0953c0ac1735.png,val,0953c0ac1735.png,2,Moderate
aptos:train/0_No_DR/1ca35d483772.png,aptos,A:\DR_classification\data\organized\aptos\train\0_No_DR\1ca35d483772.png,train/0_No_DR/1ca35d483772.png,train,1ca35d483772.png,0,No_DR
aptos:train/0_No_DR/db3cd58aa315.png,aptos,A:\DR_classification\data\organized\aptos\train\0_No_DR\db3cd58aa315.png,train/0_No_DR/db3cd58aa315.png,train,db3cd58aa315.png,0,No_DR
aptos:train/1_Mild/4e6071b73120.png,aptos,A:\DR_classification\data\organized\aptos\train\1_Mild\4e6071b73120.png,train/1_Mild/4e6071b73120.png,train,4e6071b73120.png,1,Mild
aptos:train/0_No_DR/165c548185f8.png,aptos,A:\DR_classification\data\organized\aptos\train\0_No_DR\165c548185f8.png,train/0_No_DR/165c548185f8.png,train,165c548185f8.png,0,No_DR
aptos:train/2_Moderate/917f76f360b6.png,aptos,A:\DR_classification\data\organized\aptos\train\2_Moderate\917f76f360b6.png,train/2_Moderate/917f76f360b6.png,train,917f76f360b6.png,2,Moderate
aptos:train/2_Moderate/70ed3ec68b94.png,aptos,A:\DR_classification\data\organized\aptos\train\2_Moderate\70ed3ec68b94.png,train/2_Moderate/70ed3ec68b94.png,train,70ed3ec68b94.png,2,Moderate
aptos:train/3_Severe/fb61230b99dd.png,aptos,A:\DR_classification\data\organized\aptos\train\3_Severe\fb61230b99dd.png,train/3_Severe/fb61230b99dd.png,train,fb61230b99dd.png,3,Severe
aptos:test/0_No_DR/f5c953bee7cd.png,aptos,A:\DR_classification\data\organized\aptos\test\0_No_DR\f5c953bee7cd.png,test/0_No_DR/f5c953bee7cd.png,test,f5c953bee7cd.png,0,No_DR
aptos:test/0_No_DR/946545473380.png,aptos,A:\DR_classification\data\organized\aptos\test\0_No_DR\946545473380.png,test/0_No_DR/946545473380.png,test,946545473380.png,0,No_DR
aptos:train/4_Proliferative_DR/64fedbf97473.png,aptos,A:\DR_classification\data\organized\aptos\train\4_Proliferative_DR\64fedbf97473.png,train/4_Proliferative_DR/64fedbf97473.png,train,64fedbf97473.png,4,Proliferative_DR
aptos:train/0_No_DR/f90f8931a9bc.png,aptos,A:\DR_classification\data\organized\aptos\train\0_No_DR\f90f8931a9bc.png,train/0_No_DR/f90f8931a9bc.png,train,f90f8931a9bc.png,0,No_DR
aptos:val/0_No_DR/18cde9649e90.png,aptos,A:\DR_classification\data\organized\aptos\val\0_No_DR\18cde9649e90.png,val/0_No_DR/18cde9649e90.png,val,18cde9649e90.png,0,No_DR
aptos:val/2_Moderate/2b88cb6e31cd.png,aptos,A:\DR_classification\data\organized\aptos\val\2_Moderate\2b88cb6e31cd.png,val/2_Moderate/2b88cb6e31cd.png,val,2b88cb6e31cd.png,2,Moderate
aptos:train/1_Mild/545df1bbcd61.png,aptos,A:\DR_classification\data\organized\aptos\train\1_Mild\545df1bbcd61.png,train/1_Mild/545df1bbcd61.png,train,545df1bbcd61.png,1,Mild
aptos:train/0_No_DR/46acc506fa61.png,aptos,A:\DR_classification\data\organized\aptos\train\0_No_DR\46acc506fa61.png,train/0_No_DR/46acc506fa61.png,train,46acc506fa61.png,0,No_DR
aptos:train/0_No_DR/97a235367f9d.png,aptos,A:\DR_classification\data\organized\aptos\train\0_No_DR\97a235367f9d.png,train/0_No_DR/97a235367f9d.png,train,97a235367f9d.png,0,No_DR
aptos:train/0_No_DR/43bc7c066dfb.png,aptos,A:\DR_classification\data\organized\aptos\train\0_No_DR\43bc7c066dfb.png,train/0_No_DR/43bc7c066dfb.png,train,43bc7c066dfb.png,0,No_DR
aptos:train/4_Proliferative_DR/7a238a1d3cf3.png,aptos,A:\DR_classification\data\organized\aptos\train\4_Proliferative_DR\7a238a1d3cf3.png,train/4_Proliferative_DR/7a238a1d3cf3.png,train,7a238a1d3cf3.png,4,Proliferative_DR
aptos:train/3_Severe/c67117c6ab3b.png,aptos,A:\DR_classification\data\organized\aptos\train\3_Severe\c67117c6ab3b.png,train/3_Severe/c67117c6ab3b.png,train,c67117c6ab3b.png,3,Severe
aptos:val/2_Moderate/af828dab3ffc.png,aptos,A:\DR_classification\data\organized\aptos\val\2_Moderate\af828dab3ffc.png,val/2_Moderate/af828dab3ffc.png,val,af828dab3ffc.png,2,Moderate
aptos:test/1_Mild/bb45257258cc.png,aptos,A:\DR_classification\data\organized\aptos\test\1_Mild\bb45257258cc.png,test/1_Mild/bb45257258cc.png,test,bb45257258cc.png,1,Mild
aptos:train/0_No_DR/8be6629a6039.png,aptos,A:\DR_classification\data\organized\aptos\train\0_No_DR\8be6629a6039.png,train/0_No_DR/8be6629a6039.png,train,8be6629a6039.png,0,No_DR
aptos:train/0_No_DR/febfb20dc311.png,aptos,A:\DR_classification\data\organized\aptos\train\0_No_DR\febfb20dc311.png,train/0_No_DR/febfb20dc311.png,train,febfb20dc311.png,0,No_DR
aptos:val/4_Proliferative_DR/8bad12d70368.png,aptos,A:\DR_classification\data\organized\aptos\val\4_Proliferative_DR\8bad12d70368.png,val/4_Proliferative_DR/8bad12d70368.png,val,8bad12d70368.png,4,Proliferative_DR
aptos:val/4_Proliferative_DR/b49b2fac2514.png,aptos,A:\DR_classification\data\organized\aptos\val\4_Proliferative_DR\b49b2fac2514.png,val/4_Proliferative_DR/b49b2fac2514.png,val,b49b2fac2514.png,4,Proliferative_DR
aptos:train/0_No_DR/4c53cc97ea13.png,aptos,A:\DR_classification\data\organized\aptos\train\0_No_DR\4c53cc97ea13.png,train/0_No_DR/4c53cc97ea13.png,train,4c53cc97ea13.png,0,No_DR
aptos:train/0_No_DR/1c13a1483f4a.png,aptos,A:\DR_classification\data\organized\aptos\train\0_No_DR\1c13a1483f4a.png,train/0_No_DR/1c13a1483f4a.png,train,1c13a1483f4a.png,0,No_DR
aptos:test/2_Moderate/de778495a1cd.png,aptos,A:\DR_classification\data\organized\aptos\test\2_Moderate\de778495a1cd.png,test/2_Moderate/de778495a1cd.png,test,de778495a1cd.png,2,Moderate
aptos:train/2_Moderate/cc839823755b.png,aptos,A:\DR_classification\data\organized\aptos\train\2_Moderate\cc839823755b.png,train/2_Moderate/cc839823755b.png,train,cc839823755b.png,2,Moderate
aptos:train/1_Mild/07a1c7073982.png,aptos,A:\DR_classification\data\organized\aptos\train\1_Mild\07a1c7073982.png,train/1_Mild/07a1c7073982.png,train,07a1c7073982.png,1,Mild
aptos:val/2_Moderate/de50dfa745f8.png,aptos,A:\DR_classification\data\organized\aptos\val\2_Moderate\de50dfa745f8.png,val/2_Moderate/de50dfa745f8.png,val,de50dfa745f8.png,2,Moderate
aptos:train/0_No_DR/84b79243e430.png,aptos,A:\DR_classification\data\organized\aptos\train\0_No_DR\84b79243e430.png,train/0_No_DR/84b79243e430.png,train,84b79243e430.png,0,No_DR
aptos:train/0_No_DR/4d3de40ced3a.png,aptos,A:\DR_classification\data\organized\aptos\train\0_No_DR\4d3de40ced3a.png,train/0_No_DR/4d3de40ced3a.png,train,4d3de40ced3a.png,0,No_DR
aptos:test/2_Moderate/96c3e3db68bc.png,aptos,A:\DR_classification\data\organized\aptos\test\2_Moderate\96c3e3db68bc.png,test/2_Moderate/96c3e3db68bc.png,test,96c3e3db68bc.png,2,Moderate
aptos:train/2_Moderate/47e51065b819.png,aptos,A:\DR_classification\data\organized\aptos\train\2_Moderate\47e51065b819.png,train/2_Moderate/47e51065b819.png,train,47e51065b819.png,2,Moderate
aptos:test/3_Severe/6baafa56895c.png,aptos,A:\DR_classification\data\organized\aptos\test\3_Severe\6baafa56895c.png,test/3_Severe/6baafa56895c.png,test,6baafa56895c.png,3,Severe
aptos:train/0_No_DR/571bbdbf585e.png,aptos,A:\DR_classification\data\organized\aptos\train\0_No_DR\571bbdbf585e.png,train/0_No_DR/571bbdbf585e.png,train,571bbdbf585e.png,0,No_DR
aptos:train/0_No_DR/bf811911acf9.png,aptos,A:\DR_classification\data\organized\aptos\train\0_No_DR\bf811911acf9.png,train/0_No_DR/bf811911acf9.png,train,bf811911acf9.png,0,No_DR
aptos:test/0_No_DR/e03a74e7d74f.png,aptos,A:\DR_classification\data\organized\aptos\test\0_No_DR\e03a74e7d74f.png,test/0_No_DR/e03a74e7d74f.png,test,e03a74e7d74f.png,0,No_DR
aptos:val/1_Mild/cb2f3c5d71a7.png,aptos,A:\DR_classification\data\organized\aptos\val\1_Mild\cb2f3c5d71a7.png,val/1_Mild/cb2f3c5d71a7.png,val,cb2f3c5d71a7.png,1,Mild
aptos:train/0_No_DR/3710ff45299c.png,aptos,A:\DR_classification\data\organized\aptos\train\0_No_DR\3710ff45299c.png,train/0_No_DR/3710ff45299c.png,train,3710ff45299c.png,0,No_DR
aptos:val/0_No_DR/59bd19c1c5bb.png,aptos,A:\DR_classification\data\organized\aptos\val\0_No_DR\59bd19c1c5bb.png,val/0_No_DR/59bd19c1c5bb.png,val,59bd19c1c5bb.png,0,No_DR
aptos:train/2_Moderate/a0267206d51e.png,aptos,A:\DR_classification\data\organized\aptos\train\2_Moderate\a0267206d51e.png,train/2_Moderate/a0267206d51e.png,train,a0267206d51e.png,2,Moderate
aptos:train/0_No_DR/2585bbc91909.png,aptos,A:\DR_classification\data\organized\aptos\train\0_No_DR\2585bbc91909.png,train/0_No_DR/2585bbc91909.png,train,2585bbc91909.png,0,No_DR
aptos:train/0_No_DR/b10fca20c885.png,aptos,A:\DR_classification\data\organized\aptos\train\0_No_DR\b10fca20c885.png,train/0_No_DR/b10fca20c885.png,train,b10fca20c885.png,0,No_DR
aptos:test/0_No_DR/f952ad2e4356.png,aptos,A:\DR_classification\data\organized\aptos\test\0_No_DR\f952ad2e4356.png,test/0_No_DR/f952ad2e4356.png,test,f952ad2e4356.png,0,No_DR
aptos:test/0_No_DR/4409965eb2a4.png,aptos,A:\DR_classification\data\organized\aptos\test\0_No_DR\4409965eb2a4.png,test/0_No_DR/4409965eb2a4.png,test,4409965eb2a4.png,0,No_DR
aptos:val/0_No_DR/7a77c3eb468c.png,aptos,A:\DR_classification\data\organized\aptos\val\0_No_DR\7a77c3eb468c.png,val/0_No_DR/7a77c3eb468c.png,val,7a77c3eb468c.png,0,No_DR
aptos:train/1_Mild/22098b1fe461.png,aptos,A:\DR_classification\data\organized\aptos\train\1_Mild\22098b1fe461.png,train/1_Mild/22098b1fe461.png,train,22098b1fe461.png,1,Mild
aptos:train/0_No_DR/e5de79795c1d.png,aptos,A:\DR_classification\data\organized\aptos\train\0_No_DR\e5de79795c1d.png,train/0_No_DR/e5de79795c1d.png,train,e5de79795c1d.png,0,No_DR
aptos:train/2_Moderate/3b9c1f42c2f2.png,aptos,A:\DR_classification\data\organized\aptos\train\2_Moderate\3b9c1f42c2f2.png,train/2_Moderate/3b9c1f42c2f2.png,train,3b9c1f42c2f2.png,2,Moderate
aptos:train/0_No_DR/fd0a70082e7c.png,aptos,A:\DR_classification\data\organized\aptos\train\0_No_DR\fd0a70082e7c.png,train/0_No_DR/fd0a70082e7c.png,train,fd0a70082e7c.png,0,No_DR
aptos:train/0_No_DR/210bfe0127c6.png,aptos,A:\DR_classification\data\organized\aptos\train\0_No_DR\210bfe0127c6.png,train/0_No_DR/210bfe0127c6.png,train,210bfe0127c6.png,0,No_DR
aptos:train/0_No_DR/0abf0c485f66.png,aptos,A:\DR_classification\data\organized\aptos\train\0_No_DR\0abf0c485f66.png,train/0_No_DR/0abf0c485f66.png,train,0abf0c485f66.png,0,No_DR
aptos:train/2_Moderate/653534ded339.png,aptos,A:\DR_classification\data\organized\aptos\train\2_Moderate\653534ded339.png,train/2_Moderate/653534ded339.png,train,653534ded339.png,2,Moderate
aptos:train/0_No_DR/75369248dba0.png,aptos,A:\DR_classification\data\organized\aptos\train\0_No_DR\75369248dba0.png,train/0_No_DR/75369248dba0.png,train,75369248dba0.png,0,No_DR
aptos:val/2_Moderate/00b74780d31d.png,aptos,A:\DR_classification\data\organized\aptos\val\2_Moderate\00b74780d31d.png,val/2_Moderate/00b74780d31d.png,val,00b74780d31d.png,2,Moderate
aptos:train/4_Proliferative_DR/b37aae3c8fe1.png,aptos,A:\DR_classification\data\organized\aptos\train\4_Proliferative_DR\b37aae3c8fe1.png,train/4_Proliferative_DR/b37aae3c8fe1.png,train,b37aae3c8fe1.png,4,Proliferative_DR
aptos:train/0_No_DR/f42b693a9414.png,aptos,A:\DR_classification\data\organized\aptos\train\0_No_DR\f42b693a9414.png,train/0_No_DR/f42b693a9414.png,train,f42b693a9414.png,0,No_DR
aptos:val/0_No_DR/099021fac3c9.png,aptos,A:\DR_classification\data\organized\aptos\val\0_No_DR\099021fac3c9.png,val/0_No_DR/099021fac3c9.png,val,099021fac3c9.png,0,No_DR
aptos:train/0_No_DR/8e2a3978c244.png,aptos,A:\DR_classification\data\organized\aptos\train\0_No_DR\8e2a3978c244.png,train/0_No_DR/8e2a3978c244.png,train,8e2a3978c244.png,0,No_DR
aptos:train/2_Moderate/dee687c6e88a.png,aptos,A:\DR_classification\data\organized\aptos\train\2_Moderate\dee687c6e88a.png,train/2_Moderate/dee687c6e88a.png,train,dee687c6e88a.png,2,Moderate
aptos:train/0_No_DR/3580a545016d.png,aptos,A:\DR_classification\data\organized\aptos\train\0_No_DR\3580a545016d.png,train/0_No_DR/3580a545016d.png,train,3580a545016d.png,0,No_DR
aptos:train/0_No_DR/f4de9620e3f2.png,aptos,A:\DR_classification\data\organized\aptos\train\0_No_DR\f4de9620e3f2.png,train/0_No_DR/f4de9620e3f2.png,train,f4de9620e3f2.png,0,No_DR
aptos:train/0_No_DR/b086c7cd3868.png,aptos,A:\DR_classification\data\organized\aptos\train\0_No_DR\b086c7cd3868.png,train/0_No_DR/b086c7cd3868.png,train,b086c7cd3868.png,0,No_DR
aptos:train/0_No_DR/fbdc796290d4.png,aptos,A:\DR_classification\data\organized\aptos\train\0_No_DR\fbdc796290d4.png,train/0_No_DR/fbdc796290d4.png,train,fbdc796290d4.png,0,No_DR
aptos:train/3_Severe/6061f5b7378d.png,aptos,A:\DR_classification\data\organized\aptos\train\3_Severe\6061f5b7378d.png,train/3_Severe/6061f5b7378d.png,train,6061f5b7378d.png,3,Severe
aptos:train/0_No_DR/fa9bece586fc.png,aptos,A:\DR_classification\data\organized\aptos\train\0_No_DR\fa9bece586fc.png,train/0_No_DR/fa9bece586fc.png,train,fa9bece586fc.png,0,No_DR
aptos:val/2_Moderate/2a47e5b21791.png,aptos,A:\DR_classification\data\organized\aptos\val\2_Moderate\2a47e5b21791.png,val/2_Moderate/2a47e5b21791.png,val,2a47e5b21791.png,2,Moderate
aptos:val/0_No_DR/9be71d6d7e59.png,aptos,A:\DR_classification\data\organized\aptos\val\0_No_DR\9be71d6d7e59.png,val/0_No_DR/9be71d6d7e59.png,val,9be71d6d7e59.png,0,No_DR
aptos:train/0_No_DR/186c1835eec5.png,aptos,A:\DR_classification\data\organized\aptos\train\0_No_DR\186c1835eec5.png,train/0_No_DR/186c1835eec5.png,train,186c1835eec5.png,0,No_DR
aptos:train/0_No_DR/90bde2ff8953.png,aptos,A:\DR_classification\data\organized\aptos\train\0_No_DR\90bde2ff8953.png,train/0_No_DR/90bde2ff8953.png,train,90bde2ff8953.png,0,No_DR
aptos:train/0_No_DR/0b8bdec9d869.png,aptos,A:\DR_classification\data\organized\aptos\train\0_No_DR\0b8bdec9d869.png,train/0_No_DR/0b8bdec9d869.png,train,0b8bdec9d869.png,0,No_DR
aptos:train/0_No_DR/6f689fced922.png,aptos,A:\DR_classification\data\organized\aptos\train\0_No_DR\6f689fced922.png,train/0_No_DR/6f689fced922.png,train,6f689fced922.png,0,No_DR
aptos:train/2_Moderate/c5431b81cbc9.png,aptos,A:\DR_classification\data\organized\aptos\train\2_Moderate\c5431b81cbc9.png,train/2_Moderate/c5431b81cbc9.png,train,c5431b81cbc9.png,2,Moderate
aptos:train/0_No_DR/0ae2dd2e09ea.png,aptos,A:\DR_classification\data\organized\aptos\train\0_No_DR\0ae2dd2e09ea.png,train/0_No_DR/0ae2dd2e09ea.png,train,0ae2dd2e09ea.png,0,No_DR
aptos:train/0_No_DR/e97ecf4355cb.png,aptos,A:\DR_classification\data\organized\aptos\train\0_No_DR\e97ecf4355cb.png,train/0_No_DR/e97ecf4355cb.png,train,e97ecf4355cb.png,0,No_DR
aptos:test/0_No_DR/aeab0a63bcaf.png,aptos,A:\DR_classification\data\organized\aptos\test\0_No_DR\aeab0a63bcaf.png,test/0_No_DR/aeab0a63bcaf.png,test,aeab0a63bcaf.png,0,No_DR
aptos:train/3_Severe/4d47300e3ddb.png,aptos,A:\DR_classification\data\organized\aptos\train\3_Severe\4d47300e3ddb.png,train/3_Severe/4d47300e3ddb.png,train,4d47300e3ddb.png,3,Severe
aptos:train/1_Mild/756b0d6488bb.png,aptos,A:\DR_classification\data\organized\aptos\train\1_Mild\756b0d6488bb.png,train/1_Mild/756b0d6488bb.png,train,756b0d6488bb.png,1,Mild
aptos:val/0_No_DR/8dafa62f9322.png,aptos,A:\DR_classification\data\organized\aptos\val\0_No_DR\8dafa62f9322.png,val/0_No_DR/8dafa62f9322.png,val,8dafa62f9322.png,0,No_DR
aptos:test/4_Proliferative_DR/d48178e4a49b.png,aptos,A:\DR_classification\data\organized\aptos\test\4_Proliferative_DR\d48178e4a49b.png,test/4_Proliferative_DR/d48178e4a49b.png,test,d48178e4a49b.png,4,Proliferative_DR
aptos:train/2_Moderate/c252da9b41d8.png,aptos,A:\DR_classification\data\organized\aptos\train\2_Moderate\c252da9b41d8.png,train/2_Moderate/c252da9b41d8.png,train,c252da9b41d8.png,2,Moderate
aptos:val/4_Proliferative_DR/d2c2f02bb313.png,aptos,A:\DR_classification\data\organized\aptos\val\4_Proliferative_DR\d2c2f02bb313.png,val/4_Proliferative_DR/d2c2f02bb313.png,val,d2c2f02bb313.png,4,Proliferative_DR
aptos:test/0_No_DR/ed648b9bcd95.png,aptos,A:\DR_classification\data\organized\aptos\test\0_No_DR\ed648b9bcd95.png,test/0_No_DR/ed648b9bcd95.png,test,ed648b9bcd95.png,0,No_DR
aptos:val/2_Moderate/0af296d2f04a.png,aptos,A:\DR_classification\data\organized\aptos\val\2_Moderate\0af296d2f04a.png,val/2_Moderate/0af296d2f04a.png,val,0af296d2f04a.png,2,Moderate
aptos:train/0_No_DR/6f460f9968c7.png,aptos,A:\DR_classification\data\organized\aptos\train\0_No_DR\6f460f9968c7.png,train/0_No_DR/6f460f9968c7.png,train,6f460f9968c7.png,0,No_DR
aptos:train/0_No_DR/a7673ac44509.png,aptos,A:\DR_classification\data\organized\aptos\train\0_No_DR\a7673ac44509.png,train/0_No_DR/a7673ac44509.png,train,a7673ac44509.png,0,No_DR
aptos:train/4_Proliferative_DR/6f923b60934b.png,aptos,A:\DR_classification\data\organized\aptos\train\4_Proliferative_DR\6f923b60934b.png,train/4_Proliferative_DR/6f923b60934b.png,train,6f923b60934b.png,4,Proliferative_DR
aptos:test/1_Mild/c56e65f74187.png,aptos,A:\DR_classification\data\organized\aptos\test\1_Mild\c56e65f74187.png,test/1_Mild/c56e65f74187.png,test,c56e65f74187.png,1,Mild
aptos:val/2_Moderate/0fd16b64697e.png,aptos,A:\DR_classification\data\organized\aptos\val\2_Moderate\0fd16b64697e.png,val/2_Moderate/0fd16b64697e.png,val,0fd16b64697e.png,2,Moderate
aptos:train/1_Mild/13ab8db8c700.png,aptos,A:\DR_classification\data\organized\aptos\train\1_Mild\13ab8db8c700.png,train/1_Mild/13ab8db8c700.png,train,13ab8db8c700.png,1,Mild
aptos:train/0_No_DR/4210809074c1.png,aptos,A:\DR_classification\data\organized\aptos\train\0_No_DR\4210809074c1.png,train/0_No_DR/4210809074c1.png,train,4210809074c1.png,0,No_DR
aptos:test/3_Severe/90b8bf342032.png,aptos,A:\DR_classification\data\organized\aptos\test\3_Severe\90b8bf342032.png,test/3_Severe/90b8bf342032.png,test,90b8bf342032.png,3,Severe
aptos:train/2_Moderate/dd110d2b8c21.png,aptos,A:\DR_classification\data\organized\aptos\train\2_Moderate\dd110d2b8c21.png,train/2_Moderate/dd110d2b8c21.png,train,dd110d2b8c21.png,2,Moderate
aptos:train/2_Moderate/a62ea0043aa7.png,aptos,A:\DR_classification\data\organized\aptos\train\2_Moderate\a62ea0043aa7.png,train/2_Moderate/a62ea0043aa7.png,train,a62ea0043aa7.png,2,Moderate
aptos:train/0_No_DR/de55ed25e0e8.png,aptos,A:\DR_classification\data\organized\aptos\train\0_No_DR\de55ed25e0e8.png,train/0_No_DR/de55ed25e0e8.png,train,de55ed25e0e8.png,0,No_DR
aptos:train/0_No_DR/870fbe6eaa68.png,aptos,A:\DR_classification\data\organized\aptos\train\0_No_DR\870fbe6eaa68.png,train/0_No_DR/870fbe6eaa68.png,train,870fbe6eaa68.png,0,No_DR
aptos:train/0_No_DR/1f4fb37e0854.png,aptos,A:\DR_classification\data\organized\aptos\train\0_No_DR\1f4fb37e0854.png,train/0_No_DR/1f4fb37e0854.png,train,1f4fb37e0854.png,0,No_DR
aptos:val/0_No_DR/3dec415b188a.png,aptos,A:\DR_classification\data\organized\aptos\val\0_No_DR\3dec415b188a.png,val/0_No_DR/3dec415b188a.png,val,3dec415b188a.png,0,No_DR
aptos:val/0_No_DR/8acdf12f412a.png,aptos,A:\DR_classification\data\organized\aptos\val\0_No_DR\8acdf12f412a.png,val/0_No_DR/8acdf12f412a.png,val,8acdf12f412a.png,0,No_DR
aptos:val/0_No_DR/190a309f2cc5.png,aptos,A:\DR_classification\data\organized\aptos\val\0_No_DR\190a309f2cc5.png,val/0_No_DR/190a309f2cc5.png,val,190a309f2cc5.png,0,No_DR
aptos:train/2_Moderate/e7defafeb957.png,aptos,A:\DR_classification\data\organized\aptos\train\2_Moderate\e7defafeb957.png,train/2_Moderate/e7defafeb957.png,train,e7defafeb957.png,2,Moderate
aptos:val/0_No_DR/4b237b958555.png,aptos,A:\DR_classification\data\organized\aptos\val\0_No_DR\4b237b958555.png,val/0_No_DR/4b237b958555.png,val,4b237b958555.png,0,No_DR
aptos:train/4_Proliferative_DR/d803598dabda.png,aptos,A:\DR_classification\data\organized\aptos\train\4_Proliferative_DR\d803598dabda.png,train/4_Proliferative_DR/d803598dabda.png,train,d803598dabda.png,4,Proliferative_DR
aptos:train/2_Moderate/2fdffb6160a6.png,aptos,A:\DR_classification\data\organized\aptos\train\2_Moderate\2fdffb6160a6.png,train/2_Moderate/2fdffb6160a6.png,train,2fdffb6160a6.png,2,Moderate
aptos:test/2_Moderate/c3e02d4a1798.png,aptos,A:\DR_classification\data\organized\aptos\test\2_Moderate\c3e02d4a1798.png,test/2_Moderate/c3e02d4a1798.png,test,c3e02d4a1798.png,2,Moderate
aptos:train/0_No_DR/dc0f6e5b489b.png,aptos,A:\DR_classification\data\organized\aptos\train\0_No_DR\dc0f6e5b489b.png,train/0_No_DR/dc0f6e5b489b.png,train,dc0f6e5b489b.png,0,No_DR
aptos:train/0_No_DR/28dc010a0780.png,aptos,A:\DR_classification\data\organized\aptos\train\0_No_DR\28dc010a0780.png,train/0_No_DR/28dc010a0780.png,train,28dc010a0780.png,0,No_DR
aptos:train/0_No_DR/a528be013a04.png,aptos,A:\DR_classification\data\organized\aptos\train\0_No_DR\a528be013a04.png,train/0_No_DR/a528be013a04.png,train,a528be013a04.png,0,No_DR
aptos:val/2_Moderate/d85a842d20bd.png,aptos,A:\DR_classification\data\organized\aptos\val\2_Moderate\d85a842d20bd.png,val/2_Moderate/d85a842d20bd.png,val,d85a842d20bd.png,2,Moderate
aptos:test/0_No_DR/31360e44ac64.png,aptos,A:\DR_classification\data\organized\aptos\test\0_No_DR\31360e44ac64.png,test/0_No_DR/31360e44ac64.png,test,31360e44ac64.png,0,No_DR
aptos:train/0_No_DR/0a902c80d5da.png,aptos,A:\DR_classification\data\organized\aptos\train\0_No_DR\0a902c80d5da.png,train/0_No_DR/0a902c80d5da.png,train,0a902c80d5da.png,0,No_DR
aptos:test/4_Proliferative_DR/51a1d162e223.png,aptos,A:\DR_classification\data\organized\aptos\test\4_Proliferative_DR\51a1d162e223.png,test/4_Proliferative_DR/51a1d162e223.png,test,51a1d162e223.png,4,Proliferative_DR
aptos:val/0_No_DR/6e092caa065f.png,aptos,A:\DR_classification\data\organized\aptos\val\0_No_DR\6e092caa065f.png,val/0_No_DR/6e092caa065f.png,val,6e092caa065f.png,0,No_DR
aptos:train/4_Proliferative_DR/d0b132d2c7ec.png,aptos,A:\DR_classification\data\organized\aptos\train\4_Proliferative_DR\d0b132d2c7ec.png,train/4_Proliferative_DR/d0b132d2c7ec.png,train,d0b132d2c7ec.png,4,Proliferative_DR
aptos:train/2_Moderate/e0863b353093.png,aptos,A:\DR_classification\data\organized\aptos\train\2_Moderate\e0863b353093.png,train/2_Moderate/e0863b353093.png,train,e0863b353093.png,2,Moderate
aptos:train/4_Proliferative_DR/857230f64a2e.png,aptos,A:\DR_classification\data\organized\aptos\train\4_Proliferative_DR\857230f64a2e.png,train/4_Proliferative_DR/857230f64a2e.png,train,857230f64a2e.png,4,Proliferative_DR
aptos:train/0_No_DR/77acc2cafee1.png,aptos,A:\DR_classification\data\organized\aptos\train\0_No_DR\77acc2cafee1.png,train/0_No_DR/77acc2cafee1.png,train,77acc2cafee1.png,0,No_DR
aptos:train/0_No_DR/c06024f05a16.png,aptos,A:\DR_classification\data\organized\aptos\train\0_No_DR\c06024f05a16.png,train/0_No_DR/c06024f05a16.png,train,c06024f05a16.png,0,No_DR
aptos:train/1_Mild/10f36b0239fb.png,aptos,A:\DR_classification\data\organized\aptos\train\1_Mild\10f36b0239fb.png,train/1_Mild/10f36b0239fb.png,train,10f36b0239fb.png,1,Mild
aptos:train/2_Moderate/855f0a5442b6.png,aptos,A:\DR_classification\data\organized\aptos\train\2_Moderate\855f0a5442b6.png,train/2_Moderate/855f0a5442b6.png,train,855f0a5442b6.png,2,Moderate
aptos:train/0_No_DR/49eb73968c44.png,aptos,A:\DR_classification\data\organized\aptos\train\0_No_DR\49eb73968c44.png,train/0_No_DR/49eb73968c44.png,train,49eb73968c44.png,0,No_DR
aptos:test/2_Moderate/1438288bb2e1.png,aptos,A:\DR_classification\data\organized\aptos\test\2_Moderate\1438288bb2e1.png,test/2_Moderate/1438288bb2e1.png,test,1438288bb2e1.png,2,Moderate
aptos:val/0_No_DR/d74ccc796517.png,aptos,A:\DR_classification\data\organized\aptos\val\0_No_DR\d74ccc796517.png,val/0_No_DR/d74ccc796517.png,val,d74ccc796517.png,0,No_DR
aptos:train/2_Moderate/07083738b75e.png,aptos,A:\DR_classification\data\organized\aptos\train\2_Moderate\07083738b75e.png,train/2_Moderate/07083738b75e.png,train,07083738b75e.png,2,Moderate
aptos:train/0_No_DR/881ec6186e68.png,aptos,A:\DR_classification\data\organized\aptos\train\0_No_DR\881ec6186e68.png,train/0_No_DR/881ec6186e68.png,train,881ec6186e68.png,0,No_DR
aptos:train/3_Severe/b960142a8de7.png,aptos,A:\DR_classification\data\organized\aptos\train\3_Severe\b960142a8de7.png,train/3_Severe/b960142a8de7.png,train,b960142a8de7.png,3,Severe
aptos:train/2_Moderate/4dbce359d0e1.png,aptos,A:\DR_classification\data\organized\aptos\train\2_Moderate\4dbce359d0e1.png,train/2_Moderate/4dbce359d0e1.png,train,4dbce359d0e1.png,2,Moderate
aptos:val/2_Moderate/c561bcd519e9.png,aptos,A:\DR_classification\data\organized\aptos\val\2_Moderate\c561bcd519e9.png,val/2_Moderate/c561bcd519e9.png,val,c561bcd519e9.png,2,Moderate
aptos:train/2_Moderate/157d17349cc6.png,aptos,A:\DR_classification\data\organized\aptos\train\2_Moderate\157d17349cc6.png,train/2_Moderate/157d17349cc6.png,train,157d17349cc6.png,2,Moderate
aptos:train/2_Moderate/d28bd830c171.png,aptos,A:\DR_classification\data\organized\aptos\train\2_Moderate\d28bd830c171.png,train/2_Moderate/d28bd830c171.png,train,d28bd830c171.png,2,Moderate
aptos:train/0_No_DR/9e2a8135f471.png,aptos,A:\DR_classification\data\organized\aptos\train\0_No_DR\9e2a8135f471.png,train/0_No_DR/9e2a8135f471.png,train,9e2a8135f471.png,0,No_DR
aptos:train/0_No_DR/14c3b41d289c.png,aptos,A:\DR_classification\data\organized\aptos\train\0_No_DR\14c3b41d289c.png,train/0_No_DR/14c3b41d289c.png,train,14c3b41d289c.png,0,No_DR
aptos:train/1_Mild/fe2df69676cf.png,aptos,A:\DR_classification\data\organized\aptos\train\1_Mild\fe2df69676cf.png,train/1_Mild/fe2df69676cf.png,train,fe2df69676cf.png,1,Mild
aptos:train/2_Moderate/239f2c348ea4.png,aptos,A:\DR_classification\data\organized\aptos\train\2_Moderate\239f2c348ea4.png,train/2_Moderate/239f2c348ea4.png,train,239f2c348ea4.png,2,Moderate
aptos:val/0_No_DR/a627eb8c08c5.png,aptos,A:\DR_classification\data\organized\aptos\val\0_No_DR\a627eb8c08c5.png,val/0_No_DR/a627eb8c08c5.png,val,a627eb8c08c5.png,0,No_DR
aptos:train/0_No_DR/c9c563864ab1.png,aptos,A:\DR_classification\data\organized\aptos\train\0_No_DR\c9c563864ab1.png,train/0_No_DR/c9c563864ab1.png,train,c9c563864ab1.png,0,No_DR
aptos:train/1_Mild/22325552a4e3.png,aptos,A:\DR_classification\data\organized\aptos\train\1_Mild\22325552a4e3.png,train/1_Mild/22325552a4e3.png,train,22325552a4e3.png,1,Mild
aptos:train/1_Mild/af133a85ea0c.png,aptos,A:\DR_classification\data\organized\aptos\train\1_Mild\af133a85ea0c.png,train/1_Mild/af133a85ea0c.png,train,af133a85ea0c.png,1,Mild
aptos:train/1_Mild/c1ebe785503a.png,aptos,A:\DR_classification\data\organized\aptos\train\1_Mild\c1ebe785503a.png,train/1_Mild/c1ebe785503a.png,train,c1ebe785503a.png,1,Mild
aptos:val/0_No_DR/5814cbd2e9bf.png,aptos,A:\DR_classification\data\organized\aptos\val\0_No_DR\5814cbd2e9bf.png,val/0_No_DR/5814cbd2e9bf.png,val,5814cbd2e9bf.png,0,No_DR
aptos:val/2_Moderate/234399352d36.png,aptos,A:\DR_classification\data\organized\aptos\val\2_Moderate\234399352d36.png,val/2_Moderate/234399352d36.png,val,234399352d36.png,2,Moderate
aptos:train/0_No_DR/eabf421f94d0.png,aptos,A:\DR_classification\data\organized\aptos\train\0_No_DR\eabf421f94d0.png,train/0_No_DR/eabf421f94d0.png,train,eabf421f94d0.png,0,No_DR
aptos:val/2_Moderate/ce887b196c23.png,aptos,A:\DR_classification\data\organized\aptos\val\2_Moderate\ce887b196c23.png,val/2_Moderate/ce887b196c23.png,val,ce887b196c23.png,2,Moderate
aptos:train/2_Moderate/3ddb86eb530e.png,aptos,A:\DR_classification\data\organized\aptos\train\2_Moderate\3ddb86eb530e.png,train/2_Moderate/3ddb86eb530e.png,train,3ddb86eb530e.png,2,Moderate
aptos:test/0_No_DR/73a07e2ea23e.png,aptos,A:\DR_classification\data\organized\aptos\test\0_No_DR\73a07e2ea23e.png,test/0_No_DR/73a07e2ea23e.png,test,73a07e2ea23e.png,0,No_DR
aptos:train/0_No_DR/93a1b984de84.png,aptos,A:\DR_classification\data\organized\aptos\train\0_No_DR\93a1b984de84.png,train/0_No_DR/93a1b984de84.png,train,93a1b984de84.png,0,No_DR
aptos:train/2_Moderate/57760be09c03.png,aptos,A:\DR_classification\data\organized\aptos\train\2_Moderate\57760be09c03.png,train/2_Moderate/57760be09c03.png,train,57760be09c03.png,2,Moderate
aptos:val/4_Proliferative_DR/9859e2a6cc24.png,aptos,A:\DR_classification\data\organized\aptos\val\4_Proliferative_DR\9859e2a6cc24.png,val/4_Proliferative_DR/9859e2a6cc24.png,val,9859e2a6cc24.png,4,Proliferative_DR
aptos:val/1_Mild/7ae69d22075a.png,aptos,A:\DR_classification\data\organized\aptos\val\1_Mild\7ae69d22075a.png,val/1_Mild/7ae69d22075a.png,val,7ae69d22075a.png,1,Mild
aptos:train/2_Moderate/9a7bd084395e.png,aptos,A:\DR_classification\data\organized\aptos\train\2_Moderate\9a7bd084395e.png,train/2_Moderate/9a7bd084395e.png,train,9a7bd084395e.png,2,Moderate
aptos:train/3_Severe/191a711852bd.png,aptos,A:\DR_classification\data\organized\aptos\train\3_Severe\191a711852bd.png,train/3_Severe/191a711852bd.png,train,191a711852bd.png,3,Severe
aptos:train/0_No_DR/b7a1bb106051.png,aptos,A:\DR_classification\data\organized\aptos\train\0_No_DR\b7a1bb106051.png,train/0_No_DR/b7a1bb106051.png,train,b7a1bb106051.png,0,No_DR
aptos:val/0_No_DR/3730c322d35b.png,aptos,A:\DR_classification\data\organized\aptos\val\0_No_DR\3730c322d35b.png,val/0_No_DR/3730c322d35b.png,val,3730c322d35b.png,0,No_DR
aptos:train/0_No_DR/87a9f4d20f07.png,aptos,A:\DR_classification\data\organized\aptos\train\0_No_DR\87a9f4d20f07.png,train/0_No_DR/87a9f4d20f07.png,train,87a9f4d20f07.png,0,No_DR
aptos:val/0_No_DR/c26f98f58350.png,aptos,A:\DR_classification\data\organized\aptos\val\0_No_DR\c26f98f58350.png,val/0_No_DR/c26f98f58350.png,val,c26f98f58350.png,0,No_DR
aptos:train/0_No_DR/2399d68d407f.png,aptos,A:\DR_classification\data\organized\aptos\train\0_No_DR\2399d68d407f.png,train/0_No_DR/2399d68d407f.png,train,2399d68d407f.png,0,No_DR
aptos:val/0_No_DR/53c874dbc594.png,aptos,A:\DR_classification\data\organized\aptos\val\0_No_DR\53c874dbc594.png,val/0_No_DR/53c874dbc594.png,val,53c874dbc594.png,0,No_DR
aptos:train/0_No_DR/d16e59a2b33a.png,aptos,A:\DR_classification\data\organized\aptos\train\0_No_DR\d16e59a2b33a.png,train/0_No_DR/d16e59a2b33a.png,train,d16e59a2b33a.png,0,No_DR
aptos:val/1_Mild/1a03a7970337.png,aptos,A:\DR_classification\data\organized\aptos\val\1_Mild\1a03a7970337.png,val/1_Mild/1a03a7970337.png,val,1a03a7970337.png,1,Mild
aptos:val/2_Moderate/5905a9b06a73.png,aptos,A:\DR_classification\data\organized\aptos\val\2_Moderate\5905a9b06a73.png,val/2_Moderate/5905a9b06a73.png,val,5905a9b06a73.png,2,Moderate
aptos:train/0_No_DR/1f3f32efaf20.png,aptos,A:\DR_classification\data\organized\aptos\train\0_No_DR\1f3f32efaf20.png,train/0_No_DR/1f3f32efaf20.png,train,1f3f32efaf20.png,0,No_DR
aptos:train/0_No_DR/1e8c31e29dd3.png,aptos,A:\DR_classification\data\organized\aptos\train\0_No_DR\1e8c31e29dd3.png,train/0_No_DR/1e8c31e29dd3.png,train,1e8c31e29dd3.png,0,No_DR
aptos:val/0_No_DR/84b472c49cfa.png,aptos,A:\DR_classification\data\organized\aptos\val\0_No_DR\84b472c49cfa.png,val/0_No_DR/84b472c49cfa.png,val,84b472c49cfa.png,0,No_DR
aptos:val/0_No_DR/0da632ca45e0.png,aptos,A:\DR_classification\data\organized\aptos\val\0_No_DR\0da632ca45e0.png,val/0_No_DR/0da632ca45e0.png,val,0da632ca45e0.png,0,No_DR
aptos:train/0_No_DR/f64b6e85f1c9.png,aptos,A:\DR_classification\data\organized\aptos\train\0_No_DR\f64b6e85f1c9.png,train/0_No_DR/f64b6e85f1c9.png,train,f64b6e85f1c9.png,0,No_DR
aptos:train/2_Moderate/5cf9127f251a.png,aptos,A:\DR_classification\data\organized\aptos\train\2_Moderate\5cf9127f251a.png,train/2_Moderate/5cf9127f251a.png,train,5cf9127f251a.png,2,Moderate
aptos:val/0_No_DR/8a3eb86ae4bd.png,aptos,A:\DR_classification\data\organized\aptos\val\0_No_DR\8a3eb86ae4bd.png,val/0_No_DR/8a3eb86ae4bd.png,val,8a3eb86ae4bd.png,0,No_DR
aptos:train/0_No_DR/76df141d966b.png,aptos,A:\DR_classification\data\organized\aptos\train\0_No_DR\76df141d966b.png,train/0_No_DR/76df141d966b.png,train,76df141d966b.png,0,No_DR
aptos:test/0_No_DR/1d3e9b939732.png,aptos,A:\DR_classification\data\organized\aptos\test\0_No_DR\1d3e9b939732.png,test/0_No_DR/1d3e9b939732.png,test,1d3e9b939732.png,0,No_DR
aptos:val/3_Severe/f576e45d1da2.png,aptos,A:\DR_classification\data\organized\aptos\val\3_Severe\f576e45d1da2.png,val/3_Severe/f576e45d1da2.png,val,f576e45d1da2.png,3,Severe
aptos:train/0_No_DR/26cd40b57ad1.png,aptos,A:\DR_classification\data\organized\aptos\train\0_No_DR\26cd40b57ad1.png,train/0_No_DR/26cd40b57ad1.png,train,26cd40b57ad1.png,0,No_DR
aptos:train/4_Proliferative_DR/1bf30c84bbad.png,aptos,A:\DR_classification\data\organized\aptos\train\4_Proliferative_DR\1bf30c84bbad.png,train/4_Proliferative_DR/1bf30c84bbad.png,train,1bf30c84bbad.png,4,Proliferative_DR
aptos:train/4_Proliferative_DR/6c250a30593b.png,aptos,A:\DR_classification\data\organized\aptos\train\4_Proliferative_DR\6c250a30593b.png,train/4_Proliferative_DR/6c250a30593b.png,train,6c250a30593b.png,4,Proliferative_DR
aptos:train/4_Proliferative_DR/e4f12411fd85.png,aptos,A:\DR_classification\data\organized\aptos\train\4_Proliferative_DR\e4f12411fd85.png,train/4_Proliferative_DR/e4f12411fd85.png,train,e4f12411fd85.png,4,Proliferative_DR
aptos:val/0_No_DR/ec01f0862669.png,aptos,A:\DR_classification\data\organized\aptos\val\0_No_DR\ec01f0862669.png,val/0_No_DR/ec01f0862669.png,val,ec01f0862669.png,0,No_DR
aptos:val/2_Moderate/b402daa0864c.png,aptos,A:\DR_classification\data\organized\aptos\val\2_Moderate\b402daa0864c.png,val/2_Moderate/b402daa0864c.png,val,b402daa0864c.png,2,Moderate
aptos:train/2_Moderate/15528e740543.png,aptos,A:\DR_classification\data\organized\aptos\train\2_Moderate\15528e740543.png,train/2_Moderate/15528e740543.png,train,15528e740543.png,2,Moderate
aptos:train/0_No_DR/9e99ae6ee7af.png,aptos,A:\DR_classification\data\organized\aptos\train\0_No_DR\9e99ae6ee7af.png,train/0_No_DR/9e99ae6ee7af.png,train,9e99ae6ee7af.png,0,No_DR
aptos:val/0_No_DR/bcb0498ed2c1.png,aptos,A:\DR_classification\data\organized\aptos\val\0_No_DR\bcb0498ed2c1.png,val/0_No_DR/bcb0498ed2c1.png,val,bcb0498ed2c1.png,0,No_DR
aptos:val/3_Severe/7a6e384a0846.png,aptos,A:\DR_classification\data\organized\aptos\val\3_Severe\7a6e384a0846.png,val/3_Severe/7a6e384a0846.png,val,7a6e384a0846.png,3,Severe
aptos:train/4_Proliferative_DR/612f2df37a1d.png,aptos,A:\DR_classification\data\organized\aptos\train\4_Proliferative_DR\612f2df37a1d.png,train/4_Proliferative_DR/612f2df37a1d.png,train,612f2df37a1d.png,4,Proliferative_DR
aptos:train/2_Moderate/f45f1485c940.png,aptos,A:\DR_classification\data\organized\aptos\train\2_Moderate\f45f1485c940.png,train/2_Moderate/f45f1485c940.png,train,f45f1485c940.png,2,Moderate
aptos:train/0_No_DR/61d9c88a3a4b.png,aptos,A:\DR_classification\data\organized\aptos\train\0_No_DR\61d9c88a3a4b.png,train/0_No_DR/61d9c88a3a4b.png,train,61d9c88a3a4b.png,0,No_DR
aptos:train/0_No_DR/ace2281f00c4.png,aptos,A:\DR_classification\data\organized\aptos\train\0_No_DR\ace2281f00c4.png,train/0_No_DR/ace2281f00c4.png,train,ace2281f00c4.png,0,No_DR
aptos:train/0_No_DR/85f99e7e4052.png,aptos,A:\DR_classification\data\organized\aptos\train\0_No_DR\85f99e7e4052.png,train/0_No_DR/85f99e7e4052.png,train,85f99e7e4052.png,0,No_DR
aptos:train/2_Moderate/437900a99871.png,aptos,A:\DR_classification\data\organized\aptos\train\2_Moderate\437900a99871.png,train/2_Moderate/437900a99871.png,train,437900a99871.png,2,Moderate
aptos:train/0_No_DR/ea5c42a78979.png,aptos,A:\DR_classification\data\organized\aptos\train\0_No_DR\ea5c42a78979.png,train/0_No_DR/ea5c42a78979.png,train,ea5c42a78979.png,0,No_DR
aptos:val/0_No_DR/a06a63d866b2.png,aptos,A:\DR_classification\data\organized\aptos\val\0_No_DR\a06a63d866b2.png,val/0_No_DR/a06a63d866b2.png,val,a06a63d866b2.png,0,No_DR
aptos:train/0_No_DR/83df53d58f28.png,aptos,A:\DR_classification\data\organized\aptos\train\0_No_DR\83df53d58f28.png,train/0_No_DR/83df53d58f28.png,train,83df53d58f28.png,0,No_DR
aptos:train/0_No_DR/93802d1e3c41.png,aptos,A:\DR_classification\data\organized\aptos\train\0_No_DR\93802d1e3c41.png,train/0_No_DR/93802d1e3c41.png,train,93802d1e3c41.png,0,No_DR
aptos:train/1_Mild/4c3c1ed09771.png,aptos,A:\DR_classification\data\organized\aptos\train\1_Mild\4c3c1ed09771.png,train/1_Mild/4c3c1ed09771.png,train,4c3c1ed09771.png,1,Mild
aptos:train/0_No_DR/bebfbd907cac.png,aptos,A:\DR_classification\data\organized\aptos\train\0_No_DR\bebfbd907cac.png,train/0_No_DR/bebfbd907cac.png,train,bebfbd907cac.png,0,No_DR
aptos:test/0_No_DR/ee3f5cf52188.png,aptos,A:\DR_classification\data\organized\aptos\test\0_No_DR\ee3f5cf52188.png,test/0_No_DR/ee3f5cf52188.png,test,ee3f5cf52188.png,0,No_DR
aptos:test/1_Mild/fd62bd0db4f1.png,aptos,A:\DR_classification\data\organized\aptos\test\1_Mild\fd62bd0db4f1.png,test/1_Mild/fd62bd0db4f1.png,test,fd62bd0db4f1.png,1,Mild
aptos:train/0_No_DR/ff631653374e.png,aptos,A:\DR_classification\data\organized\aptos\train\0_No_DR\ff631653374e.png,train/0_No_DR/ff631653374e.png,train,ff631653374e.png,0,No_DR
aptos:train/1_Mild/b576c5269ad1.png,aptos,A:\DR_classification\data\organized\aptos\train\1_Mild\b576c5269ad1.png,train/1_Mild/b576c5269ad1.png,train,b576c5269ad1.png,1,Mild
aptos:train/2_Moderate/a8652b2de23f.png,aptos,A:\DR_classification\data\organized\aptos\train\2_Moderate\a8652b2de23f.png,train/2_Moderate/a8652b2de23f.png,train,a8652b2de23f.png,2,Moderate
aptos:train/1_Mild/67f5d89da548.png,aptos,A:\DR_classification\data\organized\aptos\train\1_Mild\67f5d89da548.png,train/1_Mild/67f5d89da548.png,train,67f5d89da548.png,1,Mild
aptos:train/0_No_DR/6294b378d09f.png,aptos,A:\DR_classification\data\organized\aptos\train\0_No_DR\6294b378d09f.png,train/0_No_DR/6294b378d09f.png,train,6294b378d09f.png,0,No_DR
aptos:train/0_No_DR/328d141ed3aa.png,aptos,A:\DR_classification\data\organized\aptos\train\0_No_DR\328d141ed3aa.png,train/0_No_DR/328d141ed3aa.png,train,328d141ed3aa.png,0,No_DR
aptos:train/0_No_DR/1df1530b9b8d.png,aptos,A:\DR_classification\data\organized\aptos\train\0_No_DR\1df1530b9b8d.png,train/0_No_DR/1df1530b9b8d.png,train,1df1530b9b8d.png,0,No_DR
aptos:val/0_No_DR/1d46f1326394.png,aptos,A:\DR_classification\data\organized\aptos\val\0_No_DR\1d46f1326394.png,val/0_No_DR/1d46f1326394.png,val,1d46f1326394.png,0,No_DR
aptos:train/2_Moderate/da8900ac7f29.png,aptos,A:\DR_classification\data\organized\aptos\train\2_Moderate\da8900ac7f29.png,train/2_Moderate/da8900ac7f29.png,train,da8900ac7f29.png,2,Moderate
aptos:test/0_No_DR/c6f5b5b5be41.png,aptos,A:\DR_classification\data\organized\aptos\test\0_No_DR\c6f5b5b5be41.png,test/0_No_DR/c6f5b5b5be41.png,test,c6f5b5b5be41.png,0,No_DR
aptos:train/0_No_DR/b70e7c26f51e.png,aptos,A:\DR_classification\data\organized\aptos\train\0_No_DR\b70e7c26f51e.png,train/0_No_DR/b70e7c26f51e.png,train,b70e7c26f51e.png,0,No_DR
aptos:train/0_No_DR/4dd4a4bf2421.png,aptos,A:\DR_classification\data\organized\aptos\train\0_No_DR\4dd4a4bf2421.png,train/0_No_DR/4dd4a4bf2421.png,train,4dd4a4bf2421.png,0,No_DR
aptos:train/2_Moderate/89b044cbaf85.png,aptos,A:\DR_classification\data\organized\aptos\train\2_Moderate\89b044cbaf85.png,train/2_Moderate/89b044cbaf85.png,train,89b044cbaf85.png,2,Moderate
aptos:test/2_Moderate/f2094a20b275.png,aptos,A:\DR_classification\data\organized\aptos\test\2_Moderate\f2094a20b275.png,test/2_Moderate/f2094a20b275.png,test,f2094a20b275.png,2,Moderate
aptos:val/0_No_DR/b7ce561a7328.png,aptos,A:\DR_classification\data\organized\aptos\val\0_No_DR\b7ce561a7328.png,val/0_No_DR/b7ce561a7328.png,val,b7ce561a7328.png,0,No_DR
aptos:train/0_No_DR/15c24478ac72.png,aptos,A:\DR_classification\data\organized\aptos\train\0_No_DR\15c24478ac72.png,train/0_No_DR/15c24478ac72.png,train,15c24478ac72.png,0,No_DR
aptos:train/0_No_DR/4ec7796df40e.png,aptos,A:\DR_classification\data\organized\aptos\train\0_No_DR\4ec7796df40e.png,train/0_No_DR/4ec7796df40e.png,train,4ec7796df40e.png,0,No_DR
aptos:train/4_Proliferative_DR/c1896142a20a.png,aptos,A:\DR_classification\data\organized\aptos\train\4_Proliferative_DR\c1896142a20a.png,train/4_Proliferative_DR/c1896142a20a.png,train,c1896142a20a.png,4,Proliferative_DR
aptos:train/0_No_DR/4ad8d3ec8789.png,aptos,A:\DR_classification\data\organized\aptos\train\0_No_DR\4ad8d3ec8789.png,train/0_No_DR/4ad8d3ec8789.png,train,4ad8d3ec8789.png,0,No_DR
aptos:train/0_No_DR/4403538fb50f.png,aptos,A:\DR_classification\data\organized\aptos\train\0_No_DR\4403538fb50f.png,train/0_No_DR/4403538fb50f.png,train,4403538fb50f.png,0,No_DR
aptos:train/2_Moderate/b665041e1633.png,aptos,A:\DR_classification\data\organized\aptos\train\2_Moderate\b665041e1633.png,train/2_Moderate/b665041e1633.png,train,b665041e1633.png,2,Moderate
aptos:train/0_No_DR/b8dab47a260e.png,aptos,A:\DR_classification\data\organized\aptos\train\0_No_DR\b8dab47a260e.png,train/0_No_DR/b8dab47a260e.png,train,b8dab47a260e.png,0,No_DR
aptos:val/1_Mild/e9ff9352ccb3.png,aptos,A:\DR_classification\data\organized\aptos\val\1_Mild\e9ff9352ccb3.png,val/1_Mild/e9ff9352ccb3.png,val,e9ff9352ccb3.png,1,Mild
aptos:train/0_No_DR/09934421c79e.png,aptos,A:\DR_classification\data\organized\aptos\train\0_No_DR\09934421c79e.png,train/0_No_DR/09934421c79e.png,train,09934421c79e.png,0,No_DR
aptos:train/0_No_DR/76cb010f7aa0.png,aptos,A:\DR_classification\data\organized\aptos\train\0_No_DR\76cb010f7aa0.png,train/0_No_DR/76cb010f7aa0.png,train,76cb010f7aa0.png,0,No_DR
aptos:train/1_Mild/a7ec056502e7.png,aptos,A:\DR_classification\data\organized\aptos\train\1_Mild\a7ec056502e7.png,train/1_Mild/a7ec056502e7.png,train,a7ec056502e7.png,1,Mild
aptos:train/0_No_DR/6cee2e148520.png,aptos,A:\DR_classification\data\organized\aptos\train\0_No_DR\6cee2e148520.png,train/0_No_DR/6cee2e148520.png,train,6cee2e148520.png,0,No_DR
aptos:train/0_No_DR/286e9981dd9b.png,aptos,A:\DR_classification\data\organized\aptos\train\0_No_DR\286e9981dd9b.png,train/0_No_DR/286e9981dd9b.png,train,286e9981dd9b.png,0,No_DR
aptos:train/0_No_DR/a08a0133754a.png,aptos,A:\DR_classification\data\organized\aptos\train\0_No_DR\a08a0133754a.png,train/0_No_DR/a08a0133754a.png,train,a08a0133754a.png,0,No_DR
aptos:train/1_Mild/ca1036496659.png,aptos,A:\DR_classification\data\organized\aptos\train\1_Mild\ca1036496659.png,train/1_Mild/ca1036496659.png,train,ca1036496659.png,1,Mild
aptos:train/0_No_DR/92e3d608fd3c.png,aptos,A:\DR_classification\data\organized\aptos\train\0_No_DR\92e3d608fd3c.png,train/0_No_DR/92e3d608fd3c.png,train,92e3d608fd3c.png,0,No_DR
aptos:train/0_No_DR/cfb17a7cc8d4.png,aptos,A:\DR_classification\data\organized\aptos\train\0_No_DR\cfb17a7cc8d4.png,train/0_No_DR/cfb17a7cc8d4.png,train,cfb17a7cc8d4.png,0,No_DR
aptos:train/3_Severe/9b093fe95d6b.png,aptos,A:\DR_classification\data\organized\aptos\train\3_Severe\9b093fe95d6b.png,train/3_Severe/9b093fe95d6b.png,train,9b093fe95d6b.png,3,Severe
aptos:train/2_Moderate/01c7808d901d.png,aptos,A:\DR_classification\data\organized\aptos\train\2_Moderate\01c7808d901d.png,train/2_Moderate/01c7808d901d.png,train,01c7808d901d.png,2,Moderate
aptos:train/2_Moderate/df841a0440d8.png,aptos,A:\DR_classification\data\organized\aptos\train\2_Moderate\df841a0440d8.png,train/2_Moderate/df841a0440d8.png,train,df841a0440d8.png,2,Moderate
aptos:train/0_No_DR/143db89c11c8.png,aptos,A:\DR_classification\data\organized\aptos\train\0_No_DR\143db89c11c8.png,train/0_No_DR/143db89c11c8.png,train,143db89c11c8.png,0,No_DR
aptos:train/2_Moderate/873fe0404d6e.png,aptos,A:\DR_classification\data\organized\aptos\train\2_Moderate\873fe0404d6e.png,train/2_Moderate/873fe0404d6e.png,train,873fe0404d6e.png,2,Moderate
aptos:train/2_Moderate/b95d4dd8e5e2.png,aptos,A:\DR_classification\data\organized\aptos\train\2_Moderate\b95d4dd8e5e2.png,train/2_Moderate/b95d4dd8e5e2.png,train,b95d4dd8e5e2.png,2,Moderate
aptos:train/1_Mild/5a091e8cd95c.png,aptos,A:\DR_classification\data\organized\aptos\train\1_Mild\5a091e8cd95c.png,train/1_Mild/5a091e8cd95c.png,train,5a091e8cd95c.png,1,Mild
aptos:train/2_Moderate/89fc080f7e83.png,aptos,A:\DR_classification\data\organized\aptos\train\2_Moderate\89fc080f7e83.png,train/2_Moderate/89fc080f7e83.png,train,89fc080f7e83.png,2,Moderate
aptos:test/0_No_DR/96c699221180.png,aptos,A:\DR_classification\data\organized\aptos\test\0_No_DR\96c699221180.png,test/0_No_DR/96c699221180.png,test,96c699221180.png,0,No_DR
aptos:train/0_No_DR/75a071608ea6.png,aptos,A:\DR_classification\data\organized\aptos\train\0_No_DR\75a071608ea6.png,train/0_No_DR/75a071608ea6.png,train,75a071608ea6.png,0,No_DR
aptos:test/0_No_DR/cb28adab4e8a.png,aptos,A:\DR_classification\data\organized\aptos\test\0_No_DR\cb28adab4e8a.png,test/0_No_DR/cb28adab4e8a.png,test,cb28adab4e8a.png,0,No_DR
aptos:val/0_No_DR/201f6e10c108.png,aptos,A:\DR_classification\data\organized\aptos\val\0_No_DR\201f6e10c108.png,val/0_No_DR/201f6e10c108.png,val,201f6e10c108.png,0,No_DR
aptos:train/2_Moderate/27fca9f12b3c.png,aptos,A:\DR_classification\data\organized\aptos\train\2_Moderate\27fca9f12b3c.png,train/2_Moderate/27fca9f12b3c.png,train,27fca9f12b3c.png,2,Moderate
aptos:test/2_Moderate/388f12e8df0b.png,aptos,A:\DR_classification\data\organized\aptos\test\2_Moderate\388f12e8df0b.png,test/2_Moderate/388f12e8df0b.png,test,388f12e8df0b.png,2,Moderate
aptos:train/2_Moderate/2cbfc6182ba2.png,aptos,A:\DR_classification\data\organized\aptos\train\2_Moderate\2cbfc6182ba2.png,train/2_Moderate/2cbfc6182ba2.png,train,2cbfc6182ba2.png,2,Moderate
aptos:val/0_No_DR/3286073a976e.png,aptos,A:\DR_classification\data\organized\aptos\val\0_No_DR\3286073a976e.png,val/0_No_DR/3286073a976e.png,val,3286073a976e.png,0,No_DR
aptos:val/0_No_DR/1ca91751be4d.png,aptos,A:\DR_classification\data\organized\aptos\val\0_No_DR\1ca91751be4d.png,val/0_No_DR/1ca91751be4d.png,val,1ca91751be4d.png,0,No_DR
aptos:train/0_No_DR/f451eee2b66b.png,aptos,A:\DR_classification\data\organized\aptos\train\0_No_DR\f451eee2b66b.png,train/0_No_DR/f451eee2b66b.png,train,f451eee2b66b.png,0,No_DR
aptos:train/0_No_DR/ac17cc18a994.png,aptos,A:\DR_classification\data\organized\aptos\train\0_No_DR\ac17cc18a994.png,train/0_No_DR/ac17cc18a994.png,train,ac17cc18a994.png,0,No_DR
aptos:val/0_No_DR/1608c82a263f.png,aptos,A:\DR_classification\data\organized\aptos\val\0_No_DR\1608c82a263f.png,val/0_No_DR/1608c82a263f.png,val,1608c82a263f.png,0,No_DR
aptos:test/0_No_DR/9095d43fb132.png,aptos,A:\DR_classification\data\organized\aptos\test\0_No_DR\9095d43fb132.png,test/0_No_DR/9095d43fb132.png,test,9095d43fb132.png,0,No_DR
aptos:val/0_No_DR/0d0b8fc9ab5c.png,aptos,A:\DR_classification\data\organized\aptos\val\0_No_DR\0d0b8fc9ab5c.png,val/0_No_DR/0d0b8fc9ab5c.png,val,0d0b8fc9ab5c.png,0,No_DR
aptos:val/4_Proliferative_DR/499c8df39222.png,aptos,A:\DR_classification\data\organized\aptos\val\4_Proliferative_DR\499c8df39222.png,val/4_Proliferative_DR/499c8df39222.png,val,499c8df39222.png,4,Proliferative_DR
aptos:train/0_No_DR/e6552b7432b3.png,aptos,A:\DR_classification\data\organized\aptos\train\0_No_DR\e6552b7432b3.png,train/0_No_DR/e6552b7432b3.png,train,e6552b7432b3.png,0,No_DR
aptos:train/0_No_DR/57f5ad4b5b29.png,aptos,A:\DR_classification\data\organized\aptos\train\0_No_DR\57f5ad4b5b29.png,train/0_No_DR/57f5ad4b5b29.png,train,57f5ad4b5b29.png,0,No_DR
aptos:val/0_No_DR/cf6551521a35.png,aptos,A:\DR_classification\data\organized\aptos\val\0_No_DR\cf6551521a35.png,val/0_No_DR/cf6551521a35.png,val,cf6551521a35.png,0,No_DR
aptos:train/0_No_DR/1002b5151b8e.png,aptos,A:\DR_classification\data\organized\aptos\train\0_No_DR\1002b5151b8e.png,train/0_No_DR/1002b5151b8e.png,train,1002b5151b8e.png,0,No_DR
aptos:train/0_No_DR/1a1e974a7dbf.png,aptos,A:\DR_classification\data\organized\aptos\train\0_No_DR\1a1e974a7dbf.png,train/0_No_DR/1a1e974a7dbf.png,train,1a1e974a7dbf.png,0,No_DR
aptos:train/1_Mild/ee78ce914066.png,aptos,A:\DR_classification\data\organized\aptos\train\1_Mild\ee78ce914066.png,train/1_Mild/ee78ce914066.png,train,ee78ce914066.png,1,Mild
aptos:train/4_Proliferative_DR/8c7c26c52a6c.png,aptos,A:\DR_classification\data\organized\aptos\train\4_Proliferative_DR\8c7c26c52a6c.png,train/4_Proliferative_DR/8c7c26c52a6c.png,train,8c7c26c52a6c.png,4,Proliferative_DR
aptos:train/4_Proliferative_DR/70d657f8f503.png,aptos,A:\DR_classification\data\organized\aptos\train\4_Proliferative_DR\70d657f8f503.png,train/4_Proliferative_DR/70d657f8f503.png,train,70d657f8f503.png,4,Proliferative_DR
aptos:train/0_No_DR/8191ae701985.png,aptos,A:\DR_classification\data\organized\aptos\train\0_No_DR\8191ae701985.png,train/0_No_DR/8191ae701985.png,train,8191ae701985.png,0,No_DR
aptos:train/0_No_DR/3d2ecffe0386.png,aptos,A:\DR_classification\data\organized\aptos\train\0_No_DR\3d2ecffe0386.png,train/0_No_DR/3d2ecffe0386.png,train,3d2ecffe0386.png,0,No_DR
aptos:train/0_No_DR/daad7b617f21.png,aptos,A:\DR_classification\data\organized\aptos\train\0_No_DR\daad7b617f21.png,train/0_No_DR/daad7b617f21.png,train,daad7b617f21.png,0,No_DR
aptos:train/0_No_DR/0afbeeef0ff7.png,aptos,A:\DR_classification\data\organized\aptos\train\0_No_DR\0afbeeef0ff7.png,train/0_No_DR/0afbeeef0ff7.png,train,0afbeeef0ff7.png,0,No_DR
aptos:train/0_No_DR/aebe87a423c8.png,aptos,A:\DR_classification\data\organized\aptos\train\0_No_DR\aebe87a423c8.png,train/0_No_DR/aebe87a423c8.png,train,aebe87a423c8.png,0,No_DR
aptos:train/0_No_DR/e66ad813a508.png,aptos,A:\DR_classification\data\organized\aptos\train\0_No_DR\e66ad813a508.png,train/0_No_DR/e66ad813a508.png,train,e66ad813a508.png,0,No_DR
aptos:train/0_No_DR/04efb1a284cc.png,aptos,A:\DR_classification\data\organized\aptos\train\0_No_DR\04efb1a284cc.png,train/0_No_DR/04efb1a284cc.png,train,04efb1a284cc.png,0,No_DR
aptos:train/0_No_DR/5293576816aa.png,aptos,A:\DR_classification\data\organized\aptos\train\0_No_DR\5293576816aa.png,train/0_No_DR/5293576816aa.png,train,5293576816aa.png,0,No_DR
aptos:train/0_No_DR/1ca62b3e4fd3.png,aptos,A:\DR_classification\data\organized\aptos\train\0_No_DR\1ca62b3e4fd3.png,train/0_No_DR/1ca62b3e4fd3.png,train,1ca62b3e4fd3.png,0,No_DR
aptos:train/0_No_DR/a8b637abd96b.png,aptos,A:\DR_classification\data\organized\aptos\train\0_No_DR\a8b637abd96b.png,train/0_No_DR/a8b637abd96b.png,train,a8b637abd96b.png,0,No_DR
aptos:train/2_Moderate/7bc2e0fa3f72.png,aptos,A:\DR_classification\data\organized\aptos\train\2_Moderate\7bc2e0fa3f72.png,train/2_Moderate/7bc2e0fa3f72.png,train,7bc2e0fa3f72.png,2,Moderate
aptos:train/2_Moderate/3ffa14d60b24.png,aptos,A:\DR_classification\data\organized\aptos\train\2_Moderate\3ffa14d60b24.png,train/2_Moderate/3ffa14d60b24.png,train,3ffa14d60b24.png,2,Moderate
aptos:val/0_No_DR/a26f50218b84.png,aptos,A:\DR_classification\data\organized\aptos\val\0_No_DR\a26f50218b84.png,val/0_No_DR/a26f50218b84.png,val,a26f50218b84.png,0,No_DR
aptos:train/0_No_DR/c94f37085d0f.png,aptos,A:\DR_classification\data\organized\aptos\train\0_No_DR\c94f37085d0f.png,train/0_No_DR/c94f37085d0f.png,train,c94f37085d0f.png,0,No_DR
aptos:train/0_No_DR/7f39c36469b5.png,aptos,A:\DR_classification\data\organized\aptos\train\0_No_DR\7f39c36469b5.png,train/0_No_DR/7f39c36469b5.png,train,7f39c36469b5.png,0,No_DR
aptos:train/1_Mild/25e9fd872182.png,aptos,A:\DR_classification\data\organized\aptos\train\1_Mild\25e9fd872182.png,train/1_Mild/25e9fd872182.png,train,25e9fd872182.png,1,Mild
aptos:train/2_Moderate/a3802934bad7.png,aptos,A:\DR_classification\data\organized\aptos\train\2_Moderate\a3802934bad7.png,train/2_Moderate/a3802934bad7.png,train,a3802934bad7.png,2,Moderate
aptos:test/0_No_DR/7ec0e61a7e29.png,aptos,A:\DR_classification\data\organized\aptos\test\0_No_DR\7ec0e61a7e29.png,test/0_No_DR/7ec0e61a7e29.png,test,7ec0e61a7e29.png,0,No_DR
aptos:val/0_No_DR/4704dbb59536.png,aptos,A:\DR_classification\data\organized\aptos\val\0_No_DR\4704dbb59536.png,val/0_No_DR/4704dbb59536.png,val,4704dbb59536.png,0,No_DR
aptos:val/1_Mild/b50b30aa6e6c.png,aptos,A:\DR_classification\data\organized\aptos\val\1_Mild\b50b30aa6e6c.png,val/1_Mild/b50b30aa6e6c.png,val,b50b30aa6e6c.png,1,Mild
aptos:train/2_Moderate/5d024177e214.png,aptos,A:\DR_classification\data\organized\aptos\train\2_Moderate\5d024177e214.png,train/2_Moderate/5d024177e214.png,train,5d024177e214.png,2,Moderate
aptos:test/0_No_DR/991a0b7a8c87.png,aptos,A:\DR_classification\data\organized\aptos\test\0_No_DR\991a0b7a8c87.png,test/0_No_DR/991a0b7a8c87.png,test,991a0b7a8c87.png,0,No_DR
aptos:test/4_Proliferative_DR/85cbb84ac8e0.png,aptos,A:\DR_classification\data\organized\aptos\test\4_Proliferative_DR\85cbb84ac8e0.png,test/4_Proliferative_DR/85cbb84ac8e0.png,test,85cbb84ac8e0.png,4,Proliferative_DR
aptos:test/0_No_DR/7adfb8fc0621.png,aptos,A:\DR_classification\data\organized\aptos\test\0_No_DR\7adfb8fc0621.png,test/0_No_DR/7adfb8fc0621.png,test,7adfb8fc0621.png,0,No_DR
aptos:test/1_Mild/4cae247d9909.png,aptos,A:\DR_classification\data\organized\aptos\test\1_Mild\4cae247d9909.png,test/1_Mild/4cae247d9909.png,test,4cae247d9909.png,1,Mild
aptos:train/0_No_DR/64b9206afb3f.png,aptos,A:\DR_classification\data\organized\aptos\train\0_No_DR\64b9206afb3f.png,train/0_No_DR/64b9206afb3f.png,train,64b9206afb3f.png,0,No_DR
aptos:train/2_Moderate/28a4d00927b7.png,aptos,A:\DR_classification\data\organized\aptos\train\2_Moderate\28a4d00927b7.png,train/2_Moderate/28a4d00927b7.png,train,28a4d00927b7.png,2,Moderate
aptos:val/2_Moderate/071435a218ec.png,aptos,A:\DR_classification\data\organized\aptos\val\2_Moderate\071435a218ec.png,val/2_Moderate/071435a218ec.png,val,071435a218ec.png,2,Moderate
aptos:train/4_Proliferative_DR/f5e6226bd2e0.png,aptos,A:\DR_classification\data\organized\aptos\train\4_Proliferative_DR\f5e6226bd2e0.png,train/4_Proliferative_DR/f5e6226bd2e0.png,train,f5e6226bd2e0.png,4,Proliferative_DR
aptos:test/0_No_DR/87295c5fa1cc.png,aptos,A:\DR_classification\data\organized\aptos\test\0_No_DR\87295c5fa1cc.png,test/0_No_DR/87295c5fa1cc.png,test,87295c5fa1cc.png,0,No_DR
aptos:val/2_Moderate/f18abfa690ab.png,aptos,A:\DR_classification\data\organized\aptos\val\2_Moderate\f18abfa690ab.png,val/2_Moderate/f18abfa690ab.png,val,f18abfa690ab.png,2,Moderate
aptos:test/0_No_DR/3132556f5352.png,aptos,A:\DR_classification\data\organized\aptos\test\0_No_DR\3132556f5352.png,test/0_No_DR/3132556f5352.png,test,3132556f5352.png,0,No_DR
aptos:train/0_No_DR/3908b3cfd620.png,aptos,A:\DR_classification\data\organized\aptos\train\0_No_DR\3908b3cfd620.png,train/0_No_DR/3908b3cfd620.png,train,3908b3cfd620.png,0,No_DR
aptos:train/3_Severe/6b128e648646.png,aptos,A:\DR_classification\data\organized\aptos\train\3_Severe\6b128e648646.png,train/3_Severe/6b128e648646.png,train,6b128e648646.png,3,Severe
aptos:train/3_Severe/50a2aef380c8.png,aptos,A:\DR_classification\data\organized\aptos\train\3_Severe\50a2aef380c8.png,train/3_Severe/50a2aef380c8.png,train,50a2aef380c8.png,3,Severe
aptos:val/2_Moderate/d91273efb92a.png,aptos,A:\DR_classification\data\organized\aptos\val\2_Moderate\d91273efb92a.png,val/2_Moderate/d91273efb92a.png,val,d91273efb92a.png,2,Moderate
aptos:train/4_Proliferative_DR/fb696a8e055a.png,aptos,A:\DR_classification\data\organized\aptos\train\4_Proliferative_DR\fb696a8e055a.png,train/4_Proliferative_DR/fb696a8e055a.png,train,fb696a8e055a.png,4,Proliferative_DR
aptos:train/2_Moderate/14ee87d6cc42.png,aptos,A:\DR_classification\data\organized\aptos\train\2_Moderate\14ee87d6cc42.png,train/2_Moderate/14ee87d6cc42.png,train,14ee87d6cc42.png,2,Moderate
aptos:train/0_No_DR/e966850247f4.png,aptos,A:\DR_classification\data\organized\aptos\train\0_No_DR\e966850247f4.png,train/0_No_DR/e966850247f4.png,train,e966850247f4.png,0,No_DR
aptos:val/0_No_DR/83d81ba5959c.png,aptos,A:\DR_classification\data\organized\aptos\val\0_No_DR\83d81ba5959c.png,val/0_No_DR/83d81ba5959c.png,val,83d81ba5959c.png,0,No_DR
aptos:train/0_No_DR/de4cdabbce6d.png,aptos,A:\DR_classification\data\organized\aptos\train\0_No_DR\de4cdabbce6d.png,train/0_No_DR/de4cdabbce6d.png,train,de4cdabbce6d.png,0,No_DR
aptos:train/3_Severe/4d9fc85a8259.png,aptos,A:\DR_classification\data\organized\aptos\train\3_Severe\4d9fc85a8259.png,train/3_Severe/4d9fc85a8259.png,train,4d9fc85a8259.png,3,Severe
aptos:train/2_Moderate/144a1a426137.png,aptos,A:\DR_classification\data\organized\aptos\train\2_Moderate\144a1a426137.png,train/2_Moderate/144a1a426137.png,train,144a1a426137.png,2,Moderate
aptos:train/0_No_DR/7a46cfa69bae.png,aptos,A:\DR_classification\data\organized\aptos\train\0_No_DR\7a46cfa69bae.png,train/0_No_DR/7a46cfa69bae.png,train,7a46cfa69bae.png,0,No_DR
aptos:test/0_No_DR/daff5427c9b2.png,aptos,A:\DR_classification\data\organized\aptos\test\0_No_DR\daff5427c9b2.png,test/0_No_DR/daff5427c9b2.png,test,daff5427c9b2.png,0,No_DR
aptos:train/4_Proliferative_DR/3f752fcccec0.png,aptos,A:\DR_classification\data\organized\aptos\train\4_Proliferative_DR\3f752fcccec0.png,train/4_Proliferative_DR/3f752fcccec0.png,train,3f752fcccec0.png,4,Proliferative_DR
aptos:test/2_Moderate/f460608cf4cc.png,aptos,A:\DR_classification\data\organized\aptos\test\2_Moderate\f460608cf4cc.png,test/2_Moderate/f460608cf4cc.png,test,f460608cf4cc.png,2,Moderate
aptos:train/0_No_DR/4926dea289f8.png,aptos,A:\DR_classification\data\organized\aptos\train\0_No_DR\4926dea289f8.png,train/0_No_DR/4926dea289f8.png,train,4926dea289f8.png,0,No_DR
aptos:val/4_Proliferative_DR/a182b5b191de.png,aptos,A:\DR_classification\data\organized\aptos\val\4_Proliferative_DR\a182b5b191de.png,val/4_Proliferative_DR/a182b5b191de.png,val,a182b5b191de.png,4,Proliferative_DR
aptos:train/2_Moderate/33e8e26a75d4.png,aptos,A:\DR_classification\data\organized\aptos\train\2_Moderate\33e8e26a75d4.png,train/2_Moderate/33e8e26a75d4.png,train,33e8e26a75d4.png,2,Moderate
aptos:train/0_No_DR/67d8f94f04e0.png,aptos,A:\DR_classification\data\organized\aptos\train\0_No_DR\67d8f94f04e0.png,train/0_No_DR/67d8f94f04e0.png,train,67d8f94f04e0.png,0,No_DR
aptos:train/1_Mild/a28bfb772f50.png,aptos,A:\DR_classification\data\organized\aptos\train\1_Mild\a28bfb772f50.png,train/1_Mild/a28bfb772f50.png,train,a28bfb772f50.png,1,Mild
aptos:train/0_No_DR/e66855a5c583.png,aptos,A:\DR_classification\data\organized\aptos\train\0_No_DR\e66855a5c583.png,train/0_No_DR/e66855a5c583.png,train,e66855a5c583.png,0,No_DR
aptos:train/0_No_DR/c5a6f432a1ec.png,aptos,A:\DR_classification\data\organized\aptos\train\0_No_DR\c5a6f432a1ec.png,train/0_No_DR/c5a6f432a1ec.png,train,c5a6f432a1ec.png,0,No_DR
aptos:train/0_No_DR/f9d52509c571.png,aptos,A:\DR_classification\data\organized\aptos\train\0_No_DR\f9d52509c571.png,train/0_No_DR/f9d52509c571.png,train,f9d52509c571.png,0,No_DR
aptos:train/2_Moderate/55034b1dbff2.png,aptos,A:\DR_classification\data\organized\aptos\train\2_Moderate\55034b1dbff2.png,train/2_Moderate/55034b1dbff2.png,train,55034b1dbff2.png,2,Moderate
aptos:train/0_No_DR/0b3efe669365.png,aptos,A:\DR_classification\data\organized\aptos\train\0_No_DR\0b3efe669365.png,train/0_No_DR/0b3efe669365.png,train,0b3efe669365.png,0,No_DR
aptos:train/0_No_DR/ab32db41c409.png,aptos,A:\DR_classification\data\organized\aptos\train\0_No_DR\ab32db41c409.png,train/0_No_DR/ab32db41c409.png,train,ab32db41c409.png,0,No_DR
aptos:train/2_Moderate/54cab3596214.png,aptos,A:\DR_classification\data\organized\aptos\train\2_Moderate\54cab3596214.png,train/2_Moderate/54cab3596214.png,train,54cab3596214.png,2,Moderate
aptos:train/0_No_DR/72c31aa48e2c.png,aptos,A:\DR_classification\data\organized\aptos\train\0_No_DR\72c31aa48e2c.png,train/0_No_DR/72c31aa48e2c.png,train,72c31aa48e2c.png,0,No_DR
aptos:train/1_Mild/f0c13be90519.png,aptos,A:\DR_classification\data\organized\aptos\train\1_Mild\f0c13be90519.png,train/1_Mild/f0c13be90519.png,train,f0c13be90519.png,1,Mild
aptos:val/2_Moderate/8a67f1efa315.png,aptos,A:\DR_classification\data\organized\aptos\val\2_Moderate\8a67f1efa315.png,val/2_Moderate/8a67f1efa315.png,val,8a67f1efa315.png,2,Moderate
aptos:train/2_Moderate/10ecc5292ab1.png,aptos,A:\DR_classification\data\organized\aptos\train\2_Moderate\10ecc5292ab1.png,train/2_Moderate/10ecc5292ab1.png,train,10ecc5292ab1.png,2,Moderate
aptos:train/2_Moderate/c280730cc211.png,aptos,A:\DR_classification\data\organized\aptos\train\2_Moderate\c280730cc211.png,train/2_Moderate/c280730cc211.png,train,c280730cc211.png,2,Moderate
aptos:train/0_No_DR/7fe7309d0b4f.png,aptos,A:\DR_classification\data\organized\aptos\train\0_No_DR\7fe7309d0b4f.png,train/0_No_DR/7fe7309d0b4f.png,train,7fe7309d0b4f.png,0,No_DR
aptos:train/2_Moderate/2bd4d4fbed5c.png,aptos,A:\DR_classification\data\organized\aptos\train\2_Moderate\2bd4d4fbed5c.png,train/2_Moderate/2bd4d4fbed5c.png,train,2bd4d4fbed5c.png,2,Moderate
aptos:train/0_No_DR/4205e9deb058.png,aptos,A:\DR_classification\data\organized\aptos\train\0_No_DR\4205e9deb058.png,train/0_No_DR/4205e9deb058.png,train,4205e9deb058.png,0,No_DR
aptos:train/0_No_DR/493d99f030e2.png,aptos,A:\DR_classification\data\organized\aptos\train\0_No_DR\493d99f030e2.png,train/0_No_DR/493d99f030e2.png,train,493d99f030e2.png,0,No_DR
aptos:train/2_Moderate/89d2a7403a06.png,aptos,A:\DR_classification\data\organized\aptos\train\2_Moderate\89d2a7403a06.png,train/2_Moderate/89d2a7403a06.png,train,89d2a7403a06.png,2,Moderate
aptos:train/2_Moderate/803120c5d287.png,aptos,A:\DR_classification\data\organized\aptos\train\2_Moderate\803120c5d287.png,train/2_Moderate/803120c5d287.png,train,803120c5d287.png,2,Moderate
aptos:train/2_Moderate/0c55d58bebaf.png,aptos,A:\DR_classification\data\organized\aptos\train\2_Moderate\0c55d58bebaf.png,train/2_Moderate/0c55d58bebaf.png,train,0c55d58bebaf.png,2,Moderate
aptos:train/0_No_DR/be8697eb2078.png,aptos,A:\DR_classification\data\organized\aptos\train\0_No_DR\be8697eb2078.png,train/0_No_DR/be8697eb2078.png,train,be8697eb2078.png,0,No_DR
aptos:train/0_No_DR/f8f5942b690e.png,aptos,A:\DR_classification\data\organized\aptos\train\0_No_DR\f8f5942b690e.png,train/0_No_DR/f8f5942b690e.png,train,f8f5942b690e.png,0,No_DR
aptos:val/2_Moderate/7102f29e052e.png,aptos,A:\DR_classification\data\organized\aptos\val\2_Moderate\7102f29e052e.png,val/2_Moderate/7102f29e052e.png,val,7102f29e052e.png,2,Moderate
aptos:train/0_No_DR/76516f828d88.png,aptos,A:\DR_classification\data\organized\aptos\train\0_No_DR\76516f828d88.png,train/0_No_DR/76516f828d88.png,train,76516f828d88.png,0,No_DR
aptos:train/1_Mild/95a4cc805c7b.png,aptos,A:\DR_classification\data\organized\aptos\train\1_Mild\95a4cc805c7b.png,train/1_Mild/95a4cc805c7b.png,train,95a4cc805c7b.png,1,Mild
aptos:train/2_Moderate/467b7d9d811c.png,aptos,A:\DR_classification\data\organized\aptos\train\2_Moderate\467b7d9d811c.png,train/2_Moderate/467b7d9d811c.png,train,467b7d9d811c.png,2,Moderate
aptos:train/0_No_DR/77a1f1398fdb.png,aptos,A:\DR_classification\data\organized\aptos\train\0_No_DR\77a1f1398fdb.png,train/0_No_DR/77a1f1398fdb.png,train,77a1f1398fdb.png,0,No_DR
aptos:train/0_No_DR/6e0f78e188ff.png,aptos,A:\DR_classification\data\organized\aptos\train\0_No_DR\6e0f78e188ff.png,train/0_No_DR/6e0f78e188ff.png,train,6e0f78e188ff.png,0,No_DR
aptos:train/0_No_DR/096436d68d06.png,aptos,A:\DR_classification\data\organized\aptos\train\0_No_DR\096436d68d06.png,train/0_No_DR/096436d68d06.png,train,096436d68d06.png,0,No_DR
aptos:val/2_Moderate/d9311f7497cb.png,aptos,A:\DR_classification\data\organized\aptos\val\2_Moderate\d9311f7497cb.png,val/2_Moderate/d9311f7497cb.png,val,d9311f7497cb.png,2,Moderate
aptos:train/0_No_DR/11d8e5eaee5b.png,aptos,A:\DR_classification\data\organized\aptos\train\0_No_DR\11d8e5eaee5b.png,train/0_No_DR/11d8e5eaee5b.png,train,11d8e5eaee5b.png,0,No_DR
aptos:train/1_Mild/63363410389a.png,aptos,A:\DR_classification\data\organized\aptos\train\1_Mild\63363410389a.png,train/1_Mild/63363410389a.png,train,63363410389a.png,1,Mild
aptos:test/2_Moderate/d473f6fafba0.png,aptos,A:\DR_classification\data\organized\aptos\test\2_Moderate\d473f6fafba0.png,test/2_Moderate/d473f6fafba0.png,test,d473f6fafba0.png,2,Moderate
aptos:test/1_Mild/0024cdab0c1e.png,aptos,A:\DR_classification\data\organized\aptos\test\1_Mild\0024cdab0c1e.png,test/1_Mild/0024cdab0c1e.png,test,0024cdab0c1e.png,1,Mild
aptos:train/0_No_DR/b6bf847fbcb2.png,aptos,A:\DR_classification\data\organized\aptos\train\0_No_DR\b6bf847fbcb2.png,train/0_No_DR/b6bf847fbcb2.png,train,b6bf847fbcb2.png,0,No_DR
aptos:train/4_Proliferative_DR/0bf37ca3156a.png,aptos,A:\DR_classification\data\organized\aptos\train\4_Proliferative_DR\0bf37ca3156a.png,train/4_Proliferative_DR/0bf37ca3156a.png,train,0bf37ca3156a.png,4,Proliferative_DR
aptos:train/4_Proliferative_DR/61f403fdb434.png,aptos,A:\DR_classification\data\organized\aptos\train\4_Proliferative_DR\61f403fdb434.png,train/4_Proliferative_DR/61f403fdb434.png,train,61f403fdb434.png,4,Proliferative_DR
aptos:train/2_Moderate/e663c6627a95.png,aptos,A:\DR_classification\data\organized\aptos\train\2_Moderate\e663c6627a95.png,train/2_Moderate/e663c6627a95.png,train,e663c6627a95.png,2,Moderate
aptos:train/0_No_DR/f819c65b803c.png,aptos,A:\DR_classification\data\organized\aptos\train\0_No_DR\f819c65b803c.png,train/0_No_DR/f819c65b803c.png,train,f819c65b803c.png,0,No_DR
aptos:val/0_No_DR/ebd96d853918.png,aptos,A:\DR_classification\data\organized\aptos\val\0_No_DR\ebd96d853918.png,val/0_No_DR/ebd96d853918.png,val,ebd96d853918.png,0,No_DR
aptos:train/3_Severe/1623e8e3adc4.png,aptos,A:\DR_classification\data\organized\aptos\train\3_Severe\1623e8e3adc4.png,train/3_Severe/1623e8e3adc4.png,train,1623e8e3adc4.png,3,Severe
aptos:train/0_No_DR/76e5b50f95a7.png,aptos,A:\DR_classification\data\organized\aptos\train\0_No_DR\76e5b50f95a7.png,train/0_No_DR/76e5b50f95a7.png,train,76e5b50f95a7.png,0,No_DR
aptos:train/0_No_DR/ffc04fed30e6.png,aptos,A:\DR_classification\data\organized\aptos\train\0_No_DR\ffc04fed30e6.png,train/0_No_DR/ffc04fed30e6.png,train,ffc04fed30e6.png,0,No_DR
aptos:train/2_Moderate/9c088d2d1559.png,aptos,A:\DR_classification\data\organized\aptos\train\2_Moderate\9c088d2d1559.png,train/2_Moderate/9c088d2d1559.png,train,9c088d2d1559.png,2,Moderate
aptos:train/3_Severe/0edadb2aa127.png,aptos,A:\DR_classification\data\organized\aptos\train\3_Severe\0edadb2aa127.png,train/3_Severe/0edadb2aa127.png,train,0edadb2aa127.png,3,Severe
aptos:train/0_No_DR/a9b3177f01c0.png,aptos,A:\DR_classification\data\organized\aptos\train\0_No_DR\a9b3177f01c0.png,train/0_No_DR/a9b3177f01c0.png,train,a9b3177f01c0.png,0,No_DR
aptos:val/1_Mild/03e25101e8e8.png,aptos,A:\DR_classification\data\organized\aptos\val\1_Mild\03e25101e8e8.png,val/1_Mild/03e25101e8e8.png,val,03e25101e8e8.png,1,Mild
aptos:train/0_No_DR/8010c931321f.png,aptos,A:\DR_classification\data\organized\aptos\train\0_No_DR\8010c931321f.png,train/0_No_DR/8010c931321f.png,train,8010c931321f.png,0,No_DR
aptos:train/3_Severe/093a42649c29.png,aptos,A:\DR_classification\data\organized\aptos\train\3_Severe\093a42649c29.png,train/3_Severe/093a42649c29.png,train,093a42649c29.png,3,Severe
aptos:val/0_No_DR/4c6c5a1bf5ab.png,aptos,A:\DR_classification\data\organized\aptos\val\0_No_DR\4c6c5a1bf5ab.png,val/0_No_DR/4c6c5a1bf5ab.png,val,4c6c5a1bf5ab.png,0,No_DR
aptos:train/3_Severe/8b76c3c5cb3e.png,aptos,A:\DR_classification\data\organized\aptos\train\3_Severe\8b76c3c5cb3e.png,train/3_Severe/8b76c3c5cb3e.png,train,8b76c3c5cb3e.png,3,Severe
aptos:val/3_Severe/8c0d05233238.png,aptos,A:\DR_classification\data\organized\aptos\val\3_Severe\8c0d05233238.png,val/3_Severe/8c0d05233238.png,val,8c0d05233238.png,3,Severe
aptos:train/1_Mild/6d292ca4c9ad.png,aptos,A:\DR_classification\data\organized\aptos\train\1_Mild\6d292ca4c9ad.png,train/1_Mild/6d292ca4c9ad.png,train,6d292ca4c9ad.png,1,Mild
aptos:test/0_No_DR/f9d8ff3e6592.png,aptos,A:\DR_classification\data\organized\aptos\test\0_No_DR\f9d8ff3e6592.png,test/0_No_DR/f9d8ff3e6592.png,test,f9d8ff3e6592.png,0,No_DR
aptos:val/2_Moderate/e17507a4a1f5.png,aptos,A:\DR_classification\data\organized\aptos\val\2_Moderate\e17507a4a1f5.png,val/2_Moderate/e17507a4a1f5.png,val,e17507a4a1f5.png,2,Moderate
aptos:train/1_Mild/ca7140ecf389.png,aptos,A:\DR_classification\data\organized\aptos\train\1_Mild\ca7140ecf389.png,train/1_Mild/ca7140ecf389.png,train,ca7140ecf389.png,1,Mild
aptos:train/2_Moderate/4d21ce39c905.png,aptos,A:\DR_classification\data\organized\aptos\train\2_Moderate\4d21ce39c905.png,train/2_Moderate/4d21ce39c905.png,train,4d21ce39c905.png,2,Moderate
aptos:train/2_Moderate/1e4650743fa2.png,aptos,A:\DR_classification\data\organized\aptos\train\2_Moderate\1e4650743fa2.png,train/2_Moderate/1e4650743fa2.png,train,1e4650743fa2.png,2,Moderate
aptos:train/2_Moderate/e85d410d6836.png,aptos,A:\DR_classification\data\organized\aptos\train\2_Moderate\e85d410d6836.png,train/2_Moderate/e85d410d6836.png,train,e85d410d6836.png,2,Moderate
aptos:train/0_No_DR/885fa5fc5da8.png,aptos,A:\DR_classification\data\organized\aptos\train\0_No_DR\885fa5fc5da8.png,train/0_No_DR/885fa5fc5da8.png,train,885fa5fc5da8.png,0,No_DR
aptos:train/0_No_DR/633fe9dbaf39.png,aptos,A:\DR_classification\data\organized\aptos\train\0_No_DR\633fe9dbaf39.png,train/0_No_DR/633fe9dbaf39.png,train,633fe9dbaf39.png,0,No_DR
aptos:train/0_No_DR/bd06028eb7dd.png,aptos,A:\DR_classification\data\organized\aptos\train\0_No_DR\bd06028eb7dd.png,train/0_No_DR/bd06028eb7dd.png,train,bd06028eb7dd.png,0,No_DR
aptos:test/1_Mild/107aea0d9289.png,aptos,A:\DR_classification\data\organized\aptos\test\1_Mild\107aea0d9289.png,test/1_Mild/107aea0d9289.png,test,107aea0d9289.png,1,Mild
aptos:train/2_Moderate/4ef0b485a7da.png,aptos,A:\DR_classification\data\organized\aptos\train\2_Moderate\4ef0b485a7da.png,train/2_Moderate/4ef0b485a7da.png,train,4ef0b485a7da.png,2,Moderate
aptos:train/1_Mild/00cb6555d108.png,aptos,A:\DR_classification\data\organized\aptos\train\1_Mild\00cb6555d108.png,train/1_Mild/00cb6555d108.png,train,00cb6555d108.png,1,Mild
aptos:train/1_Mild/66cd9c28e636.png,aptos,A:\DR_classification\data\organized\aptos\train\1_Mild\66cd9c28e636.png,train/1_Mild/66cd9c28e636.png,train,66cd9c28e636.png,1,Mild
aptos:train/0_No_DR/2a2a6435f7f3.png,aptos,A:\DR_classification\data\organized\aptos\train\0_No_DR\2a2a6435f7f3.png,train/0_No_DR/2a2a6435f7f3.png,train,2a2a6435f7f3.png,0,No_DR
aptos:test/0_No_DR/6504b703c429.png,aptos,A:\DR_classification\data\organized\aptos\test\0_No_DR\6504b703c429.png,test/0_No_DR/6504b703c429.png,test,6504b703c429.png,0,No_DR
aptos:test/4_Proliferative_DR/a5c9a8c726b2.png,aptos,A:\DR_classification\data\organized\aptos\test\4_Proliferative_DR\a5c9a8c726b2.png,test/4_Proliferative_DR/a5c9a8c726b2.png,test,a5c9a8c726b2.png,4,Proliferative_DR
aptos:train/0_No_DR/50f5201fd18a.png,aptos,A:\DR_classification\data\organized\aptos\train\0_No_DR\50f5201fd18a.png,train/0_No_DR/50f5201fd18a.png,train,50f5201fd18a.png,0,No_DR
aptos:train/0_No_DR/838b3e4d0bb4.png,aptos,A:\DR_classification\data\organized\aptos\train\0_No_DR\838b3e4d0bb4.png,train/0_No_DR/838b3e4d0bb4.png,train,838b3e4d0bb4.png,0,No_DR
aptos:train/2_Moderate/e756495c11cb.png,aptos,A:\DR_classification\data\organized\aptos\train\2_Moderate\e756495c11cb.png,train/2_Moderate/e756495c11cb.png,train,e756495c11cb.png,2,Moderate
aptos:train/1_Mild/04ac765f91a1.png,aptos,A:\DR_classification\data\organized\aptos\train\1_Mild\04ac765f91a1.png,train/1_Mild/04ac765f91a1.png,train,04ac765f91a1.png,1,Mild
aptos:train/0_No_DR/404ede327e98.png,aptos,A:\DR_classification\data\organized\aptos\train\0_No_DR\404ede327e98.png,train/0_No_DR/404ede327e98.png,train,404ede327e98.png,0,No_DR
aptos:val/0_No_DR/e42d9a94a66d.png,aptos,A:\DR_classification\data\organized\aptos\val\0_No_DR\e42d9a94a66d.png,val/0_No_DR/e42d9a94a66d.png,val,e42d9a94a66d.png,0,No_DR
aptos:train/2_Moderate/000c1434d8d7.png,aptos,A:\DR_classification\data\organized\aptos\train\2_Moderate\000c1434d8d7.png,train/2_Moderate/000c1434d8d7.png,train,000c1434d8d7.png,2,Moderate
aptos:train/3_Severe/7e160c8b611e.png,aptos,A:\DR_classification\data\organized\aptos\train\3_Severe\7e160c8b611e.png,train/3_Severe/7e160c8b611e.png,train,7e160c8b611e.png,3,Severe
aptos:train/1_Mild/4fa26d065ad3.png,aptos,A:\DR_classification\data\organized\aptos\train\1_Mild\4fa26d065ad3.png,train/1_Mild/4fa26d065ad3.png,train,4fa26d065ad3.png,1,Mild
aptos:test/0_No_DR/6852f4531591.png,aptos,A:\DR_classification\data\organized\aptos\test\0_No_DR\6852f4531591.png,test/0_No_DR/6852f4531591.png,test,6852f4531591.png,0,No_DR
aptos:train/0_No_DR/870f433e8f37.png,aptos,A:\DR_classification\data\organized\aptos\train\0_No_DR\870f433e8f37.png,train/0_No_DR/870f433e8f37.png,train,870f433e8f37.png,0,No_DR
aptos:test/0_No_DR/683023cda6a5.png,aptos,A:\DR_classification\data\organized\aptos\test\0_No_DR\683023cda6a5.png,test/0_No_DR/683023cda6a5.png,test,683023cda6a5.png,0,No_DR
aptos:test/3_Severe/c3cd0200df79.png,aptos,A:\DR_classification\data\organized\aptos\test\3_Severe\c3cd0200df79.png,test/3_Severe/c3cd0200df79.png,test,c3cd0200df79.png,3,Severe
aptos:train/0_No_DR/0b2ea8f268cf.png,aptos,A:\DR_classification\data\organized\aptos\train\0_No_DR\0b2ea8f268cf.png,train/0_No_DR/0b2ea8f268cf.png,train,0b2ea8f268cf.png,0,No_DR
aptos:train/0_No_DR/f2f569a64949.png,aptos,A:\DR_classification\data\organized\aptos\train\0_No_DR\f2f569a64949.png,train/0_No_DR/f2f569a64949.png,train,f2f569a64949.png,0,No_DR
aptos:train/0_No_DR/274f4de2a59d.png,aptos,A:\DR_classification\data\organized\aptos\train\0_No_DR\274f4de2a59d.png,train/0_No_DR/274f4de2a59d.png,train,274f4de2a59d.png,0,No_DR
aptos:val/2_Moderate/57f933d3d7c7.png,aptos,A:\DR_classification\data\organized\aptos\val\2_Moderate\57f933d3d7c7.png,val/2_Moderate/57f933d3d7c7.png,val,57f933d3d7c7.png,2,Moderate
aptos:train/0_No_DR/9ce46d400cd6.png,aptos,A:\DR_classification\data\organized\aptos\train\0_No_DR\9ce46d400cd6.png,train/0_No_DR/9ce46d400cd6.png,train,9ce46d400cd6.png,0,No_DR
aptos:train/2_Moderate/876e1dd12d38.png,aptos,A:\DR_classification\data\organized\aptos\train\2_Moderate\876e1dd12d38.png,train/2_Moderate/876e1dd12d38.png,train,876e1dd12d38.png,2,Moderate
aptos:train/0_No_DR/1fb455685328.png,aptos,A:\DR_classification\data\organized\aptos\train\0_No_DR\1fb455685328.png,train/0_No_DR/1fb455685328.png,train,1fb455685328.png,0,No_DR
aptos:val/0_No_DR/d5c63a8d9e94.png,aptos,A:\DR_classification\data\organized\aptos\val\0_No_DR\d5c63a8d9e94.png,val/0_No_DR/d5c63a8d9e94.png,val,d5c63a8d9e94.png,0,No_DR
aptos:test/0_No_DR/5ea9e447bb62.png,aptos,A:\DR_classification\data\organized\aptos\test\0_No_DR\5ea9e447bb62.png,test/0_No_DR/5ea9e447bb62.png,test,5ea9e447bb62.png,0,No_DR
aptos:train/2_Moderate/ca360bec5851.png,aptos,A:\DR_classification\data\organized\aptos\train\2_Moderate\ca360bec5851.png,train/2_Moderate/ca360bec5851.png,train,ca360bec5851.png,2,Moderate
aptos:train/2_Moderate/dbee04ae6426.png,aptos,A:\DR_classification\data\organized\aptos\train\2_Moderate\dbee04ae6426.png,train/2_Moderate/dbee04ae6426.png,train,dbee04ae6426.png,2,Moderate
aptos:test/0_No_DR/e135d7ba9a0e.png,aptos,A:\DR_classification\data\organized\aptos\test\0_No_DR\e135d7ba9a0e.png,test/0_No_DR/e135d7ba9a0e.png,test,e135d7ba9a0e.png,0,No_DR
aptos:train/0_No_DR/315c1a0d87fd.png,aptos,A:\DR_classification\data\organized\aptos\train\0_No_DR\315c1a0d87fd.png,train/0_No_DR/315c1a0d87fd.png,train,315c1a0d87fd.png,0,No_DR
aptos:train/0_No_DR/0d744aed4d64.png,aptos,A:\DR_classification\data\organized\aptos\train\0_No_DR\0d744aed4d64.png,train/0_No_DR/0d744aed4d64.png,train,0d744aed4d64.png,0,No_DR
aptos:train/3_Severe/6efa36d59ada.png,aptos,A:\DR_classification\data\organized\aptos\train\3_Severe\6efa36d59ada.png,train/3_Severe/6efa36d59ada.png,train,6efa36d59ada.png,3,Severe
aptos:train/0_No_DR/7b691d9ced34.png,aptos,A:\DR_classification\data\organized\aptos\train\0_No_DR\7b691d9ced34.png,train/0_No_DR/7b691d9ced34.png,train,7b691d9ced34.png,0,No_DR
aptos:test/2_Moderate/3e1f8fecb06f.png,aptos,A:\DR_classification\data\organized\aptos\test\2_Moderate\3e1f8fecb06f.png,test/2_Moderate/3e1f8fecb06f.png,test,3e1f8fecb06f.png,2,Moderate
aptos:train/0_No_DR/28f73575e1f2.png,aptos,A:\DR_classification\data\organized\aptos\train\0_No_DR\28f73575e1f2.png,train/0_No_DR/28f73575e1f2.png,train,28f73575e1f2.png,0,No_DR
aptos:train/0_No_DR/d16e39b9d6f0.png,aptos,A:\DR_classification\data\organized\aptos\train\0_No_DR\d16e39b9d6f0.png,train/0_No_DR/d16e39b9d6f0.png,train,d16e39b9d6f0.png,0,No_DR
aptos:val/0_No_DR/7d94a000c2d0.png,aptos,A:\DR_classification\data\organized\aptos\val\0_No_DR\7d94a000c2d0.png,val/0_No_DR/7d94a000c2d0.png,val,7d94a000c2d0.png,0,No_DR
aptos:train/0_No_DR/022f820027b8.png,aptos,A:\DR_classification\data\organized\aptos\train\0_No_DR\022f820027b8.png,train/0_No_DR/022f820027b8.png,train,022f820027b8.png,0,No_DR
aptos:train/2_Moderate/18323d8f2470.png,aptos,A:\DR_classification\data\organized\aptos\train\2_Moderate\18323d8f2470.png,train/2_Moderate/18323d8f2470.png,train,18323d8f2470.png,2,Moderate
aptos:val/0_No_DR/e2265c383348.png,aptos,A:\DR_classification\data\organized\aptos\val\0_No_DR\e2265c383348.png,val/0_No_DR/e2265c383348.png,val,e2265c383348.png,0,No_DR
aptos:train/4_Proliferative_DR/c01eae4b4939.png,aptos,A:\DR_classification\data\organized\aptos\train\4_Proliferative_DR\c01eae4b4939.png,train/4_Proliferative_DR/c01eae4b4939.png,train,c01eae4b4939.png,4,Proliferative_DR
aptos:train/2_Moderate/362c4a96cebb.png,aptos,A:\DR_classification\data\organized\aptos\train\2_Moderate\362c4a96cebb.png,train/2_Moderate/362c4a96cebb.png,train,362c4a96cebb.png,2,Moderate
aptos:train/0_No_DR/dccdf750c962.png,aptos,A:\DR_classification\data\organized\aptos\train\0_No_DR\dccdf750c962.png,train/0_No_DR/dccdf750c962.png,train,dccdf750c962.png,0,No_DR
aptos:val/2_Moderate/9df31421cdd2.png,aptos,A:\DR_classification\data\organized\aptos\val\2_Moderate\9df31421cdd2.png,val/2_Moderate/9df31421cdd2.png,val,9df31421cdd2.png,2,Moderate
aptos:train/0_No_DR/61c667663f2f.png,aptos,A:\DR_classification\data\organized\aptos\train\0_No_DR\61c667663f2f.png,train/0_No_DR/61c667663f2f.png,train,61c667663f2f.png,0,No_DR
aptos:train/0_No_DR/e246cd89e1cc.png,aptos,A:\DR_classification\data\organized\aptos\train\0_No_DR\e246cd89e1cc.png,train/0_No_DR/e246cd89e1cc.png,train,e246cd89e1cc.png,0,No_DR
aptos:train/2_Moderate/ca7f5caddf96.png,aptos,A:\DR_classification\data\organized\aptos\train\2_Moderate\ca7f5caddf96.png,train/2_Moderate/ca7f5caddf96.png,train,ca7f5caddf96.png,2,Moderate
aptos:val/2_Moderate/04a6fc58dabc.png,aptos,A:\DR_classification\data\organized\aptos\val\2_Moderate\04a6fc58dabc.png,val/2_Moderate/04a6fc58dabc.png,val,04a6fc58dabc.png,2,Moderate
aptos:train/0_No_DR/d99b0f7dd9b9.png,aptos,A:\DR_classification\data\organized\aptos\train\0_No_DR\d99b0f7dd9b9.png,train/0_No_DR/d99b0f7dd9b9.png,train,d99b0f7dd9b9.png,0,No_DR
aptos:val/0_No_DR/f02babb3a023.png,aptos,A:\DR_classification\data\organized\aptos\val\0_No_DR\f02babb3a023.png,val/0_No_DR/f02babb3a023.png,val,f02babb3a023.png,0,No_DR
aptos:train/0_No_DR/962c0fc85e13.png,aptos,A:\DR_classification\data\organized\aptos\train\0_No_DR\962c0fc85e13.png,train/0_No_DR/962c0fc85e13.png,train,962c0fc85e13.png,0,No_DR
aptos:train/0_No_DR/2cf18033da31.png,aptos,A:\DR_classification\data\organized\aptos\train\0_No_DR\2cf18033da31.png,train/0_No_DR/2cf18033da31.png,train,2cf18033da31.png,0,No_DR
aptos:train/2_Moderate/25002fe43f92.png,aptos,A:\DR_classification\data\organized\aptos\train\2_Moderate\25002fe43f92.png,train/2_Moderate/25002fe43f92.png,train,25002fe43f92.png,2,Moderate
aptos:train/0_No_DR/b69c224edd6e.png,aptos,A:\DR_classification\data\organized\aptos\train\0_No_DR\b69c224edd6e.png,train/0_No_DR/b69c224edd6e.png,train,b69c224edd6e.png,0,No_DR
aptos:train/2_Moderate/62cc7ddb53b6.png,aptos,A:\DR_classification\data\organized\aptos\train\2_Moderate\62cc7ddb53b6.png,train/2_Moderate/62cc7ddb53b6.png,train,62cc7ddb53b6.png,2,Moderate
aptos:train/0_No_DR/898f0bc8acfa.png,aptos,A:\DR_classification\data\organized\aptos\train\0_No_DR\898f0bc8acfa.png,train/0_No_DR/898f0bc8acfa.png,train,898f0bc8acfa.png,0,No_DR
aptos:val/1_Mild/8bc6716c2238.png,aptos,A:\DR_classification\data\organized\aptos\val\1_Mild\8bc6716c2238.png,val/1_Mild/8bc6716c2238.png,val,8bc6716c2238.png,1,Mild
aptos:train/2_Moderate/e10190a9d52f.png,aptos,A:\DR_classification\data\organized\aptos\train\2_Moderate\e10190a9d52f.png,train/2_Moderate/e10190a9d52f.png,train,e10190a9d52f.png,2,Moderate
aptos:train/2_Moderate/58529a8638d0.png,aptos,A:\DR_classification\data\organized\aptos\train\2_Moderate\58529a8638d0.png,train/2_Moderate/58529a8638d0.png,train,58529a8638d0.png,2,Moderate
aptos:train/2_Moderate/67844c46bc61.png,aptos,A:\DR_classification\data\organized\aptos\train\2_Moderate\67844c46bc61.png,train/2_Moderate/67844c46bc61.png,train,67844c46bc61.png,2,Moderate
aptos:test/0_No_DR/65f69234c8a7.png,aptos,A:\DR_classification\data\organized\aptos\test\0_No_DR\65f69234c8a7.png,test/0_No_DR/65f69234c8a7.png,test,65f69234c8a7.png,0,No_DR
aptos:test/0_No_DR/29d059522fa1.png,aptos,A:\DR_classification\data\organized\aptos\test\0_No_DR\29d059522fa1.png,test/0_No_DR/29d059522fa1.png,test,29d059522fa1.png,0,No_DR
aptos:train/0_No_DR/5d9c841eb245.png,aptos,A:\DR_classification\data\organized\aptos\train\0_No_DR\5d9c841eb245.png,train/0_No_DR/5d9c841eb245.png,train,5d9c841eb245.png,0,No_DR
aptos:val/0_No_DR/789f0ec1eab8.png,aptos,A:\DR_classification\data\organized\aptos\val\0_No_DR\789f0ec1eab8.png,val/0_No_DR/789f0ec1eab8.png,val,789f0ec1eab8.png,0,No_DR
aptos:train/0_No_DR/0babc12807b2.png,aptos,A:\DR_classification\data\organized\aptos\train\0_No_DR\0babc12807b2.png,train/0_No_DR/0babc12807b2.png,train,0babc12807b2.png,0,No_DR
aptos:train/4_Proliferative_DR/bcd503c726ba.png,aptos,A:\DR_classification\data\organized\aptos\train\4_Proliferative_DR\bcd503c726ba.png,train/4_Proliferative_DR/bcd503c726ba.png,train,bcd503c726ba.png,4,Proliferative_DR
aptos:train/0_No_DR/3486f7096276.png,aptos,A:\DR_classification\data\organized\aptos\train\0_No_DR\3486f7096276.png,train/0_No_DR/3486f7096276.png,train,3486f7096276.png,0,No_DR
aptos:train/0_No_DR/6d6fcf49e515.png,aptos,A:\DR_classification\data\organized\aptos\train\0_No_DR\6d6fcf49e515.png,train/0_No_DR/6d6fcf49e515.png,train,6d6fcf49e515.png,0,No_DR
aptos:train/2_Moderate/31452ad8808c.png,aptos,A:\DR_classification\data\organized\aptos\train\2_Moderate\31452ad8808c.png,train/2_Moderate/31452ad8808c.png,train,31452ad8808c.png,2,Moderate
aptos:train/0_No_DR/fb767cea406c.png,aptos,A:\DR_classification\data\organized\aptos\train\0_No_DR\fb767cea406c.png,train/0_No_DR/fb767cea406c.png,train,fb767cea406c.png,0,No_DR
aptos:train/0_No_DR/1da4a17c18c9.png,aptos,A:\DR_classification\data\organized\aptos\train\0_No_DR\1da4a17c18c9.png,train/0_No_DR/1da4a17c18c9.png,train,1da4a17c18c9.png,0,No_DR
aptos:train/0_No_DR/1509d097b69a.png,aptos,A:\DR_classification\data\organized\aptos\train\0_No_DR\1509d097b69a.png,train/0_No_DR/1509d097b69a.png,train,1509d097b69a.png,0,No_DR
aptos:train/0_No_DR/02358b47ea89.png,aptos,A:\DR_classification\data\organized\aptos\train\0_No_DR\02358b47ea89.png,train/0_No_DR/02358b47ea89.png,train,02358b47ea89.png,0,No_DR
aptos:train/1_Mild/587146a55885.png,aptos,A:\DR_classification\data\organized\aptos\train\1_Mild\587146a55885.png,train/1_Mild/587146a55885.png,train,587146a55885.png,1,Mild
aptos:train/2_Moderate/c8823cdaf7fa.png,aptos,A:\DR_classification\data\organized\aptos\train\2_Moderate\c8823cdaf7fa.png,train/2_Moderate/c8823cdaf7fa.png,train,c8823cdaf7fa.png,2,Moderate
aptos:train/2_Moderate/6987804eb464.png,aptos,A:\DR_classification\data\organized\aptos\train\2_Moderate\6987804eb464.png,train/2_Moderate/6987804eb464.png,train,6987804eb464.png,2,Moderate
aptos:train/0_No_DR/cbc23af521f3.png,aptos,A:\DR_classification\data\organized\aptos\train\0_No_DR\cbc23af521f3.png,train/0_No_DR/cbc23af521f3.png,train,cbc23af521f3.png,0,No_DR
aptos:train/0_No_DR/3823acc4e464.png,aptos,A:\DR_classification\data\organized\aptos\train\0_No_DR\3823acc4e464.png,train/0_No_DR/3823acc4e464.png,train,3823acc4e464.png,0,No_DR
aptos:val/2_Moderate/6e68e742f5bc.png,aptos,A:\DR_classification\data\organized\aptos\val\2_Moderate\6e68e742f5bc.png,val/2_Moderate/6e68e742f5bc.png,val,6e68e742f5bc.png,2,Moderate
aptos:test/0_No_DR/d881c04f01fe.png,aptos,A:\DR_classification\data\organized\aptos\test\0_No_DR\d881c04f01fe.png,test/0_No_DR/d881c04f01fe.png,test,d881c04f01fe.png,0,No_DR
aptos:train/2_Moderate/c48ae5da188e.png,aptos,A:\DR_classification\data\organized\aptos\train\2_Moderate\c48ae5da188e.png,train/2_Moderate/c48ae5da188e.png,train,c48ae5da188e.png,2,Moderate
aptos:train/0_No_DR/937bc1b924b1.png,aptos,A:\DR_classification\data\organized\aptos\train\0_No_DR\937bc1b924b1.png,train/0_No_DR/937bc1b924b1.png,train,937bc1b924b1.png,0,No_DR
aptos:train/0_No_DR/4d17559ac1e2.png,aptos,A:\DR_classification\data\organized\aptos\train\0_No_DR\4d17559ac1e2.png,train/0_No_DR/4d17559ac1e2.png,train,4d17559ac1e2.png,0,No_DR
aptos:train/3_Severe/0104b032c141.png,aptos,A:\DR_classification\data\organized\aptos\train\3_Severe\0104b032c141.png,train/3_Severe/0104b032c141.png,train,0104b032c141.png,3,Severe
aptos:train/0_No_DR/ab7991df166b.png,aptos,A:\DR_classification\data\organized\aptos\train\0_No_DR\ab7991df166b.png,train/0_No_DR/ab7991df166b.png,train,ab7991df166b.png,0,No_DR
aptos:train/2_Moderate/a688f20f8895.png,aptos,A:\DR_classification\data\organized\aptos\train\2_Moderate\a688f20f8895.png,train/2_Moderate/a688f20f8895.png,train,a688f20f8895.png,2,Moderate
aptos:train/4_Proliferative_DR/6cfb7b44ef6f.png,aptos,A:\DR_classification\data\organized\aptos\train\4_Proliferative_DR\6cfb7b44ef6f.png,train/4_Proliferative_DR/6cfb7b44ef6f.png,train,6cfb7b44ef6f.png,4,Proliferative_DR
aptos:val/0_No_DR/7a6495a39d87.png,aptos,A:\DR_classification\data\organized\aptos\val\0_No_DR\7a6495a39d87.png,val/0_No_DR/7a6495a39d87.png,val,7a6495a39d87.png,0,No_DR
aptos:train/2_Moderate/1c5ad36fb799.png,aptos,A:\DR_classification\data\organized\aptos\train\2_Moderate\1c5ad36fb799.png,train/2_Moderate/1c5ad36fb799.png,train,1c5ad36fb799.png,2,Moderate
aptos:train/4_Proliferative_DR/6194e0fff071.png,aptos,A:\DR_classification\data\organized\aptos\train\4_Proliferative_DR\6194e0fff071.png,train/4_Proliferative_DR/6194e0fff071.png,train,6194e0fff071.png,4,Proliferative_DR
aptos:train/2_Moderate/89ee1fa16f90.png,aptos,A:\DR_classification\data\organized\aptos\train\2_Moderate\89ee1fa16f90.png,train/2_Moderate/89ee1fa16f90.png,train,89ee1fa16f90.png,2,Moderate
aptos:train/2_Moderate/e65a2ff90494.png,aptos,A:\DR_classification\data\organized\aptos\train\2_Moderate\e65a2ff90494.png,train/2_Moderate/e65a2ff90494.png,train,e65a2ff90494.png,2,Moderate
aptos:train/0_No_DR/be197b663520.png,aptos,A:\DR_classification\data\organized\aptos\train\0_No_DR\be197b663520.png,train/0_No_DR/be197b663520.png,train,be197b663520.png,0,No_DR
aptos:train/2_Moderate/4f60129e9a5b.png,aptos,A:\DR_classification\data\organized\aptos\train\2_Moderate\4f60129e9a5b.png,train/2_Moderate/4f60129e9a5b.png,train,4f60129e9a5b.png,2,Moderate
aptos:train/0_No_DR/c1819db0aece.png,aptos,A:\DR_classification\data\organized\aptos\train\0_No_DR\c1819db0aece.png,train/0_No_DR/c1819db0aece.png,train,c1819db0aece.png,0,No_DR
aptos:train/2_Moderate/349f3c0ac83e.png,aptos,A:\DR_classification\data\organized\aptos\train\2_Moderate\349f3c0ac83e.png,train/2_Moderate/349f3c0ac83e.png,train,349f3c0ac83e.png,2,Moderate
aptos:test/4_Proliferative_DR/1a7e3356b39c.png,aptos,A:\DR_classification\data\organized\aptos\test\4_Proliferative_DR\1a7e3356b39c.png,test/4_Proliferative_DR/1a7e3356b39c.png,test,1a7e3356b39c.png,4,Proliferative_DR
aptos:train/4_Proliferative_DR/61bbc11fe503.png,aptos,A:\DR_classification\data\organized\aptos\train\4_Proliferative_DR\61bbc11fe503.png,train/4_Proliferative_DR/61bbc11fe503.png,train,61bbc11fe503.png,4,Proliferative_DR
aptos:train/4_Proliferative_DR/3b232b394e4f.png,aptos,A:\DR_classification\data\organized\aptos\train\4_Proliferative_DR\3b232b394e4f.png,train/4_Proliferative_DR/3b232b394e4f.png,train,3b232b394e4f.png,4,Proliferative_DR
aptos:train/1_Mild/6cdd0f985270.png,aptos,A:\DR_classification\data\organized\aptos\train\1_Mild\6cdd0f985270.png,train/1_Mild/6cdd0f985270.png,train,6cdd0f985270.png,1,Mild
aptos:train/0_No_DR/f002ce614c59.png,aptos,A:\DR_classification\data\organized\aptos\train\0_No_DR\f002ce614c59.png,train/0_No_DR/f002ce614c59.png,train,f002ce614c59.png,0,No_DR
aptos:train/1_Mild/eed4afc8ec83.png,aptos,A:\DR_classification\data\organized\aptos\train\1_Mild\eed4afc8ec83.png,train/1_Mild/eed4afc8ec83.png,train,eed4afc8ec83.png,1,Mild
aptos:train/1_Mild/06b71823f9cd.png,aptos,A:\DR_classification\data\organized\aptos\train\1_Mild\06b71823f9cd.png,train/1_Mild/06b71823f9cd.png,train,06b71823f9cd.png,1,Mild
aptos:train/0_No_DR/306c841af3fc.png,aptos,A:\DR_classification\data\organized\aptos\train\0_No_DR\306c841af3fc.png,train/0_No_DR/306c841af3fc.png,train,306c841af3fc.png,0,No_DR
aptos:train/0_No_DR/30db694bee42.png,aptos,A:\DR_classification\data\organized\aptos\train\0_No_DR\30db694bee42.png,train/0_No_DR/30db694bee42.png,train,30db694bee42.png,0,No_DR
aptos:val/0_No_DR/e06cccc08c59.png,aptos,A:\DR_classification\data\organized\aptos\val\0_No_DR\e06cccc08c59.png,val/0_No_DR/e06cccc08c59.png,val,e06cccc08c59.png,0,No_DR
aptos:test/1_Mild/24b943fe725e.png,aptos,A:\DR_classification\data\organized\aptos\test\1_Mild\24b943fe725e.png,test/1_Mild/24b943fe725e.png,test,24b943fe725e.png,1,Mild
aptos:train/0_No_DR/191cf5668f33.png,aptos,A:\DR_classification\data\organized\aptos\train\0_No_DR\191cf5668f33.png,train/0_No_DR/191cf5668f33.png,train,191cf5668f33.png,0,No_DR
aptos:test/1_Mild/d66ccb75ada1.png,aptos,A:\DR_classification\data\organized\aptos\test\1_Mild\d66ccb75ada1.png,test/1_Mild/d66ccb75ada1.png,test,d66ccb75ada1.png,1,Mild
aptos:test/0_No_DR/bf7b4eae7ad0.png,aptos,A:\DR_classification\data\organized\aptos\test\0_No_DR\bf7b4eae7ad0.png,test/0_No_DR/bf7b4eae7ad0.png,test,bf7b4eae7ad0.png,0,No_DR
aptos:train/2_Moderate/d264396d8d1a.png,aptos,A:\DR_classification\data\organized\aptos\train\2_Moderate\d264396d8d1a.png,train/2_Moderate/d264396d8d1a.png,train,d264396d8d1a.png,2,Moderate
aptos:train/2_Moderate/3128eb593012.png,aptos,A:\DR_classification\data\organized\aptos\train\2_Moderate\3128eb593012.png,train/2_Moderate/3128eb593012.png,train,3128eb593012.png,2,Moderate
aptos:train/0_No_DR/4528fbbd43a3.png,aptos,A:\DR_classification\data\organized\aptos\train\0_No_DR\4528fbbd43a3.png,train/0_No_DR/4528fbbd43a3.png,train,4528fbbd43a3.png,0,No_DR
aptos:test/2_Moderate/709784f7fcc2.png,aptos,A:\DR_classification\data\organized\aptos\test\2_Moderate\709784f7fcc2.png,test/2_Moderate/709784f7fcc2.png,test,709784f7fcc2.png,2,Moderate
aptos:val/0_No_DR/75a4343b12f9.png,aptos,A:\DR_classification\data\organized\aptos\val\0_No_DR\75a4343b12f9.png,val/0_No_DR/75a4343b12f9.png,val,75a4343b12f9.png,0,No_DR
aptos:test/2_Moderate/a2d349f567a6.png,aptos,A:\DR_classification\data\organized\aptos\test\2_Moderate\a2d349f567a6.png,test/2_Moderate/a2d349f567a6.png,test,a2d349f567a6.png,2,Moderate
aptos:train/4_Proliferative_DR/f72adcac5638.png,aptos,A:\DR_classification\data\organized\aptos\train\4_Proliferative_DR\f72adcac5638.png,train/4_Proliferative_DR/f72adcac5638.png,train,f72adcac5638.png,4,Proliferative_DR
aptos:train/3_Severe/d16398c971e9.png,aptos,A:\DR_classification\data\organized\aptos\train\3_Severe\d16398c971e9.png,train/3_Severe/d16398c971e9.png,train,d16398c971e9.png,3,Severe
aptos:train/0_No_DR/0b00f8a77510.png,aptos,A:\DR_classification\data\organized\aptos\train\0_No_DR\0b00f8a77510.png,train/0_No_DR/0b00f8a77510.png,train,0b00f8a77510.png,0,No_DR
aptos:val/0_No_DR/a07d571bf7ba.png,aptos,A:\DR_classification\data\organized\aptos\val\0_No_DR\a07d571bf7ba.png,val/0_No_DR/a07d571bf7ba.png,val,a07d571bf7ba.png,0,No_DR
aptos:val/1_Mild/c9485c38fdd5.png,aptos,A:\DR_classification\data\organized\aptos\val\1_Mild\c9485c38fdd5.png,val/1_Mild/c9485c38fdd5.png,val,c9485c38fdd5.png,1,Mild
aptos:test/0_No_DR/38373431d996.png,aptos,A:\DR_classification\data\organized\aptos\test\0_No_DR\38373431d996.png,test/0_No_DR/38373431d996.png,test,38373431d996.png,0,No_DR
aptos:train/0_No_DR/43e9c66eb0f3.png,aptos,A:\DR_classification\data\organized\aptos\train\0_No_DR\43e9c66eb0f3.png,train/0_No_DR/43e9c66eb0f3.png,train,43e9c66eb0f3.png,0,No_DR
aptos:train/0_No_DR/0c43c79e8cfb.png,aptos,A:\DR_classification\data\organized\aptos\train\0_No_DR\0c43c79e8cfb.png,train/0_No_DR/0c43c79e8cfb.png,train,0c43c79e8cfb.png,0,No_DR
aptos:test/2_Moderate/87b1938994b5.png,aptos,A:\DR_classification\data\organized\aptos\test\2_Moderate\87b1938994b5.png,test/2_Moderate/87b1938994b5.png,test,87b1938994b5.png,2,Moderate
aptos:val/2_Moderate/1dbdc32c17db.png,aptos,A:\DR_classification\data\organized\aptos\val\2_Moderate\1dbdc32c17db.png,val/2_Moderate/1dbdc32c17db.png,val,1dbdc32c17db.png,2,Moderate
aptos:train/0_No_DR/f0546a45ef10.png,aptos,A:\DR_classification\data\organized\aptos\train\0_No_DR\f0546a45ef10.png,train/0_No_DR/f0546a45ef10.png,train,f0546a45ef10.png,0,No_DR
aptos:test/2_Moderate/97bf61736b86.png,aptos,A:\DR_classification\data\organized\aptos\test\2_Moderate\97bf61736b86.png,test/2_Moderate/97bf61736b86.png,test,97bf61736b86.png,2,Moderate
aptos:train/2_Moderate/13063d1bc4ea.png,aptos,A:\DR_classification\data\organized\aptos\train\2_Moderate\13063d1bc4ea.png,train/2_Moderate/13063d1bc4ea.png,train,13063d1bc4ea.png,2,Moderate
aptos:train/4_Proliferative_DR/cbd0870aa933.png,aptos,A:\DR_classification\data\organized\aptos\train\4_Proliferative_DR\cbd0870aa933.png,train/4_Proliferative_DR/cbd0870aa933.png,train,cbd0870aa933.png,4,Proliferative_DR
aptos:test/3_Severe/498f143c0374.png,aptos,A:\DR_classification\data\organized\aptos\test\3_Severe\498f143c0374.png,test/3_Severe/498f143c0374.png,test,498f143c0374.png,3,Severe
aptos:train/0_No_DR/360832d84ce0.png,aptos,A:\DR_classification\data\organized\aptos\train\0_No_DR\360832d84ce0.png,train/0_No_DR/360832d84ce0.png,train,360832d84ce0.png,0,No_DR
aptos:train/2_Moderate/9eaac43744f5.png,aptos,A:\DR_classification\data\organized\aptos\train\2_Moderate\9eaac43744f5.png,train/2_Moderate/9eaac43744f5.png,train,9eaac43744f5.png,2,Moderate
aptos:val/0_No_DR/12b57dac703e.png,aptos,A:\DR_classification\data\organized\aptos\val\0_No_DR\12b57dac703e.png,val/0_No_DR/12b57dac703e.png,val,12b57dac703e.png,0,No_DR
aptos:train/0_No_DR/050bb1eafa76.png,aptos,A:\DR_classification\data\organized\aptos\train\0_No_DR\050bb1eafa76.png,train/0_No_DR/050bb1eafa76.png,train,050bb1eafa76.png,0,No_DR
aptos:train/0_No_DR/a5bb85afc6e8.png,aptos,A:\DR_classification\data\organized\aptos\train\0_No_DR\a5bb85afc6e8.png,train/0_No_DR/a5bb85afc6e8.png,train,a5bb85afc6e8.png,0,No_DR
aptos:train/0_No_DR/35df2bc6ae95.png,aptos,A:\DR_classification\data\organized\aptos\train\0_No_DR\35df2bc6ae95.png,train/0_No_DR/35df2bc6ae95.png,train,35df2bc6ae95.png,0,No_DR
aptos:train/2_Moderate/c6e1e9fbf39b.png,aptos,A:\DR_classification\data\organized\aptos\train\2_Moderate\c6e1e9fbf39b.png,train/2_Moderate/c6e1e9fbf39b.png,train,c6e1e9fbf39b.png,2,Moderate
aptos:test/0_No_DR/5c85d22bd0de.png,aptos,A:\DR_classification\data\organized\aptos\test\0_No_DR\5c85d22bd0de.png,test/0_No_DR/5c85d22bd0de.png,test,5c85d22bd0de.png,0,No_DR
aptos:train/1_Mild/7335a2d43ada.png,aptos,A:\DR_classification\data\organized\aptos\train\1_Mild\7335a2d43ada.png,train/1_Mild/7335a2d43ada.png,train,7335a2d43ada.png,1,Mild
aptos:train/3_Severe/b5834ee64541.png,aptos,A:\DR_classification\data\organized\aptos\train\3_Severe\b5834ee64541.png,train/3_Severe/b5834ee64541.png,train,b5834ee64541.png,3,Severe
aptos:train/2_Moderate/1943983492e5.png,aptos,A:\DR_classification\data\organized\aptos\train\2_Moderate\1943983492e5.png,train/2_Moderate/1943983492e5.png,train,1943983492e5.png,2,Moderate
aptos:train/0_No_DR/1891698febce.png,aptos,A:\DR_classification\data\organized\aptos\train\0_No_DR\1891698febce.png,train/0_No_DR/1891698febce.png,train,1891698febce.png,0,No_DR
aptos:train/0_No_DR/331121c65e88.png,aptos,A:\DR_classification\data\organized\aptos\train\0_No_DR\331121c65e88.png,train/0_No_DR/331121c65e88.png,train,331121c65e88.png,0,No_DR
aptos:train/0_No_DR/ae20112e7a1e.png,aptos,A:\DR_classification\data\organized\aptos\train\0_No_DR\ae20112e7a1e.png,train/0_No_DR/ae20112e7a1e.png,train,ae20112e7a1e.png,0,No_DR
aptos:train/0_No_DR/52ddde91a349.png,aptos,A:\DR_classification\data\organized\aptos\train\0_No_DR\52ddde91a349.png,train/0_No_DR/52ddde91a349.png,train,52ddde91a349.png,0,No_DR
aptos:train/0_No_DR/9a56cfb980ec.png,aptos,A:\DR_classification\data\organized\aptos\train\0_No_DR\9a56cfb980ec.png,train/0_No_DR/9a56cfb980ec.png,train,9a56cfb980ec.png,0,No_DR
aptos:test/2_Moderate/e06d3d4733f0.png,aptos,A:\DR_classification\data\organized\aptos\test\2_Moderate\e06d3d4733f0.png,test/2_Moderate/e06d3d4733f0.png,test,e06d3d4733f0.png,2,Moderate
aptos:val/0_No_DR/9688c6ef5dc5.png,aptos,A:\DR_classification\data\organized\aptos\val\0_No_DR\9688c6ef5dc5.png,val/0_No_DR/9688c6ef5dc5.png,val,9688c6ef5dc5.png,0,No_DR
aptos:train/0_No_DR/d6b109c82067.png,aptos,A:\DR_classification\data\organized\aptos\train\0_No_DR\d6b109c82067.png,train/0_No_DR/d6b109c82067.png,train,d6b109c82067.png,0,No_DR
aptos:train/0_No_DR/37c523296d42.png,aptos,A:\DR_classification\data\organized\aptos\train\0_No_DR\37c523296d42.png,train/0_No_DR/37c523296d42.png,train,37c523296d42.png,0,No_DR
aptos:test/0_No_DR/2cacdb0dffae.png,aptos,A:\DR_classification\data\organized\aptos\test\0_No_DR\2cacdb0dffae.png,test/0_No_DR/2cacdb0dffae.png,test,2cacdb0dffae.png,0,No_DR
aptos:train/4_Proliferative_DR/21d18b022429.png,aptos,A:\DR_classification\data\organized\aptos\train\4_Proliferative_DR\21d18b022429.png,train/4_Proliferative_DR/21d18b022429.png,train,21d18b022429.png,4,Proliferative_DR
aptos:val/0_No_DR/454792eb6e05.png,aptos,A:\DR_classification\data\organized\aptos\val\0_No_DR\454792eb6e05.png,val/0_No_DR/454792eb6e05.png,val,454792eb6e05.png,0,No_DR
aptos:train/2_Moderate/82f2784ead76.png,aptos,A:\DR_classification\data\organized\aptos\train\2_Moderate\82f2784ead76.png,train/2_Moderate/82f2784ead76.png,train,82f2784ead76.png,2,Moderate
aptos:train/2_Moderate/882a71de424e.png,aptos,A:\DR_classification\data\organized\aptos\train\2_Moderate\882a71de424e.png,train/2_Moderate/882a71de424e.png,train,882a71de424e.png,2,Moderate
aptos:train/0_No_DR/d1a60c3b9fe5.png,aptos,A:\DR_classification\data\organized\aptos\train\0_No_DR\d1a60c3b9fe5.png,train/0_No_DR/d1a60c3b9fe5.png,train,d1a60c3b9fe5.png,0,No_DR
aptos:train/0_No_DR/4a5a6efc0bef.png,aptos,A:\DR_classification\data\organized\aptos\train\0_No_DR\4a5a6efc0bef.png,train/0_No_DR/4a5a6efc0bef.png,train,4a5a6efc0bef.png,0,No_DR
aptos:test/2_Moderate/79059d0592c4.png,aptos,A:\DR_classification\data\organized\aptos\test\2_Moderate\79059d0592c4.png,test/2_Moderate/79059d0592c4.png,test,79059d0592c4.png,2,Moderate
aptos:train/2_Moderate/f80118bbda18.png,aptos,A:\DR_classification\data\organized\aptos\train\2_Moderate\f80118bbda18.png,train/2_Moderate/f80118bbda18.png,train,f80118bbda18.png,2,Moderate
aptos:train/0_No_DR/174db0854291.png,aptos,A:\DR_classification\data\organized\aptos\train\0_No_DR\174db0854291.png,train/0_No_DR/174db0854291.png,train,174db0854291.png,0,No_DR
aptos:val/1_Mild/05a5183c92d0.png,aptos,A:\DR_classification\data\organized\aptos\val\1_Mild\05a5183c92d0.png,val/1_Mild/05a5183c92d0.png,val,05a5183c92d0.png,1,Mild
aptos:train/0_No_DR/05195a3db5e2.png,aptos,A:\DR_classification\data\organized\aptos\train\0_No_DR\05195a3db5e2.png,train/0_No_DR/05195a3db5e2.png,train,05195a3db5e2.png,0,No_DR
aptos:train/1_Mild/7ccb267fd394.png,aptos,A:\DR_classification\data\organized\aptos\train\1_Mild\7ccb267fd394.png,train/1_Mild/7ccb267fd394.png,train,7ccb267fd394.png,1,Mild
aptos:train/3_Severe/36865bbc64d6.png,aptos,A:\DR_classification\data\organized\aptos\train\3_Severe\36865bbc64d6.png,train/3_Severe/36865bbc64d6.png,train,36865bbc64d6.png,3,Severe
aptos:train/1_Mild/e38f3a65b02b.png,aptos,A:\DR_classification\data\organized\aptos\train\1_Mild\e38f3a65b02b.png,train/1_Mild/e38f3a65b02b.png,train,e38f3a65b02b.png,1,Mild
aptos:train/0_No_DR/eeaea2c5ff34.png,aptos,A:\DR_classification\data\organized\aptos\train\0_No_DR\eeaea2c5ff34.png,train/0_No_DR/eeaea2c5ff34.png,train,eeaea2c5ff34.png,0,No_DR
aptos:train/4_Proliferative_DR/6fe67482bfae.png,aptos,A:\DR_classification\data\organized\aptos\train\4_Proliferative_DR\6fe67482bfae.png,train/4_Proliferative_DR/6fe67482bfae.png,train,6fe67482bfae.png,4,Proliferative_DR
aptos:test/0_No_DR/902dc5a91a3f.png,aptos,A:\DR_classification\data\organized\aptos\test\0_No_DR\902dc5a91a3f.png,test/0_No_DR/902dc5a91a3f.png,test,902dc5a91a3f.png,0,No_DR
aptos:train/0_No_DR/f994a3b07935.png,aptos,A:\DR_classification\data\organized\aptos\train\0_No_DR\f994a3b07935.png,train/0_No_DR/f994a3b07935.png,train,f994a3b07935.png,0,No_DR
aptos:train/2_Moderate/aad0c0ee9268.png,aptos,A:\DR_classification\data\organized\aptos\train\2_Moderate\aad0c0ee9268.png,train/2_Moderate/aad0c0ee9268.png,train,aad0c0ee9268.png,2,Moderate
aptos:train/2_Moderate/812d5adafaf2.png,aptos,A:\DR_classification\data\organized\aptos\train\2_Moderate\812d5adafaf2.png,train/2_Moderate/812d5adafaf2.png,train,812d5adafaf2.png,2,Moderate
aptos:train/0_No_DR/e68bdd36e589.png,aptos,A:\DR_classification\data\organized\aptos\train\0_No_DR\e68bdd36e589.png,train/0_No_DR/e68bdd36e589.png,train,e68bdd36e589.png,0,No_DR
aptos:train/4_Proliferative_DR/4a693dd3921a.png,aptos,A:\DR_classification\data\organized\aptos\train\4_Proliferative_DR\4a693dd3921a.png,train/4_Proliferative_DR/4a693dd3921a.png,train,4a693dd3921a.png,4,Proliferative_DR
aptos:train/2_Moderate/ca7570c5925c.png,aptos,A:\DR_classification\data\organized\aptos\train\2_Moderate\ca7570c5925c.png,train/2_Moderate/ca7570c5925c.png,train,ca7570c5925c.png,2,Moderate
aptos:val/2_Moderate/b8fb9f55cd6d.png,aptos,A:\DR_classification\data\organized\aptos\val\2_Moderate\b8fb9f55cd6d.png,val/2_Moderate/b8fb9f55cd6d.png,val,b8fb9f55cd6d.png,2,Moderate
aptos:test/2_Moderate/f583a722434c.png,aptos,A:\DR_classification\data\organized\aptos\test\2_Moderate\f583a722434c.png,test/2_Moderate/f583a722434c.png,test,f583a722434c.png,2,Moderate
aptos:train/1_Mild/c7b622ec8104.png,aptos,A:\DR_classification\data\organized\aptos\train\1_Mild\c7b622ec8104.png,train/1_Mild/c7b622ec8104.png,train,c7b622ec8104.png,1,Mild
aptos:train/3_Severe/4360a112db10.png,aptos,A:\DR_classification\data\organized\aptos\train\3_Severe\4360a112db10.png,train/3_Severe/4360a112db10.png,train,4360a112db10.png,3,Severe
aptos:train/0_No_DR/f3bb996b45ce.png,aptos,A:\DR_classification\data\organized\aptos\train\0_No_DR\f3bb996b45ce.png,train/0_No_DR/f3bb996b45ce.png,train,f3bb996b45ce.png,0,No_DR
aptos:test/1_Mild/b640e3bdff75.png,aptos,A:\DR_classification\data\organized\aptos\test\1_Mild\b640e3bdff75.png,test/1_Mild/b640e3bdff75.png,test,b640e3bdff75.png,1,Mild
aptos:val/0_No_DR/ea68b58a6e8f.png,aptos,A:\DR_classification\data\organized\aptos\val\0_No_DR\ea68b58a6e8f.png,val/0_No_DR/ea68b58a6e8f.png,val,ea68b58a6e8f.png,0,No_DR
aptos:train/4_Proliferative_DR/9c72ed6befa0.png,aptos,A:\DR_classification\data\organized\aptos\train\4_Proliferative_DR\9c72ed6befa0.png,train/4_Proliferative_DR/9c72ed6befa0.png,train,9c72ed6befa0.png,4,Proliferative_DR
aptos:train/0_No_DR/2d04cead4d3a.png,aptos,A:\DR_classification\data\organized\aptos\train\0_No_DR\2d04cead4d3a.png,train/0_No_DR/2d04cead4d3a.png,train,2d04cead4d3a.png,0,No_DR
aptos:train/0_No_DR/fa573163dd8b.png,aptos,A:\DR_classification\data\organized\aptos\train\0_No_DR\fa573163dd8b.png,train/0_No_DR/fa573163dd8b.png,train,fa573163dd8b.png,0,No_DR
aptos:test/0_No_DR/cb02bb47fdc5.png,aptos,A:\DR_classification\data\organized\aptos\test\0_No_DR\cb02bb47fdc5.png,test/0_No_DR/cb02bb47fdc5.png,test,cb02bb47fdc5.png,0,No_DR
aptos:train/2_Moderate/cac80797770f.png,aptos,A:\DR_classification\data\organized\aptos\train\2_Moderate\cac80797770f.png,train/2_Moderate/cac80797770f.png,train,cac80797770f.png,2,Moderate
aptos:train/3_Severe/4c9f0fdaaef7.png,aptos,A:\DR_classification\data\organized\aptos\train\3_Severe\4c9f0fdaaef7.png,train/3_Severe/4c9f0fdaaef7.png,train,4c9f0fdaaef7.png,3,Severe
aptos:train/0_No_DR/9f285b3e57ed.png,aptos,A:\DR_classification\data\organized\aptos\train\0_No_DR\9f285b3e57ed.png,train/0_No_DR/9f285b3e57ed.png,train,9f285b3e57ed.png,0,No_DR
aptos:test/2_Moderate/0fcfc6301f3d.png,aptos,A:\DR_classification\data\organized\aptos\test\2_Moderate\0fcfc6301f3d.png,test/2_Moderate/0fcfc6301f3d.png,test,0fcfc6301f3d.png,2,Moderate
aptos:train/4_Proliferative_DR/785777558f05.png,aptos,A:\DR_classification\data\organized\aptos\train\4_Proliferative_DR\785777558f05.png,train/4_Proliferative_DR/785777558f05.png,train,785777558f05.png,4,Proliferative_DR
aptos:train/0_No_DR/05339950962e.png,aptos,A:\DR_classification\data\organized\aptos\train\0_No_DR\05339950962e.png,train/0_No_DR/05339950962e.png,train,05339950962e.png,0,No_DR
aptos:test/2_Moderate/6531070bf03c.png,aptos,A:\DR_classification\data\organized\aptos\test\2_Moderate\6531070bf03c.png,test/2_Moderate/6531070bf03c.png,test,6531070bf03c.png,2,Moderate
aptos:train/0_No_DR/ae94ce412de9.png,aptos,A:\DR_classification\data\organized\aptos\train\0_No_DR\ae94ce412de9.png,train/0_No_DR/ae94ce412de9.png,train,ae94ce412de9.png,0,No_DR
aptos:train/2_Moderate/9da74370835a.png,aptos,A:\DR_classification\data\organized\aptos\train\2_Moderate\9da74370835a.png,train/2_Moderate/9da74370835a.png,train,9da74370835a.png,2,Moderate
aptos:train/0_No_DR/41960d5f58c2.png,aptos,A:\DR_classification\data\organized\aptos\train\0_No_DR\41960d5f58c2.png,train/0_No_DR/41960d5f58c2.png,train,41960d5f58c2.png,0,No_DR
aptos:val/0_No_DR/a30a143a53a3.png,aptos,A:\DR_classification\data\organized\aptos\val\0_No_DR\a30a143a53a3.png,val/0_No_DR/a30a143a53a3.png,val,a30a143a53a3.png,0,No_DR
aptos:train/1_Mild/58184d6fd087.png,aptos,A:\DR_classification\data\organized\aptos\train\1_Mild\58184d6fd087.png,train/1_Mild/58184d6fd087.png,train,58184d6fd087.png,1,Mild
aptos:train/2_Moderate/56e56aa08362.png,aptos,A:\DR_classification\data\organized\aptos\train\2_Moderate\56e56aa08362.png,train/2_Moderate/56e56aa08362.png,train,56e56aa08362.png,2,Moderate
aptos:train/4_Proliferative_DR/8af6a4e5396f.png,aptos,A:\DR_classification\data\organized\aptos\train\4_Proliferative_DR\8af6a4e5396f.png,train/4_Proliferative_DR/8af6a4e5396f.png,train,8af6a4e5396f.png,4,Proliferative_DR
aptos:train/2_Moderate/2776d70724d3.png,aptos,A:\DR_classification\data\organized\aptos\train\2_Moderate\2776d70724d3.png,train/2_Moderate/2776d70724d3.png,train,2776d70724d3.png,2,Moderate
aptos:train/0_No_DR/9a326446c431.png,aptos,A:\DR_classification\data\organized\aptos\train\0_No_DR\9a326446c431.png,train/0_No_DR/9a326446c431.png,train,9a326446c431.png,0,No_DR
aptos:train/3_Severe/33778d136069.png,aptos,A:\DR_classification\data\organized\aptos\train\3_Severe\33778d136069.png,train/3_Severe/33778d136069.png,train,33778d136069.png,3,Severe
aptos:train/2_Moderate/ae8424cdb029.png,aptos,A:\DR_classification\data\organized\aptos\train\2_Moderate\ae8424cdb029.png,train/2_Moderate/ae8424cdb029.png,train,ae8424cdb029.png,2,Moderate
aptos:train/2_Moderate/39923b29988a.png,aptos,A:\DR_classification\data\organized\aptos\train\2_Moderate\39923b29988a.png,train/2_Moderate/39923b29988a.png,train,39923b29988a.png,2,Moderate
aptos:val/2_Moderate/26999ebc21de.png,aptos,A:\DR_classification\data\organized\aptos\val\2_Moderate\26999ebc21de.png,val/2_Moderate/26999ebc21de.png,val,26999ebc21de.png,2,Moderate
aptos:train/0_No_DR/7c3747c0b2c3.png,aptos,A:\DR_classification\data\organized\aptos\train\0_No_DR\7c3747c0b2c3.png,train/0_No_DR/7c3747c0b2c3.png,train,7c3747c0b2c3.png,0,No_DR
aptos:train/2_Moderate/224bb938e2dd.png,aptos,A:\DR_classification\data\organized\aptos\train\2_Moderate\224bb938e2dd.png,train/2_Moderate/224bb938e2dd.png,train,224bb938e2dd.png,2,Moderate
aptos:train/0_No_DR/f0267c42907c.png,aptos,A:\DR_classification\data\organized\aptos\train\0_No_DR\f0267c42907c.png,train/0_No_DR/f0267c42907c.png,train,f0267c42907c.png,0,No_DR
aptos:train/0_No_DR/6d6be4cfc73f.png,aptos,A:\DR_classification\data\organized\aptos\train\0_No_DR\6d6be4cfc73f.png,train/0_No_DR/6d6be4cfc73f.png,train,6d6be4cfc73f.png,0,No_DR
aptos:train/2_Moderate/e499434242cc.png,aptos,A:\DR_classification\data\organized\aptos\train\2_Moderate\e499434242cc.png,train/2_Moderate/e499434242cc.png,train,e499434242cc.png,2,Moderate
aptos:test/0_No_DR/3abac0961bfd.png,aptos,A:\DR_classification\data\organized\aptos\test\0_No_DR\3abac0961bfd.png,test/0_No_DR/3abac0961bfd.png,test,3abac0961bfd.png,0,No_DR
aptos:train/0_No_DR/abe940882578.png,aptos,A:\DR_classification\data\organized\aptos\train\0_No_DR\abe940882578.png,train/0_No_DR/abe940882578.png,train,abe940882578.png,0,No_DR
aptos:train/0_No_DR/61da799bf0aa.png,aptos,A:\DR_classification\data\organized\aptos\train\0_No_DR\61da799bf0aa.png,train/0_No_DR/61da799bf0aa.png,train,61da799bf0aa.png,0,No_DR
aptos:train/2_Moderate/094858f005ab.png,aptos,A:\DR_classification\data\organized\aptos\train\2_Moderate\094858f005ab.png,train/2_Moderate/094858f005ab.png,train,094858f005ab.png,2,Moderate
aptos:test/0_No_DR/c365c598ad4e.png,aptos,A:\DR_classification\data\organized\aptos\test\0_No_DR\c365c598ad4e.png,test/0_No_DR/c365c598ad4e.png,test,c365c598ad4e.png,0,No_DR
aptos:train/0_No_DR/b92eacd1392a.png,aptos,A:\DR_classification\data\organized\aptos\train\0_No_DR\b92eacd1392a.png,train/0_No_DR/b92eacd1392a.png,train,b92eacd1392a.png,0,No_DR
aptos:train/0_No_DR/8660e1864665.png,aptos,A:\DR_classification\data\organized\aptos\train\0_No_DR\8660e1864665.png,train/0_No_DR/8660e1864665.png,train,8660e1864665.png,0,No_DR
aptos:train/4_Proliferative_DR/3206171db5be.png,aptos,A:\DR_classification\data\organized\aptos\train\4_Proliferative_DR\3206171db5be.png,train/4_Proliferative_DR/3206171db5be.png,train,3206171db5be.png,4,Proliferative_DR
aptos:test/4_Proliferative_DR/7b211d8bd249.png,aptos,A:\DR_classification\data\organized\aptos\test\4_Proliferative_DR\7b211d8bd249.png,test/4_Proliferative_DR/7b211d8bd249.png,test,7b211d8bd249.png,4,Proliferative_DR
aptos:train/2_Moderate/a386ec9aabde.png,aptos,A:\DR_classification\data\organized\aptos\train\2_Moderate\a386ec9aabde.png,train/2_Moderate/a386ec9aabde.png,train,a386ec9aabde.png,2,Moderate
aptos:train/0_No_DR/891329021e12.png,aptos,A:\DR_classification\data\organized\aptos\train\0_No_DR\891329021e12.png,train/0_No_DR/891329021e12.png,train,891329021e12.png,0,No_DR
aptos:val/1_Mild/36041171f441.png,aptos,A:\DR_classification\data\organized\aptos\val\1_Mild\36041171f441.png,val/1_Mild/36041171f441.png,val,36041171f441.png,1,Mild
aptos:train/0_No_DR/901a3552fe26.png,aptos,A:\DR_classification\data\organized\aptos\train\0_No_DR\901a3552fe26.png,train/0_No_DR/901a3552fe26.png,train,901a3552fe26.png,0,No_DR
aptos:val/0_No_DR/bb85097857fa.png,aptos,A:\DR_classification\data\organized\aptos\val\0_No_DR\bb85097857fa.png,val/0_No_DR/bb85097857fa.png,val,bb85097857fa.png,0,No_DR
aptos:train/2_Moderate/da44f80b422b.png,aptos,A:\DR_classification\data\organized\aptos\train\2_Moderate\da44f80b422b.png,train/2_Moderate/da44f80b422b.png,train,da44f80b422b.png,2,Moderate
aptos:train/1_Mild/89ed6a0dd53f.png,aptos,A:\DR_classification\data\organized\aptos\train\1_Mild\89ed6a0dd53f.png,train/1_Mild/89ed6a0dd53f.png,train,89ed6a0dd53f.png,1,Mild
aptos:train/2_Moderate/48fda42bd5d4.png,aptos,A:\DR_classification\data\organized\aptos\train\2_Moderate\48fda42bd5d4.png,train/2_Moderate/48fda42bd5d4.png,train,48fda42bd5d4.png,2,Moderate
aptos:train/3_Severe/80ca40196225.png,aptos,A:\DR_classification\data\organized\aptos\train\3_Severe\80ca40196225.png,train/3_Severe/80ca40196225.png,train,80ca40196225.png,3,Severe
aptos:train/1_Mild/50840c36f0b4.png,aptos,A:\DR_classification\data\organized\aptos\train\1_Mild\50840c36f0b4.png,train/1_Mild/50840c36f0b4.png,train,50840c36f0b4.png,1,Mild
aptos:val/3_Severe/f901d460517c.png,aptos,A:\DR_classification\data\organized\aptos\val\3_Severe\f901d460517c.png,val/3_Severe/f901d460517c.png,val,f901d460517c.png,3,Severe
aptos:train/0_No_DR/ae61e19fb766.png,aptos,A:\DR_classification\data\organized\aptos\train\0_No_DR\ae61e19fb766.png,train/0_No_DR/ae61e19fb766.png,train,ae61e19fb766.png,0,No_DR
aptos:train/0_No_DR/60edda7b4871.png,aptos,A:\DR_classification\data\organized\aptos\train\0_No_DR\60edda7b4871.png,train/0_No_DR/60edda7b4871.png,train,60edda7b4871.png,0,No_DR
aptos:train/0_No_DR/4e54ccfd49b2.png,aptos,A:\DR_classification\data\organized\aptos\train\0_No_DR\4e54ccfd49b2.png,train/0_No_DR/4e54ccfd49b2.png,train,4e54ccfd49b2.png,0,No_DR
aptos:val/1_Mild/4029d70e9d8a.png,aptos,A:\DR_classification\data\organized\aptos\val\1_Mild\4029d70e9d8a.png,val/1_Mild/4029d70e9d8a.png,val,4029d70e9d8a.png,1,Mild
aptos:train/2_Moderate/8ff2733f6aef.png,aptos,A:\DR_classification\data\organized\aptos\train\2_Moderate\8ff2733f6aef.png,train/2_Moderate/8ff2733f6aef.png,train,8ff2733f6aef.png,2,Moderate
aptos:train/2_Moderate/29580bed2f7d.png,aptos,A:\DR_classification\data\organized\aptos\train\2_Moderate\29580bed2f7d.png,train/2_Moderate/29580bed2f7d.png,train,29580bed2f7d.png,2,Moderate
aptos:train/0_No_DR/7fdb177b8f7d.png,aptos,A:\DR_classification\data\organized\aptos\train\0_No_DR\7fdb177b8f7d.png,train/0_No_DR/7fdb177b8f7d.png,train,7fdb177b8f7d.png,0,No_DR
aptos:val/0_No_DR/cd48cfab4e44.png,aptos,A:\DR_classification\data\organized\aptos\val\0_No_DR\cd48cfab4e44.png,val/0_No_DR/cd48cfab4e44.png,val,cd48cfab4e44.png,0,No_DR
aptos:val/0_No_DR/7d11dbc1e738.png,aptos,A:\DR_classification\data\organized\aptos\val\0_No_DR\7d11dbc1e738.png,val/0_No_DR/7d11dbc1e738.png,val,7d11dbc1e738.png,0,No_DR
aptos:train/2_Moderate/a664d2055886.png,aptos,A:\DR_classification\data\organized\aptos\train\2_Moderate\a664d2055886.png,train/2_Moderate/a664d2055886.png,train,a664d2055886.png,2,Moderate
aptos:train/2_Moderate/3f8d5c940ba4.png,aptos,A:\DR_classification\data\organized\aptos\train\2_Moderate\3f8d5c940ba4.png,train/2_Moderate/3f8d5c940ba4.png,train,3f8d5c940ba4.png,2,Moderate
aptos:train/0_No_DR/e60e4edb3ca9.png,aptos,A:\DR_classification\data\organized\aptos\train\0_No_DR\e60e4edb3ca9.png,train/0_No_DR/e60e4edb3ca9.png,train,e60e4edb3ca9.png,0,No_DR
aptos:train/0_No_DR/57a710de68a4.png,aptos,A:\DR_classification\data\organized\aptos\train\0_No_DR\57a710de68a4.png,train/0_No_DR/57a710de68a4.png,train,57a710de68a4.png,0,No_DR
aptos:train/1_Mild/c96f743915b5.png,aptos,A:\DR_classification\data\organized\aptos\train\1_Mild\c96f743915b5.png,train/1_Mild/c96f743915b5.png,train,c96f743915b5.png,1,Mild
aptos:train/2_Moderate/74418f620068.png,aptos,A:\DR_classification\data\organized\aptos\train\2_Moderate\74418f620068.png,train/2_Moderate/74418f620068.png,train,74418f620068.png,2,Moderate
aptos:val/2_Moderate/9d9bfefa809c.png,aptos,A:\DR_classification\data\organized\aptos\val\2_Moderate\9d9bfefa809c.png,val/2_Moderate/9d9bfefa809c.png,val,9d9bfefa809c.png,2,Moderate
aptos:train/3_Severe/bf8092e4001d.png,aptos,A:\DR_classification\data\organized\aptos\train\3_Severe\bf8092e4001d.png,train/3_Severe/bf8092e4001d.png,train,bf8092e4001d.png,3,Severe
aptos:train/2_Moderate/4b5ffea77373.png,aptos,A:\DR_classification\data\organized\aptos\train\2_Moderate\4b5ffea77373.png,train/2_Moderate/4b5ffea77373.png,train,4b5ffea77373.png,2,Moderate
aptos:val/2_Moderate/b927a9238434.png,aptos,A:\DR_classification\data\organized\aptos\val\2_Moderate\b927a9238434.png,val/2_Moderate/b927a9238434.png,val,b927a9238434.png,2,Moderate
aptos:test/0_No_DR/ff4832d55461.png,aptos,A:\DR_classification\data\organized\aptos\test\0_No_DR\ff4832d55461.png,test/0_No_DR/ff4832d55461.png,test,ff4832d55461.png,0,No_DR
aptos:train/2_Moderate/1db18bdd43aa.png,aptos,A:\DR_classification\data\organized\aptos\train\2_Moderate\1db18bdd43aa.png,train/2_Moderate/1db18bdd43aa.png,train,1db18bdd43aa.png,2,Moderate
aptos:val/0_No_DR/59928f999ae7.png,aptos,A:\DR_classification\data\organized\aptos\val\0_No_DR\59928f999ae7.png,val/0_No_DR/59928f999ae7.png,val,59928f999ae7.png,0,No_DR
aptos:train/3_Severe/2b48daf24be0.png,aptos,A:\DR_classification\data\organized\aptos\train\3_Severe\2b48daf24be0.png,train/3_Severe/2b48daf24be0.png,train,2b48daf24be0.png,3,Severe
aptos:train/0_No_DR/215d2b7c3fde.png,aptos,A:\DR_classification\data\organized\aptos\train\0_No_DR\215d2b7c3fde.png,train/0_No_DR/215d2b7c3fde.png,train,215d2b7c3fde.png,0,No_DR
aptos:train/0_No_DR/6fe4751a3b42.png,aptos,A:\DR_classification\data\organized\aptos\train\0_No_DR\6fe4751a3b42.png,train/0_No_DR/6fe4751a3b42.png,train,6fe4751a3b42.png,0,No_DR
aptos:test/0_No_DR/e907d23cce3d.png,aptos,A:\DR_classification\data\organized\aptos\test\0_No_DR\e907d23cce3d.png,test/0_No_DR/e907d23cce3d.png,test,e907d23cce3d.png,0,No_DR
aptos:train/2_Moderate/b60dbf9f0744.png,aptos,A:\DR_classification\data\organized\aptos\train\2_Moderate\b60dbf9f0744.png,train/2_Moderate/b60dbf9f0744.png,train,b60dbf9f0744.png,2,Moderate
aptos:train/2_Moderate/a45d77edf8d9.png,aptos,A:\DR_classification\data\organized\aptos\train\2_Moderate\a45d77edf8d9.png,train/2_Moderate/a45d77edf8d9.png,train,a45d77edf8d9.png,2,Moderate
aptos:train/0_No_DR/40dd4e6e4444.png,aptos,A:\DR_classification\data\organized\aptos\train\0_No_DR\40dd4e6e4444.png,train/0_No_DR/40dd4e6e4444.png,train,40dd4e6e4444.png,0,No_DR
aptos:train/0_No_DR/e7291472109b.png,aptos,A:\DR_classification\data\organized\aptos\train\0_No_DR\e7291472109b.png,train/0_No_DR/e7291472109b.png,train,e7291472109b.png,0,No_DR
aptos:train/0_No_DR/ef247f28004f.png,aptos,A:\DR_classification\data\organized\aptos\train\0_No_DR\ef247f28004f.png,train/0_No_DR/ef247f28004f.png,train,ef247f28004f.png,0,No_DR
aptos:train/1_Mild/7427dedafccf.png,aptos,A:\DR_classification\data\organized\aptos\train\1_Mild\7427dedafccf.png,train/1_Mild/7427dedafccf.png,train,7427dedafccf.png,1,Mild
aptos:train/0_No_DR/51a078d6d43a.png,aptos,A:\DR_classification\data\organized\aptos\train\0_No_DR\51a078d6d43a.png,train/0_No_DR/51a078d6d43a.png,train,51a078d6d43a.png,0,No_DR
aptos:train/2_Moderate/a0a0cd8af5a6.png,aptos,A:\DR_classification\data\organized\aptos\train\2_Moderate\a0a0cd8af5a6.png,train/2_Moderate/a0a0cd8af5a6.png,train,a0a0cd8af5a6.png,2,Moderate
aptos:val/0_No_DR/eb6b1f1c09db.png,aptos,A:\DR_classification\data\organized\aptos\val\0_No_DR\eb6b1f1c09db.png,val/0_No_DR/eb6b1f1c09db.png,val,eb6b1f1c09db.png,0,No_DR
aptos:train/0_No_DR/d78b7401096f.png,aptos,A:\DR_classification\data\organized\aptos\train\0_No_DR\d78b7401096f.png,train/0_No_DR/d78b7401096f.png,train,d78b7401096f.png,0,No_DR
aptos:train/2_Moderate/51d0034d177d.png,aptos,A:\DR_classification\data\organized\aptos\train\2_Moderate\51d0034d177d.png,train/2_Moderate/51d0034d177d.png,train,51d0034d177d.png,2,Moderate
aptos:val/2_Moderate/1ade1e949383.png,aptos,A:\DR_classification\data\organized\aptos\val\2_Moderate\1ade1e949383.png,val/2_Moderate/1ade1e949383.png,val,1ade1e949383.png,2,Moderate
aptos:val/0_No_DR/d774692d9919.png,aptos,A:\DR_classification\data\organized\aptos\val\0_No_DR\d774692d9919.png,val/0_No_DR/d774692d9919.png,val,d774692d9919.png,0,No_DR
aptos:test/1_Mild/613bacb35c05.png,aptos,A:\DR_classification\data\organized\aptos\test\1_Mild\613bacb35c05.png,test/1_Mild/613bacb35c05.png,test,613bacb35c05.png,1,Mild
aptos:train/1_Mild/7116128c65ab.png,aptos,A:\DR_classification\data\organized\aptos\train\1_Mild\7116128c65ab.png,train/1_Mild/7116128c65ab.png,train,7116128c65ab.png,1,Mild
aptos:train/4_Proliferative_DR/cc3d2e961768.png,aptos,A:\DR_classification\data\organized\aptos\train\4_Proliferative_DR\cc3d2e961768.png,train/4_Proliferative_DR/cc3d2e961768.png,train,cc3d2e961768.png,4,Proliferative_DR
aptos:train/4_Proliferative_DR/2fde69f20585.png,aptos,A:\DR_classification\data\organized\aptos\train\4_Proliferative_DR\2fde69f20585.png,train/4_Proliferative_DR/2fde69f20585.png,train,2fde69f20585.png,4,Proliferative_DR
aptos:train/2_Moderate/a4d41c495666.png,aptos,A:\DR_classification\data\organized\aptos\train\2_Moderate\a4d41c495666.png,train/2_Moderate/a4d41c495666.png,train,a4d41c495666.png,2,Moderate
aptos:train/0_No_DR/8ab3faa3701f.png,aptos,A:\DR_classification\data\organized\aptos\train\0_No_DR\8ab3faa3701f.png,train/0_No_DR/8ab3faa3701f.png,train,8ab3faa3701f.png,0,No_DR
aptos:train/0_No_DR/0fbbd665431f.png,aptos,A:\DR_classification\data\organized\aptos\train\0_No_DR\0fbbd665431f.png,train/0_No_DR/0fbbd665431f.png,train,0fbbd665431f.png,0,No_DR
aptos:train/0_No_DR/aa94cc4bfd84.png,aptos,A:\DR_classification\data\organized\aptos\train\0_No_DR\aa94cc4bfd84.png,train/0_No_DR/aa94cc4bfd84.png,train,aa94cc4bfd84.png,0,No_DR
aptos:val/0_No_DR/b7aca95b97b9.png,aptos,A:\DR_classification\data\organized\aptos\val\0_No_DR\b7aca95b97b9.png,val/0_No_DR/b7aca95b97b9.png,val,b7aca95b97b9.png,0,No_DR
aptos:val/1_Mild/fdd18ccbbdc5.png,aptos,A:\DR_classification\data\organized\aptos\val\1_Mild\fdd18ccbbdc5.png,val/1_Mild/fdd18ccbbdc5.png,val,fdd18ccbbdc5.png,1,Mild
aptos:val/0_No_DR/916915f01e17.png,aptos,A:\DR_classification\data\organized\aptos\val\0_No_DR\916915f01e17.png,val/0_No_DR/916915f01e17.png,val,916915f01e17.png,0,No_DR
aptos:train/0_No_DR/7eeb191ad06b.png,aptos,A:\DR_classification\data\organized\aptos\train\0_No_DR\7eeb191ad06b.png,train/0_No_DR/7eeb191ad06b.png,train,7eeb191ad06b.png,0,No_DR
aptos:test/4_Proliferative_DR/11242a67122d.png,aptos,A:\DR_classification\data\organized\aptos\test\4_Proliferative_DR\11242a67122d.png,test/4_Proliferative_DR/11242a67122d.png,test,11242a67122d.png,4,Proliferative_DR
aptos:val/0_No_DR/dd90c321d7bc.png,aptos,A:\DR_classification\data\organized\aptos\val\0_No_DR\dd90c321d7bc.png,val/0_No_DR/dd90c321d7bc.png,val,dd90c321d7bc.png,0,No_DR
aptos:train/1_Mild/b56340f472d2.png,aptos,A:\DR_classification\data\organized\aptos\train\1_Mild\b56340f472d2.png,train/1_Mild/b56340f472d2.png,train,b56340f472d2.png,1,Mild
aptos:train/2_Moderate/331b87d1b9d1.png,aptos,A:\DR_classification\data\organized\aptos\train\2_Moderate\331b87d1b9d1.png,train/2_Moderate/331b87d1b9d1.png,train,331b87d1b9d1.png,2,Moderate
aptos:train/2_Moderate/a56729de89e9.png,aptos,A:\DR_classification\data\organized\aptos\train\2_Moderate\a56729de89e9.png,train/2_Moderate/a56729de89e9.png,train,a56729de89e9.png,2,Moderate
aptos:val/0_No_DR/ba2ea9182090.png,aptos,A:\DR_classification\data\organized\aptos\val\0_No_DR\ba2ea9182090.png,val/0_No_DR/ba2ea9182090.png,val,ba2ea9182090.png,0,No_DR
aptos:val/1_Mild/96a9706b8534.png,aptos,A:\DR_classification\data\organized\aptos\val\1_Mild\96a9706b8534.png,val/1_Mild/96a9706b8534.png,val,96a9706b8534.png,1,Mild
aptos:test/0_No_DR/2b3a4a81d748.png,aptos,A:\DR_classification\data\organized\aptos\test\0_No_DR\2b3a4a81d748.png,test/0_No_DR/2b3a4a81d748.png,test,2b3a4a81d748.png,0,No_DR
aptos:train/0_No_DR/8a7765e785fb.png,aptos,A:\DR_classification\data\organized\aptos\train\0_No_DR\8a7765e785fb.png,train/0_No_DR/8a7765e785fb.png,train,8a7765e785fb.png,0,No_DR
aptos:train/3_Severe/ad2f0b9d059c.png,aptos,A:\DR_classification\data\organized\aptos\train\3_Severe\ad2f0b9d059c.png,train/3_Severe/ad2f0b9d059c.png,train,ad2f0b9d059c.png,3,Severe
aptos:test/3_Severe/f5a8c6426a71.png,aptos,A:\DR_classification\data\organized\aptos\test\3_Severe\f5a8c6426a71.png,test/3_Severe/f5a8c6426a71.png,test,f5a8c6426a71.png,3,Severe
aptos:train/1_Mild/a8c950a99107.png,aptos,A:\DR_classification\data\organized\aptos\train\1_Mild\a8c950a99107.png,train/1_Mild/a8c950a99107.png,train,a8c950a99107.png,1,Mild
aptos:train/0_No_DR/0f6e645466a2.png,aptos,A:\DR_classification\data\organized\aptos\train\0_No_DR\0f6e645466a2.png,train/0_No_DR/0f6e645466a2.png,train,0f6e645466a2.png,0,No_DR
aptos:train/2_Moderate/760b6f4c6d82.png,aptos,A:\DR_classification\data\organized\aptos\train\2_Moderate\760b6f4c6d82.png,train/2_Moderate/760b6f4c6d82.png,train,760b6f4c6d82.png,2,Moderate
aptos:train/0_No_DR/bf87aedf2489.png,aptos,A:\DR_classification\data\organized\aptos\train\0_No_DR\bf87aedf2489.png,train/0_No_DR/bf87aedf2489.png,train,bf87aedf2489.png,0,No_DR
aptos:train/0_No_DR/a8c9fcdbc0be.png,aptos,A:\DR_classification\data\organized\aptos\train\0_No_DR\a8c9fcdbc0be.png,train/0_No_DR/a8c9fcdbc0be.png,train,a8c9fcdbc0be.png,0,No_DR
aptos:test/2_Moderate/9904939ab83d.png,aptos,A:\DR_classification\data\organized\aptos\test\2_Moderate\9904939ab83d.png,test/2_Moderate/9904939ab83d.png,test,9904939ab83d.png,2,Moderate
aptos:train/1_Mild/8a25a080f28f.png,aptos,A:\DR_classification\data\organized\aptos\train\1_Mild\8a25a080f28f.png,train/1_Mild/8a25a080f28f.png,train,8a25a080f28f.png,1,Mild
aptos:train/0_No_DR/10f6ef37fe43.png,aptos,A:\DR_classification\data\organized\aptos\train\0_No_DR\10f6ef37fe43.png,train/0_No_DR/10f6ef37fe43.png,train,10f6ef37fe43.png,0,No_DR
aptos:train/3_Severe/b6bfe9db60e5.png,aptos,A:\DR_classification\data\organized\aptos\train\3_Severe\b6bfe9db60e5.png,train/3_Severe/b6bfe9db60e5.png,train,b6bfe9db60e5.png,3,Severe
aptos:train/0_No_DR/7be1b9aa78aa.png,aptos,A:\DR_classification\data\organized\aptos\train\0_No_DR\7be1b9aa78aa.png,train/0_No_DR/7be1b9aa78aa.png,train,7be1b9aa78aa.png,0,No_DR
aptos:train/0_No_DR/80e6e425f966.png,aptos,A:\DR_classification\data\organized\aptos\train\0_No_DR\80e6e425f966.png,train/0_No_DR/80e6e425f966.png,train,80e6e425f966.png,0,No_DR
aptos:test/2_Moderate/441affbe99aa.png,aptos,A:\DR_classification\data\organized\aptos\test\2_Moderate\441affbe99aa.png,test/2_Moderate/441affbe99aa.png,test,441affbe99aa.png,2,Moderate
aptos:train/1_Mild/fecf4c5ae84b.png,aptos,A:\DR_classification\data\organized\aptos\train\1_Mild\fecf4c5ae84b.png,train/1_Mild/fecf4c5ae84b.png,train,fecf4c5ae84b.png,1,Mild
aptos:val/2_Moderate/63c3c571b8ee.png,aptos,A:\DR_classification\data\organized\aptos\val\2_Moderate\63c3c571b8ee.png,val/2_Moderate/63c3c571b8ee.png,val,63c3c571b8ee.png,2,Moderate
aptos:train/0_No_DR/7a9f45fdf29b.png,aptos,A:\DR_classification\data\organized\aptos\train\0_No_DR\7a9f45fdf29b.png,train/0_No_DR/7a9f45fdf29b.png,train,7a9f45fdf29b.png,0,No_DR
aptos:train/0_No_DR/98441214557f.png,aptos,A:\DR_classification\data\organized\aptos\train\0_No_DR\98441214557f.png,train/0_No_DR/98441214557f.png,train,98441214557f.png,0,No_DR
aptos:val/2_Moderate/2735be026d44.png,aptos,A:\DR_classification\data\organized\aptos\val\2_Moderate\2735be026d44.png,val/2_Moderate/2735be026d44.png,val,2735be026d44.png,2,Moderate
aptos:test/4_Proliferative_DR/034cb07a550f.png,aptos,A:\DR_classification\data\organized\aptos\test\4_Proliferative_DR\034cb07a550f.png,test/4_Proliferative_DR/034cb07a550f.png,test,034cb07a550f.png,4,Proliferative_DR
aptos:train/0_No_DR/7214fc7cbe03.png,aptos,A:\DR_classification\data\organized\aptos\train\0_No_DR\7214fc7cbe03.png,train/0_No_DR/7214fc7cbe03.png,train,7214fc7cbe03.png,0,No_DR
aptos:train/2_Moderate/e65f94ad9be3.png,aptos,A:\DR_classification\data\organized\aptos\train\2_Moderate\e65f94ad9be3.png,train/2_Moderate/e65f94ad9be3.png,train,e65f94ad9be3.png,2,Moderate
aptos:val/1_Mild/4ecd1fdd1435.png,aptos,A:\DR_classification\data\organized\aptos\val\1_Mild\4ecd1fdd1435.png,val/1_Mild/4ecd1fdd1435.png,val,4ecd1fdd1435.png,1,Mild
aptos:train/0_No_DR/22449af52060.png,aptos,A:\DR_classification\data\organized\aptos\train\0_No_DR\22449af52060.png,train/0_No_DR/22449af52060.png,train,22449af52060.png,0,No_DR
aptos:train/0_No_DR/f66c4ee86629.png,aptos,A:\DR_classification\data\organized\aptos\train\0_No_DR\f66c4ee86629.png,train/0_No_DR/f66c4ee86629.png,train,f66c4ee86629.png,0,No_DR
aptos:train/0_No_DR/f02956bd7c50.png,aptos,A:\DR_classification\data\organized\aptos\train\0_No_DR\f02956bd7c50.png,train/0_No_DR/f02956bd7c50.png,train,f02956bd7c50.png,0,No_DR
aptos:train/2_Moderate/81bc03e2ff2b.png,aptos,A:\DR_classification\data\organized\aptos\train\2_Moderate\81bc03e2ff2b.png,train/2_Moderate/81bc03e2ff2b.png,train,81bc03e2ff2b.png,2,Moderate
aptos:train/0_No_DR/0709652336e2.png,aptos,A:\DR_classification\data\organized\aptos\train\0_No_DR\0709652336e2.png,train/0_No_DR/0709652336e2.png,train,0709652336e2.png,0,No_DR
aptos:test/0_No_DR/609be3ca5ddf.png,aptos,A:\DR_classification\data\organized\aptos\test\0_No_DR\609be3ca5ddf.png,test/0_No_DR/609be3ca5ddf.png,test,609be3ca5ddf.png,0,No_DR
aptos:val/2_Moderate/add1d681d712.png,aptos,A:\DR_classification\data\organized\aptos\val\2_Moderate\add1d681d712.png,val/2_Moderate/add1d681d712.png,val,add1d681d712.png,2,Moderate
aptos:train/2_Moderate/18d8fdb140b7.png,aptos,A:\DR_classification\data\organized\aptos\train\2_Moderate\18d8fdb140b7.png,train/2_Moderate/18d8fdb140b7.png,train,18d8fdb140b7.png,2,Moderate
aptos:train/2_Moderate/203275daf46d.png,aptos,A:\DR_classification\data\organized\aptos\train\2_Moderate\203275daf46d.png,train/2_Moderate/203275daf46d.png,train,203275daf46d.png,2,Moderate
aptos:train/3_Severe/31616ff6b53b.png,aptos,A:\DR_classification\data\organized\aptos\train\3_Severe\31616ff6b53b.png,train/3_Severe/31616ff6b53b.png,train,31616ff6b53b.png,3,Severe
aptos:test/4_Proliferative_DR/a32b5ce3d48a.png,aptos,A:\DR_classification\data\organized\aptos\test\4_Proliferative_DR\a32b5ce3d48a.png,test/4_Proliferative_DR/a32b5ce3d48a.png,test,a32b5ce3d48a.png,4,Proliferative_DR
aptos:val/0_No_DR/6bcce181be65.png,aptos,A:\DR_classification\data\organized\aptos\val\0_No_DR\6bcce181be65.png,val/0_No_DR/6bcce181be65.png,val,6bcce181be65.png,0,No_DR
aptos:val/2_Moderate/236f56771ec6.png,aptos,A:\DR_classification\data\organized\aptos\val\2_Moderate\236f56771ec6.png,val/2_Moderate/236f56771ec6.png,val,236f56771ec6.png,2,Moderate
aptos:train/2_Moderate/a15470303941.png,aptos,A:\DR_classification\data\organized\aptos\train\2_Moderate\a15470303941.png,train/2_Moderate/a15470303941.png,train,a15470303941.png,2,Moderate
aptos:train/0_No_DR/4cf4d528c08e.png,aptos,A:\DR_classification\data\organized\aptos\train\0_No_DR\4cf4d528c08e.png,train/0_No_DR/4cf4d528c08e.png,train,4cf4d528c08e.png,0,No_DR
aptos:train/4_Proliferative_DR/eb1d37b71fd1.png,aptos,A:\DR_classification\data\organized\aptos\train\4_Proliferative_DR\eb1d37b71fd1.png,train/4_Proliferative_DR/eb1d37b71fd1.png,train,eb1d37b71fd1.png,4,Proliferative_DR
aptos:test/1_Mild/5efa24b03d5e.png,aptos,A:\DR_classification\data\organized\aptos\test\1_Mild\5efa24b03d5e.png,test/1_Mild/5efa24b03d5e.png,test,5efa24b03d5e.png,1,Mild
aptos:train/3_Severe/166068a24416.png,aptos,A:\DR_classification\data\organized\aptos\train\3_Severe\166068a24416.png,train/3_Severe/166068a24416.png,train,166068a24416.png,3,Severe
aptos:test/0_No_DR/4cddfc22b0ad.png,aptos,A:\DR_classification\data\organized\aptos\test\0_No_DR\4cddfc22b0ad.png,test/0_No_DR/4cddfc22b0ad.png,test,4cddfc22b0ad.png,0,No_DR
aptos:train/1_Mild/059bc89df7f4.png,aptos,A:\DR_classification\data\organized\aptos\train\1_Mild\059bc89df7f4.png,train/1_Mild/059bc89df7f4.png,train,059bc89df7f4.png,1,Mild
aptos:val/0_No_DR/baaca2f7e1f0.png,aptos,A:\DR_classification\data\organized\aptos\val\0_No_DR\baaca2f7e1f0.png,val/0_No_DR/baaca2f7e1f0.png,val,baaca2f7e1f0.png,0,No_DR
aptos:test/2_Moderate/7d37a2939f12.png,aptos,A:\DR_classification\data\organized\aptos\test\2_Moderate\7d37a2939f12.png,test/2_Moderate/7d37a2939f12.png,test,7d37a2939f12.png,2,Moderate
aptos:train/1_Mild/5633ced07d8e.png,aptos,A:\DR_classification\data\organized\aptos\train\1_Mild\5633ced07d8e.png,train/1_Mild/5633ced07d8e.png,train,5633ced07d8e.png,1,Mild
aptos:train/1_Mild/0dc031c94225.png,aptos,A:\DR_classification\data\organized\aptos\train\1_Mild\0dc031c94225.png,train/1_Mild/0dc031c94225.png,train,0dc031c94225.png,1,Mild
aptos:train/1_Mild/64eb5a79dfdd.png,aptos,A:\DR_classification\data\organized\aptos\train\1_Mild\64eb5a79dfdd.png,train/1_Mild/64eb5a79dfdd.png,train,64eb5a79dfdd.png,1,Mild
aptos:train/1_Mild/15cc2aef772a.png,aptos,A:\DR_classification\data\organized\aptos\train\1_Mild\15cc2aef772a.png,train/1_Mild/15cc2aef772a.png,train,15cc2aef772a.png,1,Mild
aptos:train/3_Severe/b2ffa3e18559.png,aptos,A:\DR_classification\data\organized\aptos\train\3_Severe\b2ffa3e18559.png,train/3_Severe/b2ffa3e18559.png,train,b2ffa3e18559.png,3,Severe
aptos:train/0_No_DR/83517eaeccb9.png,aptos,A:\DR_classification\data\organized\aptos\train\0_No_DR\83517eaeccb9.png,train/0_No_DR/83517eaeccb9.png,train,83517eaeccb9.png,0,No_DR
aptos:train/0_No_DR/e160a3b19911.png,aptos,A:\DR_classification\data\organized\aptos\train\0_No_DR\e160a3b19911.png,train/0_No_DR/e160a3b19911.png,train,e160a3b19911.png,0,No_DR
aptos:train/1_Mild/db690e2d02f8.png,aptos,A:\DR_classification\data\organized\aptos\train\1_Mild\db690e2d02f8.png,train/1_Mild/db690e2d02f8.png,train,db690e2d02f8.png,1,Mild
aptos:test/0_No_DR/ec6659926105.png,aptos,A:\DR_classification\data\organized\aptos\test\0_No_DR\ec6659926105.png,test/0_No_DR/ec6659926105.png,test,ec6659926105.png,0,No_DR
aptos:train/0_No_DR/5bf3357a2823.png,aptos,A:\DR_classification\data\organized\aptos\train\0_No_DR\5bf3357a2823.png,train/0_No_DR/5bf3357a2823.png,train,5bf3357a2823.png,0,No_DR
aptos:train/0_No_DR/2821998fc002.png,aptos,A:\DR_classification\data\organized\aptos\train\0_No_DR\2821998fc002.png,train/0_No_DR/2821998fc002.png,train,2821998fc002.png,0,No_DR
aptos:val/0_No_DR/da6389d129aa.png,aptos,A:\DR_classification\data\organized\aptos\val\0_No_DR\da6389d129aa.png,val/0_No_DR/da6389d129aa.png,val,da6389d129aa.png,0,No_DR
aptos:train/0_No_DR/1ee355480567.png,aptos,A:\DR_classification\data\organized\aptos\train\0_No_DR\1ee355480567.png,train/0_No_DR/1ee355480567.png,train,1ee355480567.png,0,No_DR
aptos:train/0_No_DR/fe3f62695b2d.png,aptos,A:\DR_classification\data\organized\aptos\train\0_No_DR\fe3f62695b2d.png,train/0_No_DR/fe3f62695b2d.png,train,fe3f62695b2d.png,0,No_DR
aptos:train/0_No_DR/c755a0c4edcc.png,aptos,A:\DR_classification\data\organized\aptos\train\0_No_DR\c755a0c4edcc.png,train/0_No_DR/c755a0c4edcc.png,train,c755a0c4edcc.png,0,No_DR
aptos:test/2_Moderate/460893cd86e3.png,aptos,A:\DR_classification\data\organized\aptos\test\2_Moderate\460893cd86e3.png,test/2_Moderate/460893cd86e3.png,test,460893cd86e3.png,2,Moderate
aptos:train/2_Moderate/b8ac328009e0.png,aptos,A:\DR_classification\data\organized\aptos\train\2_Moderate\b8ac328009e0.png,train/2_Moderate/b8ac328009e0.png,train,b8ac328009e0.png,2,Moderate
aptos:train/0_No_DR/a9a3225cf4b5.png,aptos,A:\DR_classification\data\organized\aptos\train\0_No_DR\a9a3225cf4b5.png,train/0_No_DR/a9a3225cf4b5.png,train,a9a3225cf4b5.png,0,No_DR
aptos:train/0_No_DR/3af9aaa880e9.png,aptos,A:\DR_classification\data\organized\aptos\train\0_No_DR\3af9aaa880e9.png,train/0_No_DR/3af9aaa880e9.png,train,3af9aaa880e9.png,0,No_DR
aptos:train/0_No_DR/851e40a21f81.png,aptos,A:\DR_classification\data\organized\aptos\train\0_No_DR\851e40a21f81.png,train/0_No_DR/851e40a21f81.png,train,851e40a21f81.png,0,No_DR
aptos:test/2_Moderate/a06e41bd2634.png,aptos,A:\DR_classification\data\organized\aptos\test\2_Moderate\a06e41bd2634.png,test/2_Moderate/a06e41bd2634.png,test,a06e41bd2634.png,2,Moderate
aptos:test/0_No_DR/830e297965a1.png,aptos,A:\DR_classification\data\organized\aptos\test\0_No_DR\830e297965a1.png,test/0_No_DR/830e297965a1.png,test,830e297965a1.png,0,No_DR
aptos:train/0_No_DR/99c6a123ed6a.png,aptos,A:\DR_classification\data\organized\aptos\train\0_No_DR\99c6a123ed6a.png,train/0_No_DR/99c6a123ed6a.png,train,99c6a123ed6a.png,0,No_DR
aptos:test/0_No_DR/6e1db8711879.png,aptos,A:\DR_classification\data\organized\aptos\test\0_No_DR\6e1db8711879.png,test/0_No_DR/6e1db8711879.png,test,6e1db8711879.png,0,No_DR
aptos:val/0_No_DR/f56ff0440ed1.png,aptos,A:\DR_classification\data\organized\aptos\val\0_No_DR\f56ff0440ed1.png,val/0_No_DR/f56ff0440ed1.png,val,f56ff0440ed1.png,0,No_DR
aptos:val/0_No_DR/789c60cba801.png,aptos,A:\DR_classification\data\organized\aptos\val\0_No_DR\789c60cba801.png,val/0_No_DR/789c60cba801.png,val,789c60cba801.png,0,No_DR
aptos:train/4_Proliferative_DR/3c78bfca247b.png,aptos,A:\DR_classification\data\organized\aptos\train\4_Proliferative_DR\3c78bfca247b.png,train/4_Proliferative_DR/3c78bfca247b.png,train,3c78bfca247b.png,4,Proliferative_DR
aptos:test/0_No_DR/883ddb650967.png,aptos,A:\DR_classification\data\organized\aptos\test\0_No_DR\883ddb650967.png,test/0_No_DR/883ddb650967.png,test,883ddb650967.png,0,No_DR
aptos:train/0_No_DR/780f9daaa24b.png,aptos,A:\DR_classification\data\organized\aptos\train\0_No_DR\780f9daaa24b.png,train/0_No_DR/780f9daaa24b.png,train,780f9daaa24b.png,0,No_DR
aptos:val/4_Proliferative_DR/4dc2211a1c31.png,aptos,A:\DR_classification\data\organized\aptos\val\4_Proliferative_DR\4dc2211a1c31.png,val/4_Proliferative_DR/4dc2211a1c31.png,val,4dc2211a1c31.png,4,Proliferative_DR
aptos:train/0_No_DR/c80b0f27541a.png,aptos,A:\DR_classification\data\organized\aptos\train\0_No_DR\c80b0f27541a.png,train/0_No_DR/c80b0f27541a.png,train,c80b0f27541a.png,0,No_DR
aptos:train/2_Moderate/62ecdc90dd42.png,aptos,A:\DR_classification\data\organized\aptos\train\2_Moderate\62ecdc90dd42.png,train/2_Moderate/62ecdc90dd42.png,train,62ecdc90dd42.png,2,Moderate
aptos:train/0_No_DR/41345cec5957.png,aptos,A:\DR_classification\data\organized\aptos\train\0_No_DR\41345cec5957.png,train/0_No_DR/41345cec5957.png,train,41345cec5957.png,0,No_DR
aptos:val/1_Mild/0a61bddab956.png,aptos,A:\DR_classification\data\organized\aptos\val\1_Mild\0a61bddab956.png,val/1_Mild/0a61bddab956.png,val,0a61bddab956.png,1,Mild
aptos:test/1_Mild/384631079d1e.png,aptos,A:\DR_classification\data\organized\aptos\test\1_Mild\384631079d1e.png,test/1_Mild/384631079d1e.png,test,384631079d1e.png,1,Mild
aptos:test/1_Mild/c4a8f2fcf6e8.png,aptos,A:\DR_classification\data\organized\aptos\test\1_Mild\c4a8f2fcf6e8.png,test/1_Mild/c4a8f2fcf6e8.png,test,c4a8f2fcf6e8.png,1,Mild
aptos:train/1_Mild/d0d59ed675b5.png,aptos,A:\DR_classification\data\organized\aptos\train\1_Mild\d0d59ed675b5.png,train/1_Mild/d0d59ed675b5.png,train,d0d59ed675b5.png,1,Mild
aptos:train/4_Proliferative_DR/7e0598cc88a0.png,aptos,A:\DR_classification\data\organized\aptos\train\4_Proliferative_DR\7e0598cc88a0.png,train/4_Proliferative_DR/7e0598cc88a0.png,train,7e0598cc88a0.png,4,Proliferative_DR
aptos:val/1_Mild/92d9e9f08709.png,aptos,A:\DR_classification\data\organized\aptos\val\1_Mild\92d9e9f08709.png,val/1_Mild/92d9e9f08709.png,val,92d9e9f08709.png,1,Mild
aptos:test/4_Proliferative_DR/95e732e043a1.png,aptos,A:\DR_classification\data\organized\aptos\test\4_Proliferative_DR\95e732e043a1.png,test/4_Proliferative_DR/95e732e043a1.png,test,95e732e043a1.png,4,Proliferative_DR
aptos:train/0_No_DR/2a2274bcb00a.png,aptos,A:\DR_classification\data\organized\aptos\train\0_No_DR\2a2274bcb00a.png,train/0_No_DR/2a2274bcb00a.png,train,2a2274bcb00a.png,0,No_DR
aptos:train/0_No_DR/39fd8ef3a45c.png,aptos,A:\DR_classification\data\organized\aptos\train\0_No_DR\39fd8ef3a45c.png,train/0_No_DR/39fd8ef3a45c.png,train,39fd8ef3a45c.png,0,No_DR
aptos:train/0_No_DR/bb08949dd70a.png,aptos,A:\DR_classification\data\organized\aptos\train\0_No_DR\bb08949dd70a.png,train/0_No_DR/bb08949dd70a.png,train,bb08949dd70a.png,0,No_DR
aptos:train/0_No_DR/0a38b552372d.png,aptos,A:\DR_classification\data\organized\aptos\train\0_No_DR\0a38b552372d.png,train/0_No_DR/0a38b552372d.png,train,0a38b552372d.png,0,No_DR
aptos:train/0_No_DR/415d5c5e785f.png,aptos,A:\DR_classification\data\organized\aptos\train\0_No_DR\415d5c5e785f.png,train/0_No_DR/415d5c5e785f.png,train,415d5c5e785f.png,0,No_DR
aptos:train/0_No_DR/65e6f1bd9875.png,aptos,A:\DR_classification\data\organized\aptos\train\0_No_DR\65e6f1bd9875.png,train/0_No_DR/65e6f1bd9875.png,train,65e6f1bd9875.png,0,No_DR
aptos:train/0_No_DR/bd34a0639575.png,aptos,A:\DR_classification\data\organized\aptos\train\0_No_DR\bd34a0639575.png,train/0_No_DR/bd34a0639575.png,train,bd34a0639575.png,0,No_DR
aptos:train/0_No_DR/30263a7d5609.png,aptos,A:\DR_classification\data\organized\aptos\train\0_No_DR\30263a7d5609.png,train/0_No_DR/30263a7d5609.png,train,30263a7d5609.png,0,No_DR
aptos:test/4_Proliferative_DR/3a6e9730b298.png,aptos,A:\DR_classification\data\organized\aptos\test\4_Proliferative_DR\3a6e9730b298.png,test/4_Proliferative_DR/3a6e9730b298.png,test,3a6e9730b298.png,4,Proliferative_DR
aptos:train/0_No_DR/58059e73d2d4.png,aptos,A:\DR_classification\data\organized\aptos\train\0_No_DR\58059e73d2d4.png,train/0_No_DR/58059e73d2d4.png,train,58059e73d2d4.png,0,No_DR
aptos:train/2_Moderate/9b32e8ef0ca0.png,aptos,A:\DR_classification\data\organized\aptos\train\2_Moderate\9b32e8ef0ca0.png,train/2_Moderate/9b32e8ef0ca0.png,train,9b32e8ef0ca0.png,2,Moderate
aptos:val/0_No_DR/5ba156a35ff2.png,aptos,A:\DR_classification\data\organized\aptos\val\0_No_DR\5ba156a35ff2.png,val/0_No_DR/5ba156a35ff2.png,val,5ba156a35ff2.png,0,No_DR
aptos:train/3_Severe/2bb063318cf1.png,aptos,A:\DR_classification\data\organized\aptos\train\3_Severe\2bb063318cf1.png,train/3_Severe/2bb063318cf1.png,train,2bb063318cf1.png,3,Severe
aptos:test/0_No_DR/53ddae6a619e.png,aptos,A:\DR_classification\data\organized\aptos\test\0_No_DR\53ddae6a619e.png,test/0_No_DR/53ddae6a619e.png,test,53ddae6a619e.png,0,No_DR
aptos:train/1_Mild/5b804948e35f.png,aptos,A:\DR_classification\data\organized\aptos\train\1_Mild\5b804948e35f.png,train/1_Mild/5b804948e35f.png,train,5b804948e35f.png,1,Mild
aptos:train/2_Moderate/fa748b57262b.png,aptos,A:\DR_classification\data\organized\aptos\train\2_Moderate\fa748b57262b.png,train/2_Moderate/fa748b57262b.png,train,fa748b57262b.png,2,Moderate
aptos:test/2_Moderate/2b074afdf626.png,aptos,A:\DR_classification\data\organized\aptos\test\2_Moderate\2b074afdf626.png,test/2_Moderate/2b074afdf626.png,test,2b074afdf626.png,2,Moderate
aptos:train/0_No_DR/7a06ea127e02.png,aptos,A:\DR_classification\data\organized\aptos\train\0_No_DR\7a06ea127e02.png,train/0_No_DR/7a06ea127e02.png,train,7a06ea127e02.png,0,No_DR
aptos:train/2_Moderate/f8372e80f731.png,aptos,A:\DR_classification\data\organized\aptos\train\2_Moderate\f8372e80f731.png,train/2_Moderate/f8372e80f731.png,train,f8372e80f731.png,2,Moderate
aptos:train/0_No_DR/8bf2d925dc0c.png,aptos,A:\DR_classification\data\organized\aptos\train\0_No_DR\8bf2d925dc0c.png,train/0_No_DR/8bf2d925dc0c.png,train,8bf2d925dc0c.png,0,No_DR
aptos:val/0_No_DR/ee36ca728641.png,aptos,A:\DR_classification\data\organized\aptos\val\0_No_DR\ee36ca728641.png,val/0_No_DR/ee36ca728641.png,val,ee36ca728641.png,0,No_DR
aptos:train/2_Moderate/e5d56f4f359b.png,aptos,A:\DR_classification\data\organized\aptos\train\2_Moderate\e5d56f4f359b.png,train/2_Moderate/e5d56f4f359b.png,train,e5d56f4f359b.png,2,Moderate
aptos:test/0_No_DR/ea6a53e54d0f.png,aptos,A:\DR_classification\data\organized\aptos\test\0_No_DR\ea6a53e54d0f.png,test/0_No_DR/ea6a53e54d0f.png,test,ea6a53e54d0f.png,0,No_DR
aptos:train/1_Mild/7ef5ff774a48.png,aptos,A:\DR_classification\data\organized\aptos\train\1_Mild\7ef5ff774a48.png,train/1_Mild/7ef5ff774a48.png,train,7ef5ff774a48.png,1,Mild
aptos:test/2_Moderate/2ba0b0d9bda2.png,aptos,A:\DR_classification\data\organized\aptos\test\2_Moderate\2ba0b0d9bda2.png,test/2_Moderate/2ba0b0d9bda2.png,test,2ba0b0d9bda2.png,2,Moderate
aptos:train/0_No_DR/52edbe29d655.png,aptos,A:\DR_classification\data\organized\aptos\train\0_No_DR\52edbe29d655.png,train/0_No_DR/52edbe29d655.png,train,52edbe29d655.png,0,No_DR
aptos:test/0_No_DR/9de9421f17e3.png,aptos,A:\DR_classification\data\organized\aptos\test\0_No_DR\9de9421f17e3.png,test/0_No_DR/9de9421f17e3.png,test,9de9421f17e3.png,0,No_DR
aptos:train/0_No_DR/9d1feed37610.png,aptos,A:\DR_classification\data\organized\aptos\train\0_No_DR\9d1feed37610.png,train/0_No_DR/9d1feed37610.png,train,9d1feed37610.png,0,No_DR
aptos:train/0_No_DR/0182152c50de.png,aptos,A:\DR_classification\data\organized\aptos\train\0_No_DR\0182152c50de.png,train/0_No_DR/0182152c50de.png,train,0182152c50de.png,0,No_DR
aptos:train/0_No_DR/ddb222ff7c1d.png,aptos,A:\DR_classification\data\organized\aptos\train\0_No_DR\ddb222ff7c1d.png,train/0_No_DR/ddb222ff7c1d.png,train,ddb222ff7c1d.png,0,No_DR
aptos:train/2_Moderate/71e4130bf5c8.png,aptos,A:\DR_classification\data\organized\aptos\train\2_Moderate\71e4130bf5c8.png,train/2_Moderate/71e4130bf5c8.png,train,71e4130bf5c8.png,2,Moderate
aptos:train/4_Proliferative_DR/5c7ab966a3ee.png,aptos,A:\DR_classification\data\organized\aptos\train\4_Proliferative_DR\5c7ab966a3ee.png,train/4_Proliferative_DR/5c7ab966a3ee.png,train,5c7ab966a3ee.png,4,Proliferative_DR
aptos:val/0_No_DR/ce6f33a81ad5.png,aptos,A:\DR_classification\data\organized\aptos\val\0_No_DR\ce6f33a81ad5.png,val/0_No_DR/ce6f33a81ad5.png,val,ce6f33a81ad5.png,0,No_DR
aptos:train/2_Moderate/9f436886e056.png,aptos,A:\DR_classification\data\organized\aptos\train\2_Moderate\9f436886e056.png,train/2_Moderate/9f436886e056.png,train,9f436886e056.png,2,Moderate
aptos:train/0_No_DR/a9e3d186cd1b.png,aptos,A:\DR_classification\data\organized\aptos\train\0_No_DR\a9e3d186cd1b.png,train/0_No_DR/a9e3d186cd1b.png,train,a9e3d186cd1b.png,0,No_DR
aptos:val/0_No_DR/5a27b9b2a9c1.png,aptos,A:\DR_classification\data\organized\aptos\val\0_No_DR\5a27b9b2a9c1.png,val/0_No_DR/5a27b9b2a9c1.png,val,5a27b9b2a9c1.png,0,No_DR
aptos:val/0_No_DR/894a37fc3738.png,aptos,A:\DR_classification\data\organized\aptos\val\0_No_DR\894a37fc3738.png,val/0_No_DR/894a37fc3738.png,val,894a37fc3738.png,0,No_DR
aptos:train/1_Mild/382752f6694a.png,aptos,A:\DR_classification\data\organized\aptos\train\1_Mild\382752f6694a.png,train/1_Mild/382752f6694a.png,train,382752f6694a.png,1,Mild
aptos:train/4_Proliferative_DR/222f3ee3a1e8.png,aptos,A:\DR_classification\data\organized\aptos\train\4_Proliferative_DR\222f3ee3a1e8.png,train/4_Proliferative_DR/222f3ee3a1e8.png,train,222f3ee3a1e8.png,4,Proliferative_DR
aptos:train/0_No_DR/e4b0df29b96f.png,aptos,A:\DR_classification\data\organized\aptos\train\0_No_DR\e4b0df29b96f.png,train/0_No_DR/e4b0df29b96f.png,train,e4b0df29b96f.png,0,No_DR
aptos:train/0_No_DR/54b322c66d01.png,aptos,A:\DR_classification\data\organized\aptos\train\0_No_DR\54b322c66d01.png,train/0_No_DR/54b322c66d01.png,train,54b322c66d01.png,0,No_DR
aptos:train/0_No_DR/4982378d72f9.png,aptos,A:\DR_classification\data\organized\aptos\train\0_No_DR\4982378d72f9.png,train/0_No_DR/4982378d72f9.png,train,4982378d72f9.png,0,No_DR
aptos:train/0_No_DR/237aa50edc34.png,aptos,A:\DR_classification\data\organized\aptos\train\0_No_DR\237aa50edc34.png,train/0_No_DR/237aa50edc34.png,train,237aa50edc34.png,0,No_DR
aptos:train/2_Moderate/78a577c3e0bf.png,aptos,A:\DR_classification\data\organized\aptos\train\2_Moderate\78a577c3e0bf.png,train/2_Moderate/78a577c3e0bf.png,train,78a577c3e0bf.png,2,Moderate
aptos:test/0_No_DR/dc0eea0b68a7.png,aptos,A:\DR_classification\data\organized\aptos\test\0_No_DR\dc0eea0b68a7.png,test/0_No_DR/dc0eea0b68a7.png,test,dc0eea0b68a7.png,0,No_DR
aptos:val/0_No_DR/5257cb536da2.png,aptos,A:\DR_classification\data\organized\aptos\val\0_No_DR\5257cb536da2.png,val/0_No_DR/5257cb536da2.png,val,5257cb536da2.png,0,No_DR
aptos:test/0_No_DR/4350a1b2f3cb.png,aptos,A:\DR_classification\data\organized\aptos\test\0_No_DR\4350a1b2f3cb.png,test/0_No_DR/4350a1b2f3cb.png,test,4350a1b2f3cb.png,0,No_DR
aptos:train/2_Moderate/cd3fd04d72f5.png,aptos,A:\DR_classification\data\organized\aptos\train\2_Moderate\cd3fd04d72f5.png,train/2_Moderate/cd3fd04d72f5.png,train,cd3fd04d72f5.png,2,Moderate
aptos:train/2_Moderate/f3a88d3026dc.png,aptos,A:\DR_classification\data\organized\aptos\train\2_Moderate\f3a88d3026dc.png,train/2_Moderate/f3a88d3026dc.png,train,f3a88d3026dc.png,2,Moderate
aptos:test/0_No_DR/da9574d35b82.png,aptos,A:\DR_classification\data\organized\aptos\test\0_No_DR\da9574d35b82.png,test/0_No_DR/da9574d35b82.png,test,da9574d35b82.png,0,No_DR
aptos:test/4_Proliferative_DR/66a0bf258013.png,aptos,A:\DR_classification\data\organized\aptos\test\4_Proliferative_DR\66a0bf258013.png,test/4_Proliferative_DR/66a0bf258013.png,test,66a0bf258013.png,4,Proliferative_DR
aptos:test/3_Severe/069f43616fab.png,aptos,A:\DR_classification\data\organized\aptos\test\3_Severe\069f43616fab.png,test/3_Severe/069f43616fab.png,test,069f43616fab.png,3,Severe
aptos:train/0_No_DR/66bfec8d6bcd.png,aptos,A:\DR_classification\data\organized\aptos\train\0_No_DR\66bfec8d6bcd.png,train/0_No_DR/66bfec8d6bcd.png,train,66bfec8d6bcd.png,0,No_DR
aptos:train/0_No_DR/896ad584a841.png,aptos,A:\DR_classification\data\organized\aptos\train\0_No_DR\896ad584a841.png,train/0_No_DR/896ad584a841.png,train,896ad584a841.png,0,No_DR
aptos:train/1_Mild/3ee17aa12e46.png,aptos,A:\DR_classification\data\organized\aptos\train\1_Mild\3ee17aa12e46.png,train/1_Mild/3ee17aa12e46.png,train,3ee17aa12e46.png,1,Mild
aptos:val/1_Mild/09935d72892b.png,aptos,A:\DR_classification\data\organized\aptos\val\1_Mild\09935d72892b.png,val/1_Mild/09935d72892b.png,val,09935d72892b.png,1,Mild
aptos:train/2_Moderate/59ee65760535.png,aptos,A:\DR_classification\data\organized\aptos\train\2_Moderate\59ee65760535.png,train/2_Moderate/59ee65760535.png,train,59ee65760535.png,2,Moderate
aptos:train/3_Severe/3435fd8675a2.png,aptos,A:\DR_classification\data\organized\aptos\train\3_Severe\3435fd8675a2.png,train/3_Severe/3435fd8675a2.png,train,3435fd8675a2.png,3,Severe
aptos:train/2_Moderate/a47878630dc2.png,aptos,A:\DR_classification\data\organized\aptos\train\2_Moderate\a47878630dc2.png,train/2_Moderate/a47878630dc2.png,train,a47878630dc2.png,2,Moderate
aptos:val/0_No_DR/76bc31e0d3be.png,aptos,A:\DR_classification\data\organized\aptos\val\0_No_DR\76bc31e0d3be.png,val/0_No_DR/76bc31e0d3be.png,val,76bc31e0d3be.png,0,No_DR
aptos:train/0_No_DR/014508ccb9cb.png,aptos,A:\DR_classification\data\organized\aptos\train\0_No_DR\014508ccb9cb.png,train/0_No_DR/014508ccb9cb.png,train,014508ccb9cb.png,0,No_DR
aptos:test/0_No_DR/c6229222bf22.png,aptos,A:\DR_classification\data\organized\aptos\test\0_No_DR\c6229222bf22.png,test/0_No_DR/c6229222bf22.png,test,c6229222bf22.png,0,No_DR
aptos:train/2_Moderate/436e1793d240.png,aptos,A:\DR_classification\data\organized\aptos\train\2_Moderate\436e1793d240.png,train/2_Moderate/436e1793d240.png,train,436e1793d240.png,2,Moderate
aptos:train/4_Proliferative_DR/fa59221cf464.png,aptos,A:\DR_classification\data\organized\aptos\train\4_Proliferative_DR\fa59221cf464.png,train/4_Proliferative_DR/fa59221cf464.png,train,fa59221cf464.png,4,Proliferative_DR
aptos:test/2_Moderate/4a0bba3b7d83.png,aptos,A:\DR_classification\data\organized\aptos\test\2_Moderate\4a0bba3b7d83.png,test/2_Moderate/4a0bba3b7d83.png,test,4a0bba3b7d83.png,2,Moderate
aptos:test/0_No_DR/e9ce5bf645ab.png,aptos,A:\DR_classification\data\organized\aptos\test\0_No_DR\e9ce5bf645ab.png,test/0_No_DR/e9ce5bf645ab.png,test,e9ce5bf645ab.png,0,No_DR
aptos:train/2_Moderate/ed2c06fcc573.png,aptos,A:\DR_classification\data\organized\aptos\train\2_Moderate\ed2c06fcc573.png,train/2_Moderate/ed2c06fcc573.png,train,ed2c06fcc573.png,2,Moderate
aptos:val/0_No_DR/25a0a1e41afd.png,aptos,A:\DR_classification\data\organized\aptos\val\0_No_DR\25a0a1e41afd.png,val/0_No_DR/25a0a1e41afd.png,val,25a0a1e41afd.png,0,No_DR
aptos:train/2_Moderate/0c2e2369dfff.png,aptos,A:\DR_classification\data\organized\aptos\train\2_Moderate\0c2e2369dfff.png,train/2_Moderate/0c2e2369dfff.png,train,0c2e2369dfff.png,2,Moderate
aptos:train/4_Proliferative_DR/de16416220de.png,aptos,A:\DR_classification\data\organized\aptos\train\4_Proliferative_DR\de16416220de.png,train/4_Proliferative_DR/de16416220de.png,train,de16416220de.png,4,Proliferative_DR
aptos:train/2_Moderate/65e530ee2e79.png,aptos,A:\DR_classification\data\organized\aptos\train\2_Moderate\65e530ee2e79.png,train/2_Moderate/65e530ee2e79.png,train,65e530ee2e79.png,2,Moderate
aptos:train/1_Mild/9782c0489eca.png,aptos,A:\DR_classification\data\organized\aptos\train\1_Mild\9782c0489eca.png,train/1_Mild/9782c0489eca.png,train,9782c0489eca.png,1,Mild
aptos:train/4_Proliferative_DR/02685f13cefd.png,aptos,A:\DR_classification\data\organized\aptos\train\4_Proliferative_DR\02685f13cefd.png,train/4_Proliferative_DR/02685f13cefd.png,train,02685f13cefd.png,4,Proliferative_DR
aptos:train/2_Moderate/fc603cbedb41.png,aptos,A:\DR_classification\data\organized\aptos\train\2_Moderate\fc603cbedb41.png,train/2_Moderate/fc603cbedb41.png,train,fc603cbedb41.png,2,Moderate
aptos:train/0_No_DR/9d75de31f1b8.png,aptos,A:\DR_classification\data\organized\aptos\train\0_No_DR\9d75de31f1b8.png,train/0_No_DR/9d75de31f1b8.png,train,9d75de31f1b8.png,0,No_DR
aptos:train/0_No_DR/8ead8f37423c.png,aptos,A:\DR_classification\data\organized\aptos\train\0_No_DR\8ead8f37423c.png,train/0_No_DR/8ead8f37423c.png,train,8ead8f37423c.png,0,No_DR
aptos:train/0_No_DR/6dc07f968794.png,aptos,A:\DR_classification\data\organized\aptos\train\0_No_DR\6dc07f968794.png,train/0_No_DR/6dc07f968794.png,train,6dc07f968794.png,0,No_DR
aptos:train/2_Moderate/e265c870f9b3.png,aptos,A:\DR_classification\data\organized\aptos\train\2_Moderate\e265c870f9b3.png,train/2_Moderate/e265c870f9b3.png,train,e265c870f9b3.png,2,Moderate
aptos:train/0_No_DR/a86128b601a7.png,aptos,A:\DR_classification\data\organized\aptos\train\0_No_DR\a86128b601a7.png,train/0_No_DR/a86128b601a7.png,train,a86128b601a7.png,0,No_DR
aptos:train/0_No_DR/f3b27ac2d371.png,aptos,A:\DR_classification\data\organized\aptos\train\0_No_DR\f3b27ac2d371.png,train/0_No_DR/f3b27ac2d371.png,train,f3b27ac2d371.png,0,No_DR
aptos:train/2_Moderate/48afe8c47454.png,aptos,A:\DR_classification\data\organized\aptos\train\2_Moderate\48afe8c47454.png,train/2_Moderate/48afe8c47454.png,train,48afe8c47454.png,2,Moderate
aptos:train/2_Moderate/63d217b059b6.png,aptos,A:\DR_classification\data\organized\aptos\train\2_Moderate\63d217b059b6.png,train/2_Moderate/63d217b059b6.png,train,63d217b059b6.png,2,Moderate
aptos:train/0_No_DR/12bc439d373a.png,aptos,A:\DR_classification\data\organized\aptos\train\0_No_DR\12bc439d373a.png,train/0_No_DR/12bc439d373a.png,train,12bc439d373a.png,0,No_DR
aptos:train/1_Mild/33ffddea8c6e.png,aptos,A:\DR_classification\data\organized\aptos\train\1_Mild\33ffddea8c6e.png,train/1_Mild/33ffddea8c6e.png,train,33ffddea8c6e.png,1,Mild
aptos:test/4_Proliferative_DR/dad71ba27a9b.png,aptos,A:\DR_classification\data\organized\aptos\test\4_Proliferative_DR\dad71ba27a9b.png,test/4_Proliferative_DR/dad71ba27a9b.png,test,dad71ba27a9b.png,4,Proliferative_DR
aptos:train/2_Moderate/d94e10f42861.png,aptos,A:\DR_classification\data\organized\aptos\train\2_Moderate\d94e10f42861.png,train/2_Moderate/d94e10f42861.png,train,d94e10f42861.png,2,Moderate
aptos:train/2_Moderate/052d9a3fe55a.png,aptos,A:\DR_classification\data\organized\aptos\train\2_Moderate\052d9a3fe55a.png,train/2_Moderate/052d9a3fe55a.png,train,052d9a3fe55a.png,2,Moderate
aptos:train/2_Moderate/54dc6e8107cd.png,aptos,A:\DR_classification\data\organized\aptos\train\2_Moderate\54dc6e8107cd.png,train/2_Moderate/54dc6e8107cd.png,train,54dc6e8107cd.png,2,Moderate
aptos:train/2_Moderate/45c39ab9e797.png,aptos,A:\DR_classification\data\organized\aptos\train\2_Moderate\45c39ab9e797.png,train/2_Moderate/45c39ab9e797.png,train,45c39ab9e797.png,2,Moderate
aptos:train/2_Moderate/00e4ddff966a.png,aptos,A:\DR_classification\data\organized\aptos\train\2_Moderate\00e4ddff966a.png,train/2_Moderate/00e4ddff966a.png,train,00e4ddff966a.png,2,Moderate
aptos:train/2_Moderate/28824d12d31d.png,aptos,A:\DR_classification\data\organized\aptos\train\2_Moderate\28824d12d31d.png,train/2_Moderate/28824d12d31d.png,train,28824d12d31d.png,2,Moderate
aptos:train/2_Moderate/ceaa5803d780.png,aptos,A:\DR_classification\data\organized\aptos\train\2_Moderate\ceaa5803d780.png,train/2_Moderate/ceaa5803d780.png,train,ceaa5803d780.png,2,Moderate
aptos:train/2_Moderate/1f4bf8e28b41.png,aptos,A:\DR_classification\data\organized\aptos\train\2_Moderate\1f4bf8e28b41.png,train/2_Moderate/1f4bf8e28b41.png,train,1f4bf8e28b41.png,2,Moderate
aptos:test/0_No_DR/4c17e85686f0.png,aptos,A:\DR_classification\data\organized\aptos\test\0_No_DR\4c17e85686f0.png,test/0_No_DR/4c17e85686f0.png,test,4c17e85686f0.png,0,No_DR
aptos:val/0_No_DR/0b64a0a06f9a.png,aptos,A:\DR_classification\data\organized\aptos\val\0_No_DR\0b64a0a06f9a.png,val/0_No_DR/0b64a0a06f9a.png,val,0b64a0a06f9a.png,0,No_DR
aptos:train/2_Moderate/46923eea9a4e.png,aptos,A:\DR_classification\data\organized\aptos\train\2_Moderate\46923eea9a4e.png,train/2_Moderate/46923eea9a4e.png,train,46923eea9a4e.png,2,Moderate
aptos:train/3_Severe/8a9bef2fbd4e.png,aptos,A:\DR_classification\data\organized\aptos\train\3_Severe\8a9bef2fbd4e.png,train/3_Severe/8a9bef2fbd4e.png,train,8a9bef2fbd4e.png,3,Severe
aptos:train/4_Proliferative_DR/59fee5bc3479.png,aptos,A:\DR_classification\data\organized\aptos\train\4_Proliferative_DR\59fee5bc3479.png,train/4_Proliferative_DR/59fee5bc3479.png,train,59fee5bc3479.png,4,Proliferative_DR
aptos:test/0_No_DR/07a2b8cabf6b.png,aptos,A:\DR_classification\data\organized\aptos\test\0_No_DR\07a2b8cabf6b.png,test/0_No_DR/07a2b8cabf6b.png,test,07a2b8cabf6b.png,0,No_DR
aptos:val/2_Moderate/7ec1ffe8220b.png,aptos,A:\DR_classification\data\organized\aptos\val\2_Moderate\7ec1ffe8220b.png,val/2_Moderate/7ec1ffe8220b.png,val,7ec1ffe8220b.png,2,Moderate
aptos:train/2_Moderate/d25b8a8ad3c4.png,aptos,A:\DR_classification\data\organized\aptos\train\2_Moderate\d25b8a8ad3c4.png,train/2_Moderate/d25b8a8ad3c4.png,train,d25b8a8ad3c4.png,2,Moderate
aptos:train/4_Proliferative_DR/bfdee9be1f1d.png,aptos,A:\DR_classification\data\organized\aptos\train\4_Proliferative_DR\bfdee9be1f1d.png,train/4_Proliferative_DR/bfdee9be1f1d.png,train,bfdee9be1f1d.png,4,Proliferative_DR
aptos:train/0_No_DR/6af071b0ac6e.png,aptos,A:\DR_classification\data\organized\aptos\train\0_No_DR\6af071b0ac6e.png,train/0_No_DR/6af071b0ac6e.png,train,6af071b0ac6e.png,0,No_DR
aptos:test/2_Moderate/44c869174e3a.png,aptos,A:\DR_classification\data\organized\aptos\test\2_Moderate\44c869174e3a.png,test/2_Moderate/44c869174e3a.png,test,44c869174e3a.png,2,Moderate
aptos:train/2_Moderate/e83d315d8f98.png,aptos,A:\DR_classification\data\organized\aptos\train\2_Moderate\e83d315d8f98.png,train/2_Moderate/e83d315d8f98.png,train,e83d315d8f98.png,2,Moderate
aptos:train/2_Moderate/1c578b72d7b3.png,aptos,A:\DR_classification\data\organized\aptos\train\2_Moderate\1c578b72d7b3.png,train/2_Moderate/1c578b72d7b3.png,train,1c578b72d7b3.png,2,Moderate
aptos:train/2_Moderate/2e79041ef722.png,aptos,A:\DR_classification\data\organized\aptos\train\2_Moderate\2e79041ef722.png,train/2_Moderate/2e79041ef722.png,train,2e79041ef722.png,2,Moderate
aptos:train/0_No_DR/bdc6c60e9133.png,aptos,A:\DR_classification\data\organized\aptos\train\0_No_DR\bdc6c60e9133.png,train/0_No_DR/bdc6c60e9133.png,train,bdc6c60e9133.png,0,No_DR
aptos:test/0_No_DR/1c47815f4a6b.png,aptos,A:\DR_classification\data\organized\aptos\test\0_No_DR\1c47815f4a6b.png,test/0_No_DR/1c47815f4a6b.png,test,1c47815f4a6b.png,0,No_DR
aptos:train/2_Moderate/62e6f814c8f5.png,aptos,A:\DR_classification\data\organized\aptos\train\2_Moderate\62e6f814c8f5.png,train/2_Moderate/62e6f814c8f5.png,train,62e6f814c8f5.png,2,Moderate
aptos:val/2_Moderate/be68322c7223.png,aptos,A:\DR_classification\data\organized\aptos\val\2_Moderate\be68322c7223.png,val/2_Moderate/be68322c7223.png,val,be68322c7223.png,2,Moderate
aptos:train/1_Mild/cf0575534cec.png,aptos,A:\DR_classification\data\organized\aptos\train\1_Mild\cf0575534cec.png,train/1_Mild/cf0575534cec.png,train,cf0575534cec.png,1,Mild
aptos:train/0_No_DR/e6a5e4718873.png,aptos,A:\DR_classification\data\organized\aptos\train\0_No_DR\e6a5e4718873.png,train/0_No_DR/e6a5e4718873.png,train,e6a5e4718873.png,0,No_DR
aptos:train/0_No_DR/fb88d23fc5fe.png,aptos,A:\DR_classification\data\organized\aptos\train\0_No_DR\fb88d23fc5fe.png,train/0_No_DR/fb88d23fc5fe.png,train,fb88d23fc5fe.png,0,No_DR
aptos:train/2_Moderate/012a242ac6ff.png,aptos,A:\DR_classification\data\organized\aptos\train\2_Moderate\012a242ac6ff.png,train/2_Moderate/012a242ac6ff.png,train,012a242ac6ff.png,2,Moderate
aptos:test/0_No_DR/6cffc6c6851a.png,aptos,A:\DR_classification\data\organized\aptos\test\0_No_DR\6cffc6c6851a.png,test/0_No_DR/6cffc6c6851a.png,test,6cffc6c6851a.png,0,No_DR
aptos:test/0_No_DR/54334705a34d.png,aptos,A:\DR_classification\data\organized\aptos\test\0_No_DR\54334705a34d.png,test/0_No_DR/54334705a34d.png,test,54334705a34d.png,0,No_DR
aptos:train/4_Proliferative_DR/9fab29e69a6b.png,aptos,A:\DR_classification\data\organized\aptos\train\4_Proliferative_DR\9fab29e69a6b.png,train/4_Proliferative_DR/9fab29e69a6b.png,train,9fab29e69a6b.png,4,Proliferative_DR
aptos:train/2_Moderate/a7b7dc8788b9.png,aptos,A:\DR_classification\data\organized\aptos\train\2_Moderate\a7b7dc8788b9.png,train/2_Moderate/a7b7dc8788b9.png,train,a7b7dc8788b9.png,2,Moderate
aptos:train/2_Moderate/dde43aa22ae6.png,aptos,A:\DR_classification\data\organized\aptos\train\2_Moderate\dde43aa22ae6.png,train/2_Moderate/dde43aa22ae6.png,train,dde43aa22ae6.png,2,Moderate
aptos:val/2_Moderate/3f47f83217b5.png,aptos,A:\DR_classification\data\organized\aptos\val\2_Moderate\3f47f83217b5.png,val/2_Moderate/3f47f83217b5.png,val,3f47f83217b5.png,2,Moderate
aptos:train/2_Moderate/1844a039b4ea.png,aptos,A:\DR_classification\data\organized\aptos\train\2_Moderate\1844a039b4ea.png,train/2_Moderate/1844a039b4ea.png,train,1844a039b4ea.png,2,Moderate
aptos:train/0_No_DR/650104ede84c.png,aptos,A:\DR_classification\data\organized\aptos\train\0_No_DR\650104ede84c.png,train/0_No_DR/650104ede84c.png,train,650104ede84c.png,0,No_DR
aptos:val/1_Mild/4393c5bc576a.png,aptos,A:\DR_classification\data\organized\aptos\val\1_Mild\4393c5bc576a.png,val/1_Mild/4393c5bc576a.png,val,4393c5bc576a.png,1,Mild
aptos:train/2_Moderate/51d780864365.png,aptos,A:\DR_classification\data\organized\aptos\train\2_Moderate\51d780864365.png,train/2_Moderate/51d780864365.png,train,51d780864365.png,2,Moderate
aptos:train/2_Moderate/d8cdb7d7283a.png,aptos,A:\DR_classification\data\organized\aptos\train\2_Moderate\d8cdb7d7283a.png,train/2_Moderate/d8cdb7d7283a.png,train,d8cdb7d7283a.png,2,Moderate
aptos:train/2_Moderate/55092c0071eb.png,aptos,A:\DR_classification\data\organized\aptos\train\2_Moderate\55092c0071eb.png,train/2_Moderate/55092c0071eb.png,train,55092c0071eb.png,2,Moderate
aptos:train/0_No_DR/a384e688e228.png,aptos,A:\DR_classification\data\organized\aptos\train\0_No_DR\a384e688e228.png,train/0_No_DR/a384e688e228.png,train,a384e688e228.png,0,No_DR
aptos:val/0_No_DR/1c7a013eeba7.png,aptos,A:\DR_classification\data\organized\aptos\val\0_No_DR\1c7a013eeba7.png,val/0_No_DR/1c7a013eeba7.png,val,1c7a013eeba7.png,0,No_DR
aptos:train/0_No_DR/0a74c92e287c.png,aptos,A:\DR_classification\data\organized\aptos\train\0_No_DR\0a74c92e287c.png,train/0_No_DR/0a74c92e287c.png,train,0a74c92e287c.png,0,No_DR
aptos:train/2_Moderate/4ce74e5eb51d.png,aptos,A:\DR_classification\data\organized\aptos\train\2_Moderate\4ce74e5eb51d.png,train/2_Moderate/4ce74e5eb51d.png,train,4ce74e5eb51d.png,2,Moderate
aptos:val/2_Moderate/75a7bc945b7d.png,aptos,A:\DR_classification\data\organized\aptos\val\2_Moderate\75a7bc945b7d.png,val/2_Moderate/75a7bc945b7d.png,val,75a7bc945b7d.png,2,Moderate
aptos:train/2_Moderate/4ad6109706e8.png,aptos,A:\DR_classification\data\organized\aptos\train\2_Moderate\4ad6109706e8.png,train/2_Moderate/4ad6109706e8.png,train,4ad6109706e8.png,2,Moderate
aptos:val/0_No_DR/6b91e99c9408.png,aptos,A:\DR_classification\data\organized\aptos\val\0_No_DR\6b91e99c9408.png,val/0_No_DR/6b91e99c9408.png,val,6b91e99c9408.png,0,No_DR
aptos:train/1_Mild/8a01daa423f7.png,aptos,A:\DR_classification\data\organized\aptos\train\1_Mild\8a01daa423f7.png,train/1_Mild/8a01daa423f7.png,train,8a01daa423f7.png,1,Mild
aptos:train/3_Severe/3b018e8b7303.png,aptos,A:\DR_classification\data\organized\aptos\train\3_Severe\3b018e8b7303.png,train/3_Severe/3b018e8b7303.png,train,3b018e8b7303.png,3,Severe
aptos:train/0_No_DR/3fd45879afe6.png,aptos,A:\DR_classification\data\organized\aptos\train\0_No_DR\3fd45879afe6.png,train/0_No_DR/3fd45879afe6.png,train,3fd45879afe6.png,0,No_DR
aptos:train/0_No_DR/af6a1508cd95.png,aptos,A:\DR_classification\data\organized\aptos\train\0_No_DR\af6a1508cd95.png,train/0_No_DR/af6a1508cd95.png,train,af6a1508cd95.png,0,No_DR
aptos:train/0_No_DR/f7116e7b2f4e.png,aptos,A:\DR_classification\data\organized\aptos\train\0_No_DR\f7116e7b2f4e.png,train/0_No_DR/f7116e7b2f4e.png,train,f7116e7b2f4e.png,0,No_DR
aptos:train/0_No_DR/6d4f6c9a8406.png,aptos,A:\DR_classification\data\organized\aptos\train\0_No_DR\6d4f6c9a8406.png,train/0_No_DR/6d4f6c9a8406.png,train,6d4f6c9a8406.png,0,No_DR
aptos:val/2_Moderate/b13d72ceea26.png,aptos,A:\DR_classification\data\organized\aptos\val\2_Moderate\b13d72ceea26.png,val/2_Moderate/b13d72ceea26.png,val,b13d72ceea26.png,2,Moderate
aptos:train/2_Moderate/a49b0b4484ea.png,aptos,A:\DR_classification\data\organized\aptos\train\2_Moderate\a49b0b4484ea.png,train/2_Moderate/a49b0b4484ea.png,train,a49b0b4484ea.png,2,Moderate
aptos:train/1_Mild/2a08ed6bbcbc.png,aptos,A:\DR_classification\data\organized\aptos\train\1_Mild\2a08ed6bbcbc.png,train/1_Mild/2a08ed6bbcbc.png,train,2a08ed6bbcbc.png,1,Mild
aptos:test/0_No_DR/384e6c915722.png,aptos,A:\DR_classification\data\organized\aptos\test\0_No_DR\384e6c915722.png,test/0_No_DR/384e6c915722.png,test,384e6c915722.png,0,No_DR
aptos:train/0_No_DR/b0acd3593310.png,aptos,A:\DR_classification\data\organized\aptos\train\0_No_DR\b0acd3593310.png,train/0_No_DR/b0acd3593310.png,train,b0acd3593310.png,0,No_DR
aptos:train/2_Moderate/1541226c5d72.png,aptos,A:\DR_classification\data\organized\aptos\train\2_Moderate\1541226c5d72.png,train/2_Moderate/1541226c5d72.png,train,1541226c5d72.png,2,Moderate
aptos:train/0_No_DR/ea7e21bab610.png,aptos,A:\DR_classification\data\organized\aptos\train\0_No_DR\ea7e21bab610.png,train/0_No_DR/ea7e21bab610.png,train,ea7e21bab610.png,0,No_DR
aptos:train/0_No_DR/3325b1fe55d2.png,aptos,A:\DR_classification\data\organized\aptos\train\0_No_DR\3325b1fe55d2.png,train/0_No_DR/3325b1fe55d2.png,train,3325b1fe55d2.png,0,No_DR
aptos:train/1_Mild/0ad7f631dedb.png,aptos,A:\DR_classification\data\organized\aptos\train\1_Mild\0ad7f631dedb.png,train/1_Mild/0ad7f631dedb.png,train,0ad7f631dedb.png,1,Mild
aptos:test/2_Moderate/44f4ae58990e.png,aptos,A:\DR_classification\data\organized\aptos\test\2_Moderate\44f4ae58990e.png,test/2_Moderate/44f4ae58990e.png,test,44f4ae58990e.png,2,Moderate
aptos:val/2_Moderate/423abbaa5fad.png,aptos,A:\DR_classification\data\organized\aptos\val\2_Moderate\423abbaa5fad.png,val/2_Moderate/423abbaa5fad.png,val,423abbaa5fad.png,2,Moderate
aptos:test/0_No_DR/c18a006f7f1d.png,aptos,A:\DR_classification\data\organized\aptos\test\0_No_DR\c18a006f7f1d.png,test/0_No_DR/c18a006f7f1d.png,test,c18a006f7f1d.png,0,No_DR
aptos:train/0_No_DR/61a62b1dcc36.png,aptos,A:\DR_classification\data\organized\aptos\train\0_No_DR\61a62b1dcc36.png,train/0_No_DR/61a62b1dcc36.png,train,61a62b1dcc36.png,0,No_DR
aptos:train/0_No_DR/d18f6431ebce.png,aptos,A:\DR_classification\data\organized\aptos\train\0_No_DR\d18f6431ebce.png,train/0_No_DR/d18f6431ebce.png,train,d18f6431ebce.png,0,No_DR
aptos:train/2_Moderate/45ae04cfde5d.png,aptos,A:\DR_classification\data\organized\aptos\train\2_Moderate\45ae04cfde5d.png,train/2_Moderate/45ae04cfde5d.png,train,45ae04cfde5d.png,2,Moderate
aptos:train/1_Mild/73881f55a3ec.png,aptos,A:\DR_classification\data\organized\aptos\train\1_Mild\73881f55a3ec.png,train/1_Mild/73881f55a3ec.png,train,73881f55a3ec.png,1,Mild
aptos:train/2_Moderate/9f1efb799b7b.png,aptos,A:\DR_classification\data\organized\aptos\train\2_Moderate\9f1efb799b7b.png,train/2_Moderate/9f1efb799b7b.png,train,9f1efb799b7b.png,2,Moderate
aptos:train/0_No_DR/6c4ec95dd8ba.png,aptos,A:\DR_classification\data\organized\aptos\train\0_No_DR\6c4ec95dd8ba.png,train/0_No_DR/6c4ec95dd8ba.png,train,6c4ec95dd8ba.png,0,No_DR
aptos:test/0_No_DR/a8dea22ef903.png,aptos,A:\DR_classification\data\organized\aptos\test\0_No_DR\a8dea22ef903.png,test/0_No_DR/a8dea22ef903.png,test,a8dea22ef903.png,0,No_DR
aptos:test/2_Moderate/e811f39a1243.png,aptos,A:\DR_classification\data\organized\aptos\test\2_Moderate\e811f39a1243.png,test/2_Moderate/e811f39a1243.png,test,e811f39a1243.png,2,Moderate
aptos:train/3_Severe/19244004583f.png,aptos,A:\DR_classification\data\organized\aptos\train\3_Severe\19244004583f.png,train/3_Severe/19244004583f.png,train,19244004583f.png,3,Severe
aptos:train/2_Moderate/ca891d37a43c.png,aptos,A:\DR_classification\data\organized\aptos\train\2_Moderate\ca891d37a43c.png,train/2_Moderate/ca891d37a43c.png,train,ca891d37a43c.png,2,Moderate
aptos:val/2_Moderate/7356dd08b0ae.png,aptos,A:\DR_classification\data\organized\aptos\val\2_Moderate\7356dd08b0ae.png,val/2_Moderate/7356dd08b0ae.png,val,7356dd08b0ae.png,2,Moderate
aptos:train/1_Mild/4f7755e74a9e.png,aptos,A:\DR_classification\data\organized\aptos\train\1_Mild\4f7755e74a9e.png,train/1_Mild/4f7755e74a9e.png,train,4f7755e74a9e.png,1,Mild
aptos:train/0_No_DR/356304d15a5c.png,aptos,A:\DR_classification\data\organized\aptos\train\0_No_DR\356304d15a5c.png,train/0_No_DR/356304d15a5c.png,train,356304d15a5c.png,0,No_DR
aptos:train/0_No_DR/bdf47b9f10c4.png,aptos,A:\DR_classification\data\organized\aptos\train\0_No_DR\bdf47b9f10c4.png,train/0_No_DR/bdf47b9f10c4.png,train,bdf47b9f10c4.png,0,No_DR
aptos:train/0_No_DR/ef99c499d665.png,aptos,A:\DR_classification\data\organized\aptos\train\0_No_DR\ef99c499d665.png,train/0_No_DR/ef99c499d665.png,train,ef99c499d665.png,0,No_DR
aptos:train/0_No_DR/912fbe06407e.png,aptos,A:\DR_classification\data\organized\aptos\train\0_No_DR\912fbe06407e.png,train/0_No_DR/912fbe06407e.png,train,912fbe06407e.png,0,No_DR
aptos:train/3_Severe/8688f3d0fcaf.png,aptos,A:\DR_classification\data\organized\aptos\train\3_Severe\8688f3d0fcaf.png,train/3_Severe/8688f3d0fcaf.png,train,8688f3d0fcaf.png,3,Severe
aptos:train/2_Moderate/d29096bd94aa.png,aptos,A:\DR_classification\data\organized\aptos\train\2_Moderate\d29096bd94aa.png,train/2_Moderate/d29096bd94aa.png,train,d29096bd94aa.png,2,Moderate
aptos:train/0_No_DR/b9fe7da14a32.png,aptos,A:\DR_classification\data\organized\aptos\train\0_No_DR\b9fe7da14a32.png,train/0_No_DR/b9fe7da14a32.png,train,b9fe7da14a32.png,0,No_DR
aptos:train/0_No_DR/233d948e2544.png,aptos,A:\DR_classification\data\organized\aptos\train\0_No_DR\233d948e2544.png,train/0_No_DR/233d948e2544.png,train,233d948e2544.png,0,No_DR
aptos:train/0_No_DR/ab88081e5654.png,aptos,A:\DR_classification\data\organized\aptos\train\0_No_DR\ab88081e5654.png,train/0_No_DR/ab88081e5654.png,train,ab88081e5654.png,0,No_DR
aptos:test/2_Moderate/2cceb07ff706.png,aptos,A:\DR_classification\data\organized\aptos\test\2_Moderate\2cceb07ff706.png,test/2_Moderate/2cceb07ff706.png,test,2cceb07ff706.png,2,Moderate
aptos:train/0_No_DR/930fee99213a.png,aptos,A:\DR_classification\data\organized\aptos\train\0_No_DR\930fee99213a.png,train/0_No_DR/930fee99213a.png,train,930fee99213a.png,0,No_DR
aptos:test/0_No_DR/07751b94a88a.png,aptos,A:\DR_classification\data\organized\aptos\test\0_No_DR\07751b94a88a.png,test/0_No_DR/07751b94a88a.png,test,07751b94a88a.png,0,No_DR
aptos:train/0_No_DR/a1e236fbc863.png,aptos,A:\DR_classification\data\organized\aptos\train\0_No_DR\a1e236fbc863.png,train/0_No_DR/a1e236fbc863.png,train,a1e236fbc863.png,0,No_DR
aptos:test/0_No_DR/1faf8664816c.png,aptos,A:\DR_classification\data\organized\aptos\test\0_No_DR\1faf8664816c.png,test/0_No_DR/1faf8664816c.png,test,1faf8664816c.png,0,No_DR
aptos:train/0_No_DR/55968f0e63c4.png,aptos,A:\DR_classification\data\organized\aptos\train\0_No_DR\55968f0e63c4.png,train/0_No_DR/55968f0e63c4.png,train,55968f0e63c4.png,0,No_DR
aptos:train/2_Moderate/52230bbef30e.png,aptos,A:\DR_classification\data\organized\aptos\train\2_Moderate\52230bbef30e.png,train/2_Moderate/52230bbef30e.png,train,52230bbef30e.png,2,Moderate
aptos:val/0_No_DR/bac1744955c2.png,aptos,A:\DR_classification\data\organized\aptos\val\0_No_DR\bac1744955c2.png,val/0_No_DR/bac1744955c2.png,val,bac1744955c2.png,0,No_DR
aptos:train/0_No_DR/496155f71d0a.png,aptos,A:\DR_classification\data\organized\aptos\train\0_No_DR\496155f71d0a.png,train/0_No_DR/496155f71d0a.png,train,496155f71d0a.png,0,No_DR
aptos:train/0_No_DR/763ad1236efe.png,aptos,A:\DR_classification\data\organized\aptos\train\0_No_DR\763ad1236efe.png,train/0_No_DR/763ad1236efe.png,train,763ad1236efe.png,0,No_DR
aptos:train/0_No_DR/461fa5292fda.png,aptos,A:\DR_classification\data\organized\aptos\train\0_No_DR\461fa5292fda.png,train/0_No_DR/461fa5292fda.png,train,461fa5292fda.png,0,No_DR
aptos:test/3_Severe/8201cab8322d.png,aptos,A:\DR_classification\data\organized\aptos\test\3_Severe\8201cab8322d.png,test/3_Severe/8201cab8322d.png,test,8201cab8322d.png,3,Severe
aptos:train/0_No_DR/7131bf4c9e6f.png,aptos,A:\DR_classification\data\organized\aptos\train\0_No_DR\7131bf4c9e6f.png,train/0_No_DR/7131bf4c9e6f.png,train,7131bf4c9e6f.png,0,No_DR
aptos:val/0_No_DR/71c22da3d6c6.png,aptos,A:\DR_classification\data\organized\aptos\val\0_No_DR\71c22da3d6c6.png,val/0_No_DR/71c22da3d6c6.png,val,71c22da3d6c6.png,0,No_DR
aptos:train/0_No_DR/103f97a2ab15.png,aptos,A:\DR_classification\data\organized\aptos\train\0_No_DR\103f97a2ab15.png,train/0_No_DR/103f97a2ab15.png,train,103f97a2ab15.png,0,No_DR
aptos:val/2_Moderate/8c87bd748996.png,aptos,A:\DR_classification\data\organized\aptos\val\2_Moderate\8c87bd748996.png,val/2_Moderate/8c87bd748996.png,val,8c87bd748996.png,2,Moderate
aptos:train/0_No_DR/a07d9a5045cb.png,aptos,A:\DR_classification\data\organized\aptos\train\0_No_DR\a07d9a5045cb.png,train/0_No_DR/a07d9a5045cb.png,train,a07d9a5045cb.png,0,No_DR
aptos:train/0_No_DR/fd079d2e93a2.png,aptos,A:\DR_classification\data\organized\aptos\train\0_No_DR\fd079d2e93a2.png,train/0_No_DR/fd079d2e93a2.png,train,fd079d2e93a2.png,0,No_DR
aptos:train/0_No_DR/a85cda5f725d.png,aptos,A:\DR_classification\data\organized\aptos\train\0_No_DR\a85cda5f725d.png,train/0_No_DR/a85cda5f725d.png,train,a85cda5f725d.png,0,No_DR
aptos:train/3_Severe/b310bd564329.png,aptos,A:\DR_classification\data\organized\aptos\train\3_Severe\b310bd564329.png,train/3_Severe/b310bd564329.png,train,b310bd564329.png,3,Severe
aptos:train/3_Severe/4c570172778b.png,aptos,A:\DR_classification\data\organized\aptos\train\3_Severe\4c570172778b.png,train/3_Severe/4c570172778b.png,train,4c570172778b.png,3,Severe
aptos:train/1_Mild/cae51154e1ce.png,aptos,A:\DR_classification\data\organized\aptos\train\1_Mild\cae51154e1ce.png,train/1_Mild/cae51154e1ce.png,train,cae51154e1ce.png,1,Mild
aptos:train/0_No_DR/3b2b91590590.png,aptos,A:\DR_classification\data\organized\aptos\train\0_No_DR\3b2b91590590.png,train/0_No_DR/3b2b91590590.png,train,3b2b91590590.png,0,No_DR
aptos:train/4_Proliferative_DR/e23add229074.png,aptos,A:\DR_classification\data\organized\aptos\train\4_Proliferative_DR\e23add229074.png,train/4_Proliferative_DR/e23add229074.png,train,e23add229074.png,4,Proliferative_DR
aptos:train/0_No_DR/69c4cbb630de.png,aptos,A:\DR_classification\data\organized\aptos\train\0_No_DR\69c4cbb630de.png,train/0_No_DR/69c4cbb630de.png,train,69c4cbb630de.png,0,No_DR
aptos:train/0_No_DR/d91635f380b4.png,aptos,A:\DR_classification\data\organized\aptos\train\0_No_DR\d91635f380b4.png,train/0_No_DR/d91635f380b4.png,train,d91635f380b4.png,0,No_DR
aptos:test/0_No_DR/6de39b94f634.png,aptos,A:\DR_classification\data\organized\aptos\test\0_No_DR\6de39b94f634.png,test/0_No_DR/6de39b94f634.png,test,6de39b94f634.png,0,No_DR
aptos:train/2_Moderate/ac5b5dddf91b.png,aptos,A:\DR_classification\data\organized\aptos\train\2_Moderate\ac5b5dddf91b.png,train/2_Moderate/ac5b5dddf91b.png,train,ac5b5dddf91b.png,2,Moderate
aptos:test/4_Proliferative_DR/5b5b80a3edee.png,aptos,A:\DR_classification\data\organized\aptos\test\4_Proliferative_DR\5b5b80a3edee.png,test/4_Proliferative_DR/5b5b80a3edee.png,test,5b5b80a3edee.png,4,Proliferative_DR
aptos:train/2_Moderate/a3706ce27869.png,aptos,A:\DR_classification\data\organized\aptos\train\2_Moderate\a3706ce27869.png,train/2_Moderate/a3706ce27869.png,train,a3706ce27869.png,2,Moderate
aptos:train/2_Moderate/310c27067ac0.png,aptos,A:\DR_classification\data\organized\aptos\train\2_Moderate\310c27067ac0.png,train/2_Moderate/310c27067ac0.png,train,310c27067ac0.png,2,Moderate
aptos:train/4_Proliferative_DR/c5e238aa18be.png,aptos,A:\DR_classification\data\organized\aptos\train\4_Proliferative_DR\c5e238aa18be.png,train/4_Proliferative_DR/c5e238aa18be.png,train,c5e238aa18be.png,4,Proliferative_DR
aptos:val/0_No_DR/4a96c28f3f07.png,aptos,A:\DR_classification\data\organized\aptos\val\0_No_DR\4a96c28f3f07.png,val/0_No_DR/4a96c28f3f07.png,val,4a96c28f3f07.png,0,No_DR
aptos:train/2_Moderate/aa31bc6b8f4d.png,aptos,A:\DR_classification\data\organized\aptos\train\2_Moderate\aa31bc6b8f4d.png,train/2_Moderate/aa31bc6b8f4d.png,train,aa31bc6b8f4d.png,2,Moderate
aptos:train/0_No_DR/22d843b2bbd1.png,aptos,A:\DR_classification\data\organized\aptos\train\0_No_DR\22d843b2bbd1.png,train/0_No_DR/22d843b2bbd1.png,train,22d843b2bbd1.png,0,No_DR
aptos:test/3_Severe/5f13e8a07344.png,aptos,A:\DR_classification\data\organized\aptos\test\3_Severe\5f13e8a07344.png,test/3_Severe/5f13e8a07344.png,test,5f13e8a07344.png,3,Severe
aptos:train/0_No_DR/4f5dd7660b17.png,aptos,A:\DR_classification\data\organized\aptos\train\0_No_DR\4f5dd7660b17.png,train/0_No_DR/4f5dd7660b17.png,train,4f5dd7660b17.png,0,No_DR
aptos:train/0_No_DR/eda29a9d78f3.png,aptos,A:\DR_classification\data\organized\aptos\train\0_No_DR\eda29a9d78f3.png,train/0_No_DR/eda29a9d78f3.png,train,eda29a9d78f3.png,0,No_DR
aptos:train/1_Mild/0a3202889f4d.png,aptos,A:\DR_classification\data\organized\aptos\train\1_Mild\0a3202889f4d.png,train/1_Mild/0a3202889f4d.png,train,0a3202889f4d.png,1,Mild
aptos:test/3_Severe/383e72af1955.png,aptos,A:\DR_classification\data\organized\aptos\test\3_Severe\383e72af1955.png,test/3_Severe/383e72af1955.png,test,383e72af1955.png,3,Severe
aptos:val/2_Moderate/594f69b503ad.png,aptos,A:\DR_classification\data\organized\aptos\val\2_Moderate\594f69b503ad.png,val/2_Moderate/594f69b503ad.png,val,594f69b503ad.png,2,Moderate
aptos:train/0_No_DR/6c30dd481717.png,aptos,A:\DR_classification\data\organized\aptos\train\0_No_DR\6c30dd481717.png,train/0_No_DR/6c30dd481717.png,train,6c30dd481717.png,0,No_DR
aptos:val/0_No_DR/b35cad8fe2d7.png,aptos,A:\DR_classification\data\organized\aptos\val\0_No_DR\b35cad8fe2d7.png,val/0_No_DR/b35cad8fe2d7.png,val,b35cad8fe2d7.png,0,No_DR
aptos:train/3_Severe/42cc993f23a9.png,aptos,A:\DR_classification\data\organized\aptos\train\3_Severe\42cc993f23a9.png,train/3_Severe/42cc993f23a9.png,train,42cc993f23a9.png,3,Severe
aptos:train/0_No_DR/dee31065f8fe.png,aptos,A:\DR_classification\data\organized\aptos\train\0_No_DR\dee31065f8fe.png,train/0_No_DR/dee31065f8fe.png,train,dee31065f8fe.png,0,No_DR
aptos:train/2_Moderate/246e4506824a.png,aptos,A:\DR_classification\data\organized\aptos\train\2_Moderate\246e4506824a.png,train/2_Moderate/246e4506824a.png,train,246e4506824a.png,2,Moderate
aptos:train/0_No_DR/50915e2329a1.png,aptos,A:\DR_classification\data\organized\aptos\train\0_No_DR\50915e2329a1.png,train/0_No_DR/50915e2329a1.png,train,50915e2329a1.png,0,No_DR
aptos:train/0_No_DR/966c07831334.png,aptos,A:\DR_classification\data\organized\aptos\train\0_No_DR\966c07831334.png,train/0_No_DR/966c07831334.png,train,966c07831334.png,0,No_DR
aptos:train/3_Severe/1c9521878baf.png,aptos,A:\DR_classification\data\organized\aptos\train\3_Severe\1c9521878baf.png,train/3_Severe/1c9521878baf.png,train,1c9521878baf.png,3,Severe
aptos:train/0_No_DR/d1cf31577a59.png,aptos,A:\DR_classification\data\organized\aptos\train\0_No_DR\d1cf31577a59.png,train/0_No_DR/d1cf31577a59.png,train,d1cf31577a59.png,0,No_DR
aptos:train/0_No_DR/b9d0b83d70c3.png,aptos,A:\DR_classification\data\organized\aptos\train\0_No_DR\b9d0b83d70c3.png,train/0_No_DR/b9d0b83d70c3.png,train,b9d0b83d70c3.png,0,No_DR
aptos:train/0_No_DR/1dfe599d12a9.png,aptos,A:\DR_classification\data\organized\aptos\train\0_No_DR\1dfe599d12a9.png,train/0_No_DR/1dfe599d12a9.png,train,1dfe599d12a9.png,0,No_DR
aptos:test/0_No_DR/45693d027798.png,aptos,A:\DR_classification\data\organized\aptos\test\0_No_DR\45693d027798.png,test/0_No_DR/45693d027798.png,test,45693d027798.png,0,No_DR
aptos:train/0_No_DR/dd285d9e97fe.png,aptos,A:\DR_classification\data\organized\aptos\train\0_No_DR\dd285d9e97fe.png,train/0_No_DR/dd285d9e97fe.png,train,dd285d9e97fe.png,0,No_DR
aptos:train/0_No_DR/4a589edaea60.png,aptos,A:\DR_classification\data\organized\aptos\train\0_No_DR\4a589edaea60.png,train/0_No_DR/4a589edaea60.png,train,4a589edaea60.png,0,No_DR
aptos:train/2_Moderate/8000a6b97a84.png,aptos,A:\DR_classification\data\organized\aptos\train\2_Moderate\8000a6b97a84.png,train/2_Moderate/8000a6b97a84.png,train,8000a6b97a84.png,2,Moderate
aptos:test/0_No_DR/4cde86044ad1.png,aptos,A:\DR_classification\data\organized\aptos\test\0_No_DR\4cde86044ad1.png,test/0_No_DR/4cde86044ad1.png,test,4cde86044ad1.png,0,No_DR
aptos:train/0_No_DR/dee1031a76ae.png,aptos,A:\DR_classification\data\organized\aptos\train\0_No_DR\dee1031a76ae.png,train/0_No_DR/dee1031a76ae.png,train,dee1031a76ae.png,0,No_DR
aptos:train/0_No_DR/0da321efbce6.png,aptos,A:\DR_classification\data\organized\aptos\train\0_No_DR\0da321efbce6.png,train/0_No_DR/0da321efbce6.png,train,0da321efbce6.png,0,No_DR
aptos:train/0_No_DR/8329e80c10ac.png,aptos,A:\DR_classification\data\organized\aptos\train\0_No_DR\8329e80c10ac.png,train/0_No_DR/8329e80c10ac.png,train,8329e80c10ac.png,0,No_DR
aptos:train/0_No_DR/8c29a76fa08c.png,aptos,A:\DR_classification\data\organized\aptos\train\0_No_DR\8c29a76fa08c.png,train/0_No_DR/8c29a76fa08c.png,train,8c29a76fa08c.png,0,No_DR
aptos:train/2_Moderate/2967e578939f.png,aptos,A:\DR_classification\data\organized\aptos\train\2_Moderate\2967e578939f.png,train/2_Moderate/2967e578939f.png,train,2967e578939f.png,2,Moderate
aptos:train/0_No_DR/521b5377a727.png,aptos,A:\DR_classification\data\organized\aptos\train\0_No_DR\521b5377a727.png,train/0_No_DR/521b5377a727.png,train,521b5377a727.png,0,No_DR
aptos:train/0_No_DR/4a4cb731f91a.png,aptos,A:\DR_classification\data\organized\aptos\train\0_No_DR\4a4cb731f91a.png,train/0_No_DR/4a4cb731f91a.png,train,4a4cb731f91a.png,0,No_DR
aptos:train/2_Moderate/4f20f9a9a65b.png,aptos,A:\DR_classification\data\organized\aptos\train\2_Moderate\4f20f9a9a65b.png,train/2_Moderate/4f20f9a9a65b.png,train,4f20f9a9a65b.png,2,Moderate
aptos:train/0_No_DR/ca2b54b95ade.png,aptos,A:\DR_classification\data\organized\aptos\train\0_No_DR\ca2b54b95ade.png,train/0_No_DR/ca2b54b95ade.png,train,ca2b54b95ade.png,0,No_DR
aptos:train/0_No_DR/dfc7ec7db0e0.png,aptos,A:\DR_classification\data\organized\aptos\train\0_No_DR\dfc7ec7db0e0.png,train/0_No_DR/dfc7ec7db0e0.png,train,dfc7ec7db0e0.png,0,No_DR
aptos:train/2_Moderate/8f1e7433a95d.png,aptos,A:\DR_classification\data\organized\aptos\train\2_Moderate\8f1e7433a95d.png,train/2_Moderate/8f1e7433a95d.png,train,8f1e7433a95d.png,2,Moderate
aptos:val/0_No_DR/9910c827e2fe.png,aptos,A:\DR_classification\data\organized\aptos\val\0_No_DR\9910c827e2fe.png,val/0_No_DR/9910c827e2fe.png,val,9910c827e2fe.png,0,No_DR
aptos:train/4_Proliferative_DR/1c4f3aa4df06.png,aptos,A:\DR_classification\data\organized\aptos\train\4_Proliferative_DR\1c4f3aa4df06.png,train/4_Proliferative_DR/1c4f3aa4df06.png,train,1c4f3aa4df06.png,4,Proliferative_DR
aptos:train/1_Mild/17eff993386f.png,aptos,A:\DR_classification\data\organized\aptos\train\1_Mild\17eff993386f.png,train/1_Mild/17eff993386f.png,train,17eff993386f.png,1,Mild
aptos:train/2_Moderate/2700754f71e9.png,aptos,A:\DR_classification\data\organized\aptos\train\2_Moderate\2700754f71e9.png,train/2_Moderate/2700754f71e9.png,train,2700754f71e9.png,2,Moderate
aptos:train/2_Moderate/b0d35981708b.png,aptos,A:\DR_classification\data\organized\aptos\train\2_Moderate\b0d35981708b.png,train/2_Moderate/b0d35981708b.png,train,b0d35981708b.png,2,Moderate
aptos:val/1_Mild/8f2996b8d855.png,aptos,A:\DR_classification\data\organized\aptos\val\1_Mild\8f2996b8d855.png,val/1_Mild/8f2996b8d855.png,val,8f2996b8d855.png,1,Mild
aptos:train/1_Mild/b4f41b5bf0ef.png,aptos,A:\DR_classification\data\organized\aptos\train\1_Mild\b4f41b5bf0ef.png,train/1_Mild/b4f41b5bf0ef.png,train,b4f41b5bf0ef.png,1,Mild
aptos:train/0_No_DR/88e5051f65bd.png,aptos,A:\DR_classification\data\organized\aptos\train\0_No_DR\88e5051f65bd.png,train/0_No_DR/88e5051f65bd.png,train,88e5051f65bd.png,0,No_DR
aptos:train/2_Moderate/08752092140d.png,aptos,A:\DR_classification\data\organized\aptos\train\2_Moderate\08752092140d.png,train/2_Moderate/08752092140d.png,train,08752092140d.png,2,Moderate
aptos:train/2_Moderate/5265dc9acdf8.png,aptos,A:\DR_classification\data\organized\aptos\train\2_Moderate\5265dc9acdf8.png,train/2_Moderate/5265dc9acdf8.png,train,5265dc9acdf8.png,2,Moderate
aptos:train/2_Moderate/7f6ce40f306b.png,aptos,A:\DR_classification\data\organized\aptos\train\2_Moderate\7f6ce40f306b.png,train/2_Moderate/7f6ce40f306b.png,train,7f6ce40f306b.png,2,Moderate
aptos:test/2_Moderate/57a5f1015504.png,aptos,A:\DR_classification\data\organized\aptos\test\2_Moderate\57a5f1015504.png,test/2_Moderate/57a5f1015504.png,test,57a5f1015504.png,2,Moderate
aptos:test/2_Moderate/76fe19ff64fb.png,aptos,A:\DR_classification\data\organized\aptos\test\2_Moderate\76fe19ff64fb.png,test/2_Moderate/76fe19ff64fb.png,test,76fe19ff64fb.png,2,Moderate
aptos:train/0_No_DR/57a5e4274275.png,aptos,A:\DR_classification\data\organized\aptos\train\0_No_DR\57a5e4274275.png,train/0_No_DR/57a5e4274275.png,train,57a5e4274275.png,0,No_DR
aptos:train/0_No_DR/2f8d14a7d390.png,aptos,A:\DR_classification\data\organized\aptos\train\0_No_DR\2f8d14a7d390.png,train/0_No_DR/2f8d14a7d390.png,train,2f8d14a7d390.png,0,No_DR
aptos:train/3_Severe/352e4a939242.png,aptos,A:\DR_classification\data\organized\aptos\train\3_Severe\352e4a939242.png,train/3_Severe/352e4a939242.png,train,352e4a939242.png,3,Severe
aptos:val/2_Moderate/d41b33fcb94f.png,aptos,A:\DR_classification\data\organized\aptos\val\2_Moderate\d41b33fcb94f.png,val/2_Moderate/d41b33fcb94f.png,val,d41b33fcb94f.png,2,Moderate
aptos:val/0_No_DR/58a9e0d7f7af.png,aptos,A:\DR_classification\data\organized\aptos\val\0_No_DR\58a9e0d7f7af.png,val/0_No_DR/58a9e0d7f7af.png,val,58a9e0d7f7af.png,0,No_DR
aptos:val/2_Moderate/2463bb04ebc3.png,aptos,A:\DR_classification\data\organized\aptos\val\2_Moderate\2463bb04ebc3.png,val/2_Moderate/2463bb04ebc3.png,val,2463bb04ebc3.png,2,Moderate
aptos:train/2_Moderate/5486da4273d7.png,aptos,A:\DR_classification\data\organized\aptos\train\2_Moderate\5486da4273d7.png,train/2_Moderate/5486da4273d7.png,train,5486da4273d7.png,2,Moderate
aptos:test/0_No_DR/6b66b0e86f7e.png,aptos,A:\DR_classification\data\organized\aptos\test\0_No_DR\6b66b0e86f7e.png,test/0_No_DR/6b66b0e86f7e.png,test,6b66b0e86f7e.png,0,No_DR
aptos:train/0_No_DR/79ade634c633.png,aptos,A:\DR_classification\data\organized\aptos\train\0_No_DR\79ade634c633.png,train/0_No_DR/79ade634c633.png,train,79ade634c633.png,0,No_DR
aptos:train/1_Mild/a443c4fd489c.png,aptos,A:\DR_classification\data\organized\aptos\train\1_Mild\a443c4fd489c.png,train/1_Mild/a443c4fd489c.png,train,a443c4fd489c.png,1,Mild
aptos:train/2_Moderate/8cb6b5b2f19c.png,aptos,A:\DR_classification\data\organized\aptos\train\2_Moderate\8cb6b5b2f19c.png,train/2_Moderate/8cb6b5b2f19c.png,train,8cb6b5b2f19c.png,2,Moderate
aptos:train/0_No_DR/68ddb15a74de.png,aptos,A:\DR_classification\data\organized\aptos\train\0_No_DR\68ddb15a74de.png,train/0_No_DR/68ddb15a74de.png,train,68ddb15a74de.png,0,No_DR
aptos:train/0_No_DR/4ccee4db09b6.png,aptos,A:\DR_classification\data\organized\aptos\train\0_No_DR\4ccee4db09b6.png,train/0_No_DR/4ccee4db09b6.png,train,4ccee4db09b6.png,0,No_DR
aptos:train/4_Proliferative_DR/b99afe7137fb.png,aptos,A:\DR_classification\data\organized\aptos\train\4_Proliferative_DR\b99afe7137fb.png,train/4_Proliferative_DR/b99afe7137fb.png,train,b99afe7137fb.png,4,Proliferative_DR
aptos:train/1_Mild/98fbe56dcc2c.png,aptos,A:\DR_classification\data\organized\aptos\train\1_Mild\98fbe56dcc2c.png,train/1_Mild/98fbe56dcc2c.png,train,98fbe56dcc2c.png,1,Mild
aptos:test/0_No_DR/3cab32dd6ef9.png,aptos,A:\DR_classification\data\organized\aptos\test\0_No_DR\3cab32dd6ef9.png,test/0_No_DR/3cab32dd6ef9.png,test,3cab32dd6ef9.png,0,No_DR
aptos:train/2_Moderate/39b5b05d6cd9.png,aptos,A:\DR_classification\data\organized\aptos\train\2_Moderate\39b5b05d6cd9.png,train/2_Moderate/39b5b05d6cd9.png,train,39b5b05d6cd9.png,2,Moderate
aptos:train/0_No_DR/2cdcc910778d.png,aptos,A:\DR_classification\data\organized\aptos\train\0_No_DR\2cdcc910778d.png,train/0_No_DR/2cdcc910778d.png,train,2cdcc910778d.png,0,No_DR
aptos:train/2_Moderate/cf0824f53dd9.png,aptos,A:\DR_classification\data\organized\aptos\train\2_Moderate\cf0824f53dd9.png,train/2_Moderate/cf0824f53dd9.png,train,cf0824f53dd9.png,2,Moderate
aptos:test/0_No_DR/6d9effbcde78.png,aptos,A:\DR_classification\data\organized\aptos\test\0_No_DR\6d9effbcde78.png,test/0_No_DR/6d9effbcde78.png,test,6d9effbcde78.png,0,No_DR
aptos:train/2_Moderate/31b5d6fb0256.png,aptos,A:\DR_classification\data\organized\aptos\train\2_Moderate\31b5d6fb0256.png,train/2_Moderate/31b5d6fb0256.png,train,31b5d6fb0256.png,2,Moderate
aptos:train/2_Moderate/89b725411cee.png,aptos,A:\DR_classification\data\organized\aptos\train\2_Moderate\89b725411cee.png,train/2_Moderate/89b725411cee.png,train,89b725411cee.png,2,Moderate
aptos:val/0_No_DR/7c6594b50690.png,aptos,A:\DR_classification\data\organized\aptos\val\0_No_DR\7c6594b50690.png,val/0_No_DR/7c6594b50690.png,val,7c6594b50690.png,0,No_DR
aptos:train/0_No_DR/c2a58b2cfd0b.png,aptos,A:\DR_classification\data\organized\aptos\train\0_No_DR\c2a58b2cfd0b.png,train/0_No_DR/c2a58b2cfd0b.png,train,c2a58b2cfd0b.png,0,No_DR
aptos:train/4_Proliferative_DR/d51b3fe0fa1b.png,aptos,A:\DR_classification\data\organized\aptos\train\4_Proliferative_DR\d51b3fe0fa1b.png,train/4_Proliferative_DR/d51b3fe0fa1b.png,train,d51b3fe0fa1b.png,4,Proliferative_DR
aptos:train/0_No_DR/13d014ccd136.png,aptos,A:\DR_classification\data\organized\aptos\train\0_No_DR\13d014ccd136.png,train/0_No_DR/13d014ccd136.png,train,13d014ccd136.png,0,No_DR
aptos:train/0_No_DR/dcc6c0ad5cad.png,aptos,A:\DR_classification\data\organized\aptos\train\0_No_DR\dcc6c0ad5cad.png,train/0_No_DR/dcc6c0ad5cad.png,train,dcc6c0ad5cad.png,0,No_DR
aptos:train/3_Severe/c5a9ebef1517.png,aptos,A:\DR_classification\data\organized\aptos\train\3_Severe\c5a9ebef1517.png,train/3_Severe/c5a9ebef1517.png,train,c5a9ebef1517.png,3,Severe
aptos:val/0_No_DR/4134b290f5f3.png,aptos,A:\DR_classification\data\organized\aptos\val\0_No_DR\4134b290f5f3.png,val/0_No_DR/4134b290f5f3.png,val,4134b290f5f3.png,0,No_DR
aptos:val/0_No_DR/08f8838d69bb.png,aptos,A:\DR_classification\data\organized\aptos\val\0_No_DR\08f8838d69bb.png,val/0_No_DR/08f8838d69bb.png,val,08f8838d69bb.png,0,No_DR
aptos:train/0_No_DR/4c635a01593d.png,aptos,A:\DR_classification\data\organized\aptos\train\0_No_DR\4c635a01593d.png,train/0_No_DR/4c635a01593d.png,train,4c635a01593d.png,0,No_DR
aptos:train/0_No_DR/c23ff6dcf15e.png,aptos,A:\DR_classification\data\organized\aptos\train\0_No_DR\c23ff6dcf15e.png,train/0_No_DR/c23ff6dcf15e.png,train,c23ff6dcf15e.png,0,No_DR
aptos:train/0_No_DR/1d29cb2f4296.png,aptos,A:\DR_classification\data\organized\aptos\train\0_No_DR\1d29cb2f4296.png,train/0_No_DR/1d29cb2f4296.png,train,1d29cb2f4296.png,0,No_DR
aptos:train/0_No_DR/7b87b0015282.png,aptos,A:\DR_classification\data\organized\aptos\train\0_No_DR\7b87b0015282.png,train/0_No_DR/7b87b0015282.png,train,7b87b0015282.png,0,No_DR
aptos:test/0_No_DR/e5f332efcbc7.png,aptos,A:\DR_classification\data\organized\aptos\test\0_No_DR\e5f332efcbc7.png,test/0_No_DR/e5f332efcbc7.png,test,e5f332efcbc7.png,0,No_DR
aptos:train/1_Mild/5b72ff04333d.png,aptos,A:\DR_classification\data\organized\aptos\train\1_Mild\5b72ff04333d.png,train/1_Mild/5b72ff04333d.png,train,5b72ff04333d.png,1,Mild
aptos:test/3_Severe/f9156aeffc5e.png,aptos,A:\DR_classification\data\organized\aptos\test\3_Severe\f9156aeffc5e.png,test/3_Severe/f9156aeffc5e.png,test,f9156aeffc5e.png,3,Severe
aptos:train/0_No_DR/a8854768549f.png,aptos,A:\DR_classification\data\organized\aptos\train\0_No_DR\a8854768549f.png,train/0_No_DR/a8854768549f.png,train,a8854768549f.png,0,No_DR
aptos:train/3_Severe/51269b77d312.png,aptos,A:\DR_classification\data\organized\aptos\train\3_Severe\51269b77d312.png,train/3_Severe/51269b77d312.png,train,51269b77d312.png,3,Severe
aptos:train/0_No_DR/4d1e7def7624.png,aptos,A:\DR_classification\data\organized\aptos\train\0_No_DR\4d1e7def7624.png,train/0_No_DR/4d1e7def7624.png,train,4d1e7def7624.png,0,No_DR
aptos:val/0_No_DR/639915f58a2f.png,aptos,A:\DR_classification\data\organized\aptos\val\0_No_DR\639915f58a2f.png,val/0_No_DR/639915f58a2f.png,val,639915f58a2f.png,0,No_DR
aptos:train/2_Moderate/913b1890ed1e.png,aptos,A:\DR_classification\data\organized\aptos\train\2_Moderate\913b1890ed1e.png,train/2_Moderate/913b1890ed1e.png,train,913b1890ed1e.png,2,Moderate
aptos:train/0_No_DR/002c21358ce6.png,aptos,A:\DR_classification\data\organized\aptos\train\0_No_DR\002c21358ce6.png,train/0_No_DR/002c21358ce6.png,train,002c21358ce6.png,0,No_DR
aptos:train/0_No_DR/4731e708ede3.png,aptos,A:\DR_classification\data\organized\aptos\train\0_No_DR\4731e708ede3.png,train/0_No_DR/4731e708ede3.png,train,4731e708ede3.png,0,No_DR
aptos:train/0_No_DR/beeca5f14618.png,aptos,A:\DR_classification\data\organized\aptos\train\0_No_DR\beeca5f14618.png,train/0_No_DR/beeca5f14618.png,train,beeca5f14618.png,0,No_DR
aptos:val/0_No_DR/b4b04d81acbb.png,aptos,A:\DR_classification\data\organized\aptos\val\0_No_DR\b4b04d81acbb.png,val/0_No_DR/b4b04d81acbb.png,val,b4b04d81acbb.png,0,No_DR
aptos:train/0_No_DR/1b3647865779.png,aptos,A:\DR_classification\data\organized\aptos\train\0_No_DR\1b3647865779.png,train/0_No_DR/1b3647865779.png,train,1b3647865779.png,0,No_DR
aptos:train/2_Moderate/40527a5e95dd.png,aptos,A:\DR_classification\data\organized\aptos\train\2_Moderate\40527a5e95dd.png,train/2_Moderate/40527a5e95dd.png,train,40527a5e95dd.png,2,Moderate
aptos:test/0_No_DR/cd563556cb57.png,aptos,A:\DR_classification\data\organized\aptos\test\0_No_DR\cd563556cb57.png,test/0_No_DR/cd563556cb57.png,test,cd563556cb57.png,0,No_DR
aptos:train/0_No_DR/d6130f2ec903.png,aptos,A:\DR_classification\data\organized\aptos\train\0_No_DR\d6130f2ec903.png,train/0_No_DR/d6130f2ec903.png,train,d6130f2ec903.png,0,No_DR
aptos:val/0_No_DR/d7ac4a0c9760.png,aptos,A:\DR_classification\data\organized\aptos\val\0_No_DR\d7ac4a0c9760.png,val/0_No_DR/d7ac4a0c9760.png,val,d7ac4a0c9760.png,0,No_DR
aptos:train/0_No_DR/fc8fce67fbf8.png,aptos,A:\DR_classification\data\organized\aptos\train\0_No_DR\fc8fce67fbf8.png,train/0_No_DR/fc8fce67fbf8.png,train,fc8fce67fbf8.png,0,No_DR
aptos:train/0_No_DR/ec363f48867b.png,aptos,A:\DR_classification\data\organized\aptos\train\0_No_DR\ec363f48867b.png,train/0_No_DR/ec363f48867b.png,train,ec363f48867b.png,0,No_DR
aptos:train/0_No_DR/3cdef7c591cc.png,aptos,A:\DR_classification\data\organized\aptos\train\0_No_DR\3cdef7c591cc.png,train/0_No_DR/3cdef7c591cc.png,train,3cdef7c591cc.png,0,No_DR
aptos:train/0_No_DR/aa60813e1a8d.png,aptos,A:\DR_classification\data\organized\aptos\train\0_No_DR\aa60813e1a8d.png,train/0_No_DR/aa60813e1a8d.png,train,aa60813e1a8d.png,0,No_DR
aptos:train/2_Moderate/3428230bf1bd.png,aptos,A:\DR_classification\data\organized\aptos\train\2_Moderate\3428230bf1bd.png,train/2_Moderate/3428230bf1bd.png,train,3428230bf1bd.png,2,Moderate
aptos:test/0_No_DR/2923971566fe.png,aptos,A:\DR_classification\data\organized\aptos\test\0_No_DR\2923971566fe.png,test/0_No_DR/2923971566fe.png,test,2923971566fe.png,0,No_DR
aptos:train/1_Mild/e07045d7c5f7.png,aptos,A:\DR_classification\data\organized\aptos\train\1_Mild\e07045d7c5f7.png,train/1_Mild/e07045d7c5f7.png,train,e07045d7c5f7.png,1,Mild
aptos:train/0_No_DR/0851d6a69589.png,aptos,A:\DR_classification\data\organized\aptos\train\0_No_DR\0851d6a69589.png,train/0_No_DR/0851d6a69589.png,train,0851d6a69589.png,0,No_DR
aptos:val/4_Proliferative_DR/7d626a7ffe76.png,aptos,A:\DR_classification\data\organized\aptos\val\4_Proliferative_DR\7d626a7ffe76.png,val/4_Proliferative_DR/7d626a7ffe76.png,val,7d626a7ffe76.png,4,Proliferative_DR
aptos:train/2_Moderate/bdb98063fe84.png,aptos,A:\DR_classification\data\organized\aptos\train\2_Moderate\bdb98063fe84.png,train/2_Moderate/bdb98063fe84.png,train,bdb98063fe84.png,2,Moderate
aptos:train/0_No_DR/d7bc00091cfc.png,aptos,A:\DR_classification\data\organized\aptos\train\0_No_DR\d7bc00091cfc.png,train/0_No_DR/d7bc00091cfc.png,train,d7bc00091cfc.png,0,No_DR
aptos:train/0_No_DR/2c827005b8f8.png,aptos,A:\DR_classification\data\organized\aptos\train\0_No_DR\2c827005b8f8.png,train/0_No_DR/2c827005b8f8.png,train,2c827005b8f8.png,0,No_DR
aptos:train/0_No_DR/9bd008aab548.png,aptos,A:\DR_classification\data\organized\aptos\train\0_No_DR\9bd008aab548.png,train/0_No_DR/9bd008aab548.png,train,9bd008aab548.png,0,No_DR
aptos:val/0_No_DR/2fefb720869a.png,aptos,A:\DR_classification\data\organized\aptos\val\0_No_DR\2fefb720869a.png,val/0_No_DR/2fefb720869a.png,val,2fefb720869a.png,0,No_DR
aptos:val/2_Moderate/b65ff67743b2.png,aptos,A:\DR_classification\data\organized\aptos\val\2_Moderate\b65ff67743b2.png,val/2_Moderate/b65ff67743b2.png,val,b65ff67743b2.png,2,Moderate
aptos:test/0_No_DR/b21abe5d9722.png,aptos,A:\DR_classification\data\organized\aptos\test\0_No_DR\b21abe5d9722.png,test/0_No_DR/b21abe5d9722.png,test,b21abe5d9722.png,0,No_DR
aptos:train/0_No_DR/7bc00e58d419.png,aptos,A:\DR_classification\data\organized\aptos\train\0_No_DR\7bc00e58d419.png,train/0_No_DR/7bc00e58d419.png,train,7bc00e58d419.png,0,No_DR
aptos:train/2_Moderate/83b61051737f.png,aptos,A:\DR_classification\data\organized\aptos\train\2_Moderate\83b61051737f.png,train/2_Moderate/83b61051737f.png,train,83b61051737f.png,2,Moderate
aptos:train/0_No_DR/05e9126dfa5c.png,aptos,A:\DR_classification\data\organized\aptos\train\0_No_DR\05e9126dfa5c.png,train/0_No_DR/05e9126dfa5c.png,train,05e9126dfa5c.png,0,No_DR
aptos:train/2_Moderate/d9a475dfe59a.png,aptos,A:\DR_classification\data\organized\aptos\train\2_Moderate\d9a475dfe59a.png,train/2_Moderate/d9a475dfe59a.png,train,d9a475dfe59a.png,2,Moderate
aptos:train/2_Moderate/c8a3eb9a5b52.png,aptos,A:\DR_classification\data\organized\aptos\train\2_Moderate\c8a3eb9a5b52.png,train/2_Moderate/c8a3eb9a5b52.png,train,c8a3eb9a5b52.png,2,Moderate
aptos:train/0_No_DR/e5197d77ec68.png,aptos,A:\DR_classification\data\organized\aptos\train\0_No_DR\e5197d77ec68.png,train/0_No_DR/e5197d77ec68.png,train,e5197d77ec68.png,0,No_DR
aptos:train/3_Severe/86d6808f0609.png,aptos,A:\DR_classification\data\organized\aptos\train\3_Severe\86d6808f0609.png,train/3_Severe/86d6808f0609.png,train,86d6808f0609.png,3,Severe
aptos:val/1_Mild/3c726de3ee90.png,aptos,A:\DR_classification\data\organized\aptos\val\1_Mild\3c726de3ee90.png,val/1_Mild/3c726de3ee90.png,val,3c726de3ee90.png,1,Mild
aptos:train/4_Proliferative_DR/080f66eedfb9.png,aptos,A:\DR_classification\data\organized\aptos\train\4_Proliferative_DR\080f66eedfb9.png,train/4_Proliferative_DR/080f66eedfb9.png,train,080f66eedfb9.png,4,Proliferative_DR
aptos:train/0_No_DR/165634a6167e.png,aptos,A:\DR_classification\data\organized\aptos\train\0_No_DR\165634a6167e.png,train/0_No_DR/165634a6167e.png,train,165634a6167e.png,0,No_DR
aptos:test/0_No_DR/bfb578c0e8d8.png,aptos,A:\DR_classification\data\organized\aptos\test\0_No_DR\bfb578c0e8d8.png,test/0_No_DR/bfb578c0e8d8.png,test,bfb578c0e8d8.png,0,No_DR
aptos:val/4_Proliferative_DR/6daef3e5ca22.png,aptos,A:\DR_classification\data\organized\aptos\val\4_Proliferative_DR\6daef3e5ca22.png,val/4_Proliferative_DR/6daef3e5ca22.png,val,6daef3e5ca22.png,4,Proliferative_DR
aptos:test/2_Moderate/f3cd489acbee.png,aptos,A:\DR_classification\data\organized\aptos\test\2_Moderate\f3cd489acbee.png,test/2_Moderate/f3cd489acbee.png,test,f3cd489acbee.png,2,Moderate
aptos:train/2_Moderate/ad570b850a4f.png,aptos,A:\DR_classification\data\organized\aptos\train\2_Moderate\ad570b850a4f.png,train/2_Moderate/ad570b850a4f.png,train,ad570b850a4f.png,2,Moderate
aptos:train/2_Moderate/b0eeae01b8ab.png,aptos,A:\DR_classification\data\organized\aptos\train\2_Moderate\b0eeae01b8ab.png,train/2_Moderate/b0eeae01b8ab.png,train,b0eeae01b8ab.png,2,Moderate
aptos:train/0_No_DR/e3b47ed5b511.png,aptos,A:\DR_classification\data\organized\aptos\train\0_No_DR\e3b47ed5b511.png,train/0_No_DR/e3b47ed5b511.png,train,e3b47ed5b511.png,0,No_DR
aptos:train/3_Severe/6d0c0531083f.png,aptos,A:\DR_classification\data\organized\aptos\train\3_Severe\6d0c0531083f.png,train/3_Severe/6d0c0531083f.png,train,6d0c0531083f.png,3,Severe
aptos:val/0_No_DR/17e6116b89b3.png,aptos,A:\DR_classification\data\organized\aptos\val\0_No_DR\17e6116b89b3.png,val/0_No_DR/17e6116b89b3.png,val,17e6116b89b3.png,0,No_DR
aptos:train/3_Severe/c3a82acb7d7a.png,aptos,A:\DR_classification\data\organized\aptos\train\3_Severe\c3a82acb7d7a.png,train/3_Severe/c3a82acb7d7a.png,train,c3a82acb7d7a.png,3,Severe
aptos:train/1_Mild/513b0a4651fa.png,aptos,A:\DR_classification\data\organized\aptos\train\1_Mild\513b0a4651fa.png,train/1_Mild/513b0a4651fa.png,train,513b0a4651fa.png,1,Mild
aptos:train/0_No_DR/f26b02ead915.png,aptos,A:\DR_classification\data\organized\aptos\train\0_No_DR\f26b02ead915.png,train/0_No_DR/f26b02ead915.png,train,f26b02ead915.png,0,No_DR
aptos:train/2_Moderate/0eff8eacb2f7.png,aptos,A:\DR_classification\data\organized\aptos\train\2_Moderate\0eff8eacb2f7.png,train/2_Moderate/0eff8eacb2f7.png,train,0eff8eacb2f7.png,2,Moderate
aptos:train/4_Proliferative_DR/3b4a5fcbe5e0.png,aptos,A:\DR_classification\data\organized\aptos\train\4_Proliferative_DR\3b4a5fcbe5e0.png,train/4_Proliferative_DR/3b4a5fcbe5e0.png,train,3b4a5fcbe5e0.png,4,Proliferative_DR
aptos:train/2_Moderate/7d261f986bef.png,aptos,A:\DR_classification\data\organized\aptos\train\2_Moderate\7d261f986bef.png,train/2_Moderate/7d261f986bef.png,train,7d261f986bef.png,2,Moderate
aptos:test/0_No_DR/875d2ffcbf47.png,aptos,A:\DR_classification\data\organized\aptos\test\0_No_DR\875d2ffcbf47.png,test/0_No_DR/875d2ffcbf47.png,test,875d2ffcbf47.png,0,No_DR
aptos:val/2_Moderate/d15ca3469b87.png,aptos,A:\DR_classification\data\organized\aptos\val\2_Moderate\d15ca3469b87.png,val/2_Moderate/d15ca3469b87.png,val,d15ca3469b87.png,2,Moderate
aptos:val/2_Moderate/a93f1ea3ff4a.png,aptos,A:\DR_classification\data\organized\aptos\val\2_Moderate\a93f1ea3ff4a.png,val/2_Moderate/a93f1ea3ff4a.png,val,a93f1ea3ff4a.png,2,Moderate
aptos:train/2_Moderate/cca626a0e19a.png,aptos,A:\DR_classification\data\organized\aptos\train\2_Moderate\cca626a0e19a.png,train/2_Moderate/cca626a0e19a.png,train,cca626a0e19a.png,2,Moderate
aptos:train/0_No_DR/757e39293591.png,aptos,A:\DR_classification\data\organized\aptos\train\0_No_DR\757e39293591.png,train/0_No_DR/757e39293591.png,train,757e39293591.png,0,No_DR
aptos:train/2_Moderate/c8905b8d5cf1.png,aptos,A:\DR_classification\data\organized\aptos\train\2_Moderate\c8905b8d5cf1.png,train/2_Moderate/c8905b8d5cf1.png,train,c8905b8d5cf1.png,2,Moderate
aptos:val/0_No_DR/6110ecb3bb1c.png,aptos,A:\DR_classification\data\organized\aptos\val\0_No_DR\6110ecb3bb1c.png,val/0_No_DR/6110ecb3bb1c.png,val,6110ecb3bb1c.png,0,No_DR
aptos:val/1_Mild/172df1330a60.png,aptos,A:\DR_classification\data\organized\aptos\val\1_Mild\172df1330a60.png,val/1_Mild/172df1330a60.png,val,172df1330a60.png,1,Mild
aptos:test/2_Moderate/7bda86d95c5b.png,aptos,A:\DR_classification\data\organized\aptos\test\2_Moderate\7bda86d95c5b.png,test/2_Moderate/7bda86d95c5b.png,test,7bda86d95c5b.png,2,Moderate
aptos:train/0_No_DR/936299166bea.png,aptos,A:\DR_classification\data\organized\aptos\train\0_No_DR\936299166bea.png,train/0_No_DR/936299166bea.png,train,936299166bea.png,0,No_DR
aptos:train/1_Mild/1d11794057ff.png,aptos,A:\DR_classification\data\organized\aptos\train\1_Mild\1d11794057ff.png,train/1_Mild/1d11794057ff.png,train,1d11794057ff.png,1,Mild
aptos:val/4_Proliferative_DR/8ac0c44bbf24.png,aptos,A:\DR_classification\data\organized\aptos\val\4_Proliferative_DR\8ac0c44bbf24.png,val/4_Proliferative_DR/8ac0c44bbf24.png,val,8ac0c44bbf24.png,4,Proliferative_DR
aptos:train/2_Moderate/f9aa35187bf3.png,aptos,A:\DR_classification\data\organized\aptos\train\2_Moderate\f9aa35187bf3.png,train/2_Moderate/f9aa35187bf3.png,train,f9aa35187bf3.png,2,Moderate
aptos:train/0_No_DR/af5a0bc4e1fa.png,aptos,A:\DR_classification\data\organized\aptos\train\0_No_DR\af5a0bc4e1fa.png,train/0_No_DR/af5a0bc4e1fa.png,train,af5a0bc4e1fa.png,0,No_DR
aptos:val/0_No_DR/3e61703b5ab2.png,aptos,A:\DR_classification\data\organized\aptos\val\0_No_DR\3e61703b5ab2.png,val/0_No_DR/3e61703b5ab2.png,val,3e61703b5ab2.png,0,No_DR
aptos:train/1_Mild/2f2e1949ad56.png,aptos,A:\DR_classification\data\organized\aptos\train\1_Mild\2f2e1949ad56.png,train/1_Mild/2f2e1949ad56.png,train,2f2e1949ad56.png,1,Mild
aptos:train/0_No_DR/b43440c6ebe4.png,aptos,A:\DR_classification\data\organized\aptos\train\0_No_DR\b43440c6ebe4.png,train/0_No_DR/b43440c6ebe4.png,train,b43440c6ebe4.png,0,No_DR
aptos:val/0_No_DR/bc34f52c37c7.png,aptos,A:\DR_classification\data\organized\aptos\val\0_No_DR\bc34f52c37c7.png,val/0_No_DR/bc34f52c37c7.png,val,bc34f52c37c7.png,0,No_DR
aptos:train/0_No_DR/8b079e79035f.png,aptos,A:\DR_classification\data\organized\aptos\train\0_No_DR\8b079e79035f.png,train/0_No_DR/8b079e79035f.png,train,8b079e79035f.png,0,No_DR
aptos:train/0_No_DR/ab724603ee93.png,aptos,A:\DR_classification\data\organized\aptos\train\0_No_DR\ab724603ee93.png,train/0_No_DR/ab724603ee93.png,train,ab724603ee93.png,0,No_DR
aptos:train/0_No_DR/8ffa608170d3.png,aptos,A:\DR_classification\data\organized\aptos\train\0_No_DR\8ffa608170d3.png,train/0_No_DR/8ffa608170d3.png,train,8ffa608170d3.png,0,No_DR
aptos:val/0_No_DR/f233638e0e90.png,aptos,A:\DR_classification\data\organized\aptos\val\0_No_DR\f233638e0e90.png,val/0_No_DR/f233638e0e90.png,val,f233638e0e90.png,0,No_DR
aptos:train/0_No_DR/f7735b6d47f7.png,aptos,A:\DR_classification\data\organized\aptos\train\0_No_DR\f7735b6d47f7.png,train/0_No_DR/f7735b6d47f7.png,train,f7735b6d47f7.png,0,No_DR
aptos:train/4_Proliferative_DR/02dda30d3acf.png,aptos,A:\DR_classification\data\organized\aptos\train\4_Proliferative_DR\02dda30d3acf.png,train/4_Proliferative_DR/02dda30d3acf.png,train,02dda30d3acf.png,4,Proliferative_DR
aptos:test/2_Moderate/3aa2b1ce6700.png,aptos,A:\DR_classification\data\organized\aptos\test\2_Moderate\3aa2b1ce6700.png,test/2_Moderate/3aa2b1ce6700.png,test,3aa2b1ce6700.png,2,Moderate
aptos:test/1_Mild/4dd9d29eae5d.png,aptos,A:\DR_classification\data\organized\aptos\test\1_Mild\4dd9d29eae5d.png,test/1_Mild/4dd9d29eae5d.png,test,4dd9d29eae5d.png,1,Mild
aptos:train/2_Moderate/20688cb25704.png,aptos,A:\DR_classification\data\organized\aptos\train\2_Moderate\20688cb25704.png,train/2_Moderate/20688cb25704.png,train,20688cb25704.png,2,Moderate
aptos:train/2_Moderate/39134907127a.png,aptos,A:\DR_classification\data\organized\aptos\train\2_Moderate\39134907127a.png,train/2_Moderate/39134907127a.png,train,39134907127a.png,2,Moderate
aptos:val/2_Moderate/5e7cc6ab4ac4.png,aptos,A:\DR_classification\data\organized\aptos\val\2_Moderate\5e7cc6ab4ac4.png,val/2_Moderate/5e7cc6ab4ac4.png,val,5e7cc6ab4ac4.png,2,Moderate
aptos:train/0_No_DR/1601c939412f.png,aptos,A:\DR_classification\data\organized\aptos\train\0_No_DR\1601c939412f.png,train/0_No_DR/1601c939412f.png,train,1601c939412f.png,0,No_DR
aptos:test/0_No_DR/91e82fe4e434.png,aptos,A:\DR_classification\data\organized\aptos\test\0_No_DR\91e82fe4e434.png,test/0_No_DR/91e82fe4e434.png,test,91e82fe4e434.png,0,No_DR
aptos:train/0_No_DR/cec299c2a2d5.png,aptos,A:\DR_classification\data\organized\aptos\train\0_No_DR\cec299c2a2d5.png,train/0_No_DR/cec299c2a2d5.png,train,cec299c2a2d5.png,0,No_DR
aptos:train/2_Moderate/e6f0ce5bf282.png,aptos,A:\DR_classification\data\organized\aptos\train\2_Moderate\e6f0ce5bf282.png,train/2_Moderate/e6f0ce5bf282.png,train,e6f0ce5bf282.png,2,Moderate
aptos:train/0_No_DR/7aabd768abff.png,aptos,A:\DR_classification\data\organized\aptos\train\0_No_DR\7aabd768abff.png,train/0_No_DR/7aabd768abff.png,train,7aabd768abff.png,0,No_DR
aptos:train/2_Moderate/e31c42a8652b.png,aptos,A:\DR_classification\data\organized\aptos\train\2_Moderate\e31c42a8652b.png,train/2_Moderate/e31c42a8652b.png,train,e31c42a8652b.png,2,Moderate
aptos:train/4_Proliferative_DR/8596a24a14bd.png,aptos,A:\DR_classification\data\organized\aptos\train\4_Proliferative_DR\8596a24a14bd.png,train/4_Proliferative_DR/8596a24a14bd.png,train,8596a24a14bd.png,4,Proliferative_DR
aptos:train/0_No_DR/de6210f88536.png,aptos,A:\DR_classification\data\organized\aptos\train\0_No_DR\de6210f88536.png,train/0_No_DR/de6210f88536.png,train,de6210f88536.png,0,No_DR
aptos:test/2_Moderate/1177d583c807.png,aptos,A:\DR_classification\data\organized\aptos\test\2_Moderate\1177d583c807.png,test/2_Moderate/1177d583c807.png,test,1177d583c807.png,2,Moderate
aptos:train/0_No_DR/d29b37d110f3.png,aptos,A:\DR_classification\data\organized\aptos\train\0_No_DR\d29b37d110f3.png,train/0_No_DR/d29b37d110f3.png,train,d29b37d110f3.png,0,No_DR
aptos:train/0_No_DR/0790515cf5af.png,aptos,A:\DR_classification\data\organized\aptos\train\0_No_DR\0790515cf5af.png,train/0_No_DR/0790515cf5af.png,train,0790515cf5af.png,0,No_DR
aptos:train/2_Moderate/ceb601fe8dba.png,aptos,A:\DR_classification\data\organized\aptos\train\2_Moderate\ceb601fe8dba.png,train/2_Moderate/ceb601fe8dba.png,train,ceb601fe8dba.png,2,Moderate
aptos:train/3_Severe/405b4f78658f.png,aptos,A:\DR_classification\data\organized\aptos\train\3_Severe\405b4f78658f.png,train/3_Severe/405b4f78658f.png,train,405b4f78658f.png,3,Severe
aptos:train/2_Moderate/f30f203ef51e.png,aptos,A:\DR_classification\data\organized\aptos\train\2_Moderate\f30f203ef51e.png,train/2_Moderate/f30f203ef51e.png,train,f30f203ef51e.png,2,Moderate
aptos:train/0_No_DR/735836b1ffa6.png,aptos,A:\DR_classification\data\organized\aptos\train\0_No_DR\735836b1ffa6.png,train/0_No_DR/735836b1ffa6.png,train,735836b1ffa6.png,0,No_DR
aptos:test/0_No_DR/da949aa67a4f.png,aptos,A:\DR_classification\data\organized\aptos\test\0_No_DR\da949aa67a4f.png,test/0_No_DR/da949aa67a4f.png,test,da949aa67a4f.png,0,No_DR
aptos:train/2_Moderate/e12b67835e03.png,aptos,A:\DR_classification\data\organized\aptos\train\2_Moderate\e12b67835e03.png,train/2_Moderate/e12b67835e03.png,train,e12b67835e03.png,2,Moderate
aptos:train/0_No_DR/1d37f1c8b6d8.png,aptos,A:\DR_classification\data\organized\aptos\train\0_No_DR\1d37f1c8b6d8.png,train/0_No_DR/1d37f1c8b6d8.png,train,1d37f1c8b6d8.png,0,No_DR
aptos:val/0_No_DR/d436c06f0490.png,aptos,A:\DR_classification\data\organized\aptos\val\0_No_DR\d436c06f0490.png,val/0_No_DR/d436c06f0490.png,val,d436c06f0490.png,0,No_DR
aptos:train/0_No_DR/beb00fa6e7c9.png,aptos,A:\DR_classification\data\organized\aptos\train\0_No_DR\beb00fa6e7c9.png,train/0_No_DR/beb00fa6e7c9.png,train,beb00fa6e7c9.png,0,No_DR
aptos:train/0_No_DR/65f5d2a6eb7e.png,aptos,A:\DR_classification\data\organized\aptos\train\0_No_DR\65f5d2a6eb7e.png,train/0_No_DR/65f5d2a6eb7e.png,train,65f5d2a6eb7e.png,0,No_DR
aptos:train/1_Mild/82ac8463fadd.png,aptos,A:\DR_classification\data\organized\aptos\train\1_Mild\82ac8463fadd.png,train/1_Mild/82ac8463fadd.png,train,82ac8463fadd.png,1,Mild
aptos:test/0_No_DR/76cab26493f1.png,aptos,A:\DR_classification\data\organized\aptos\test\0_No_DR\76cab26493f1.png,test/0_No_DR/76cab26493f1.png,test,76cab26493f1.png,0,No_DR
aptos:val/0_No_DR/76095c338728.png,aptos,A:\DR_classification\data\organized\aptos\val\0_No_DR\76095c338728.png,val/0_No_DR/76095c338728.png,val,76095c338728.png,0,No_DR
aptos:train/2_Moderate/52dbec057cc8.png,aptos,A:\DR_classification\data\organized\aptos\train\2_Moderate\52dbec057cc8.png,train/2_Moderate/52dbec057cc8.png,train,52dbec057cc8.png,2,Moderate
aptos:test/2_Moderate/e868c3da340b.png,aptos,A:\DR_classification\data\organized\aptos\test\2_Moderate\e868c3da340b.png,test/2_Moderate/e868c3da340b.png,test,e868c3da340b.png,2,Moderate
aptos:train/2_Moderate/599b89048034.png,aptos,A:\DR_classification\data\organized\aptos\train\2_Moderate\599b89048034.png,train/2_Moderate/599b89048034.png,train,599b89048034.png,2,Moderate
aptos:train/0_No_DR/3f44d749cd0b.png,aptos,A:\DR_classification\data\organized\aptos\train\0_No_DR\3f44d749cd0b.png,train/0_No_DR/3f44d749cd0b.png,train,3f44d749cd0b.png,0,No_DR
aptos:train/0_No_DR/1d0b93317aa8.png,aptos,A:\DR_classification\data\organized\aptos\train\0_No_DR\1d0b93317aa8.png,train/0_No_DR/1d0b93317aa8.png,train,1d0b93317aa8.png,0,No_DR
aptos:val/3_Severe/7b29e3783919.png,aptos,A:\DR_classification\data\organized\aptos\val\3_Severe\7b29e3783919.png,val/3_Severe/7b29e3783919.png,val,7b29e3783919.png,3,Severe
aptos:train/2_Moderate/141735b57ec0.png,aptos,A:\DR_classification\data\organized\aptos\train\2_Moderate\141735b57ec0.png,train/2_Moderate/141735b57ec0.png,train,141735b57ec0.png,2,Moderate
aptos:train/0_No_DR/bc8c6a778cde.png,aptos,A:\DR_classification\data\organized\aptos\train\0_No_DR\bc8c6a778cde.png,train/0_No_DR/bc8c6a778cde.png,train,bc8c6a778cde.png,0,No_DR
aptos:train/0_No_DR/ce754234d760.png,aptos,A:\DR_classification\data\organized\aptos\train\0_No_DR\ce754234d760.png,train/0_No_DR/ce754234d760.png,train,ce754234d760.png,0,No_DR
aptos:train/2_Moderate/4ed31cc07366.png,aptos,A:\DR_classification\data\organized\aptos\train\2_Moderate\4ed31cc07366.png,train/2_Moderate/4ed31cc07366.png,train,4ed31cc07366.png,2,Moderate
aptos:val/0_No_DR/a0adbe677508.png,aptos,A:\DR_classification\data\organized\aptos\val\0_No_DR\a0adbe677508.png,val/0_No_DR/a0adbe677508.png,val,a0adbe677508.png,0,No_DR
aptos:train/3_Severe/bec0acd539b2.png,aptos,A:\DR_classification\data\organized\aptos\train\3_Severe\bec0acd539b2.png,train/3_Severe/bec0acd539b2.png,train,bec0acd539b2.png,3,Severe
aptos:train/0_No_DR/34a7dbd3f05c.png,aptos,A:\DR_classification\data\organized\aptos\train\0_No_DR\34a7dbd3f05c.png,train/0_No_DR/34a7dbd3f05c.png,train,34a7dbd3f05c.png,0,No_DR
aptos:train/2_Moderate/caec68f11c86.png,aptos,A:\DR_classification\data\organized\aptos\train\2_Moderate\caec68f11c86.png,train/2_Moderate/caec68f11c86.png,train,caec68f11c86.png,2,Moderate
aptos:train/0_No_DR/7f0ffeb0a333.png,aptos,A:\DR_classification\data\organized\aptos\train\0_No_DR\7f0ffeb0a333.png,train/0_No_DR/7f0ffeb0a333.png,train,7f0ffeb0a333.png,0,No_DR
aptos:train/0_No_DR/d6f36ec5564a.png,aptos,A:\DR_classification\data\organized\aptos\train\0_No_DR\d6f36ec5564a.png,train/0_No_DR/d6f36ec5564a.png,train,d6f36ec5564a.png,0,No_DR
aptos:val/0_No_DR/7ddcfcea7369.png,aptos,A:\DR_classification\data\organized\aptos\val\0_No_DR\7ddcfcea7369.png,val/0_No_DR/7ddcfcea7369.png,val,7ddcfcea7369.png,0,No_DR
aptos:train/2_Moderate/757572337fd0.png,aptos,A:\DR_classification\data\organized\aptos\train\2_Moderate\757572337fd0.png,train/2_Moderate/757572337fd0.png,train,757572337fd0.png,2,Moderate
aptos:train/0_No_DR/bacfa2b8e706.png,aptos,A:\DR_classification\data\organized\aptos\train\0_No_DR\bacfa2b8e706.png,train/0_No_DR/bacfa2b8e706.png,train,bacfa2b8e706.png,0,No_DR
aptos:train/2_Moderate/48c72dec46e5.png,aptos,A:\DR_classification\data\organized\aptos\train\2_Moderate\48c72dec46e5.png,train/2_Moderate/48c72dec46e5.png,train,48c72dec46e5.png,2,Moderate
aptos:test/0_No_DR/942f544c4e15.png,aptos,A:\DR_classification\data\organized\aptos\test\0_No_DR\942f544c4e15.png,test/0_No_DR/942f544c4e15.png,test,942f544c4e15.png,0,No_DR
aptos:train/2_Moderate/ccd34029493d.png,aptos,A:\DR_classification\data\organized\aptos\train\2_Moderate\ccd34029493d.png,train/2_Moderate/ccd34029493d.png,train,ccd34029493d.png,2,Moderate
aptos:train/2_Moderate/1d14dd912671.png,aptos,A:\DR_classification\data\organized\aptos\train\2_Moderate\1d14dd912671.png,train/2_Moderate/1d14dd912671.png,train,1d14dd912671.png,2,Moderate
aptos:test/4_Proliferative_DR/0ceb222f6629.png,aptos,A:\DR_classification\data\organized\aptos\test\4_Proliferative_DR\0ceb222f6629.png,test/4_Proliferative_DR/0ceb222f6629.png,test,0ceb222f6629.png,4,Proliferative_DR
aptos:train/0_No_DR/369229040a34.png,aptos,A:\DR_classification\data\organized\aptos\train\0_No_DR\369229040a34.png,train/0_No_DR/369229040a34.png,train,369229040a34.png,0,No_DR
aptos:train/0_No_DR/d911dd40c63b.png,aptos,A:\DR_classification\data\organized\aptos\train\0_No_DR\d911dd40c63b.png,train/0_No_DR/d911dd40c63b.png,train,d911dd40c63b.png,0,No_DR
aptos:test/0_No_DR/a2b995b81692.png,aptos,A:\DR_classification\data\organized\aptos\test\0_No_DR\a2b995b81692.png,test/0_No_DR/a2b995b81692.png,test,a2b995b81692.png,0,No_DR
aptos:train/0_No_DR/17f6c7072f61.png,aptos,A:\DR_classification\data\organized\aptos\train\0_No_DR\17f6c7072f61.png,train/0_No_DR/17f6c7072f61.png,train,17f6c7072f61.png,0,No_DR
aptos:val/0_No_DR/486e852a3b4d.png,aptos,A:\DR_classification\data\organized\aptos\val\0_No_DR\486e852a3b4d.png,val/0_No_DR/486e852a3b4d.png,val,486e852a3b4d.png,0,No_DR
aptos:train/2_Moderate/5c8482926a08.png,aptos,A:\DR_classification\data\organized\aptos\train\2_Moderate\5c8482926a08.png,train/2_Moderate/5c8482926a08.png,train,5c8482926a08.png,2,Moderate
aptos:train/0_No_DR/12058bbb8299.png,aptos,A:\DR_classification\data\organized\aptos\train\0_No_DR\12058bbb8299.png,train/0_No_DR/12058bbb8299.png,train,12058bbb8299.png,0,No_DR
aptos:train/2_Moderate/c406325360b1.png,aptos,A:\DR_classification\data\organized\aptos\train\2_Moderate\c406325360b1.png,train/2_Moderate/c406325360b1.png,train,c406325360b1.png,2,Moderate
aptos:train/0_No_DR/dcf109df1a2b.png,aptos,A:\DR_classification\data\organized\aptos\train\0_No_DR\dcf109df1a2b.png,train/0_No_DR/dcf109df1a2b.png,train,dcf109df1a2b.png,0,No_DR
aptos:train/0_No_DR/4a1afe4044f4.png,aptos,A:\DR_classification\data\organized\aptos\train\0_No_DR\4a1afe4044f4.png,train/0_No_DR/4a1afe4044f4.png,train,4a1afe4044f4.png,0,No_DR
aptos:train/2_Moderate/1e1fb019710d.png,aptos,A:\DR_classification\data\organized\aptos\train\2_Moderate\1e1fb019710d.png,train/2_Moderate/1e1fb019710d.png,train,1e1fb019710d.png,2,Moderate
aptos:train/2_Moderate/b06dabab4f09.png,aptos,A:\DR_classification\data\organized\aptos\train\2_Moderate\b06dabab4f09.png,train/2_Moderate/b06dabab4f09.png,train,b06dabab4f09.png,2,Moderate
aptos:train/0_No_DR/387138ddf43d.png,aptos,A:\DR_classification\data\organized\aptos\train\0_No_DR\387138ddf43d.png,train/0_No_DR/387138ddf43d.png,train,387138ddf43d.png,0,No_DR
aptos:test/1_Mild/e26d8718ca58.png,aptos,A:\DR_classification\data\organized\aptos\test\1_Mild\e26d8718ca58.png,test/1_Mild/e26d8718ca58.png,test,e26d8718ca58.png,1,Mild
aptos:val/4_Proliferative_DR/26463a5fb949.png,aptos,A:\DR_classification\data\organized\aptos\val\4_Proliferative_DR\26463a5fb949.png,val/4_Proliferative_DR/26463a5fb949.png,val,26463a5fb949.png,4,Proliferative_DR
aptos:train/0_No_DR/7ed4128b2a4e.png,aptos,A:\DR_classification\data\organized\aptos\train\0_No_DR\7ed4128b2a4e.png,train/0_No_DR/7ed4128b2a4e.png,train,7ed4128b2a4e.png,0,No_DR
aptos:train/2_Moderate/7f84284598f5.png,aptos,A:\DR_classification\data\organized\aptos\train\2_Moderate\7f84284598f5.png,train/2_Moderate/7f84284598f5.png,train,7f84284598f5.png,2,Moderate
aptos:test/0_No_DR/405085b53d7b.png,aptos,A:\DR_classification\data\organized\aptos\test\0_No_DR\405085b53d7b.png,test/0_No_DR/405085b53d7b.png,test,405085b53d7b.png,0,No_DR
aptos:train/0_No_DR/d8da9de62743.png,aptos,A:\DR_classification\data\organized\aptos\train\0_No_DR\d8da9de62743.png,train/0_No_DR/d8da9de62743.png,train,d8da9de62743.png,0,No_DR
aptos:test/0_No_DR/720b5f62ce80.png,aptos,A:\DR_classification\data\organized\aptos\test\0_No_DR\720b5f62ce80.png,test/0_No_DR/720b5f62ce80.png,test,720b5f62ce80.png,0,No_DR
aptos:train/2_Moderate/13d71389563f.png,aptos,A:\DR_classification\data\organized\aptos\train\2_Moderate\13d71389563f.png,train/2_Moderate/13d71389563f.png,train,13d71389563f.png,2,Moderate
aptos:train/0_No_DR/2d3f4094c08a.png,aptos,A:\DR_classification\data\organized\aptos\train\0_No_DR\2d3f4094c08a.png,train/0_No_DR/2d3f4094c08a.png,train,2d3f4094c08a.png,0,No_DR
aptos:train/0_No_DR/f36cb007a1ef.png,aptos,A:\DR_classification\data\organized\aptos\train\0_No_DR\f36cb007a1ef.png,train/0_No_DR/f36cb007a1ef.png,train,f36cb007a1ef.png,0,No_DR
aptos:train/2_Moderate/c52bb7343387.png,aptos,A:\DR_classification\data\organized\aptos\train\2_Moderate\c52bb7343387.png,train/2_Moderate/c52bb7343387.png,train,c52bb7343387.png,2,Moderate
aptos:test/0_No_DR/33b91def2035.png,aptos,A:\DR_classification\data\organized\aptos\test\0_No_DR\33b91def2035.png,test/0_No_DR/33b91def2035.png,test,33b91def2035.png,0,No_DR
aptos:test/1_Mild/71f6a6e4620a.png,aptos,A:\DR_classification\data\organized\aptos\test\1_Mild\71f6a6e4620a.png,test/1_Mild/71f6a6e4620a.png,test,71f6a6e4620a.png,1,Mild
aptos:val/0_No_DR/d56d32a1d62d.png,aptos,A:\DR_classification\data\organized\aptos\val\0_No_DR\d56d32a1d62d.png,val/0_No_DR/d56d32a1d62d.png,val,d56d32a1d62d.png,0,No_DR
aptos:val/1_Mild/3f73c91b7e32.png,aptos,A:\DR_classification\data\organized\aptos\val\1_Mild\3f73c91b7e32.png,val/1_Mild/3f73c91b7e32.png,val,3f73c91b7e32.png,1,Mild
aptos:train/0_No_DR/87b671c6d4c5.png,aptos,A:\DR_classification\data\organized\aptos\train\0_No_DR\87b671c6d4c5.png,train/0_No_DR/87b671c6d4c5.png,train,87b671c6d4c5.png,0,No_DR
aptos:train/0_No_DR/25b4080f598b.png,aptos,A:\DR_classification\data\organized\aptos\train\0_No_DR\25b4080f598b.png,train/0_No_DR/25b4080f598b.png,train,25b4080f598b.png,0,No_DR
aptos:train/0_No_DR/d26bb2ed6e71.png,aptos,A:\DR_classification\data\organized\aptos\train\0_No_DR\d26bb2ed6e71.png,train/0_No_DR/d26bb2ed6e71.png,train,d26bb2ed6e71.png,0,No_DR
aptos:train/0_No_DR/76f3473df8a6.png,aptos,A:\DR_classification\data\organized\aptos\train\0_No_DR\76f3473df8a6.png,train/0_No_DR/76f3473df8a6.png,train,76f3473df8a6.png,0,No_DR
aptos:test/0_No_DR/f4e68b61f480.png,aptos,A:\DR_classification\data\organized\aptos\test\0_No_DR\f4e68b61f480.png,test/0_No_DR/f4e68b61f480.png,test,f4e68b61f480.png,0,No_DR
aptos:train/4_Proliferative_DR/702de9dcde32.png,aptos,A:\DR_classification\data\organized\aptos\train\4_Proliferative_DR\702de9dcde32.png,train/4_Proliferative_DR/702de9dcde32.png,train,702de9dcde32.png,4,Proliferative_DR
aptos:val/4_Proliferative_DR/254052cf3e48.png,aptos,A:\DR_classification\data\organized\aptos\val\4_Proliferative_DR\254052cf3e48.png,val/4_Proliferative_DR/254052cf3e48.png,val,254052cf3e48.png,4,Proliferative_DR
aptos:val/4_Proliferative_DR/8f318a978844.png,aptos,A:\DR_classification\data\organized\aptos\val\4_Proliferative_DR\8f318a978844.png,val/4_Proliferative_DR/8f318a978844.png,val,8f318a978844.png,4,Proliferative_DR
aptos:test/0_No_DR/5d3c8c1f57da.png,aptos,A:\DR_classification\data\organized\aptos\test\0_No_DR\5d3c8c1f57da.png,test/0_No_DR/5d3c8c1f57da.png,test,5d3c8c1f57da.png,0,No_DR
aptos:test/2_Moderate/99e8bf998285.png,aptos,A:\DR_classification\data\organized\aptos\test\2_Moderate\99e8bf998285.png,test/2_Moderate/99e8bf998285.png,test,99e8bf998285.png,2,Moderate
aptos:val/0_No_DR/d38cf0f4a9af.png,aptos,A:\DR_classification\data\organized\aptos\val\0_No_DR\d38cf0f4a9af.png,val/0_No_DR/d38cf0f4a9af.png,val,d38cf0f4a9af.png,0,No_DR
aptos:train/0_No_DR/1b862fb6f65d.png,aptos,A:\DR_classification\data\organized\aptos\train\0_No_DR\1b862fb6f65d.png,train/0_No_DR/1b862fb6f65d.png,train,1b862fb6f65d.png,0,No_DR
aptos:train/0_No_DR/a70d0f12a641.png,aptos,A:\DR_classification\data\organized\aptos\train\0_No_DR\a70d0f12a641.png,train/0_No_DR/a70d0f12a641.png,train,a70d0f12a641.png,0,No_DR
aptos:train/0_No_DR/ac0a48ccbf70.png,aptos,A:\DR_classification\data\organized\aptos\train\0_No_DR\ac0a48ccbf70.png,train/0_No_DR/ac0a48ccbf70.png,train,ac0a48ccbf70.png,0,No_DR
aptos:train/3_Severe/070f67572d03.png,aptos,A:\DR_classification\data\organized\aptos\train\3_Severe\070f67572d03.png,train/3_Severe/070f67572d03.png,train,070f67572d03.png,3,Severe
aptos:train/0_No_DR/a9bc2f892cb3.png,aptos,A:\DR_classification\data\organized\aptos\train\0_No_DR\a9bc2f892cb3.png,train/0_No_DR/a9bc2f892cb3.png,train,a9bc2f892cb3.png,0,No_DR
aptos:train/2_Moderate/eae901557a84.png,aptos,A:\DR_classification\data\organized\aptos\train\2_Moderate\eae901557a84.png,train/2_Moderate/eae901557a84.png,train,eae901557a84.png,2,Moderate
aptos:train/1_Mild/7b20210d9120.png,aptos,A:\DR_classification\data\organized\aptos\train\1_Mild\7b20210d9120.png,train/1_Mild/7b20210d9120.png,train,7b20210d9120.png,1,Mild
aptos:train/2_Moderate/ffcf7b45f213.png,aptos,A:\DR_classification\data\organized\aptos\train\2_Moderate\ffcf7b45f213.png,train/2_Moderate/ffcf7b45f213.png,train,ffcf7b45f213.png,2,Moderate
aptos:test/4_Proliferative_DR/22895c89792f.png,aptos,A:\DR_classification\data\organized\aptos\test\4_Proliferative_DR\22895c89792f.png,test/4_Proliferative_DR/22895c89792f.png,test,22895c89792f.png,4,Proliferative_DR
aptos:train/1_Mild/8273fdb4405e.png,aptos,A:\DR_classification\data\organized\aptos\train\1_Mild\8273fdb4405e.png,train/1_Mild/8273fdb4405e.png,train,8273fdb4405e.png,1,Mild
aptos:val/1_Mild/a3ad6c2db6f1.png,aptos,A:\DR_classification\data\organized\aptos\val\1_Mild\a3ad6c2db6f1.png,val/1_Mild/a3ad6c2db6f1.png,val,a3ad6c2db6f1.png,1,Mild
aptos:train/0_No_DR/b294927b14b0.png,aptos,A:\DR_classification\data\organized\aptos\train\0_No_DR\b294927b14b0.png,train/0_No_DR/b294927b14b0.png,train,b294927b14b0.png,0,No_DR
aptos:train/0_No_DR/691eeb59b4cb.png,aptos,A:\DR_classification\data\organized\aptos\train\0_No_DR\691eeb59b4cb.png,train/0_No_DR/691eeb59b4cb.png,train,691eeb59b4cb.png,0,No_DR
aptos:train/0_No_DR/90a9a41eec6d.png,aptos,A:\DR_classification\data\organized\aptos\train\0_No_DR\90a9a41eec6d.png,train/0_No_DR/90a9a41eec6d.png,train,90a9a41eec6d.png,0,No_DR
aptos:test/0_No_DR/a6356a3c5d11.png,aptos,A:\DR_classification\data\organized\aptos\test\0_No_DR\a6356a3c5d11.png,test/0_No_DR/a6356a3c5d11.png,test,a6356a3c5d11.png,0,No_DR
aptos:train/1_Mild/01b3aed3ed4c.png,aptos,A:\DR_classification\data\organized\aptos\train\1_Mild\01b3aed3ed4c.png,train/1_Mild/01b3aed3ed4c.png,train,01b3aed3ed4c.png,1,Mild
aptos:train/4_Proliferative_DR/eaa0dfbd5024.png,aptos,A:\DR_classification\data\organized\aptos\train\4_Proliferative_DR\eaa0dfbd5024.png,train/4_Proliferative_DR/eaa0dfbd5024.png,train,eaa0dfbd5024.png,4,Proliferative_DR
aptos:train/2_Moderate/5723d0ec895e.png,aptos,A:\DR_classification\data\organized\aptos\train\2_Moderate\5723d0ec895e.png,train/2_Moderate/5723d0ec895e.png,train,5723d0ec895e.png,2,Moderate
aptos:test/3_Severe/15bed5adde74.png,aptos,A:\DR_classification\data\organized\aptos\test\3_Severe\15bed5adde74.png,test/3_Severe/15bed5adde74.png,test,15bed5adde74.png,3,Severe
aptos:train/1_Mild/248139c423c4.png,aptos,A:\DR_classification\data\organized\aptos\train\1_Mild\248139c423c4.png,train/1_Mild/248139c423c4.png,train,248139c423c4.png,1,Mild
aptos:train/0_No_DR/4c60f6fcea75.png,aptos,A:\DR_classification\data\organized\aptos\train\0_No_DR\4c60f6fcea75.png,train/0_No_DR/4c60f6fcea75.png,train,4c60f6fcea75.png,0,No_DR
aptos:train/4_Proliferative_DR/e3ab63dc9a60.png,aptos,A:\DR_classification\data\organized\aptos\train\4_Proliferative_DR\e3ab63dc9a60.png,train/4_Proliferative_DR/e3ab63dc9a60.png,train,e3ab63dc9a60.png,4,Proliferative_DR
aptos:train/0_No_DR/e067b06fd655.png,aptos,A:\DR_classification\data\organized\aptos\train\0_No_DR\e067b06fd655.png,train/0_No_DR/e067b06fd655.png,train,e067b06fd655.png,0,No_DR
aptos:train/0_No_DR/7828dd083cdc.png,aptos,A:\DR_classification\data\organized\aptos\train\0_No_DR\7828dd083cdc.png,train/0_No_DR/7828dd083cdc.png,train,7828dd083cdc.png,0,No_DR
aptos:train/0_No_DR/7e5a76c4e103.png,aptos,A:\DR_classification\data\organized\aptos\train\0_No_DR\7e5a76c4e103.png,train/0_No_DR/7e5a76c4e103.png,train,7e5a76c4e103.png,0,No_DR
aptos:train/0_No_DR/291f581d365e.png,aptos,A:\DR_classification\data\organized\aptos\train\0_No_DR\291f581d365e.png,train/0_No_DR/291f581d365e.png,train,291f581d365e.png,0,No_DR
aptos:train/3_Severe/687759336b0d.png,aptos,A:\DR_classification\data\organized\aptos\train\3_Severe\687759336b0d.png,train/3_Severe/687759336b0d.png,train,687759336b0d.png,3,Severe
aptos:train/0_No_DR/20f86e068276.png,aptos,A:\DR_classification\data\organized\aptos\train\0_No_DR\20f86e068276.png,train/0_No_DR/20f86e068276.png,train,20f86e068276.png,0,No_DR
aptos:test/3_Severe/0c917c372572.png,aptos,A:\DR_classification\data\organized\aptos\test\3_Severe\0c917c372572.png,test/3_Severe/0c917c372572.png,test,0c917c372572.png,3,Severe
aptos:train/0_No_DR/94145d1f42cf.png,aptos,A:\DR_classification\data\organized\aptos\train\0_No_DR\94145d1f42cf.png,train/0_No_DR/94145d1f42cf.png,train,94145d1f42cf.png,0,No_DR
aptos:val/0_No_DR/9be0683649ff.png,aptos,A:\DR_classification\data\organized\aptos\val\0_No_DR\9be0683649ff.png,val/0_No_DR/9be0683649ff.png,val,9be0683649ff.png,0,No_DR
aptos:train/1_Mild/76be29bb30b2.png,aptos,A:\DR_classification\data\organized\aptos\train\1_Mild\76be29bb30b2.png,train/1_Mild/76be29bb30b2.png,train,76be29bb30b2.png,1,Mild
aptos:val/2_Moderate/83d6e40c869f.png,aptos,A:\DR_classification\data\organized\aptos\val\2_Moderate\83d6e40c869f.png,val/2_Moderate/83d6e40c869f.png,val,83d6e40c869f.png,2,Moderate
aptos:train/0_No_DR/96b5474ae604.png,aptos,A:\DR_classification\data\organized\aptos\train\0_No_DR\96b5474ae604.png,train/0_No_DR/96b5474ae604.png,train,96b5474ae604.png,0,No_DR
aptos:train/2_Moderate/0415fc68b176.png,aptos,A:\DR_classification\data\organized\aptos\train\2_Moderate\0415fc68b176.png,train/2_Moderate/0415fc68b176.png,train,0415fc68b176.png,2,Moderate
aptos:val/0_No_DR/e4a44f9158dc.png,aptos,A:\DR_classification\data\organized\aptos\val\0_No_DR\e4a44f9158dc.png,val/0_No_DR/e4a44f9158dc.png,val,e4a44f9158dc.png,0,No_DR
aptos:train/0_No_DR/af7a36454670.png,aptos,A:\DR_classification\data\organized\aptos\train\0_No_DR\af7a36454670.png,train/0_No_DR/af7a36454670.png,train,af7a36454670.png,0,No_DR
aptos:train/2_Moderate/e3a7671f787b.png,aptos,A:\DR_classification\data\organized\aptos\train\2_Moderate\e3a7671f787b.png,train/2_Moderate/e3a7671f787b.png,train,e3a7671f787b.png,2,Moderate
aptos:test/0_No_DR/060e00d1e2ab.png,aptos,A:\DR_classification\data\organized\aptos\test\0_No_DR\060e00d1e2ab.png,test/0_No_DR/060e00d1e2ab.png,test,060e00d1e2ab.png,0,No_DR
aptos:val/0_No_DR/d9c9b9786da3.png,aptos,A:\DR_classification\data\organized\aptos\val\0_No_DR\d9c9b9786da3.png,val/0_No_DR/d9c9b9786da3.png,val,d9c9b9786da3.png,0,No_DR
aptos:train/0_No_DR/fd87b6b2e664.png,aptos,A:\DR_classification\data\organized\aptos\train\0_No_DR\fd87b6b2e664.png,train/0_No_DR/fd87b6b2e664.png,train,fd87b6b2e664.png,0,No_DR
aptos:val/2_Moderate/19113e5f45ec.png,aptos,A:\DR_classification\data\organized\aptos\val\2_Moderate\19113e5f45ec.png,val/2_Moderate/19113e5f45ec.png,val,19113e5f45ec.png,2,Moderate
aptos:val/2_Moderate/9837048b85dc.png,aptos,A:\DR_classification\data\organized\aptos\val\2_Moderate\9837048b85dc.png,val/2_Moderate/9837048b85dc.png,val,9837048b85dc.png,2,Moderate
aptos:train/4_Proliferative_DR/cf1b9d26d38d.png,aptos,A:\DR_classification\data\organized\aptos\train\4_Proliferative_DR\cf1b9d26d38d.png,train/4_Proliferative_DR/cf1b9d26d38d.png,train,cf1b9d26d38d.png,4,Proliferative_DR
aptos:test/0_No_DR/c373b73a80c8.png,aptos,A:\DR_classification\data\organized\aptos\test\0_No_DR\c373b73a80c8.png,test/0_No_DR/c373b73a80c8.png,test,c373b73a80c8.png,0,No_DR
aptos:val/2_Moderate/85fce24084da.png,aptos,A:\DR_classification\data\organized\aptos\val\2_Moderate\85fce24084da.png,val/2_Moderate/85fce24084da.png,val,85fce24084da.png,2,Moderate
aptos:val/2_Moderate/fcc55ae641ae.png,aptos,A:\DR_classification\data\organized\aptos\val\2_Moderate\fcc55ae641ae.png,val/2_Moderate/fcc55ae641ae.png,val,fcc55ae641ae.png,2,Moderate
aptos:train/0_No_DR/91b7a4179ecf.png,aptos,A:\DR_classification\data\organized\aptos\train\0_No_DR\91b7a4179ecf.png,train/0_No_DR/91b7a4179ecf.png,train,91b7a4179ecf.png,0,No_DR
aptos:train/0_No_DR/66b88a4bc474.png,aptos,A:\DR_classification\data\organized\aptos\train\0_No_DR\66b88a4bc474.png,train/0_No_DR/66b88a4bc474.png,train,66b88a4bc474.png,0,No_DR
aptos:val/2_Moderate/03747397839f.png,aptos,A:\DR_classification\data\organized\aptos\val\2_Moderate\03747397839f.png,val/2_Moderate/03747397839f.png,val,03747397839f.png,2,Moderate
aptos:test/4_Proliferative_DR/64bad93fde3f.png,aptos,A:\DR_classification\data\organized\aptos\test\4_Proliferative_DR\64bad93fde3f.png,test/4_Proliferative_DR/64bad93fde3f.png,test,64bad93fde3f.png,4,Proliferative_DR
aptos:train/0_No_DR/98e44127872f.png,aptos,A:\DR_classification\data\organized\aptos\train\0_No_DR\98e44127872f.png,train/0_No_DR/98e44127872f.png,train,98e44127872f.png,0,No_DR
aptos:train/0_No_DR/ef8c39eb9157.png,aptos,A:\DR_classification\data\organized\aptos\train\0_No_DR\ef8c39eb9157.png,train/0_No_DR/ef8c39eb9157.png,train,ef8c39eb9157.png,0,No_DR
aptos:val/0_No_DR/02cd34a85b24.png,aptos,A:\DR_classification\data\organized\aptos\val\0_No_DR\02cd34a85b24.png,val/0_No_DR/02cd34a85b24.png,val,02cd34a85b24.png,0,No_DR
aptos:train/2_Moderate/fba493e17448.png,aptos,A:\DR_classification\data\organized\aptos\train\2_Moderate\fba493e17448.png,train/2_Moderate/fba493e17448.png,train,fba493e17448.png,2,Moderate
aptos:val/2_Moderate/3fc219927a97.png,aptos,A:\DR_classification\data\organized\aptos\val\2_Moderate\3fc219927a97.png,val/2_Moderate/3fc219927a97.png,val,3fc219927a97.png,2,Moderate
aptos:train/0_No_DR/08c60c647673.png,aptos,A:\DR_classification\data\organized\aptos\train\0_No_DR\08c60c647673.png,train/0_No_DR/08c60c647673.png,train,08c60c647673.png,0,No_DR
aptos:train/2_Moderate/4e43d05cc2ef.png,aptos,A:\DR_classification\data\organized\aptos\train\2_Moderate\4e43d05cc2ef.png,train/2_Moderate/4e43d05cc2ef.png,train,4e43d05cc2ef.png,2,Moderate
aptos:train/4_Proliferative_DR/5d74f98d62be.png,aptos,A:\DR_classification\data\organized\aptos\train\4_Proliferative_DR\5d74f98d62be.png,train/4_Proliferative_DR/5d74f98d62be.png,train,5d74f98d62be.png,4,Proliferative_DR
aptos:train/2_Moderate/5327f88a1919.png,aptos,A:\DR_classification\data\organized\aptos\train\2_Moderate\5327f88a1919.png,train/2_Moderate/5327f88a1919.png,train,5327f88a1919.png,2,Moderate
aptos:train/4_Proliferative_DR/55eb405ec71e.png,aptos,A:\DR_classification\data\organized\aptos\train\4_Proliferative_DR\55eb405ec71e.png,train/4_Proliferative_DR/55eb405ec71e.png,train,55eb405ec71e.png,4,Proliferative_DR
aptos:train/0_No_DR/ffd97f8cd5aa.png,aptos,A:\DR_classification\data\organized\aptos\train\0_No_DR\ffd97f8cd5aa.png,train/0_No_DR/ffd97f8cd5aa.png,train,ffd97f8cd5aa.png,0,No_DR
aptos:train/2_Moderate/b8f1b30877db.png,aptos,A:\DR_classification\data\organized\aptos\train\2_Moderate\b8f1b30877db.png,train/2_Moderate/b8f1b30877db.png,train,b8f1b30877db.png,2,Moderate
aptos:val/2_Moderate/23148a40ecb0.png,aptos,A:\DR_classification\data\organized\aptos\val\2_Moderate\23148a40ecb0.png,val/2_Moderate/23148a40ecb0.png,val,23148a40ecb0.png,2,Moderate
aptos:train/0_No_DR/9b70f84400af.png,aptos,A:\DR_classification\data\organized\aptos\train\0_No_DR\9b70f84400af.png,train/0_No_DR/9b70f84400af.png,train,9b70f84400af.png,0,No_DR
aptos:train/2_Moderate/9d98a0b585f2.png,aptos,A:\DR_classification\data\organized\aptos\train\2_Moderate\9d98a0b585f2.png,train/2_Moderate/9d98a0b585f2.png,train,9d98a0b585f2.png,2,Moderate
aptos:train/0_No_DR/bb2f89488ecd.png,aptos,A:\DR_classification\data\organized\aptos\train\0_No_DR\bb2f89488ecd.png,train/0_No_DR/bb2f89488ecd.png,train,bb2f89488ecd.png,0,No_DR
aptos:test/2_Moderate/5f70ad48a525.png,aptos,A:\DR_classification\data\organized\aptos\test\2_Moderate\5f70ad48a525.png,test/2_Moderate/5f70ad48a525.png,test,5f70ad48a525.png,2,Moderate
aptos:val/4_Proliferative_DR/a3fcf42ff56d.png,aptos,A:\DR_classification\data\organized\aptos\val\4_Proliferative_DR\a3fcf42ff56d.png,val/4_Proliferative_DR/a3fcf42ff56d.png,val,a3fcf42ff56d.png,4,Proliferative_DR
aptos:val/0_No_DR/ebf4b22240f4.png,aptos,A:\DR_classification\data\organized\aptos\val\0_No_DR\ebf4b22240f4.png,val/0_No_DR/ebf4b22240f4.png,val,ebf4b22240f4.png,0,No_DR
aptos:val/2_Moderate/5e18af29d812.png,aptos,A:\DR_classification\data\organized\aptos\val\2_Moderate\5e18af29d812.png,val/2_Moderate/5e18af29d812.png,val,5e18af29d812.png,2,Moderate
aptos:train/4_Proliferative_DR/b87f9c59748b.png,aptos,A:\DR_classification\data\organized\aptos\train\4_Proliferative_DR\b87f9c59748b.png,train/4_Proliferative_DR/b87f9c59748b.png,train,b87f9c59748b.png,4,Proliferative_DR
aptos:train/0_No_DR/0ce062f26edc.png,aptos,A:\DR_classification\data\organized\aptos\train\0_No_DR\0ce062f26edc.png,train/0_No_DR/0ce062f26edc.png,train,0ce062f26edc.png,0,No_DR
aptos:train/2_Moderate/20c883d3bd38.png,aptos,A:\DR_classification\data\organized\aptos\train\2_Moderate\20c883d3bd38.png,train/2_Moderate/20c883d3bd38.png,train,20c883d3bd38.png,2,Moderate
aptos:train/0_No_DR/5bea250d8bf5.png,aptos,A:\DR_classification\data\organized\aptos\train\0_No_DR\5bea250d8bf5.png,train/0_No_DR/5bea250d8bf5.png,train,5bea250d8bf5.png,0,No_DR
aptos:val/3_Severe/5b3e7197ac1c.png,aptos,A:\DR_classification\data\organized\aptos\val\3_Severe\5b3e7197ac1c.png,val/3_Severe/5b3e7197ac1c.png,val,5b3e7197ac1c.png,3,Severe
aptos:train/4_Proliferative_DR/4bd941611343.png,aptos,A:\DR_classification\data\organized\aptos\train\4_Proliferative_DR\4bd941611343.png,train/4_Proliferative_DR/4bd941611343.png,train,4bd941611343.png,4,Proliferative_DR
aptos:test/1_Mild/2f4e81787d9b.png,aptos,A:\DR_classification\data\organized\aptos\test\1_Mild\2f4e81787d9b.png,test/1_Mild/2f4e81787d9b.png,test,2f4e81787d9b.png,1,Mild
aptos:train/2_Moderate/b5c80d0ed0ff.png,aptos,A:\DR_classification\data\organized\aptos\train\2_Moderate\b5c80d0ed0ff.png,train/2_Moderate/b5c80d0ed0ff.png,train,b5c80d0ed0ff.png,2,Moderate
aptos:train/0_No_DR/c58971bcebb2.png,aptos,A:\DR_classification\data\organized\aptos\train\0_No_DR\c58971bcebb2.png,train/0_No_DR/c58971bcebb2.png,train,c58971bcebb2.png,0,No_DR
aptos:train/2_Moderate/e229aca862c7.png,aptos,A:\DR_classification\data\organized\aptos\train\2_Moderate\e229aca862c7.png,train/2_Moderate/e229aca862c7.png,train,e229aca862c7.png,2,Moderate
aptos:val/1_Mild/ca63fe4f4b52.png,aptos,A:\DR_classification\data\organized\aptos\val\1_Mild\ca63fe4f4b52.png,val/1_Mild/ca63fe4f4b52.png,val,ca63fe4f4b52.png,1,Mild
aptos:train/2_Moderate/aca88f566228.png,aptos,A:\DR_classification\data\organized\aptos\train\2_Moderate\aca88f566228.png,train/2_Moderate/aca88f566228.png,train,aca88f566228.png,2,Moderate
aptos:train/0_No_DR/64ac539f58cb.png,aptos,A:\DR_classification\data\organized\aptos\train\0_No_DR\64ac539f58cb.png,train/0_No_DR/64ac539f58cb.png,train,64ac539f58cb.png,0,No_DR
aptos:train/0_No_DR/6ccfdb031184.png,aptos,A:\DR_classification\data\organized\aptos\train\0_No_DR\6ccfdb031184.png,train/0_No_DR/6ccfdb031184.png,train,6ccfdb031184.png,0,No_DR
aptos:val/3_Severe/8958a4d17b7e.png,aptos,A:\DR_classification\data\organized\aptos\val\3_Severe\8958a4d17b7e.png,val/3_Severe/8958a4d17b7e.png,val,8958a4d17b7e.png,3,Severe
aptos:train/0_No_DR/598b8f5b3822.png,aptos,A:\DR_classification\data\organized\aptos\train\0_No_DR\598b8f5b3822.png,train/0_No_DR/598b8f5b3822.png,train,598b8f5b3822.png,0,No_DR
aptos:test/2_Moderate/b033ab4fb723.png,aptos,A:\DR_classification\data\organized\aptos\test\2_Moderate\b033ab4fb723.png,test/2_Moderate/b033ab4fb723.png,test,b033ab4fb723.png,2,Moderate
aptos:test/0_No_DR/44878f34e31f.png,aptos,A:\DR_classification\data\organized\aptos\test\0_No_DR\44878f34e31f.png,test/0_No_DR/44878f34e31f.png,test,44878f34e31f.png,0,No_DR
aptos:train/0_No_DR/a76132e79688.png,aptos,A:\DR_classification\data\organized\aptos\train\0_No_DR\a76132e79688.png,train/0_No_DR/a76132e79688.png,train,a76132e79688.png,0,No_DR
aptos:train/1_Mild/1df3e03a8f5f.png,aptos,A:\DR_classification\data\organized\aptos\train\1_Mild\1df3e03a8f5f.png,train/1_Mild/1df3e03a8f5f.png,train,1df3e03a8f5f.png,1,Mild
aptos:val/1_Mild/e580676516b0.png,aptos,A:\DR_classification\data\organized\aptos\val\1_Mild\e580676516b0.png,val/1_Mild/e580676516b0.png,val,e580676516b0.png,1,Mild
aptos:test/2_Moderate/c4e8b1ec8893.png,aptos,A:\DR_classification\data\organized\aptos\test\2_Moderate\c4e8b1ec8893.png,test/2_Moderate/c4e8b1ec8893.png,test,c4e8b1ec8893.png,2,Moderate
aptos:val/0_No_DR/840a06a9c690.png,aptos,A:\DR_classification\data\organized\aptos\val\0_No_DR\840a06a9c690.png,val/0_No_DR/840a06a9c690.png,val,840a06a9c690.png,0,No_DR
aptos:train/0_No_DR/dd02d60bef14.png,aptos,A:\DR_classification\data\organized\aptos\train\0_No_DR\dd02d60bef14.png,train/0_No_DR/dd02d60bef14.png,train,dd02d60bef14.png,0,No_DR
aptos:train/0_No_DR/9519a590985d.png,aptos,A:\DR_classification\data\organized\aptos\train\0_No_DR\9519a590985d.png,train/0_No_DR/9519a590985d.png,train,9519a590985d.png,0,No_DR
aptos:val/1_Mild/849a91e9ab28.png,aptos,A:\DR_classification\data\organized\aptos\val\1_Mild\849a91e9ab28.png,val/1_Mild/849a91e9ab28.png,val,849a91e9ab28.png,1,Mild
aptos:train/2_Moderate/a8e08e7fe016.png,aptos,A:\DR_classification\data\organized\aptos\train\2_Moderate\a8e08e7fe016.png,train/2_Moderate/a8e08e7fe016.png,train,a8e08e7fe016.png,2,Moderate
aptos:train/0_No_DR/511fd66b2df8.png,aptos,A:\DR_classification\data\organized\aptos\train\0_No_DR\511fd66b2df8.png,train/0_No_DR/511fd66b2df8.png,train,511fd66b2df8.png,0,No_DR
aptos:train/2_Moderate/0dbaa09a458c.png,aptos,A:\DR_classification\data\organized\aptos\train\2_Moderate\0dbaa09a458c.png,train/2_Moderate/0dbaa09a458c.png,train,0dbaa09a458c.png,2,Moderate
aptos:train/0_No_DR/6a905a7202d2.png,aptos,A:\DR_classification\data\organized\aptos\train\0_No_DR\6a905a7202d2.png,train/0_No_DR/6a905a7202d2.png,train,6a905a7202d2.png,0,No_DR
aptos:test/0_No_DR/cae33655ca00.png,aptos,A:\DR_classification\data\organized\aptos\test\0_No_DR\cae33655ca00.png,test/0_No_DR/cae33655ca00.png,test,cae33655ca00.png,0,No_DR
aptos:val/3_Severe/39aa3cd93c50.png,aptos,A:\DR_classification\data\organized\aptos\val\3_Severe\39aa3cd93c50.png,val/3_Severe/39aa3cd93c50.png,val,39aa3cd93c50.png,3,Severe
aptos:train/0_No_DR/f431f2e119d7.png,aptos,A:\DR_classification\data\organized\aptos\train\0_No_DR\f431f2e119d7.png,train/0_No_DR/f431f2e119d7.png,train,f431f2e119d7.png,0,No_DR
aptos:test/0_No_DR/7f2123bc89a3.png,aptos,A:\DR_classification\data\organized\aptos\test\0_No_DR\7f2123bc89a3.png,test/0_No_DR/7f2123bc89a3.png,test,7f2123bc89a3.png,0,No_DR
aptos:test/2_Moderate/c6a2975228af.png,aptos,A:\DR_classification\data\organized\aptos\test\2_Moderate\c6a2975228af.png,test/2_Moderate/c6a2975228af.png,test,c6a2975228af.png,2,Moderate
aptos:val/3_Severe/38055d8b9f08.png,aptos,A:\DR_classification\data\organized\aptos\val\3_Severe\38055d8b9f08.png,val/3_Severe/38055d8b9f08.png,val,38055d8b9f08.png,3,Severe
aptos:train/0_No_DR/5bf6f2958e53.png,aptos,A:\DR_classification\data\organized\aptos\train\0_No_DR\5bf6f2958e53.png,train/0_No_DR/5bf6f2958e53.png,train,5bf6f2958e53.png,0,No_DR
aptos:train/2_Moderate/8543a801dce0.png,aptos,A:\DR_classification\data\organized\aptos\train\2_Moderate\8543a801dce0.png,train/2_Moderate/8543a801dce0.png,train,8543a801dce0.png,2,Moderate
aptos:test/2_Moderate/eb32a815f78c.png,aptos,A:\DR_classification\data\organized\aptos\test\2_Moderate\eb32a815f78c.png,test/2_Moderate/eb32a815f78c.png,test,eb32a815f78c.png,2,Moderate
aptos:train/1_Mild/a2696f444ecb.png,aptos,A:\DR_classification\data\organized\aptos\train\1_Mild\a2696f444ecb.png,train/1_Mild/a2696f444ecb.png,train,a2696f444ecb.png,1,Mild
aptos:test/0_No_DR/0c38940e1f80.png,aptos,A:\DR_classification\data\organized\aptos\test\0_No_DR\0c38940e1f80.png,test/0_No_DR/0c38940e1f80.png,test,0c38940e1f80.png,0,No_DR
aptos:test/0_No_DR/318eb706a134.png,aptos,A:\DR_classification\data\organized\aptos\test\0_No_DR\318eb706a134.png,test/0_No_DR/318eb706a134.png,test,318eb706a134.png,0,No_DR
aptos:train/2_Moderate/879744b9dc65.png,aptos,A:\DR_classification\data\organized\aptos\train\2_Moderate\879744b9dc65.png,train/2_Moderate/879744b9dc65.png,train,879744b9dc65.png,2,Moderate
aptos:train/0_No_DR/3bf3085ac167.png,aptos,A:\DR_classification\data\organized\aptos\train\0_No_DR\3bf3085ac167.png,train/0_No_DR/3bf3085ac167.png,train,3bf3085ac167.png,0,No_DR
aptos:test/0_No_DR/edceb0657d77.png,aptos,A:\DR_classification\data\organized\aptos\test\0_No_DR\edceb0657d77.png,test/0_No_DR/edceb0657d77.png,test,edceb0657d77.png,0,No_DR
aptos:test/0_No_DR/5db895d3f1fc.png,aptos,A:\DR_classification\data\organized\aptos\test\0_No_DR\5db895d3f1fc.png,test/0_No_DR/5db895d3f1fc.png,test,5db895d3f1fc.png,0,No_DR
aptos:train/0_No_DR/9122b31414d3.png,aptos,A:\DR_classification\data\organized\aptos\train\0_No_DR\9122b31414d3.png,train/0_No_DR/9122b31414d3.png,train,9122b31414d3.png,0,No_DR
aptos:train/0_No_DR/c38dec54a9f7.png,aptos,A:\DR_classification\data\organized\aptos\train\0_No_DR\c38dec54a9f7.png,train/0_No_DR/c38dec54a9f7.png,train,c38dec54a9f7.png,0,No_DR
aptos:test/0_No_DR/7ee6de71c140.png,aptos,A:\DR_classification\data\organized\aptos\test\0_No_DR\7ee6de71c140.png,test/0_No_DR/7ee6de71c140.png,test,7ee6de71c140.png,0,No_DR
aptos:train/0_No_DR/f1d719c97838.png,aptos,A:\DR_classification\data\organized\aptos\train\0_No_DR\f1d719c97838.png,train/0_No_DR/f1d719c97838.png,train,f1d719c97838.png,0,No_DR
aptos:train/2_Moderate/07d8db76b301.png,aptos,A:\DR_classification\data\organized\aptos\train\2_Moderate\07d8db76b301.png,train/2_Moderate/07d8db76b301.png,train,07d8db76b301.png,2,Moderate
aptos:test/4_Proliferative_DR/e9ab8413e771.png,aptos,A:\DR_classification\data\organized\aptos\test\4_Proliferative_DR\e9ab8413e771.png,test/4_Proliferative_DR/e9ab8413e771.png,test,e9ab8413e771.png,4,Proliferative_DR
aptos:val/2_Moderate/8dfa629ca74e.png,aptos,A:\DR_classification\data\organized\aptos\val\2_Moderate\8dfa629ca74e.png,val/2_Moderate/8dfa629ca74e.png,val,8dfa629ca74e.png,2,Moderate
aptos:val/0_No_DR/73ba798fee25.png,aptos,A:\DR_classification\data\organized\aptos\val\0_No_DR\73ba798fee25.png,val/0_No_DR/73ba798fee25.png,val,73ba798fee25.png,0,No_DR
aptos:train/0_No_DR/c446985355f1.png,aptos,A:\DR_classification\data\organized\aptos\train\0_No_DR\c446985355f1.png,train/0_No_DR/c446985355f1.png,train,c446985355f1.png,0,No_DR
aptos:test/2_Moderate/70f5caf5f305.png,aptos,A:\DR_classification\data\organized\aptos\test\2_Moderate\70f5caf5f305.png,test/2_Moderate/70f5caf5f305.png,test,70f5caf5f305.png,2,Moderate
aptos:val/0_No_DR/780be525036d.png,aptos,A:\DR_classification\data\organized\aptos\val\0_No_DR\780be525036d.png,val/0_No_DR/780be525036d.png,val,780be525036d.png,0,No_DR
aptos:train/2_Moderate/7e6e90a93aa5.png,aptos,A:\DR_classification\data\organized\aptos\train\2_Moderate\7e6e90a93aa5.png,train/2_Moderate/7e6e90a93aa5.png,train,7e6e90a93aa5.png,2,Moderate
aptos:train/1_Mild/dd19428c3d29.png,aptos,A:\DR_classification\data\organized\aptos\train\1_Mild\dd19428c3d29.png,train/1_Mild/dd19428c3d29.png,train,dd19428c3d29.png,1,Mild
aptos:train/2_Moderate/180afe1d5ef7.png,aptos,A:\DR_classification\data\organized\aptos\train\2_Moderate\180afe1d5ef7.png,train/2_Moderate/180afe1d5ef7.png,train,180afe1d5ef7.png,2,Moderate
aptos:train/3_Severe/15f440753916.png,aptos,A:\DR_classification\data\organized\aptos\train\3_Severe\15f440753916.png,train/3_Severe/15f440753916.png,train,15f440753916.png,3,Severe
aptos:val/0_No_DR/9ab18a4a957f.png,aptos,A:\DR_classification\data\organized\aptos\val\0_No_DR\9ab18a4a957f.png,val/0_No_DR/9ab18a4a957f.png,val,9ab18a4a957f.png,0,No_DR
aptos:train/0_No_DR/e47452069ea1.png,aptos,A:\DR_classification\data\organized\aptos\train\0_No_DR\e47452069ea1.png,train/0_No_DR/e47452069ea1.png,train,e47452069ea1.png,0,No_DR
aptos:test/0_No_DR/401fdfd0db07.png,aptos,A:\DR_classification\data\organized\aptos\test\0_No_DR\401fdfd0db07.png,test/0_No_DR/401fdfd0db07.png,test,401fdfd0db07.png,0,No_DR
aptos:train/1_Mild/5712e2aa73a2.png,aptos,A:\DR_classification\data\organized\aptos\train\1_Mild\5712e2aa73a2.png,train/1_Mild/5712e2aa73a2.png,train,5712e2aa73a2.png,1,Mild
aptos:train/0_No_DR/c3789c1dab96.png,aptos,A:\DR_classification\data\organized\aptos\train\0_No_DR\c3789c1dab96.png,train/0_No_DR/c3789c1dab96.png,train,c3789c1dab96.png,0,No_DR
aptos:train/0_No_DR/72606afaf3da.png,aptos,A:\DR_classification\data\organized\aptos\train\0_No_DR\72606afaf3da.png,train/0_No_DR/72606afaf3da.png,train,72606afaf3da.png,0,No_DR
aptos:train/0_No_DR/218c822a3dd9.png,aptos,A:\DR_classification\data\organized\aptos\train\0_No_DR\218c822a3dd9.png,train/0_No_DR/218c822a3dd9.png,train,218c822a3dd9.png,0,No_DR
aptos:train/1_Mild/5548a7961a3e.png,aptos,A:\DR_classification\data\organized\aptos\train\1_Mild\5548a7961a3e.png,train/1_Mild/5548a7961a3e.png,train,5548a7961a3e.png,1,Mild
aptos:train/2_Moderate/b1f4122fd36a.png,aptos,A:\DR_classification\data\organized\aptos\train\2_Moderate\b1f4122fd36a.png,train/2_Moderate/b1f4122fd36a.png,train,b1f4122fd36a.png,2,Moderate
aptos:test/0_No_DR/3178559fbf57.png,aptos,A:\DR_classification\data\organized\aptos\test\0_No_DR\3178559fbf57.png,test/0_No_DR/3178559fbf57.png,test,3178559fbf57.png,0,No_DR
aptos:train/0_No_DR/658ad9f09f5d.png,aptos,A:\DR_classification\data\organized\aptos\train\0_No_DR\658ad9f09f5d.png,train/0_No_DR/658ad9f09f5d.png,train,658ad9f09f5d.png,0,No_DR
aptos:train/2_Moderate/bca2bdc15fc5.png,aptos,A:\DR_classification\data\organized\aptos\train\2_Moderate\bca2bdc15fc5.png,train/2_Moderate/bca2bdc15fc5.png,train,bca2bdc15fc5.png,2,Moderate
aptos:val/0_No_DR/b72a86d61959.png,aptos,A:\DR_classification\data\organized\aptos\val\0_No_DR\b72a86d61959.png,val/0_No_DR/b72a86d61959.png,val,b72a86d61959.png,0,No_DR
aptos:train/0_No_DR/7ce671f952be.png,aptos,A:\DR_classification\data\organized\aptos\train\0_No_DR\7ce671f952be.png,train/0_No_DR/7ce671f952be.png,train,7ce671f952be.png,0,No_DR
aptos:train/2_Moderate/f0800723bc63.png,aptos,A:\DR_classification\data\organized\aptos\train\2_Moderate\f0800723bc63.png,train/2_Moderate/f0800723bc63.png,train,f0800723bc63.png,2,Moderate
aptos:train/0_No_DR/e0313be77035.png,aptos,A:\DR_classification\data\organized\aptos\train\0_No_DR\e0313be77035.png,train/0_No_DR/e0313be77035.png,train,e0313be77035.png,0,No_DR
aptos:val/0_No_DR/540e4973829e.png,aptos,A:\DR_classification\data\organized\aptos\val\0_No_DR\540e4973829e.png,val/0_No_DR/540e4973829e.png,val,540e4973829e.png,0,No_DR
aptos:test/0_No_DR/8e7981855125.png,aptos,A:\DR_classification\data\organized\aptos\test\0_No_DR\8e7981855125.png,test/0_No_DR/8e7981855125.png,test,8e7981855125.png,0,No_DR
aptos:train/0_No_DR/9bbb6c455913.png,aptos,A:\DR_classification\data\organized\aptos\train\0_No_DR\9bbb6c455913.png,train/0_No_DR/9bbb6c455913.png,train,9bbb6c455913.png,0,No_DR
aptos:val/0_No_DR/8ead17dfb6a6.png,aptos,A:\DR_classification\data\organized\aptos\val\0_No_DR\8ead17dfb6a6.png,val/0_No_DR/8ead17dfb6a6.png,val,8ead17dfb6a6.png,0,No_DR
aptos:train/0_No_DR/ff1e940105f9.png,aptos,A:\DR_classification\data\organized\aptos\train\0_No_DR\ff1e940105f9.png,train/0_No_DR/ff1e940105f9.png,train,ff1e940105f9.png,0,No_DR
aptos:train/0_No_DR/054b1b305160.png,aptos,A:\DR_classification\data\organized\aptos\train\0_No_DR\054b1b305160.png,train/0_No_DR/054b1b305160.png,train,054b1b305160.png,0,No_DR
aptos:train/0_No_DR/184a185e7447.png,aptos,A:\DR_classification\data\organized\aptos\train\0_No_DR\184a185e7447.png,train/0_No_DR/184a185e7447.png,train,184a185e7447.png,0,No_DR
aptos:val/0_No_DR/aa10a4b2e709.png,aptos,A:\DR_classification\data\organized\aptos\val\0_No_DR\aa10a4b2e709.png,val/0_No_DR/aa10a4b2e709.png,val,aa10a4b2e709.png,0,No_DR
aptos:val/0_No_DR/4ef16a53d899.png,aptos,A:\DR_classification\data\organized\aptos\val\0_No_DR\4ef16a53d899.png,val/0_No_DR/4ef16a53d899.png,val,4ef16a53d899.png,0,No_DR
aptos:train/0_No_DR/f4874247ede6.png,aptos,A:\DR_classification\data\organized\aptos\train\0_No_DR\f4874247ede6.png,train/0_No_DR/f4874247ede6.png,train,f4874247ede6.png,0,No_DR
aptos:train/2_Moderate/55fd453001cc.png,aptos,A:\DR_classification\data\organized\aptos\train\2_Moderate\55fd453001cc.png,train/2_Moderate/55fd453001cc.png,train,55fd453001cc.png,2,Moderate
aptos:train/0_No_DR/1b8701231c8f.png,aptos,A:\DR_classification\data\organized\aptos\train\0_No_DR\1b8701231c8f.png,train/0_No_DR/1b8701231c8f.png,train,1b8701231c8f.png,0,No_DR
aptos:train/0_No_DR/f7508f14dd7b.png,aptos,A:\DR_classification\data\organized\aptos\train\0_No_DR\f7508f14dd7b.png,train/0_No_DR/f7508f14dd7b.png,train,f7508f14dd7b.png,0,No_DR
aptos:val/2_Moderate/4189d4e631ec.png,aptos,A:\DR_classification\data\organized\aptos\val\2_Moderate\4189d4e631ec.png,val/2_Moderate/4189d4e631ec.png,val,4189d4e631ec.png,2,Moderate
aptos:train/2_Moderate/a86c6283fd78.png,aptos,A:\DR_classification\data\organized\aptos\train\2_Moderate\a86c6283fd78.png,train/2_Moderate/a86c6283fd78.png,train,a86c6283fd78.png,2,Moderate
aptos:test/0_No_DR/9ae54843c69a.png,aptos,A:\DR_classification\data\organized\aptos\test\0_No_DR\9ae54843c69a.png,test/0_No_DR/9ae54843c69a.png,test,9ae54843c69a.png,0,No_DR
aptos:train/2_Moderate/6ba5ed791444.png,aptos,A:\DR_classification\data\organized\aptos\train\2_Moderate\6ba5ed791444.png,train/2_Moderate/6ba5ed791444.png,train,6ba5ed791444.png,2,Moderate
aptos:train/2_Moderate/ee02294cc3d9.png,aptos,A:\DR_classification\data\organized\aptos\train\2_Moderate\ee02294cc3d9.png,train/2_Moderate/ee02294cc3d9.png,train,ee02294cc3d9.png,2,Moderate
aptos:train/0_No_DR/42c65af5ab16.png,aptos,A:\DR_classification\data\organized\aptos\train\0_No_DR\42c65af5ab16.png,train/0_No_DR/42c65af5ab16.png,train,42c65af5ab16.png,0,No_DR
aptos:train/0_No_DR/2eba4279e503.png,aptos,A:\DR_classification\data\organized\aptos\train\0_No_DR\2eba4279e503.png,train/0_No_DR/2eba4279e503.png,train,2eba4279e503.png,0,No_DR
aptos:test/2_Moderate/d3d578fe433f.png,aptos,A:\DR_classification\data\organized\aptos\test\2_Moderate\d3d578fe433f.png,test/2_Moderate/d3d578fe433f.png,test,d3d578fe433f.png,2,Moderate
aptos:test/2_Moderate/3402124408ea.png,aptos,A:\DR_classification\data\organized\aptos\test\2_Moderate\3402124408ea.png,test/2_Moderate/3402124408ea.png,test,3402124408ea.png,2,Moderate
aptos:test/1_Mild/5879285f9d8d.png,aptos,A:\DR_classification\data\organized\aptos\test\1_Mild\5879285f9d8d.png,test/1_Mild/5879285f9d8d.png,test,5879285f9d8d.png,1,Mild
aptos:train/1_Mild/d66b6f333dc7.png,aptos,A:\DR_classification\data\organized\aptos\train\1_Mild\d66b6f333dc7.png,train/1_Mild/d66b6f333dc7.png,train,d66b6f333dc7.png,1,Mild
aptos:train/4_Proliferative_DR/62318d514160.png,aptos,A:\DR_classification\data\organized\aptos\train\4_Proliferative_DR\62318d514160.png,train/4_Proliferative_DR/62318d514160.png,train,62318d514160.png,4,Proliferative_DR
aptos:val/0_No_DR/283c3aeba594.png,aptos,A:\DR_classification\data\organized\aptos\val\0_No_DR\283c3aeba594.png,val/0_No_DR/283c3aeba594.png,val,283c3aeba594.png,0,No_DR
aptos:train/0_No_DR/1864d3411143.png,aptos,A:\DR_classification\data\organized\aptos\train\0_No_DR\1864d3411143.png,train/0_No_DR/1864d3411143.png,train,1864d3411143.png,0,No_DR
aptos:train/2_Moderate/a804cef3e51f.png,aptos,A:\DR_classification\data\organized\aptos\train\2_Moderate\a804cef3e51f.png,train/2_Moderate/a804cef3e51f.png,train,a804cef3e51f.png,2,Moderate
aptos:train/2_Moderate/2a099b247b10.png,aptos,A:\DR_classification\data\organized\aptos\train\2_Moderate\2a099b247b10.png,train/2_Moderate/2a099b247b10.png,train,2a099b247b10.png,2,Moderate
aptos:train/4_Proliferative_DR/d10ef306996b.png,aptos,A:\DR_classification\data\organized\aptos\train\4_Proliferative_DR\d10ef306996b.png,train/4_Proliferative_DR/d10ef306996b.png,train,d10ef306996b.png,4,Proliferative_DR
aptos:val/2_Moderate/9dab2e6ba44b.png,aptos,A:\DR_classification\data\organized\aptos\val\2_Moderate\9dab2e6ba44b.png,val/2_Moderate/9dab2e6ba44b.png,val,9dab2e6ba44b.png,2,Moderate
aptos:train/2_Moderate/ee6e39319b39.png,aptos,A:\DR_classification\data\organized\aptos\train\2_Moderate\ee6e39319b39.png,train/2_Moderate/ee6e39319b39.png,train,ee6e39319b39.png,2,Moderate
aptos:train/2_Moderate/9041eb43456e.png,aptos,A:\DR_classification\data\organized\aptos\train\2_Moderate\9041eb43456e.png,train/2_Moderate/9041eb43456e.png,train,9041eb43456e.png,2,Moderate
aptos:val/0_No_DR/10a5026eb8e6.png,aptos,A:\DR_classification\data\organized\aptos\val\0_No_DR\10a5026eb8e6.png,val/0_No_DR/10a5026eb8e6.png,val,10a5026eb8e6.png,0,No_DR
aptos:train/2_Moderate/f3b6b7ca1eb1.png,aptos,A:\DR_classification\data\organized\aptos\train\2_Moderate\f3b6b7ca1eb1.png,train/2_Moderate/f3b6b7ca1eb1.png,train,f3b6b7ca1eb1.png,2,Moderate
aptos:test/1_Mild/f7fec8935126.png,aptos,A:\DR_classification\data\organized\aptos\test\1_Mild\f7fec8935126.png,test/1_Mild/f7fec8935126.png,test,f7fec8935126.png,1,Mild
aptos:test/2_Moderate/d95959798b57.png,aptos,A:\DR_classification\data\organized\aptos\test\2_Moderate\d95959798b57.png,test/2_Moderate/d95959798b57.png,test,d95959798b57.png,2,Moderate
aptos:val/0_No_DR/e933923aab15.png,aptos,A:\DR_classification\data\organized\aptos\val\0_No_DR\e933923aab15.png,val/0_No_DR/e933923aab15.png,val,e933923aab15.png,0,No_DR
aptos:val/0_No_DR/5f6db235c04d.png,aptos,A:\DR_classification\data\organized\aptos\val\0_No_DR\5f6db235c04d.png,val/0_No_DR/5f6db235c04d.png,val,5f6db235c04d.png,0,No_DR
aptos:train/0_No_DR/de38adaae009.png,aptos,A:\DR_classification\data\organized\aptos\train\0_No_DR\de38adaae009.png,train/0_No_DR/de38adaae009.png,train,de38adaae009.png,0,No_DR
aptos:train/1_Mild/bf18ff30a8f6.png,aptos,A:\DR_classification\data\organized\aptos\train\1_Mild\bf18ff30a8f6.png,train/1_Mild/bf18ff30a8f6.png,train,bf18ff30a8f6.png,1,Mild
aptos:test/0_No_DR/74898f372d2b.png,aptos,A:\DR_classification\data\organized\aptos\test\0_No_DR\74898f372d2b.png,test/0_No_DR/74898f372d2b.png,test,74898f372d2b.png,0,No_DR
aptos:test/0_No_DR/e79e10907295.png,aptos,A:\DR_classification\data\organized\aptos\test\0_No_DR\e79e10907295.png,test/0_No_DR/e79e10907295.png,test,e79e10907295.png,0,No_DR
aptos:train/1_Mild/4e0656629d02.png,aptos,A:\DR_classification\data\organized\aptos\train\1_Mild\4e0656629d02.png,train/1_Mild/4e0656629d02.png,train,4e0656629d02.png,1,Mild
aptos:train/0_No_DR/784d6d302f98.png,aptos,A:\DR_classification\data\organized\aptos\train\0_No_DR\784d6d302f98.png,train/0_No_DR/784d6d302f98.png,train,784d6d302f98.png,0,No_DR
aptos:val/4_Proliferative_DR/187f6ccda87a.png,aptos,A:\DR_classification\data\organized\aptos\val\4_Proliferative_DR\187f6ccda87a.png,val/4_Proliferative_DR/187f6ccda87a.png,val,187f6ccda87a.png,4,Proliferative_DR
aptos:val/0_No_DR/00cc2b75cddd.png,aptos,A:\DR_classification\data\organized\aptos\val\0_No_DR\00cc2b75cddd.png,val/0_No_DR/00cc2b75cddd.png,val,00cc2b75cddd.png,0,No_DR
aptos:train/3_Severe/a4b8de38eac1.png,aptos,A:\DR_classification\data\organized\aptos\train\3_Severe\a4b8de38eac1.png,train/3_Severe/a4b8de38eac1.png,train,a4b8de38eac1.png,3,Severe
aptos:train/4_Proliferative_DR/66375b3c64db.png,aptos,A:\DR_classification\data\organized\aptos\train\4_Proliferative_DR\66375b3c64db.png,train/4_Proliferative_DR/66375b3c64db.png,train,66375b3c64db.png,4,Proliferative_DR
aptos:test/0_No_DR/b9bc81fcb075.png,aptos,A:\DR_classification\data\organized\aptos\test\0_No_DR\b9bc81fcb075.png,test/0_No_DR/b9bc81fcb075.png,test,b9bc81fcb075.png,0,No_DR
aptos:train/0_No_DR/c85b79d70079.png,aptos,A:\DR_classification\data\organized\aptos\train\0_No_DR\c85b79d70079.png,train/0_No_DR/c85b79d70079.png,train,c85b79d70079.png,0,No_DR
aptos:train/1_Mild/d6e26fe51dce.png,aptos,A:\DR_classification\data\organized\aptos\train\1_Mild\d6e26fe51dce.png,train/1_Mild/d6e26fe51dce.png,train,d6e26fe51dce.png,1,Mild
aptos:val/0_No_DR/e7b5dd5bab1f.png,aptos,A:\DR_classification\data\organized\aptos\val\0_No_DR\e7b5dd5bab1f.png,val/0_No_DR/e7b5dd5bab1f.png,val,e7b5dd5bab1f.png,0,No_DR
aptos:train/0_No_DR/9b4fc15df3c8.png,aptos,A:\DR_classification\data\organized\aptos\train\0_No_DR\9b4fc15df3c8.png,train/0_No_DR/9b4fc15df3c8.png,train,9b4fc15df3c8.png,0,No_DR
aptos:val/0_No_DR/8c4ceddeb1c6.png,aptos,A:\DR_classification\data\organized\aptos\val\0_No_DR\8c4ceddeb1c6.png,val/0_No_DR/8c4ceddeb1c6.png,val,8c4ceddeb1c6.png,0,No_DR
aptos:train/0_No_DR/53327edb9e4d.png,aptos,A:\DR_classification\data\organized\aptos\train\0_No_DR\53327edb9e4d.png,train/0_No_DR/53327edb9e4d.png,train,53327edb9e4d.png,0,No_DR
aptos:train/3_Severe/9878db94d9f3.png,aptos,A:\DR_classification\data\organized\aptos\train\3_Severe\9878db94d9f3.png,train/3_Severe/9878db94d9f3.png,train,9878db94d9f3.png,3,Severe
aptos:train/0_No_DR/d871895742b1.png,aptos,A:\DR_classification\data\organized\aptos\train\0_No_DR\d871895742b1.png,train/0_No_DR/d871895742b1.png,train,d871895742b1.png,0,No_DR
aptos:test/0_No_DR/0e43c8298fc0.png,aptos,A:\DR_classification\data\organized\aptos\test\0_No_DR\0e43c8298fc0.png,test/0_No_DR/0e43c8298fc0.png,test,0e43c8298fc0.png,0,No_DR
aptos:train/0_No_DR/ea9c41e1ced0.png,aptos,A:\DR_classification\data\organized\aptos\train\0_No_DR\ea9c41e1ced0.png,train/0_No_DR/ea9c41e1ced0.png,train,ea9c41e1ced0.png,0,No_DR
aptos:val/2_Moderate/0519b934f6b1.png,aptos,A:\DR_classification\data\organized\aptos\val\2_Moderate\0519b934f6b1.png,val/2_Moderate/0519b934f6b1.png,val,0519b934f6b1.png,2,Moderate
aptos:test/2_Moderate/4242c0d87f57.png,aptos,A:\DR_classification\data\organized\aptos\test\2_Moderate\4242c0d87f57.png,test/2_Moderate/4242c0d87f57.png,test,4242c0d87f57.png,2,Moderate
aptos:train/3_Severe/d0ffa0425ef1.png,aptos,A:\DR_classification\data\organized\aptos\train\3_Severe\d0ffa0425ef1.png,train/3_Severe/d0ffa0425ef1.png,train,d0ffa0425ef1.png,3,Severe
aptos:train/4_Proliferative_DR/2f284b6a1940.png,aptos,A:\DR_classification\data\organized\aptos\train\4_Proliferative_DR\2f284b6a1940.png,train/4_Proliferative_DR/2f284b6a1940.png,train,2f284b6a1940.png,4,Proliferative_DR
aptos:train/0_No_DR/f0860c21533b.png,aptos,A:\DR_classification\data\organized\aptos\train\0_No_DR\f0860c21533b.png,train/0_No_DR/f0860c21533b.png,train,f0860c21533b.png,0,No_DR
aptos:test/1_Mild/a5a2a7003d60.png,aptos,A:\DR_classification\data\organized\aptos\test\1_Mild\a5a2a7003d60.png,test/1_Mild/a5a2a7003d60.png,test,a5a2a7003d60.png,1,Mild
aptos:train/3_Severe/91cf56d3d1af.png,aptos,A:\DR_classification\data\organized\aptos\train\3_Severe\91cf56d3d1af.png,train/3_Severe/91cf56d3d1af.png,train,91cf56d3d1af.png,3,Severe
aptos:train/2_Moderate/07419eddd6be.png,aptos,A:\DR_classification\data\organized\aptos\train\2_Moderate\07419eddd6be.png,train/2_Moderate/07419eddd6be.png,train,07419eddd6be.png,2,Moderate
aptos:train/2_Moderate/527bea76116c.png,aptos,A:\DR_classification\data\organized\aptos\train\2_Moderate\527bea76116c.png,train/2_Moderate/527bea76116c.png,train,527bea76116c.png,2,Moderate
aptos:test/2_Moderate/42a67337fa8e.png,aptos,A:\DR_classification\data\organized\aptos\test\2_Moderate\42a67337fa8e.png,test/2_Moderate/42a67337fa8e.png,test,42a67337fa8e.png,2,Moderate
aptos:train/0_No_DR/d1afdb8cf70d.png,aptos,A:\DR_classification\data\organized\aptos\train\0_No_DR\d1afdb8cf70d.png,train/0_No_DR/d1afdb8cf70d.png,train,d1afdb8cf70d.png,0,No_DR
aptos:train/1_Mild/cd45bfa07d41.png,aptos,A:\DR_classification\data\organized\aptos\train\1_Mild\cd45bfa07d41.png,train/1_Mild/cd45bfa07d41.png,train,cd45bfa07d41.png,1,Mild
aptos:test/0_No_DR/e81f4a2fbbdc.png,aptos,A:\DR_classification\data\organized\aptos\test\0_No_DR\e81f4a2fbbdc.png,test/0_No_DR/e81f4a2fbbdc.png,test,e81f4a2fbbdc.png,0,No_DR
aptos:val/0_No_DR/68987fb159ab.png,aptos,A:\DR_classification\data\organized\aptos\val\0_No_DR\68987fb159ab.png,val/0_No_DR/68987fb159ab.png,val,68987fb159ab.png,0,No_DR
aptos:test/0_No_DR/b553e7909535.png,aptos,A:\DR_classification\data\organized\aptos\test\0_No_DR\b553e7909535.png,test/0_No_DR/b553e7909535.png,test,b553e7909535.png,0,No_DR
aptos:train/0_No_DR/0cb6b898389f.png,aptos,A:\DR_classification\data\organized\aptos\train\0_No_DR\0cb6b898389f.png,train/0_No_DR/0cb6b898389f.png,train,0cb6b898389f.png,0,No_DR
aptos:train/2_Moderate/f8fc411092c7.png,aptos,A:\DR_classification\data\organized\aptos\train\2_Moderate\f8fc411092c7.png,train/2_Moderate/f8fc411092c7.png,train,f8fc411092c7.png,2,Moderate
aptos:test/0_No_DR/acf976efd7ce.png,aptos,A:\DR_classification\data\organized\aptos\test\0_No_DR\acf976efd7ce.png,test/0_No_DR/acf976efd7ce.png,test,acf976efd7ce.png,0,No_DR
aptos:val/0_No_DR/f4df3d86688d.png,aptos,A:\DR_classification\data\organized\aptos\val\0_No_DR\f4df3d86688d.png,val/0_No_DR/f4df3d86688d.png,val,f4df3d86688d.png,0,No_DR
aptos:train/0_No_DR/263d8851e33b.png,aptos,A:\DR_classification\data\organized\aptos\train\0_No_DR\263d8851e33b.png,train/0_No_DR/263d8851e33b.png,train,263d8851e33b.png,0,No_DR
aptos:train/0_No_DR/6b664ed2a938.png,aptos,A:\DR_classification\data\organized\aptos\train\0_No_DR\6b664ed2a938.png,train/0_No_DR/6b664ed2a938.png,train,6b664ed2a938.png,0,No_DR
aptos:train/0_No_DR/345b1f0abbba.png,aptos,A:\DR_classification\data\organized\aptos\train\0_No_DR\345b1f0abbba.png,train/0_No_DR/345b1f0abbba.png,train,345b1f0abbba.png,0,No_DR
aptos:train/0_No_DR/fb88783de055.png,aptos,A:\DR_classification\data\organized\aptos\train\0_No_DR\fb88783de055.png,train/0_No_DR/fb88783de055.png,train,fb88783de055.png,0,No_DR
aptos:train/0_No_DR/0773a1c326ad.png,aptos,A:\DR_classification\data\organized\aptos\train\0_No_DR\0773a1c326ad.png,train/0_No_DR/0773a1c326ad.png,train,0773a1c326ad.png,0,No_DR
aptos:train/0_No_DR/1ec95179cdfe.png,aptos,A:\DR_classification\data\organized\aptos\train\0_No_DR\1ec95179cdfe.png,train/0_No_DR/1ec95179cdfe.png,train,1ec95179cdfe.png,0,No_DR
aptos:train/2_Moderate/77f69c7ff324.png,aptos,A:\DR_classification\data\organized\aptos\train\2_Moderate\77f69c7ff324.png,train/2_Moderate/77f69c7ff324.png,train,77f69c7ff324.png,2,Moderate
aptos:val/0_No_DR/2b4c7b5f1f1e.png,aptos,A:\DR_classification\data\organized\aptos\val\0_No_DR\2b4c7b5f1f1e.png,val/0_No_DR/2b4c7b5f1f1e.png,val,2b4c7b5f1f1e.png,0,No_DR
aptos:train/3_Severe/4c60b10a3a6a.png,aptos,A:\DR_classification\data\organized\aptos\train\3_Severe\4c60b10a3a6a.png,train/3_Severe/4c60b10a3a6a.png,train,4c60b10a3a6a.png,3,Severe
aptos:test/0_No_DR/4b6cb0bcfd44.png,aptos,A:\DR_classification\data\organized\aptos\test\0_No_DR\4b6cb0bcfd44.png,test/0_No_DR/4b6cb0bcfd44.png,test,4b6cb0bcfd44.png,0,No_DR
aptos:train/2_Moderate/ee059945b08a.png,aptos,A:\DR_classification\data\organized\aptos\train\2_Moderate\ee059945b08a.png,train/2_Moderate/ee059945b08a.png,train,ee059945b08a.png,2,Moderate
aptos:train/0_No_DR/b0f8613305a3.png,aptos,A:\DR_classification\data\organized\aptos\train\0_No_DR\b0f8613305a3.png,train/0_No_DR/b0f8613305a3.png,train,b0f8613305a3.png,0,No_DR
aptos:train/0_No_DR/eebd1e195952.png,aptos,A:\DR_classification\data\organized\aptos\train\0_No_DR\eebd1e195952.png,train/0_No_DR/eebd1e195952.png,train,eebd1e195952.png,0,No_DR
aptos:train/0_No_DR/c24bcf7a1bc4.png,aptos,A:\DR_classification\data\organized\aptos\train\0_No_DR\c24bcf7a1bc4.png,train/0_No_DR/c24bcf7a1bc4.png,train,c24bcf7a1bc4.png,0,No_DR
aptos:test/0_No_DR/b8e20c076b03.png,aptos,A:\DR_classification\data\organized\aptos\test\0_No_DR\b8e20c076b03.png,test/0_No_DR/b8e20c076b03.png,test,b8e20c076b03.png,0,No_DR
aptos:test/0_No_DR/e12df54e0d1e.png,aptos,A:\DR_classification\data\organized\aptos\test\0_No_DR\e12df54e0d1e.png,test/0_No_DR/e12df54e0d1e.png,test,e12df54e0d1e.png,0,No_DR
aptos:train/0_No_DR/b963a11638f2.png,aptos,A:\DR_classification\data\organized\aptos\train\0_No_DR\b963a11638f2.png,train/0_No_DR/b963a11638f2.png,train,b963a11638f2.png,0,No_DR
aptos:train/0_No_DR/aeccef0bdc26.png,aptos,A:\DR_classification\data\organized\aptos\train\0_No_DR\aeccef0bdc26.png,train/0_No_DR/aeccef0bdc26.png,train,aeccef0bdc26.png,0,No_DR
aptos:test/2_Moderate/ac720570dd0f.png,aptos,A:\DR_classification\data\organized\aptos\test\2_Moderate\ac720570dd0f.png,test/2_Moderate/ac720570dd0f.png,test,ac720570dd0f.png,2,Moderate
aptos:train/2_Moderate/2241b7e90782.png,aptos,A:\DR_classification\data\organized\aptos\train\2_Moderate\2241b7e90782.png,train/2_Moderate/2241b7e90782.png,train,2241b7e90782.png,2,Moderate
aptos:train/0_No_DR/f71aca5a7dc3.png,aptos,A:\DR_classification\data\organized\aptos\train\0_No_DR\f71aca5a7dc3.png,train/0_No_DR/f71aca5a7dc3.png,train,f71aca5a7dc3.png,0,No_DR
aptos:train/2_Moderate/026dcd9af143.png,aptos,A:\DR_classification\data\organized\aptos\train\2_Moderate\026dcd9af143.png,train/2_Moderate/026dcd9af143.png,train,026dcd9af143.png,2,Moderate
aptos:train/0_No_DR/80f6b30ece8c.png,aptos,A:\DR_classification\data\organized\aptos\train\0_No_DR\80f6b30ece8c.png,train/0_No_DR/80f6b30ece8c.png,train,80f6b30ece8c.png,0,No_DR
aptos:train/0_No_DR/2ef955d6d9ff.png,aptos,A:\DR_classification\data\organized\aptos\train\0_No_DR\2ef955d6d9ff.png,train/0_No_DR/2ef955d6d9ff.png,train,2ef955d6d9ff.png,0,No_DR
aptos:train/2_Moderate/1b8ad0afe9fb.png,aptos,A:\DR_classification\data\organized\aptos\train\2_Moderate\1b8ad0afe9fb.png,train/2_Moderate/1b8ad0afe9fb.png,train,1b8ad0afe9fb.png,2,Moderate
aptos:train/0_No_DR/44271f3cb18f.png,aptos,A:\DR_classification\data\organized\aptos\train\0_No_DR\44271f3cb18f.png,train/0_No_DR/44271f3cb18f.png,train,44271f3cb18f.png,0,No_DR
aptos:test/1_Mild/fca931da5c5e.png,aptos,A:\DR_classification\data\organized\aptos\test\1_Mild\fca931da5c5e.png,test/1_Mild/fca931da5c5e.png,test,fca931da5c5e.png,1,Mild
aptos:train/2_Moderate/e150935f66a6.png,aptos,A:\DR_classification\data\organized\aptos\train\2_Moderate\e150935f66a6.png,train/2_Moderate/e150935f66a6.png,train,e150935f66a6.png,2,Moderate
aptos:test/0_No_DR/0cd31078cd08.png,aptos,A:\DR_classification\data\organized\aptos\test\0_No_DR\0cd31078cd08.png,test/0_No_DR/0cd31078cd08.png,test,0cd31078cd08.png,0,No_DR
aptos:val/4_Proliferative_DR/79d44db3da2d.png,aptos,A:\DR_classification\data\organized\aptos\val\4_Proliferative_DR\79d44db3da2d.png,val/4_Proliferative_DR/79d44db3da2d.png,val,79d44db3da2d.png,4,Proliferative_DR
aptos:train/0_No_DR/de2eb5c8aa83.png,aptos,A:\DR_classification\data\organized\aptos\train\0_No_DR\de2eb5c8aa83.png,train/0_No_DR/de2eb5c8aa83.png,train,de2eb5c8aa83.png,0,No_DR
aptos:train/0_No_DR/84b88e8d3bca.png,aptos,A:\DR_classification\data\organized\aptos\train\0_No_DR\84b88e8d3bca.png,train/0_No_DR/84b88e8d3bca.png,train,84b88e8d3bca.png,0,No_DR
aptos:train/0_No_DR/ac81fc200162.png,aptos,A:\DR_classification\data\organized\aptos\train\0_No_DR\ac81fc200162.png,train/0_No_DR/ac81fc200162.png,train,ac81fc200162.png,0,No_DR
aptos:val/2_Moderate/7743f4e04a6d.png,aptos,A:\DR_classification\data\organized\aptos\val\2_Moderate\7743f4e04a6d.png,val/2_Moderate/7743f4e04a6d.png,val,7743f4e04a6d.png,2,Moderate
aptos:train/0_No_DR/f1979147aad4.png,aptos,A:\DR_classification\data\organized\aptos\train\0_No_DR\f1979147aad4.png,train/0_No_DR/f1979147aad4.png,train,f1979147aad4.png,0,No_DR
aptos:train/2_Moderate/11b5c77fbf79.png,aptos,A:\DR_classification\data\organized\aptos\train\2_Moderate\11b5c77fbf79.png,train/2_Moderate/11b5c77fbf79.png,train,11b5c77fbf79.png,2,Moderate
aptos:train/0_No_DR/810ed108f5b7.png,aptos,A:\DR_classification\data\organized\aptos\train\0_No_DR\810ed108f5b7.png,train/0_No_DR/810ed108f5b7.png,train,810ed108f5b7.png,0,No_DR
aptos:train/0_No_DR/415f2d2bd2a1.png,aptos,A:\DR_classification\data\organized\aptos\train\0_No_DR\415f2d2bd2a1.png,train/0_No_DR/415f2d2bd2a1.png,train,415f2d2bd2a1.png,0,No_DR
aptos:test/2_Moderate/d1f1ea894da1.png,aptos,A:\DR_classification\data\organized\aptos\test\2_Moderate\d1f1ea894da1.png,test/2_Moderate/d1f1ea894da1.png,test,d1f1ea894da1.png,2,Moderate
aptos:train/2_Moderate/47b756014447.png,aptos,A:\DR_classification\data\organized\aptos\train\2_Moderate\47b756014447.png,train/2_Moderate/47b756014447.png,train,47b756014447.png,2,Moderate
aptos:val/0_No_DR/3a643599f852.png,aptos,A:\DR_classification\data\organized\aptos\val\0_No_DR\3a643599f852.png,val/0_No_DR/3a643599f852.png,val,3a643599f852.png,0,No_DR
aptos:train/3_Severe/537e50fdf22e.png,aptos,A:\DR_classification\data\organized\aptos\train\3_Severe\537e50fdf22e.png,train/3_Severe/537e50fdf22e.png,train,537e50fdf22e.png,3,Severe
aptos:val/0_No_DR/63c7b0265775.png,aptos,A:\DR_classification\data\organized\aptos\val\0_No_DR\63c7b0265775.png,val/0_No_DR/63c7b0265775.png,val,63c7b0265775.png,0,No_DR
aptos:train/0_No_DR/f366fb1cc475.png,aptos,A:\DR_classification\data\organized\aptos\train\0_No_DR\f366fb1cc475.png,train/0_No_DR/f366fb1cc475.png,train,f366fb1cc475.png,0,No_DR
aptos:train/1_Mild/f5650eb52640.png,aptos,A:\DR_classification\data\organized\aptos\train\1_Mild\f5650eb52640.png,train/1_Mild/f5650eb52640.png,train,f5650eb52640.png,1,Mild
aptos:test/2_Moderate/731b19a460ad.png,aptos,A:\DR_classification\data\organized\aptos\test\2_Moderate\731b19a460ad.png,test/2_Moderate/731b19a460ad.png,test,731b19a460ad.png,2,Moderate
aptos:train/0_No_DR/cb39761f0712.png,aptos,A:\DR_classification\data\organized\aptos\train\0_No_DR\cb39761f0712.png,train/0_No_DR/cb39761f0712.png,train,cb39761f0712.png,0,No_DR
aptos:val/2_Moderate/db49cdf1ea64.png,aptos,A:\DR_classification\data\organized\aptos\val\2_Moderate\db49cdf1ea64.png,val/2_Moderate/db49cdf1ea64.png,val,db49cdf1ea64.png,2,Moderate
aptos:test/2_Moderate/bda8c973b09d.png,aptos,A:\DR_classification\data\organized\aptos\test\2_Moderate\bda8c973b09d.png,test/2_Moderate/bda8c973b09d.png,test,bda8c973b09d.png,2,Moderate
aptos:val/0_No_DR/b351ae99413a.png,aptos,A:\DR_classification\data\organized\aptos\val\0_No_DR\b351ae99413a.png,val/0_No_DR/b351ae99413a.png,val,b351ae99413a.png,0,No_DR
aptos:train/0_No_DR/c639d837f5e4.png,aptos,A:\DR_classification\data\organized\aptos\train\0_No_DR\c639d837f5e4.png,train/0_No_DR/c639d837f5e4.png,train,c639d837f5e4.png,0,No_DR
aptos:train/0_No_DR/c25e02b39c01.png,aptos,A:\DR_classification\data\organized\aptos\train\0_No_DR\c25e02b39c01.png,train/0_No_DR/c25e02b39c01.png,train,c25e02b39c01.png,0,No_DR
aptos:train/0_No_DR/835b9f6e12ba.png,aptos,A:\DR_classification\data\organized\aptos\train\0_No_DR\835b9f6e12ba.png,train/0_No_DR/835b9f6e12ba.png,train,835b9f6e12ba.png,0,No_DR
aptos:train/0_No_DR/1633f8291a80.png,aptos,A:\DR_classification\data\organized\aptos\train\0_No_DR\1633f8291a80.png,train/0_No_DR/1633f8291a80.png,train,1633f8291a80.png,0,No_DR
aptos:test/4_Proliferative_DR/e7d2c2c3b30f.png,aptos,A:\DR_classification\data\organized\aptos\test\4_Proliferative_DR\e7d2c2c3b30f.png,test/4_Proliferative_DR/e7d2c2c3b30f.png,test,e7d2c2c3b30f.png,4,Proliferative_DR
aptos:train/0_No_DR/21037f5c7790.png,aptos,A:\DR_classification\data\organized\aptos\train\0_No_DR\21037f5c7790.png,train/0_No_DR/21037f5c7790.png,train,21037f5c7790.png,0,No_DR
aptos:test/0_No_DR/ae49cc60f251.png,aptos,A:\DR_classification\data\organized\aptos\test\0_No_DR\ae49cc60f251.png,test/0_No_DR/ae49cc60f251.png,test,ae49cc60f251.png,0,No_DR
aptos:train/0_No_DR/525d0dd8dc45.png,aptos,A:\DR_classification\data\organized\aptos\train\0_No_DR\525d0dd8dc45.png,train/0_No_DR/525d0dd8dc45.png,train,525d0dd8dc45.png,0,No_DR
aptos:train/2_Moderate/17188c13e635.png,aptos,A:\DR_classification\data\organized\aptos\train\2_Moderate\17188c13e635.png,train/2_Moderate/17188c13e635.png,train,17188c13e635.png,2,Moderate
aptos:train/0_No_DR/afc744fad65e.png,aptos,A:\DR_classification\data\organized\aptos\train\0_No_DR\afc744fad65e.png,train/0_No_DR/afc744fad65e.png,train,afc744fad65e.png,0,No_DR
aptos:train/0_No_DR/54f57cf26126.png,aptos,A:\DR_classification\data\organized\aptos\train\0_No_DR\54f57cf26126.png,train/0_No_DR/54f57cf26126.png,train,54f57cf26126.png,0,No_DR
aptos:train/0_No_DR/c6a8f8f998a2.png,aptos,A:\DR_classification\data\organized\aptos\train\0_No_DR\c6a8f8f998a2.png,train/0_No_DR/c6a8f8f998a2.png,train,c6a8f8f998a2.png,0,No_DR
aptos:test/4_Proliferative_DR/8eeac97f02f0.png,aptos,A:\DR_classification\data\organized\aptos\test\4_Proliferative_DR\8eeac97f02f0.png,test/4_Proliferative_DR/8eeac97f02f0.png,test,8eeac97f02f0.png,4,Proliferative_DR
aptos:test/0_No_DR/ef476be214d4.png,aptos,A:\DR_classification\data\organized\aptos\test\0_No_DR\ef476be214d4.png,test/0_No_DR/ef476be214d4.png,test,ef476be214d4.png,0,No_DR
aptos:train/2_Moderate/5e52c9fe676f.png,aptos,A:\DR_classification\data\organized\aptos\train\2_Moderate\5e52c9fe676f.png,train/2_Moderate/5e52c9fe676f.png,train,5e52c9fe676f.png,2,Moderate
aptos:train/0_No_DR/628b581aa905.png,aptos,A:\DR_classification\data\organized\aptos\train\0_No_DR\628b581aa905.png,train/0_No_DR/628b581aa905.png,train,628b581aa905.png,0,No_DR
aptos:val/2_Moderate/ffec9a18a3ce.png,aptos,A:\DR_classification\data\organized\aptos\val\2_Moderate\ffec9a18a3ce.png,val/2_Moderate/ffec9a18a3ce.png,val,ffec9a18a3ce.png,2,Moderate
aptos:test/3_Severe/810d3779abd9.png,aptos,A:\DR_classification\data\organized\aptos\test\3_Severe\810d3779abd9.png,test/3_Severe/810d3779abd9.png,test,810d3779abd9.png,3,Severe
aptos:train/2_Moderate/fa3e544a7401.png,aptos,A:\DR_classification\data\organized\aptos\train\2_Moderate\fa3e544a7401.png,train/2_Moderate/fa3e544a7401.png,train,fa3e544a7401.png,2,Moderate
aptos:train/0_No_DR/a8aed92940fb.png,aptos,A:\DR_classification\data\organized\aptos\train\0_No_DR\a8aed92940fb.png,train/0_No_DR/a8aed92940fb.png,train,a8aed92940fb.png,0,No_DR
aptos:train/0_No_DR/155e2df6bfcf.png,aptos,A:\DR_classification\data\organized\aptos\train\0_No_DR\155e2df6bfcf.png,train/0_No_DR/155e2df6bfcf.png,train,155e2df6bfcf.png,0,No_DR
aptos:train/0_No_DR/542964865b1e.png,aptos,A:\DR_classification\data\organized\aptos\train\0_No_DR\542964865b1e.png,train/0_No_DR/542964865b1e.png,train,542964865b1e.png,0,No_DR
aptos:train/2_Moderate/d364423ec6f9.png,aptos,A:\DR_classification\data\organized\aptos\train\2_Moderate\d364423ec6f9.png,train/2_Moderate/d364423ec6f9.png,train,d364423ec6f9.png,2,Moderate
aptos:train/2_Moderate/a66c3165876f.png,aptos,A:\DR_classification\data\organized\aptos\train\2_Moderate\a66c3165876f.png,train/2_Moderate/a66c3165876f.png,train,a66c3165876f.png,2,Moderate
aptos:test/0_No_DR/5ce5eeaf757a.png,aptos,A:\DR_classification\data\organized\aptos\test\0_No_DR\5ce5eeaf757a.png,test/0_No_DR/5ce5eeaf757a.png,test,5ce5eeaf757a.png,0,No_DR
aptos:test/0_No_DR/a1faeb4d5f10.png,aptos,A:\DR_classification\data\organized\aptos\test\0_No_DR\a1faeb4d5f10.png,test/0_No_DR/a1faeb4d5f10.png,test,a1faeb4d5f10.png,0,No_DR
aptos:train/0_No_DR/15b21c80cc31.png,aptos,A:\DR_classification\data\organized\aptos\train\0_No_DR\15b21c80cc31.png,train/0_No_DR/15b21c80cc31.png,train,15b21c80cc31.png,0,No_DR
aptos:test/0_No_DR/f4ea2a2cfbb9.png,aptos,A:\DR_classification\data\organized\aptos\test\0_No_DR\f4ea2a2cfbb9.png,test/0_No_DR/f4ea2a2cfbb9.png,test,f4ea2a2cfbb9.png,0,No_DR
aptos:val/0_No_DR/9985375d709f.png,aptos,A:\DR_classification\data\organized\aptos\val\0_No_DR\9985375d709f.png,val/0_No_DR/9985375d709f.png,val,9985375d709f.png,0,No_DR
aptos:train/1_Mild/3b73a3a4a734.png,aptos,A:\DR_classification\data\organized\aptos\train\1_Mild\3b73a3a4a734.png,train/1_Mild/3b73a3a4a734.png,train,3b73a3a4a734.png,1,Mild
aptos:train/2_Moderate/4c52922f3bfd.png,aptos,A:\DR_classification\data\organized\aptos\train\2_Moderate\4c52922f3bfd.png,train/2_Moderate/4c52922f3bfd.png,train,4c52922f3bfd.png,2,Moderate
aptos:val/2_Moderate/79540be95177.png,aptos,A:\DR_classification\data\organized\aptos\val\2_Moderate\79540be95177.png,val/2_Moderate/79540be95177.png,val,79540be95177.png,2,Moderate
aptos:train/3_Severe/996f57c86ba5.png,aptos,A:\DR_classification\data\organized\aptos\train\3_Severe\996f57c86ba5.png,train/3_Severe/996f57c86ba5.png,train,996f57c86ba5.png,3,Severe
aptos:train/2_Moderate/48c49f662f7d.png,aptos,A:\DR_classification\data\organized\aptos\train\2_Moderate\48c49f662f7d.png,train/2_Moderate/48c49f662f7d.png,train,48c49f662f7d.png,2,Moderate
aptos:train/3_Severe/e1fb532f55df.png,aptos,A:\DR_classification\data\organized\aptos\train\3_Severe\e1fb532f55df.png,train/3_Severe/e1fb532f55df.png,train,e1fb532f55df.png,3,Severe
aptos:val/0_No_DR/4faf4063db8c.png,aptos,A:\DR_classification\data\organized\aptos\val\0_No_DR\4faf4063db8c.png,val/0_No_DR/4faf4063db8c.png,val,4faf4063db8c.png,0,No_DR
aptos:train/1_Mild/1d674e2e32e0.png,aptos,A:\DR_classification\data\organized\aptos\train\1_Mild\1d674e2e32e0.png,train/1_Mild/1d674e2e32e0.png,train,1d674e2e32e0.png,1,Mild
aptos:val/0_No_DR/0924cec998fa.png,aptos,A:\DR_classification\data\organized\aptos\val\0_No_DR\0924cec998fa.png,val/0_No_DR/0924cec998fa.png,val,0924cec998fa.png,0,No_DR
aptos:train/2_Moderate/aef9016557ca.png,aptos,A:\DR_classification\data\organized\aptos\train\2_Moderate\aef9016557ca.png,train/2_Moderate/aef9016557ca.png,train,aef9016557ca.png,2,Moderate
aptos:test/3_Severe/916ec976ff30.png,aptos,A:\DR_classification\data\organized\aptos\test\3_Severe\916ec976ff30.png,test/3_Severe/916ec976ff30.png,test,916ec976ff30.png,3,Severe
aptos:train/2_Moderate/cbf0394039f8.png,aptos,A:\DR_classification\data\organized\aptos\train\2_Moderate\cbf0394039f8.png,train/2_Moderate/cbf0394039f8.png,train,cbf0394039f8.png,2,Moderate
aptos:train/2_Moderate/8e63fc4ab532.png,aptos,A:\DR_classification\data\organized\aptos\train\2_Moderate\8e63fc4ab532.png,train/2_Moderate/8e63fc4ab532.png,train,8e63fc4ab532.png,2,Moderate
aptos:train/0_No_DR/201f882365d3.png,aptos,A:\DR_classification\data\organized\aptos\train\0_No_DR\201f882365d3.png,train/0_No_DR/201f882365d3.png,train,201f882365d3.png,0,No_DR
aptos:test/0_No_DR/475300735b7f.png,aptos,A:\DR_classification\data\organized\aptos\test\0_No_DR\475300735b7f.png,test/0_No_DR/475300735b7f.png,test,475300735b7f.png,0,No_DR
aptos:train/2_Moderate/51cfeccaf40d.png,aptos,A:\DR_classification\data\organized\aptos\train\2_Moderate\51cfeccaf40d.png,train/2_Moderate/51cfeccaf40d.png,train,51cfeccaf40d.png,2,Moderate
aptos:train/1_Mild/4e82c3c8d31f.png,aptos,A:\DR_classification\data\organized\aptos\train\1_Mild\4e82c3c8d31f.png,train/1_Mild/4e82c3c8d31f.png,train,4e82c3c8d31f.png,1,Mild
aptos:train/2_Moderate/a01c590c444f.png,aptos,A:\DR_classification\data\organized\aptos\train\2_Moderate\a01c590c444f.png,train/2_Moderate/a01c590c444f.png,train,a01c590c444f.png,2,Moderate
aptos:train/1_Mild/36677b70b1ef.png,aptos,A:\DR_classification\data\organized\aptos\train\1_Mild\36677b70b1ef.png,train/1_Mild/36677b70b1ef.png,train,36677b70b1ef.png,1,Mild
aptos:val/2_Moderate/232549883508.png,aptos,A:\DR_classification\data\organized\aptos\val\2_Moderate\232549883508.png,val/2_Moderate/232549883508.png,val,232549883508.png,2,Moderate
aptos:train/0_No_DR/a8263d248523.png,aptos,A:\DR_classification\data\organized\aptos\train\0_No_DR\a8263d248523.png,train/0_No_DR/a8263d248523.png,train,a8263d248523.png,0,No_DR
aptos:train/0_No_DR/e5f73f2855c0.png,aptos,A:\DR_classification\data\organized\aptos\train\0_No_DR\e5f73f2855c0.png,train/0_No_DR/e5f73f2855c0.png,train,e5f73f2855c0.png,0,No_DR
aptos:train/0_No_DR/519c6e8f78dc.png,aptos,A:\DR_classification\data\organized\aptos\train\0_No_DR\519c6e8f78dc.png,train/0_No_DR/519c6e8f78dc.png,train,519c6e8f78dc.png,0,No_DR
aptos:train/0_No_DR/fdc685055659.png,aptos,A:\DR_classification\data\organized\aptos\train\0_No_DR\fdc685055659.png,train/0_No_DR/fdc685055659.png,train,fdc685055659.png,0,No_DR
aptos:train/2_Moderate/a15590a7d774.png,aptos,A:\DR_classification\data\organized\aptos\train\2_Moderate\a15590a7d774.png,train/2_Moderate/a15590a7d774.png,train,a15590a7d774.png,2,Moderate
aptos:val/2_Moderate/bfda2fd0533a.png,aptos,A:\DR_classification\data\organized\aptos\val\2_Moderate\bfda2fd0533a.png,val/2_Moderate/bfda2fd0533a.png,val,bfda2fd0533a.png,2,Moderate
aptos:val/1_Mild/18b06f56ab27.png,aptos,A:\DR_classification\data\organized\aptos\val\1_Mild\18b06f56ab27.png,val/1_Mild/18b06f56ab27.png,val,18b06f56ab27.png,1,Mild
aptos:train/4_Proliferative_DR/f58d37d48e42.png,aptos,A:\DR_classification\data\organized\aptos\train\4_Proliferative_DR\f58d37d48e42.png,train/4_Proliferative_DR/f58d37d48e42.png,train,f58d37d48e42.png,4,Proliferative_DR
aptos:val/0_No_DR/4ffa38550c95.png,aptos,A:\DR_classification\data\organized\aptos\val\0_No_DR\4ffa38550c95.png,val/0_No_DR/4ffa38550c95.png,val,4ffa38550c95.png,0,No_DR
aptos:train/0_No_DR/fca1a8738b8a.png,aptos,A:\DR_classification\data\organized\aptos\train\0_No_DR\fca1a8738b8a.png,train/0_No_DR/fca1a8738b8a.png,train,fca1a8738b8a.png,0,No_DR
aptos:test/0_No_DR/848e66b9e199.png,aptos,A:\DR_classification\data\organized\aptos\test\0_No_DR\848e66b9e199.png,test/0_No_DR/848e66b9e199.png,test,848e66b9e199.png,0,No_DR
aptos:val/0_No_DR/b085caa513a8.png,aptos,A:\DR_classification\data\organized\aptos\val\0_No_DR\b085caa513a8.png,val/0_No_DR/b085caa513a8.png,val,b085caa513a8.png,0,No_DR
aptos:train/3_Severe/b019a49787c1.png,aptos,A:\DR_classification\data\organized\aptos\train\3_Severe\b019a49787c1.png,train/3_Severe/b019a49787c1.png,train,b019a49787c1.png,3,Severe
aptos:train/0_No_DR/5069feccd866.png,aptos,A:\DR_classification\data\organized\aptos\train\0_No_DR\5069feccd866.png,train/0_No_DR/5069feccd866.png,train,5069feccd866.png,0,No_DR
aptos:train/0_No_DR/b5b913358b32.png,aptos,A:\DR_classification\data\organized\aptos\train\0_No_DR\b5b913358b32.png,train/0_No_DR/b5b913358b32.png,train,b5b913358b32.png,0,No_DR
aptos:train/0_No_DR/27f82ada84ac.png,aptos,A:\DR_classification\data\organized\aptos\train\0_No_DR\27f82ada84ac.png,train/0_No_DR/27f82ada84ac.png,train,27f82ada84ac.png,0,No_DR
aptos:train/2_Moderate/e3e490babc0c.png,aptos,A:\DR_classification\data\organized\aptos\train\2_Moderate\e3e490babc0c.png,train/2_Moderate/e3e490babc0c.png,train,e3e490babc0c.png,2,Moderate
aptos:test/2_Moderate/314862758acf.png,aptos,A:\DR_classification\data\organized\aptos\test\2_Moderate\314862758acf.png,test/2_Moderate/314862758acf.png,test,314862758acf.png,2,Moderate
aptos:train/4_Proliferative_DR/c62585bd68fb.png,aptos,A:\DR_classification\data\organized\aptos\train\4_Proliferative_DR\c62585bd68fb.png,train/4_Proliferative_DR/c62585bd68fb.png,train,c62585bd68fb.png,4,Proliferative_DR
aptos:val/2_Moderate/1f543a86c4d4.png,aptos,A:\DR_classification\data\organized\aptos\val\2_Moderate\1f543a86c4d4.png,val/2_Moderate/1f543a86c4d4.png,val,1f543a86c4d4.png,2,Moderate
aptos:train/3_Severe/e1900014dabf.png,aptos,A:\DR_classification\data\organized\aptos\train\3_Severe\e1900014dabf.png,train/3_Severe/e1900014dabf.png,train,e1900014dabf.png,3,Severe
aptos:train/0_No_DR/96ea316ed0ab.png,aptos,A:\DR_classification\data\organized\aptos\train\0_No_DR\96ea316ed0ab.png,train/0_No_DR/96ea316ed0ab.png,train,96ea316ed0ab.png,0,No_DR
aptos:train/2_Moderate/3dfc50108072.png,aptos,A:\DR_classification\data\organized\aptos\train\2_Moderate\3dfc50108072.png,train/2_Moderate/3dfc50108072.png,train,3dfc50108072.png,2,Moderate
aptos:train/2_Moderate/e7a372a1c3a4.png,aptos,A:\DR_classification\data\organized\aptos\train\2_Moderate\e7a372a1c3a4.png,train/2_Moderate/e7a372a1c3a4.png,train,e7a372a1c3a4.png,2,Moderate
aptos:train/0_No_DR/941d874c8afb.png,aptos,A:\DR_classification\data\organized\aptos\train\0_No_DR\941d874c8afb.png,train/0_No_DR/941d874c8afb.png,train,941d874c8afb.png,0,No_DR
aptos:test/0_No_DR/3079490a4b9c.png,aptos,A:\DR_classification\data\organized\aptos\test\0_No_DR\3079490a4b9c.png,test/0_No_DR/3079490a4b9c.png,test,3079490a4b9c.png,0,No_DR
aptos:train/1_Mild/7ea756985353.png,aptos,A:\DR_classification\data\organized\aptos\train\1_Mild\7ea756985353.png,train/1_Mild/7ea756985353.png,train,7ea756985353.png,1,Mild
aptos:train/0_No_DR/6e861bc3bd7b.png,aptos,A:\DR_classification\data\organized\aptos\train\0_No_DR\6e861bc3bd7b.png,train/0_No_DR/6e861bc3bd7b.png,train,6e861bc3bd7b.png,0,No_DR
aptos:train/1_Mild/5777ef74c9ec.png,aptos,A:\DR_classification\data\organized\aptos\train\1_Mild\5777ef74c9ec.png,train/1_Mild/5777ef74c9ec.png,train,5777ef74c9ec.png,1,Mild
aptos:train/0_No_DR/43f22d1be8dd.png,aptos,A:\DR_classification\data\organized\aptos\train\0_No_DR\43f22d1be8dd.png,train/0_No_DR/43f22d1be8dd.png,train,43f22d1be8dd.png,0,No_DR
aptos:train/2_Moderate/49419f8d5cb4.png,aptos,A:\DR_classification\data\organized\aptos\train\2_Moderate\49419f8d5cb4.png,train/2_Moderate/49419f8d5cb4.png,train,49419f8d5cb4.png,2,Moderate
aptos:train/2_Moderate/b82d5f1f1145.png,aptos,A:\DR_classification\data\organized\aptos\train\2_Moderate\b82d5f1f1145.png,train/2_Moderate/b82d5f1f1145.png,train,b82d5f1f1145.png,2,Moderate
aptos:train/0_No_DR/0d9a9896f801.png,aptos,A:\DR_classification\data\organized\aptos\train\0_No_DR\0d9a9896f801.png,train/0_No_DR/0d9a9896f801.png,train,0d9a9896f801.png,0,No_DR
aptos:train/2_Moderate/09eeafa9656a.png,aptos,A:\DR_classification\data\organized\aptos\train\2_Moderate\09eeafa9656a.png,train/2_Moderate/09eeafa9656a.png,train,09eeafa9656a.png,2,Moderate
aptos:test/0_No_DR/12ae44be0d38.png,aptos,A:\DR_classification\data\organized\aptos\test\0_No_DR\12ae44be0d38.png,test/0_No_DR/12ae44be0d38.png,test,12ae44be0d38.png,0,No_DR
aptos:train/0_No_DR/922586d86cd8.png,aptos,A:\DR_classification\data\organized\aptos\train\0_No_DR\922586d86cd8.png,train/0_No_DR/922586d86cd8.png,train,922586d86cd8.png,0,No_DR
aptos:val/0_No_DR/fa6f3d8bb1d5.png,aptos,A:\DR_classification\data\organized\aptos\val\0_No_DR\fa6f3d8bb1d5.png,val/0_No_DR/fa6f3d8bb1d5.png,val,fa6f3d8bb1d5.png,0,No_DR
aptos:train/0_No_DR/4ab8c0cece7f.png,aptos,A:\DR_classification\data\organized\aptos\train\0_No_DR\4ab8c0cece7f.png,train/0_No_DR/4ab8c0cece7f.png,train,4ab8c0cece7f.png,0,No_DR
aptos:train/2_Moderate/025a169a0bb0.png,aptos,A:\DR_classification\data\organized\aptos\train\2_Moderate\025a169a0bb0.png,train/2_Moderate/025a169a0bb0.png,train,025a169a0bb0.png,2,Moderate
aptos:train/0_No_DR/06586082a24d.png,aptos,A:\DR_classification\data\organized\aptos\train\0_No_DR\06586082a24d.png,train/0_No_DR/06586082a24d.png,train,06586082a24d.png,0,No_DR
aptos:train/0_No_DR/d844a7252f4e.png,aptos,A:\DR_classification\data\organized\aptos\train\0_No_DR\d844a7252f4e.png,train/0_No_DR/d844a7252f4e.png,train,d844a7252f4e.png,0,No_DR
aptos:train/0_No_DR/28751f290ba3.png,aptos,A:\DR_classification\data\organized\aptos\train\0_No_DR\28751f290ba3.png,train/0_No_DR/28751f290ba3.png,train,28751f290ba3.png,0,No_DR
aptos:val/0_No_DR/6f0e5848d9ce.png,aptos,A:\DR_classification\data\organized\aptos\val\0_No_DR\6f0e5848d9ce.png,val/0_No_DR/6f0e5848d9ce.png,val,6f0e5848d9ce.png,0,No_DR
aptos:train/0_No_DR/e4ae1ee6aada.png,aptos,A:\DR_classification\data\organized\aptos\train\0_No_DR\e4ae1ee6aada.png,train/0_No_DR/e4ae1ee6aada.png,train,e4ae1ee6aada.png,0,No_DR
aptos:val/0_No_DR/a8b3c0961d42.png,aptos,A:\DR_classification\data\organized\aptos\val\0_No_DR\a8b3c0961d42.png,val/0_No_DR/a8b3c0961d42.png,val,a8b3c0961d42.png,0,No_DR
aptos:train/0_No_DR/0232dfea7547.png,aptos,A:\DR_classification\data\organized\aptos\train\0_No_DR\0232dfea7547.png,train/0_No_DR/0232dfea7547.png,train,0232dfea7547.png,0,No_DR
aptos:val/0_No_DR/565f3404f9b2.png,aptos,A:\DR_classification\data\organized\aptos\val\0_No_DR\565f3404f9b2.png,val/0_No_DR/565f3404f9b2.png,val,565f3404f9b2.png,0,No_DR
aptos:train/0_No_DR/5ac7a414560e.png,aptos,A:\DR_classification\data\organized\aptos\train\0_No_DR\5ac7a414560e.png,train/0_No_DR/5ac7a414560e.png,train,5ac7a414560e.png,0,No_DR
aptos:train/0_No_DR/44a4d04162cc.png,aptos,A:\DR_classification\data\organized\aptos\train\0_No_DR\44a4d04162cc.png,train/0_No_DR/44a4d04162cc.png,train,44a4d04162cc.png,0,No_DR
aptos:val/0_No_DR/bed8296c8dfe.png,aptos,A:\DR_classification\data\organized\aptos\val\0_No_DR\bed8296c8dfe.png,val/0_No_DR/bed8296c8dfe.png,val,bed8296c8dfe.png,0,No_DR
aptos:train/3_Severe/b191ba0a2b12.png,aptos,A:\DR_classification\data\organized\aptos\train\3_Severe\b191ba0a2b12.png,train/3_Severe/b191ba0a2b12.png,train,b191ba0a2b12.png,3,Severe
aptos:train/1_Mild/1116271db4ea.png,aptos,A:\DR_classification\data\organized\aptos\train\1_Mild\1116271db4ea.png,train/1_Mild/1116271db4ea.png,train,1116271db4ea.png,1,Mild
aptos:train/0_No_DR/5445255635f0.png,aptos,A:\DR_classification\data\organized\aptos\train\0_No_DR\5445255635f0.png,train/0_No_DR/5445255635f0.png,train,5445255635f0.png,0,No_DR
aptos:train/2_Moderate/6363b360aefb.png,aptos,A:\DR_classification\data\organized\aptos\train\2_Moderate\6363b360aefb.png,train/2_Moderate/6363b360aefb.png,train,6363b360aefb.png,2,Moderate
aptos:train/1_Mild/abdb365cacbc.png,aptos,A:\DR_classification\data\organized\aptos\train\1_Mild\abdb365cacbc.png,train/1_Mild/abdb365cacbc.png,train,abdb365cacbc.png,1,Mild
aptos:test/2_Moderate/be21d8b60e2a.png,aptos,A:\DR_classification\data\organized\aptos\test\2_Moderate\be21d8b60e2a.png,test/2_Moderate/be21d8b60e2a.png,test,be21d8b60e2a.png,2,Moderate
aptos:train/0_No_DR/eb050765b323.png,aptos,A:\DR_classification\data\organized\aptos\train\0_No_DR\eb050765b323.png,train/0_No_DR/eb050765b323.png,train,eb050765b323.png,0,No_DR
aptos:val/1_Mild/cfd1bd0fcbb4.png,aptos,A:\DR_classification\data\organized\aptos\val\1_Mild\cfd1bd0fcbb4.png,val/1_Mild/cfd1bd0fcbb4.png,val,cfd1bd0fcbb4.png,1,Mild
aptos:train/0_No_DR/4036471a1bb7.png,aptos,A:\DR_classification\data\organized\aptos\train\0_No_DR\4036471a1bb7.png,train/0_No_DR/4036471a1bb7.png,train,4036471a1bb7.png,0,No_DR
aptos:val/4_Proliferative_DR/0243404e8a00.png,aptos,A:\DR_classification\data\organized\aptos\val\4_Proliferative_DR\0243404e8a00.png,val/4_Proliferative_DR/0243404e8a00.png,val,0243404e8a00.png,4,Proliferative_DR
aptos:train/0_No_DR/df0886f1e76b.png,aptos,A:\DR_classification\data\organized\aptos\train\0_No_DR\df0886f1e76b.png,train/0_No_DR/df0886f1e76b.png,train,df0886f1e76b.png,0,No_DR
aptos:train/0_No_DR/dce73d90c00c.png,aptos,A:\DR_classification\data\organized\aptos\train\0_No_DR\dce73d90c00c.png,train/0_No_DR/dce73d90c00c.png,train,dce73d90c00c.png,0,No_DR
aptos:train/0_No_DR/1cb6961d141c.png,aptos,A:\DR_classification\data\organized\aptos\train\0_No_DR\1cb6961d141c.png,train/0_No_DR/1cb6961d141c.png,train,1cb6961d141c.png,0,No_DR
aptos:train/2_Moderate/7d8f67cadc29.png,aptos,A:\DR_classification\data\organized\aptos\train\2_Moderate\7d8f67cadc29.png,train/2_Moderate/7d8f67cadc29.png,train,7d8f67cadc29.png,2,Moderate
aptos:train/2_Moderate/1269ab57c2e6.png,aptos,A:\DR_classification\data\organized\aptos\train\2_Moderate\1269ab57c2e6.png,train/2_Moderate/1269ab57c2e6.png,train,1269ab57c2e6.png,2,Moderate
aptos:test/3_Severe/e0b5a982a018.png,aptos,A:\DR_classification\data\organized\aptos\test\3_Severe\e0b5a982a018.png,test/3_Severe/e0b5a982a018.png,test,e0b5a982a018.png,3,Severe
aptos:train/2_Moderate/c9d42d7534e0.png,aptos,A:\DR_classification\data\organized\aptos\train\2_Moderate\c9d42d7534e0.png,train/2_Moderate/c9d42d7534e0.png,train,c9d42d7534e0.png,2,Moderate
aptos:train/0_No_DR/a62e995f167c.png,aptos,A:\DR_classification\data\organized\aptos\train\0_No_DR\a62e995f167c.png,train/0_No_DR/a62e995f167c.png,train,a62e995f167c.png,0,No_DR
aptos:train/0_No_DR/13073f075a56.png,aptos,A:\DR_classification\data\organized\aptos\train\0_No_DR\13073f075a56.png,train/0_No_DR/13073f075a56.png,train,13073f075a56.png,0,No_DR
aptos:train/0_No_DR/5995321563b7.png,aptos,A:\DR_classification\data\organized\aptos\train\0_No_DR\5995321563b7.png,train/0_No_DR/5995321563b7.png,train,5995321563b7.png,0,No_DR
aptos:val/0_No_DR/1f9ccda4ddf2.png,aptos,A:\DR_classification\data\organized\aptos\val\0_No_DR\1f9ccda4ddf2.png,val/0_No_DR/1f9ccda4ddf2.png,val,1f9ccda4ddf2.png,0,No_DR
aptos:train/0_No_DR/6e44f6d04fc9.png,aptos,A:\DR_classification\data\organized\aptos\train\0_No_DR\6e44f6d04fc9.png,train/0_No_DR/6e44f6d04fc9.png,train,6e44f6d04fc9.png,0,No_DR
aptos:train/1_Mild/5347b4c8e9b3.png,aptos,A:\DR_classification\data\organized\aptos\train\1_Mild\5347b4c8e9b3.png,train/1_Mild/5347b4c8e9b3.png,train,5347b4c8e9b3.png,1,Mild
aptos:train/0_No_DR/c5bec7f1e5f3.png,aptos,A:\DR_classification\data\organized\aptos\train\0_No_DR\c5bec7f1e5f3.png,train/0_No_DR/c5bec7f1e5f3.png,train,c5bec7f1e5f3.png,0,No_DR
aptos:train/0_No_DR/0cae727cf119.png,aptos,A:\DR_classification\data\organized\aptos\train\0_No_DR\0cae727cf119.png,train/0_No_DR/0cae727cf119.png,train,0cae727cf119.png,0,No_DR
aptos:train/4_Proliferative_DR/2017cd92c63d.png,aptos,A:\DR_classification\data\organized\aptos\train\4_Proliferative_DR\2017cd92c63d.png,train/4_Proliferative_DR/2017cd92c63d.png,train,2017cd92c63d.png,4,Proliferative_DR
aptos:val/2_Moderate/bf1b7e21e774.png,aptos,A:\DR_classification\data\organized\aptos\val\2_Moderate\bf1b7e21e774.png,val/2_Moderate/bf1b7e21e774.png,val,bf1b7e21e774.png,2,Moderate
aptos:train/2_Moderate/59f3f70abddd.png,aptos,A:\DR_classification\data\organized\aptos\train\2_Moderate\59f3f70abddd.png,train/2_Moderate/59f3f70abddd.png,train,59f3f70abddd.png,2,Moderate
aptos:train/0_No_DR/a2b97d98f130.png,aptos,A:\DR_classification\data\organized\aptos\train\0_No_DR\a2b97d98f130.png,train/0_No_DR/a2b97d98f130.png,train,a2b97d98f130.png,0,No_DR
aptos:val/0_No_DR/4276b82e4489.png,aptos,A:\DR_classification\data\organized\aptos\val\0_No_DR\4276b82e4489.png,val/0_No_DR/4276b82e4489.png,val,4276b82e4489.png,0,No_DR
aptos:test/0_No_DR/9ac2e3e9fca5.png,aptos,A:\DR_classification\data\organized\aptos\test\0_No_DR\9ac2e3e9fca5.png,test/0_No_DR/9ac2e3e9fca5.png,test,9ac2e3e9fca5.png,0,No_DR
aptos:train/4_Proliferative_DR/fdd534271f3d.png,aptos,A:\DR_classification\data\organized\aptos\train\4_Proliferative_DR\fdd534271f3d.png,train/4_Proliferative_DR/fdd534271f3d.png,train,fdd534271f3d.png,4,Proliferative_DR
aptos:train/1_Mild/0684311afdfc.png,aptos,A:\DR_classification\data\organized\aptos\train\1_Mild\0684311afdfc.png,train/1_Mild/0684311afdfc.png,train,0684311afdfc.png,1,Mild
aptos:val/2_Moderate/bfe467b7e997.png,aptos,A:\DR_classification\data\organized\aptos\val\2_Moderate\bfe467b7e997.png,val/2_Moderate/bfe467b7e997.png,val,bfe467b7e997.png,2,Moderate
aptos:train/2_Moderate/9faad91b6578.png,aptos,A:\DR_classification\data\organized\aptos\train\2_Moderate\9faad91b6578.png,train/2_Moderate/9faad91b6578.png,train,9faad91b6578.png,2,Moderate
aptos:val/2_Moderate/03ff7d159f10.png,aptos,A:\DR_classification\data\organized\aptos\val\2_Moderate\03ff7d159f10.png,val/2_Moderate/03ff7d159f10.png,val,03ff7d159f10.png,2,Moderate
aptos:train/0_No_DR/18b7e34eab8f.png,aptos,A:\DR_classification\data\organized\aptos\train\0_No_DR\18b7e34eab8f.png,train/0_No_DR/18b7e34eab8f.png,train,18b7e34eab8f.png,0,No_DR
aptos:train/0_No_DR/0551676cc2aa.png,aptos,A:\DR_classification\data\organized\aptos\train\0_No_DR\0551676cc2aa.png,train/0_No_DR/0551676cc2aa.png,train,0551676cc2aa.png,0,No_DR
aptos:train/0_No_DR/33b978734eab.png,aptos,A:\DR_classification\data\organized\aptos\train\0_No_DR\33b978734eab.png,train/0_No_DR/33b978734eab.png,train,33b978734eab.png,0,No_DR
aptos:train/4_Proliferative_DR/ba4d2c4b3039.png,aptos,A:\DR_classification\data\organized\aptos\train\4_Proliferative_DR\ba4d2c4b3039.png,train/4_Proliferative_DR/ba4d2c4b3039.png,train,ba4d2c4b3039.png,4,Proliferative_DR
aptos:train/0_No_DR/0cbcc7b23613.png,aptos,A:\DR_classification\data\organized\aptos\train\0_No_DR\0cbcc7b23613.png,train/0_No_DR/0cbcc7b23613.png,train,0cbcc7b23613.png,0,No_DR
aptos:train/0_No_DR/0212dd31f623.png,aptos,A:\DR_classification\data\organized\aptos\train\0_No_DR\0212dd31f623.png,train/0_No_DR/0212dd31f623.png,train,0212dd31f623.png,0,No_DR
aptos:train/4_Proliferative_DR/bd9904495ccd.png,aptos,A:\DR_classification\data\organized\aptos\train\4_Proliferative_DR\bd9904495ccd.png,train/4_Proliferative_DR/bd9904495ccd.png,train,bd9904495ccd.png,4,Proliferative_DR
aptos:train/0_No_DR/f09cfc6a4dbd.png,aptos,A:\DR_classification\data\organized\aptos\train\0_No_DR\f09cfc6a4dbd.png,train/0_No_DR/f09cfc6a4dbd.png,train,f09cfc6a4dbd.png,0,No_DR
aptos:train/2_Moderate/0da09e3ce8f1.png,aptos,A:\DR_classification\data\organized\aptos\train\2_Moderate\0da09e3ce8f1.png,train/2_Moderate/0da09e3ce8f1.png,train,0da09e3ce8f1.png,2,Moderate
aptos:train/2_Moderate/23175b7ef453.png,aptos,A:\DR_classification\data\organized\aptos\train\2_Moderate\23175b7ef453.png,train/2_Moderate/23175b7ef453.png,train,23175b7ef453.png,2,Moderate
aptos:test/0_No_DR/a2dff8dbc9f8.png,aptos,A:\DR_classification\data\organized\aptos\test\0_No_DR\a2dff8dbc9f8.png,test/0_No_DR/a2dff8dbc9f8.png,test,a2dff8dbc9f8.png,0,No_DR
aptos:val/0_No_DR/69b3a00927fc.png,aptos,A:\DR_classification\data\organized\aptos\val\0_No_DR\69b3a00927fc.png,val/0_No_DR/69b3a00927fc.png,val,69b3a00927fc.png,0,No_DR
aptos:val/0_No_DR/e893e86dde94.png,aptos,A:\DR_classification\data\organized\aptos\val\0_No_DR\e893e86dde94.png,val/0_No_DR/e893e86dde94.png,val,e893e86dde94.png,0,No_DR
aptos:test/0_No_DR/cff262ed8f4c.png,aptos,A:\DR_classification\data\organized\aptos\test\0_No_DR\cff262ed8f4c.png,test/0_No_DR/cff262ed8f4c.png,test,cff262ed8f4c.png,0,No_DR
aptos:train/1_Mild/0eb52045349f.png,aptos,A:\DR_classification\data\organized\aptos\train\1_Mild\0eb52045349f.png,train/1_Mild/0eb52045349f.png,train,0eb52045349f.png,1,Mild
aptos:train/0_No_DR/9e5737f771c3.png,aptos,A:\DR_classification\data\organized\aptos\train\0_No_DR\9e5737f771c3.png,train/0_No_DR/9e5737f771c3.png,train,9e5737f771c3.png,0,No_DR
aptos:test/4_Proliferative_DR/d1a24527a15d.png,aptos,A:\DR_classification\data\organized\aptos\test\4_Proliferative_DR\d1a24527a15d.png,test/4_Proliferative_DR/d1a24527a15d.png,test,d1a24527a15d.png,4,Proliferative_DR
aptos:train/2_Moderate/46f56c38051f.png,aptos,A:\DR_classification\data\organized\aptos\train\2_Moderate\46f56c38051f.png,train/2_Moderate/46f56c38051f.png,train,46f56c38051f.png,2,Moderate
aptos:train/0_No_DR/38c7153457e2.png,aptos,A:\DR_classification\data\organized\aptos\train\0_No_DR\38c7153457e2.png,train/0_No_DR/38c7153457e2.png,train,38c7153457e2.png,0,No_DR
aptos:train/1_Mild/61bbe8db6f3a.png,aptos,A:\DR_classification\data\organized\aptos\train\1_Mild\61bbe8db6f3a.png,train/1_Mild/61bbe8db6f3a.png,train,61bbe8db6f3a.png,1,Mild
aptos:train/3_Severe/772af553b8b7.png,aptos,A:\DR_classification\data\organized\aptos\train\3_Severe\772af553b8b7.png,train/3_Severe/772af553b8b7.png,train,772af553b8b7.png,3,Severe
aptos:train/2_Moderate/975252e325e3.png,aptos,A:\DR_classification\data\organized\aptos\train\2_Moderate\975252e325e3.png,train/2_Moderate/975252e325e3.png,train,975252e325e3.png,2,Moderate
aptos:test/1_Mild/5090917a2676.png,aptos,A:\DR_classification\data\organized\aptos\test\1_Mild\5090917a2676.png,test/1_Mild/5090917a2676.png,test,5090917a2676.png,1,Mild
aptos:train/0_No_DR/33596a635b53.png,aptos,A:\DR_classification\data\organized\aptos\train\0_No_DR\33596a635b53.png,train/0_No_DR/33596a635b53.png,train,33596a635b53.png,0,No_DR
aptos:val/0_No_DR/996f9bba4ef0.png,aptos,A:\DR_classification\data\organized\aptos\val\0_No_DR\996f9bba4ef0.png,val/0_No_DR/996f9bba4ef0.png,val,996f9bba4ef0.png,0,No_DR
aptos:train/2_Moderate/26e231747848.png,aptos,A:\DR_classification\data\organized\aptos\train\2_Moderate\26e231747848.png,train/2_Moderate/26e231747848.png,train,26e231747848.png,2,Moderate
aptos:train/2_Moderate/064af6592ba6.png,aptos,A:\DR_classification\data\organized\aptos\train\2_Moderate\064af6592ba6.png,train/2_Moderate/064af6592ba6.png,train,064af6592ba6.png,2,Moderate
aptos:train/1_Mild/582115961a3d.png,aptos,A:\DR_classification\data\organized\aptos\train\1_Mild\582115961a3d.png,train/1_Mild/582115961a3d.png,train,582115961a3d.png,1,Mild
aptos:val/0_No_DR/3599029efeb3.png,aptos,A:\DR_classification\data\organized\aptos\val\0_No_DR\3599029efeb3.png,val/0_No_DR/3599029efeb3.png,val,3599029efeb3.png,0,No_DR
aptos:val/1_Mild/6b07971c3bf6.png,aptos,A:\DR_classification\data\organized\aptos\val\1_Mild\6b07971c3bf6.png,val/1_Mild/6b07971c3bf6.png,val,6b07971c3bf6.png,1,Mild
aptos:test/0_No_DR/b7bd4a6627b6.png,aptos,A:\DR_classification\data\organized\aptos\test\0_No_DR\b7bd4a6627b6.png,test/0_No_DR/b7bd4a6627b6.png,test,b7bd4a6627b6.png,0,No_DR
aptos:test/0_No_DR/c3c8fdda50c0.png,aptos,A:\DR_classification\data\organized\aptos\test\0_No_DR\c3c8fdda50c0.png,test/0_No_DR/c3c8fdda50c0.png,test,c3c8fdda50c0.png,0,No_DR
aptos:train/0_No_DR/d2fb715b0c41.png,aptos,A:\DR_classification\data\organized\aptos\train\0_No_DR\d2fb715b0c41.png,train/0_No_DR/d2fb715b0c41.png,train,d2fb715b0c41.png,0,No_DR
aptos:test/0_No_DR/7e70344b0c25.png,aptos,A:\DR_classification\data\organized\aptos\test\0_No_DR\7e70344b0c25.png,test/0_No_DR/7e70344b0c25.png,test,7e70344b0c25.png,0,No_DR
aptos:train/4_Proliferative_DR/905cc86bf100.png,aptos,A:\DR_classification\data\organized\aptos\train\4_Proliferative_DR\905cc86bf100.png,train/4_Proliferative_DR/905cc86bf100.png,train,905cc86bf100.png,4,Proliferative_DR
aptos:train/0_No_DR/24f3e70f0419.png,aptos,A:\DR_classification\data\organized\aptos\train\0_No_DR\24f3e70f0419.png,train/0_No_DR/24f3e70f0419.png,train,24f3e70f0419.png,0,No_DR
aptos:train/2_Moderate/2fb3a8606a77.png,aptos,A:\DR_classification\data\organized\aptos\train\2_Moderate\2fb3a8606a77.png,train/2_Moderate/2fb3a8606a77.png,train,2fb3a8606a77.png,2,Moderate
aptos:train/0_No_DR/94076a9fb9b5.png,aptos,A:\DR_classification\data\organized\aptos\train\0_No_DR\94076a9fb9b5.png,train/0_No_DR/94076a9fb9b5.png,train,94076a9fb9b5.png,0,No_DR
aptos:train/0_No_DR/f35d80bb1a22.png,aptos,A:\DR_classification\data\organized\aptos\train\0_No_DR\f35d80bb1a22.png,train/0_No_DR/f35d80bb1a22.png,train,f35d80bb1a22.png,0,No_DR
aptos:train/2_Moderate/999115d9386b.png,aptos,A:\DR_classification\data\organized\aptos\train\2_Moderate\999115d9386b.png,train/2_Moderate/999115d9386b.png,train,999115d9386b.png,2,Moderate
aptos:train/0_No_DR/f580566e27f5.png,aptos,A:\DR_classification\data\organized\aptos\train\0_No_DR\f580566e27f5.png,train/0_No_DR/f580566e27f5.png,train,f580566e27f5.png,0,No_DR
aptos:test/0_No_DR/2db0cd3e30da.png,aptos,A:\DR_classification\data\organized\aptos\test\0_No_DR\2db0cd3e30da.png,test/0_No_DR/2db0cd3e30da.png,test,2db0cd3e30da.png,0,No_DR
aptos:train/1_Mild/ef8109305128.png,aptos,A:\DR_classification\data\organized\aptos\train\1_Mild\ef8109305128.png,train/1_Mild/ef8109305128.png,train,ef8109305128.png,1,Mild
aptos:train/2_Moderate/e387311a840e.png,aptos,A:\DR_classification\data\organized\aptos\train\2_Moderate\e387311a840e.png,train/2_Moderate/e387311a840e.png,train,e387311a840e.png,2,Moderate
aptos:train/0_No_DR/4b6895d0cf8d.png,aptos,A:\DR_classification\data\organized\aptos\train\0_No_DR\4b6895d0cf8d.png,train/0_No_DR/4b6895d0cf8d.png,train,4b6895d0cf8d.png,0,No_DR
aptos:train/0_No_DR/fe0e2dee1834.png,aptos,A:\DR_classification\data\organized\aptos\train\0_No_DR\fe0e2dee1834.png,train/0_No_DR/fe0e2dee1834.png,train,fe0e2dee1834.png,0,No_DR
aptos:test/4_Proliferative_DR/df84e7113003.png,aptos,A:\DR_classification\data\organized\aptos\test\4_Proliferative_DR\df84e7113003.png,test/4_Proliferative_DR/df84e7113003.png,test,df84e7113003.png,4,Proliferative_DR
aptos:train/0_No_DR/5ca779ace6e7.png,aptos,A:\DR_classification\data\organized\aptos\train\0_No_DR\5ca779ace6e7.png,train/0_No_DR/5ca779ace6e7.png,train,5ca779ace6e7.png,0,No_DR
aptos:test/0_No_DR/bde1063a5dd7.png,aptos,A:\DR_classification\data\organized\aptos\test\0_No_DR\bde1063a5dd7.png,test/0_No_DR/bde1063a5dd7.png,test,bde1063a5dd7.png,0,No_DR
aptos:train/4_Proliferative_DR/789434d095d1.png,aptos,A:\DR_classification\data\organized\aptos\train\4_Proliferative_DR\789434d095d1.png,train/4_Proliferative_DR/789434d095d1.png,train,789434d095d1.png,4,Proliferative_DR
aptos:train/0_No_DR/3232b34cbe99.png,aptos,A:\DR_classification\data\organized\aptos\train\0_No_DR\3232b34cbe99.png,train/0_No_DR/3232b34cbe99.png,train,3232b34cbe99.png,0,No_DR
aptos:train/0_No_DR/5d4e5fd34d91.png,aptos,A:\DR_classification\data\organized\aptos\train\0_No_DR\5d4e5fd34d91.png,train/0_No_DR/5d4e5fd34d91.png,train,5d4e5fd34d91.png,0,No_DR
aptos:val/0_No_DR/2d558de2cabe.png,aptos,A:\DR_classification\data\organized\aptos\val\0_No_DR\2d558de2cabe.png,val/0_No_DR/2d558de2cabe.png,val,2d558de2cabe.png,0,No_DR
aptos:train/2_Moderate/97a5ad7548b7.png,aptos,A:\DR_classification\data\organized\aptos\train\2_Moderate\97a5ad7548b7.png,train/2_Moderate/97a5ad7548b7.png,train,97a5ad7548b7.png,2,Moderate
aptos:train/2_Moderate/76c0c7e1b6cb.png,aptos,A:\DR_classification\data\organized\aptos\train\2_Moderate\76c0c7e1b6cb.png,train/2_Moderate/76c0c7e1b6cb.png,train,76c0c7e1b6cb.png,2,Moderate
aptos:train/4_Proliferative_DR/9a496b1e20f9.png,aptos,A:\DR_classification\data\organized\aptos\train\4_Proliferative_DR\9a496b1e20f9.png,train/4_Proliferative_DR/9a496b1e20f9.png,train,9a496b1e20f9.png,4,Proliferative_DR
aptos:val/0_No_DR/949710bead24.png,aptos,A:\DR_classification\data\organized\aptos\val\0_No_DR\949710bead24.png,val/0_No_DR/949710bead24.png,val,949710bead24.png,0,No_DR
aptos:val/0_No_DR/88e4399d207c.png,aptos,A:\DR_classification\data\organized\aptos\val\0_No_DR\88e4399d207c.png,val/0_No_DR/88e4399d207c.png,val,88e4399d207c.png,0,No_DR
aptos:train/2_Moderate/e1418d28d668.png,aptos,A:\DR_classification\data\organized\aptos\train\2_Moderate\e1418d28d668.png,train/2_Moderate/e1418d28d668.png,train,e1418d28d668.png,2,Moderate
aptos:test/2_Moderate/a9c7b83caf81.png,aptos,A:\DR_classification\data\organized\aptos\test\2_Moderate\a9c7b83caf81.png,test/2_Moderate/a9c7b83caf81.png,test,a9c7b83caf81.png,2,Moderate
aptos:val/0_No_DR/4bcee3cbe232.png,aptos,A:\DR_classification\data\organized\aptos\val\0_No_DR\4bcee3cbe232.png,val/0_No_DR/4bcee3cbe232.png,val,4bcee3cbe232.png,0,No_DR
aptos:train/2_Moderate/aa841de1ee82.png,aptos,A:\DR_classification\data\organized\aptos\train\2_Moderate\aa841de1ee82.png,train/2_Moderate/aa841de1ee82.png,train,aa841de1ee82.png,2,Moderate
aptos:train/0_No_DR/8fbb2ca39911.png,aptos,A:\DR_classification\data\organized\aptos\train\0_No_DR\8fbb2ca39911.png,train/0_No_DR/8fbb2ca39911.png,train,8fbb2ca39911.png,0,No_DR
aptos:train/2_Moderate/d6228d951958.png,aptos,A:\DR_classification\data\organized\aptos\train\2_Moderate\d6228d951958.png,train/2_Moderate/d6228d951958.png,train,d6228d951958.png,2,Moderate
aptos:train/0_No_DR/1b398c0494d1.png,aptos,A:\DR_classification\data\organized\aptos\train\0_No_DR\1b398c0494d1.png,train/0_No_DR/1b398c0494d1.png,train,1b398c0494d1.png,0,No_DR
aptos:train/4_Proliferative_DR/94ef1d14597f.png,aptos,A:\DR_classification\data\organized\aptos\train\4_Proliferative_DR\94ef1d14597f.png,train/4_Proliferative_DR/94ef1d14597f.png,train,94ef1d14597f.png,4,Proliferative_DR
aptos:train/2_Moderate/bfd5c0e55420.png,aptos,A:\DR_classification\data\organized\aptos\train\2_Moderate\bfd5c0e55420.png,train/2_Moderate/bfd5c0e55420.png,train,bfd5c0e55420.png,2,Moderate
aptos:val/1_Mild/45e4b7eada54.png,aptos,A:\DR_classification\data\organized\aptos\val\1_Mild\45e4b7eada54.png,val/1_Mild/45e4b7eada54.png,val,45e4b7eada54.png,1,Mild
aptos:train/0_No_DR/9274e75dc4d5.png,aptos,A:\DR_classification\data\organized\aptos\train\0_No_DR\9274e75dc4d5.png,train/0_No_DR/9274e75dc4d5.png,train,9274e75dc4d5.png,0,No_DR
aptos:train/2_Moderate/14515b8f19b6.png,aptos,A:\DR_classification\data\organized\aptos\train\2_Moderate\14515b8f19b6.png,train/2_Moderate/14515b8f19b6.png,train,14515b8f19b6.png,2,Moderate
aptos:train/2_Moderate/929cd3867815.png,aptos,A:\DR_classification\data\organized\aptos\train\2_Moderate\929cd3867815.png,train/2_Moderate/929cd3867815.png,train,929cd3867815.png,2,Moderate
aptos:test/2_Moderate/be7bc89f5fec.png,aptos,A:\DR_classification\data\organized\aptos\test\2_Moderate\be7bc89f5fec.png,test/2_Moderate/be7bc89f5fec.png,test,be7bc89f5fec.png,2,Moderate
aptos:train/0_No_DR/f68690db78d3.png,aptos,A:\DR_classification\data\organized\aptos\train\0_No_DR\f68690db78d3.png,train/0_No_DR/f68690db78d3.png,train,f68690db78d3.png,0,No_DR
aptos:train/1_Mild/c8fc0df22999.png,aptos,A:\DR_classification\data\organized\aptos\train\1_Mild\c8fc0df22999.png,train/1_Mild/c8fc0df22999.png,train,c8fc0df22999.png,1,Mild
aptos:train/0_No_DR/b6fd109b1bc9.png,aptos,A:\DR_classification\data\organized\aptos\train\0_No_DR\b6fd109b1bc9.png,train/0_No_DR/b6fd109b1bc9.png,train,b6fd109b1bc9.png,0,No_DR
aptos:val/2_Moderate/e724866f5084.png,aptos,A:\DR_classification\data\organized\aptos\val\2_Moderate\e724866f5084.png,val/2_Moderate/e724866f5084.png,val,e724866f5084.png,2,Moderate
aptos:train/2_Moderate/9f5a8665cf2e.png,aptos,A:\DR_classification\data\organized\aptos\train\2_Moderate\9f5a8665cf2e.png,train/2_Moderate/9f5a8665cf2e.png,train,9f5a8665cf2e.png,2,Moderate
aptos:train/0_No_DR/cad5b1a82e60.png,aptos,A:\DR_classification\data\organized\aptos\train\0_No_DR\cad5b1a82e60.png,train/0_No_DR/cad5b1a82e60.png,train,cad5b1a82e60.png,0,No_DR
aptos:val/0_No_DR/2da82d14e1b7.png,aptos,A:\DR_classification\data\organized\aptos\val\0_No_DR\2da82d14e1b7.png,val/0_No_DR/2da82d14e1b7.png,val,2da82d14e1b7.png,0,No_DR
aptos:test/0_No_DR/62b4be2799ca.png,aptos,A:\DR_classification\data\organized\aptos\test\0_No_DR\62b4be2799ca.png,test/0_No_DR/62b4be2799ca.png,test,62b4be2799ca.png,0,No_DR
aptos:train/1_Mild/6ea07d19b4ce.png,aptos,A:\DR_classification\data\organized\aptos\train\1_Mild\6ea07d19b4ce.png,train/1_Mild/6ea07d19b4ce.png,train,6ea07d19b4ce.png,1,Mild
aptos:train/1_Mild/bc73ce76ec43.png,aptos,A:\DR_classification\data\organized\aptos\train\1_Mild\bc73ce76ec43.png,train/1_Mild/bc73ce76ec43.png,train,bc73ce76ec43.png,1,Mild
aptos:train/0_No_DR/6df8b7b6e837.png,aptos,A:\DR_classification\data\organized\aptos\train\0_No_DR\6df8b7b6e837.png,train/0_No_DR/6df8b7b6e837.png,train,6df8b7b6e837.png,0,No_DR
aptos:train/0_No_DR/01d9477b1171.png,aptos,A:\DR_classification\data\organized\aptos\train\0_No_DR\01d9477b1171.png,train/0_No_DR/01d9477b1171.png,train,01d9477b1171.png,0,No_DR
aptos:train/0_No_DR/a7c10ca6c117.png,aptos,A:\DR_classification\data\organized\aptos\train\0_No_DR\a7c10ca6c117.png,train/0_No_DR/a7c10ca6c117.png,train,a7c10ca6c117.png,0,No_DR
aptos:train/0_No_DR/bab776139279.png,aptos,A:\DR_classification\data\organized\aptos\train\0_No_DR\bab776139279.png,train/0_No_DR/bab776139279.png,train,bab776139279.png,0,No_DR
aptos:train/1_Mild/9ed666e982cd.png,aptos,A:\DR_classification\data\organized\aptos\train\1_Mild\9ed666e982cd.png,train/1_Mild/9ed666e982cd.png,train,9ed666e982cd.png,1,Mild
aptos:test/4_Proliferative_DR/20d5fdd450ae.png,aptos,A:\DR_classification\data\organized\aptos\test\4_Proliferative_DR\20d5fdd450ae.png,test/4_Proliferative_DR/20d5fdd450ae.png,test,20d5fdd450ae.png,4,Proliferative_DR
aptos:val/0_No_DR/91f3c4c1e72b.png,aptos,A:\DR_classification\data\organized\aptos\val\0_No_DR\91f3c4c1e72b.png,val/0_No_DR/91f3c4c1e72b.png,val,91f3c4c1e72b.png,0,No_DR
aptos:train/2_Moderate/6c315ad3d07f.png,aptos,A:\DR_classification\data\organized\aptos\train\2_Moderate\6c315ad3d07f.png,train/2_Moderate/6c315ad3d07f.png,train,6c315ad3d07f.png,2,Moderate
aptos:val/0_No_DR/4c5ab774a381.png,aptos,A:\DR_classification\data\organized\aptos\val\0_No_DR\4c5ab774a381.png,val/0_No_DR/4c5ab774a381.png,val,4c5ab774a381.png,0,No_DR
aptos:test/1_Mild/4d7d6928534a.png,aptos,A:\DR_classification\data\organized\aptos\test\1_Mild\4d7d6928534a.png,test/1_Mild/4d7d6928534a.png,test,4d7d6928534a.png,1,Mild
aptos:val/0_No_DR/13c191b59ed0.png,aptos,A:\DR_classification\data\organized\aptos\val\0_No_DR\13c191b59ed0.png,val/0_No_DR/13c191b59ed0.png,val,13c191b59ed0.png,0,No_DR
aptos:train/0_No_DR/6d5a8362dd1e.png,aptos,A:\DR_classification\data\organized\aptos\train\0_No_DR\6d5a8362dd1e.png,train/0_No_DR/6d5a8362dd1e.png,train,6d5a8362dd1e.png,0,No_DR
aptos:train/0_No_DR/9f8112c710be.png,aptos,A:\DR_classification\data\organized\aptos\train\0_No_DR\9f8112c710be.png,train/0_No_DR/9f8112c710be.png,train,9f8112c710be.png,0,No_DR
aptos:train/0_No_DR/d02b79fc3200.png,aptos,A:\DR_classification\data\organized\aptos\train\0_No_DR\d02b79fc3200.png,train/0_No_DR/d02b79fc3200.png,train,d02b79fc3200.png,0,No_DR
aptos:train/1_Mild/665ce639a331.png,aptos,A:\DR_classification\data\organized\aptos\train\1_Mild\665ce639a331.png,train/1_Mild/665ce639a331.png,train,665ce639a331.png,1,Mild
aptos:train/4_Proliferative_DR/cd972e5639e0.png,aptos,A:\DR_classification\data\organized\aptos\train\4_Proliferative_DR\cd972e5639e0.png,train/4_Proliferative_DR/cd972e5639e0.png,train,cd972e5639e0.png,4,Proliferative_DR
aptos:test/4_Proliferative_DR/b1b3e7d0a5f3.png,aptos,A:\DR_classification\data\organized\aptos\test\4_Proliferative_DR\b1b3e7d0a5f3.png,test/4_Proliferative_DR/b1b3e7d0a5f3.png,test,b1b3e7d0a5f3.png,4,Proliferative_DR
aptos:test/3_Severe/07a0e34c8d20.png,aptos,A:\DR_classification\data\organized\aptos\test\3_Severe\07a0e34c8d20.png,test/3_Severe/07a0e34c8d20.png,test,07a0e34c8d20.png,3,Severe
aptos:train/1_Mild/49c5e7f6b8d2.png,aptos,A:\DR_classification\data\organized\aptos\train\1_Mild\49c5e7f6b8d2.png,train/1_Mild/49c5e7f6b8d2.png,train,49c5e7f6b8d2.png,1,Mild
aptos:train/2_Moderate/a2ad3da4c7d6.png,aptos,A:\DR_classification\data\organized\aptos\train\2_Moderate\a2ad3da4c7d6.png,train/2_Moderate/a2ad3da4c7d6.png,train,a2ad3da4c7d6.png,2,Moderate
aptos:train/1_Mild/821789e9053f.png,aptos,A:\DR_classification\data\organized\aptos\train\1_Mild\821789e9053f.png,train/1_Mild/821789e9053f.png,train,821789e9053f.png,1,Mild
aptos:train/0_No_DR/42b9c1977681.png,aptos,A:\DR_classification\data\organized\aptos\train\0_No_DR\42b9c1977681.png,train/0_No_DR/42b9c1977681.png,train,42b9c1977681.png,0,No_DR
aptos:val/2_Moderate/a015ce4f51ad.png,aptos,A:\DR_classification\data\organized\aptos\val\2_Moderate\a015ce4f51ad.png,val/2_Moderate/a015ce4f51ad.png,val,a015ce4f51ad.png,2,Moderate
aptos:train/0_No_DR/b8297a2291f5.png,aptos,A:\DR_classification\data\organized\aptos\train\0_No_DR\b8297a2291f5.png,train/0_No_DR/b8297a2291f5.png,train,b8297a2291f5.png,0,No_DR
aptos:train/0_No_DR/4958bfcc9f38.png,aptos,A:\DR_classification\data\organized\aptos\train\0_No_DR\4958bfcc9f38.png,train/0_No_DR/4958bfcc9f38.png,train,4958bfcc9f38.png,0,No_DR
aptos:train/2_Moderate/6d454444f17c.png,aptos,A:\DR_classification\data\organized\aptos\train\2_Moderate\6d454444f17c.png,train/2_Moderate/6d454444f17c.png,train,6d454444f17c.png,2,Moderate
aptos:train/2_Moderate/4384fa687afa.png,aptos,A:\DR_classification\data\organized\aptos\train\2_Moderate\4384fa687afa.png,train/2_Moderate/4384fa687afa.png,train,4384fa687afa.png,2,Moderate
aptos:val/0_No_DR/cd8da43e3069.png,aptos,A:\DR_classification\data\organized\aptos\val\0_No_DR\cd8da43e3069.png,val/0_No_DR/cd8da43e3069.png,val,cd8da43e3069.png,0,No_DR
aptos:train/0_No_DR/f4c7ae514c54.png,aptos,A:\DR_classification\data\organized\aptos\train\0_No_DR\f4c7ae514c54.png,train/0_No_DR/f4c7ae514c54.png,train,f4c7ae514c54.png,0,No_DR
aptos:train/0_No_DR/599498e9e4bc.png,aptos,A:\DR_classification\data\organized\aptos\train\0_No_DR\599498e9e4bc.png,train/0_No_DR/599498e9e4bc.png,train,599498e9e4bc.png,0,No_DR
aptos:train/0_No_DR/248dec89b3a2.png,aptos,A:\DR_classification\data\organized\aptos\train\0_No_DR\248dec89b3a2.png,train/0_No_DR/248dec89b3a2.png,train,248dec89b3a2.png,0,No_DR
aptos:test/4_Proliferative_DR/ab1c20a94f3f.png,aptos,A:\DR_classification\data\organized\aptos\test\4_Proliferative_DR\ab1c20a94f3f.png,test/4_Proliferative_DR/ab1c20a94f3f.png,test,ab1c20a94f3f.png,4,Proliferative_DR
aptos:train/2_Moderate/b99794a0beed.png,aptos,A:\DR_classification\data\organized\aptos\train\2_Moderate\b99794a0beed.png,train/2_Moderate/b99794a0beed.png,train,b99794a0beed.png,2,Moderate
aptos:val/2_Moderate/bf7047dc683c.png,aptos,A:\DR_classification\data\organized\aptos\val\2_Moderate\bf7047dc683c.png,val/2_Moderate/bf7047dc683c.png,val,bf7047dc683c.png,2,Moderate
aptos:train/2_Moderate/175dd560810a.png,aptos,A:\DR_classification\data\organized\aptos\train\2_Moderate\175dd560810a.png,train/2_Moderate/175dd560810a.png,train,175dd560810a.png,2,Moderate
aptos:train/0_No_DR/6324d77cf926.png,aptos,A:\DR_classification\data\organized\aptos\train\0_No_DR\6324d77cf926.png,train/0_No_DR/6324d77cf926.png,train,6324d77cf926.png,0,No_DR
aptos:train/4_Proliferative_DR/6c3745a222da.png,aptos,A:\DR_classification\data\organized\aptos\train\4_Proliferative_DR\6c3745a222da.png,train/4_Proliferative_DR/6c3745a222da.png,train,6c3745a222da.png,4,Proliferative_DR
aptos:train/0_No_DR/e4c799738a19.png,aptos,A:\DR_classification\data\organized\aptos\train\0_No_DR\e4c799738a19.png,train/0_No_DR/e4c799738a19.png,train,e4c799738a19.png,0,No_DR
aptos:train/1_Mild/38b9bb961847.png,aptos,A:\DR_classification\data\organized\aptos\train\1_Mild\38b9bb961847.png,train/1_Mild/38b9bb961847.png,train,38b9bb961847.png,1,Mild
aptos:train/0_No_DR/d9d2631f043c.png,aptos,A:\DR_classification\data\organized\aptos\train\0_No_DR\d9d2631f043c.png,train/0_No_DR/d9d2631f043c.png,train,d9d2631f043c.png,0,No_DR
aptos:train/2_Moderate/261c6bd63bff.png,aptos,A:\DR_classification\data\organized\aptos\train\2_Moderate\261c6bd63bff.png,train/2_Moderate/261c6bd63bff.png,train,261c6bd63bff.png,2,Moderate
aptos:test/0_No_DR/4fd5ec0dca09.png,aptos,A:\DR_classification\data\organized\aptos\test\0_No_DR\4fd5ec0dca09.png,test/0_No_DR/4fd5ec0dca09.png,test,4fd5ec0dca09.png,0,No_DR
aptos:val/3_Severe/0f96c358a250.png,aptos,A:\DR_classification\data\organized\aptos\val\3_Severe\0f96c358a250.png,val/3_Severe/0f96c358a250.png,val,0f96c358a250.png,3,Severe
aptos:train/0_No_DR/276b14f72328.png,aptos,A:\DR_classification\data\organized\aptos\train\0_No_DR\276b14f72328.png,train/0_No_DR/276b14f72328.png,train,276b14f72328.png,0,No_DR
aptos:train/2_Moderate/f5e9a307288c.png,aptos,A:\DR_classification\data\organized\aptos\train\2_Moderate\f5e9a307288c.png,train/2_Moderate/f5e9a307288c.png,train,f5e9a307288c.png,2,Moderate
aptos:train/2_Moderate/f1a761c68559.png,aptos,A:\DR_classification\data\organized\aptos\train\2_Moderate\f1a761c68559.png,train/2_Moderate/f1a761c68559.png,train,f1a761c68559.png,2,Moderate
aptos:test/0_No_DR/ccea49708830.png,aptos,A:\DR_classification\data\organized\aptos\test\0_No_DR\ccea49708830.png,test/0_No_DR/ccea49708830.png,test,ccea49708830.png,0,No_DR
aptos:train/0_No_DR/d667af5742f6.png,aptos,A:\DR_classification\data\organized\aptos\train\0_No_DR\d667af5742f6.png,train/0_No_DR/d667af5742f6.png,train,d667af5742f6.png,0,No_DR
aptos:train/3_Severe/c5ba9e455d5e.png,aptos,A:\DR_classification\data\organized\aptos\train\3_Severe\c5ba9e455d5e.png,train/3_Severe/c5ba9e455d5e.png,train,c5ba9e455d5e.png,3,Severe
aptos:train/0_No_DR/db6207e62c7b.png,aptos,A:\DR_classification\data\organized\aptos\train\0_No_DR\db6207e62c7b.png,train/0_No_DR/db6207e62c7b.png,train,db6207e62c7b.png,0,No_DR
aptos:train/1_Mild/cf603a9ef2d5.png,aptos,A:\DR_classification\data\organized\aptos\train\1_Mild\cf603a9ef2d5.png,train/1_Mild/cf603a9ef2d5.png,train,cf603a9ef2d5.png,1,Mild
aptos:val/0_No_DR/2682e6da9050.png,aptos,A:\DR_classification\data\organized\aptos\val\0_No_DR\2682e6da9050.png,val/0_No_DR/2682e6da9050.png,val,2682e6da9050.png,0,No_DR
aptos:train/4_Proliferative_DR/cd54d022e37d.png,aptos,A:\DR_classification\data\organized\aptos\train\4_Proliferative_DR\cd54d022e37d.png,train/4_Proliferative_DR/cd54d022e37d.png,train,cd54d022e37d.png,4,Proliferative_DR
aptos:train/0_No_DR/682312e82ee3.png,aptos,A:\DR_classification\data\organized\aptos\train\0_No_DR\682312e82ee3.png,train/0_No_DR/682312e82ee3.png,train,682312e82ee3.png,0,No_DR
aptos:test/1_Mild/9eaf735cf01f.png,aptos,A:\DR_classification\data\organized\aptos\test\1_Mild\9eaf735cf01f.png,test/1_Mild/9eaf735cf01f.png,test,9eaf735cf01f.png,1,Mild
aptos:val/0_No_DR/d7ab5c040294.png,aptos,A:\DR_classification\data\organized\aptos\val\0_No_DR\d7ab5c040294.png,val/0_No_DR/d7ab5c040294.png,val,d7ab5c040294.png,0,No_DR
aptos:test/0_No_DR/a0e635689259.png,aptos,A:\DR_classification\data\organized\aptos\test\0_No_DR\a0e635689259.png,test/0_No_DR/a0e635689259.png,test,a0e635689259.png,0,No_DR
aptos:train/0_No_DR/8e4a354e3da2.png,aptos,A:\DR_classification\data\organized\aptos\train\0_No_DR\8e4a354e3da2.png,train/0_No_DR/8e4a354e3da2.png,train,8e4a354e3da2.png,0,No_DR
aptos:train/0_No_DR/c5b58cc992af.png,aptos,A:\DR_classification\data\organized\aptos\train\0_No_DR\c5b58cc992af.png,train/0_No_DR/c5b58cc992af.png,train,c5b58cc992af.png,0,No_DR
aptos:train/0_No_DR/32d7d360d891.png,aptos,A:\DR_classification\data\organized\aptos\train\0_No_DR\32d7d360d891.png,train/0_No_DR/32d7d360d891.png,train,32d7d360d891.png,0,No_DR
aptos:train/0_No_DR/fed5bb685832.png,aptos,A:\DR_classification\data\organized\aptos\train\0_No_DR\fed5bb685832.png,train/0_No_DR/fed5bb685832.png,train,fed5bb685832.png,0,No_DR
aptos:train/0_No_DR/6653ad026901.png,aptos,A:\DR_classification\data\organized\aptos\train\0_No_DR\6653ad026901.png,train/0_No_DR/6653ad026901.png,train,6653ad026901.png,0,No_DR
aptos:val/0_No_DR/48a45619d1a3.png,aptos,A:\DR_classification\data\organized\aptos\val\0_No_DR\48a45619d1a3.png,val/0_No_DR/48a45619d1a3.png,val,48a45619d1a3.png,0,No_DR
aptos:test/0_No_DR/0a4e1a29ffff.png,aptos,A:\DR_classification\data\organized\aptos\test\0_No_DR\0a4e1a29ffff.png,test/0_No_DR/0a4e1a29ffff.png,test,0a4e1a29ffff.png,0,No_DR
aptos:val/2_Moderate/2a5a8b744f08.png,aptos,A:\DR_classification\data\organized\aptos\val\2_Moderate\2a5a8b744f08.png,val/2_Moderate/2a5a8b744f08.png,val,2a5a8b744f08.png,2,Moderate
aptos:train/1_Mild/274f5029189b.png,aptos,A:\DR_classification\data\organized\aptos\train\1_Mild\274f5029189b.png,train/1_Mild/274f5029189b.png,train,274f5029189b.png,1,Mild
aptos:val/0_No_DR/7f2cce721e19.png,aptos,A:\DR_classification\data\organized\aptos\val\0_No_DR\7f2cce721e19.png,val/0_No_DR/7f2cce721e19.png,val,7f2cce721e19.png,0,No_DR
aptos:train/2_Moderate/1dfbede13143.png,aptos,A:\DR_classification\data\organized\aptos\train\2_Moderate\1dfbede13143.png,train/2_Moderate/1dfbede13143.png,train,1dfbede13143.png,2,Moderate
aptos:train/0_No_DR/4464bb62bf20.png,aptos,A:\DR_classification\data\organized\aptos\train\0_No_DR\4464bb62bf20.png,train/0_No_DR/4464bb62bf20.png,train,4464bb62bf20.png,0,No_DR
aptos:train/4_Proliferative_DR/f1dc26c4bfa3.png,aptos,A:\DR_classification\data\organized\aptos\train\4_Proliferative_DR\f1dc26c4bfa3.png,train/4_Proliferative_DR/f1dc26c4bfa3.png,train,f1dc26c4bfa3.png,4,Proliferative_DR
aptos:val/0_No_DR/03b373718013.png,aptos,A:\DR_classification\data\organized\aptos\val\0_No_DR\03b373718013.png,val/0_No_DR/03b373718013.png,val,03b373718013.png,0,No_DR
aptos:train/0_No_DR/4aa3d771c5e4.png,aptos,A:\DR_classification\data\organized\aptos\train\0_No_DR\4aa3d771c5e4.png,train/0_No_DR/4aa3d771c5e4.png,train,4aa3d771c5e4.png,0,No_DR
aptos:train/4_Proliferative_DR/8d8aca52c07b.png,aptos,A:\DR_classification\data\organized\aptos\train\4_Proliferative_DR\8d8aca52c07b.png,train/4_Proliferative_DR/8d8aca52c07b.png,train,8d8aca52c07b.png,4,Proliferative_DR
aptos:test/2_Moderate/9a28d4e8aef0.png,aptos,A:\DR_classification\data\organized\aptos\test\2_Moderate\9a28d4e8aef0.png,test/2_Moderate/9a28d4e8aef0.png,test,9a28d4e8aef0.png,2,Moderate
aptos:train/0_No_DR/a94da3d3b5c0.png,aptos,A:\DR_classification\data\organized\aptos\train\0_No_DR\a94da3d3b5c0.png,train/0_No_DR/a94da3d3b5c0.png,train,a94da3d3b5c0.png,0,No_DR
aptos:test/2_Moderate/9b418ce42c13.png,aptos,A:\DR_classification\data\organized\aptos\test\2_Moderate\9b418ce42c13.png,test/2_Moderate/9b418ce42c13.png,test,9b418ce42c13.png,2,Moderate
aptos:train/0_No_DR/94f9ecf4b8d2.png,aptos,A:\DR_classification\data\organized\aptos\train\0_No_DR\94f9ecf4b8d2.png,train/0_No_DR/94f9ecf4b8d2.png,train,94f9ecf4b8d2.png,0,No_DR
aptos:train/0_No_DR/f531232ecb55.png,aptos,A:\DR_classification\data\organized\aptos\train\0_No_DR\f531232ecb55.png,train/0_No_DR/f531232ecb55.png,train,f531232ecb55.png,0,No_DR
aptos:test/0_No_DR/0fc6829da85b.png,aptos,A:\DR_classification\data\organized\aptos\test\0_No_DR\0fc6829da85b.png,test/0_No_DR/0fc6829da85b.png,test,0fc6829da85b.png,0,No_DR
aptos:train/3_Severe/2665f72e2dd3.png,aptos,A:\DR_classification\data\organized\aptos\train\3_Severe\2665f72e2dd3.png,train/3_Severe/2665f72e2dd3.png,train,2665f72e2dd3.png,3,Severe
aptos:val/3_Severe/6fb656d506b2.png,aptos,A:\DR_classification\data\organized\aptos\val\3_Severe\6fb656d506b2.png,val/3_Severe/6fb656d506b2.png,val,6fb656d506b2.png,3,Severe
aptos:train/4_Proliferative_DR/1e9224ccca95.png,aptos,A:\DR_classification\data\organized\aptos\train\4_Proliferative_DR\1e9224ccca95.png,train/4_Proliferative_DR/1e9224ccca95.png,train,1e9224ccca95.png,4,Proliferative_DR
aptos:train/0_No_DR/d69698f838db.png,aptos,A:\DR_classification\data\organized\aptos\train\0_No_DR\d69698f838db.png,train/0_No_DR/d69698f838db.png,train,d69698f838db.png,0,No_DR
aptos:train/0_No_DR/8f14bca04b47.png,aptos,A:\DR_classification\data\organized\aptos\train\0_No_DR\8f14bca04b47.png,train/0_No_DR/8f14bca04b47.png,train,8f14bca04b47.png,0,No_DR
aptos:train/0_No_DR/5299a532f0e0.png,aptos,A:\DR_classification\data\organized\aptos\train\0_No_DR\5299a532f0e0.png,train/0_No_DR/5299a532f0e0.png,train,5299a532f0e0.png,0,No_DR
aptos:test/0_No_DR/82088c6734e6.png,aptos,A:\DR_classification\data\organized\aptos\test\0_No_DR\82088c6734e6.png,test/0_No_DR/82088c6734e6.png,test,82088c6734e6.png,0,No_DR
aptos:train/0_No_DR/6b30767595d8.png,aptos,A:\DR_classification\data\organized\aptos\train\0_No_DR\6b30767595d8.png,train/0_No_DR/6b30767595d8.png,train,6b30767595d8.png,0,No_DR
aptos:train/0_No_DR/81d79d53ed7b.png,aptos,A:\DR_classification\data\organized\aptos\train\0_No_DR\81d79d53ed7b.png,train/0_No_DR/81d79d53ed7b.png,train,81d79d53ed7b.png,0,No_DR
aptos:test/0_No_DR/98d41bce73a8.png,aptos,A:\DR_classification\data\organized\aptos\test\0_No_DR\98d41bce73a8.png,test/0_No_DR/98d41bce73a8.png,test,98d41bce73a8.png,0,No_DR
aptos:train/0_No_DR/537e5c578f40.png,aptos,A:\DR_classification\data\organized\aptos\train\0_No_DR\537e5c578f40.png,train/0_No_DR/537e5c578f40.png,train,537e5c578f40.png,0,No_DR
aptos:train/0_No_DR/3601dac9bed7.png,aptos,A:\DR_classification\data\organized\aptos\train\0_No_DR\3601dac9bed7.png,train/0_No_DR/3601dac9bed7.png,train,3601dac9bed7.png,0,No_DR
aptos:val/0_No_DR/bc7bf19b84e3.png,aptos,A:\DR_classification\data\organized\aptos\val\0_No_DR\bc7bf19b84e3.png,val/0_No_DR/bc7bf19b84e3.png,val,bc7bf19b84e3.png,0,No_DR
aptos:train/1_Mild/a3d2a0c4cd17.png,aptos,A:\DR_classification\data\organized\aptos\train\1_Mild\a3d2a0c4cd17.png,train/1_Mild/a3d2a0c4cd17.png,train,a3d2a0c4cd17.png,1,Mild
aptos:train/2_Moderate/85cc6d636898.png,aptos,A:\DR_classification\data\organized\aptos\train\2_Moderate\85cc6d636898.png,train/2_Moderate/85cc6d636898.png,train,85cc6d636898.png,2,Moderate
aptos:train/0_No_DR/5cbe88914a72.png,aptos,A:\DR_classification\data\organized\aptos\train\0_No_DR\5cbe88914a72.png,train/0_No_DR/5cbe88914a72.png,train,5cbe88914a72.png,0,No_DR
aptos:test/0_No_DR/b0b3b16fc305.png,aptos,A:\DR_classification\data\organized\aptos\test\0_No_DR\b0b3b16fc305.png,test/0_No_DR/b0b3b16fc305.png,test,b0b3b16fc305.png,0,No_DR
aptos:test/0_No_DR/7c2e852171c0.png,aptos,A:\DR_classification\data\organized\aptos\test\0_No_DR\7c2e852171c0.png,test/0_No_DR/7c2e852171c0.png,test,7c2e852171c0.png,0,No_DR
aptos:train/2_Moderate/d88806d9ece9.png,aptos,A:\DR_classification\data\organized\aptos\train\2_Moderate\d88806d9ece9.png,train/2_Moderate/d88806d9ece9.png,train,d88806d9ece9.png,2,Moderate
aptos:train/2_Moderate/69df7ade0575.png,aptos,A:\DR_classification\data\organized\aptos\train\2_Moderate\69df7ade0575.png,train/2_Moderate/69df7ade0575.png,train,69df7ade0575.png,2,Moderate
aptos:test/2_Moderate/e7fc93ac5b6d.png,aptos,A:\DR_classification\data\organized\aptos\test\2_Moderate\e7fc93ac5b6d.png,test/2_Moderate/e7fc93ac5b6d.png,test,e7fc93ac5b6d.png,2,Moderate
aptos:val/2_Moderate/03fd50da928d.png,aptos,A:\DR_classification\data\organized\aptos\val\2_Moderate\03fd50da928d.png,val/2_Moderate/03fd50da928d.png,val,03fd50da928d.png,2,Moderate
aptos:train/0_No_DR/d7a01fca9838.png,aptos,A:\DR_classification\data\organized\aptos\train\0_No_DR\d7a01fca9838.png,train/0_No_DR/d7a01fca9838.png,train,d7a01fca9838.png,0,No_DR
aptos:train/0_No_DR/3254e48c8aa0.png,aptos,A:\DR_classification\data\organized\aptos\train\0_No_DR\3254e48c8aa0.png,train/0_No_DR/3254e48c8aa0.png,train,3254e48c8aa0.png,0,No_DR
aptos:test/0_No_DR/1a0dbc6c0cda.png,aptos,A:\DR_classification\data\organized\aptos\test\0_No_DR\1a0dbc6c0cda.png,test/0_No_DR/1a0dbc6c0cda.png,test,1a0dbc6c0cda.png,0,No_DR
aptos:train/0_No_DR/84b4da14bc23.png,aptos,A:\DR_classification\data\organized\aptos\train\0_No_DR\84b4da14bc23.png,train/0_No_DR/84b4da14bc23.png,train,84b4da14bc23.png,0,No_DR
aptos:train/2_Moderate/8bdb891661a8.png,aptos,A:\DR_classification\data\organized\aptos\train\2_Moderate\8bdb891661a8.png,train/2_Moderate/8bdb891661a8.png,train,8bdb891661a8.png,2,Moderate
aptos:train/2_Moderate/2f9b66784109.png,aptos,A:\DR_classification\data\organized\aptos\train\2_Moderate\2f9b66784109.png,train/2_Moderate/2f9b66784109.png,train,2f9b66784109.png,2,Moderate
aptos:val/0_No_DR/eae70f527755.png,aptos,A:\DR_classification\data\organized\aptos\val\0_No_DR\eae70f527755.png,val/0_No_DR/eae70f527755.png,val,eae70f527755.png,0,No_DR
aptos:test/0_No_DR/a77eb914b383.png,aptos,A:\DR_classification\data\organized\aptos\test\0_No_DR\a77eb914b383.png,test/0_No_DR/a77eb914b383.png,test,a77eb914b383.png,0,No_DR
aptos:train/0_No_DR/cfed7c1172ec.png,aptos,A:\DR_classification\data\organized\aptos\train\0_No_DR\cfed7c1172ec.png,train/0_No_DR/cfed7c1172ec.png,train,cfed7c1172ec.png,0,No_DR
aptos:train/2_Moderate/5c6194562ed2.png,aptos,A:\DR_classification\data\organized\aptos\train\2_Moderate\5c6194562ed2.png,train/2_Moderate/5c6194562ed2.png,train,5c6194562ed2.png,2,Moderate
aptos:val/0_No_DR/e59c5f345bb0.png,aptos,A:\DR_classification\data\organized\aptos\val\0_No_DR\e59c5f345bb0.png,val/0_No_DR/e59c5f345bb0.png,val,e59c5f345bb0.png,0,No_DR
aptos:train/0_No_DR/e582e56e7942.png,aptos,A:\DR_classification\data\organized\aptos\train\0_No_DR\e582e56e7942.png,train/0_No_DR/e582e56e7942.png,train,e582e56e7942.png,0,No_DR
aptos:val/2_Moderate/86722fcd802c.png,aptos,A:\DR_classification\data\organized\aptos\val\2_Moderate\86722fcd802c.png,val/2_Moderate/86722fcd802c.png,val,86722fcd802c.png,2,Moderate
aptos:test/0_No_DR/2cfe8703f265.png,aptos,A:\DR_classification\data\organized\aptos\test\0_No_DR\2cfe8703f265.png,test/0_No_DR/2cfe8703f265.png,test,2cfe8703f265.png,0,No_DR
aptos:train/0_No_DR/73d40ce06a67.png,aptos,A:\DR_classification\data\organized\aptos\train\0_No_DR\73d40ce06a67.png,train/0_No_DR/73d40ce06a67.png,train,73d40ce06a67.png,0,No_DR
aptos:test/0_No_DR/eedae6b28f96.png,aptos,A:\DR_classification\data\organized\aptos\test\0_No_DR\eedae6b28f96.png,test/0_No_DR/eedae6b28f96.png,test,eedae6b28f96.png,0,No_DR
aptos:train/4_Proliferative_DR/b3819a805dca.png,aptos,A:\DR_classification\data\organized\aptos\train\4_Proliferative_DR\b3819a805dca.png,train/4_Proliferative_DR/b3819a805dca.png,train,b3819a805dca.png,4,Proliferative_DR
aptos:train/0_No_DR/d865997a6280.png,aptos,A:\DR_classification\data\organized\aptos\train\0_No_DR\d865997a6280.png,train/0_No_DR/d865997a6280.png,train,d865997a6280.png,0,No_DR
aptos:train/3_Severe/aae8f9f3ef8c.png,aptos,A:\DR_classification\data\organized\aptos\train\3_Severe\aae8f9f3ef8c.png,train/3_Severe/aae8f9f3ef8c.png,train,aae8f9f3ef8c.png,3,Severe
aptos:train/0_No_DR/2dc647e00ad3.png,aptos,A:\DR_classification\data\organized\aptos\train\0_No_DR\2dc647e00ad3.png,train/0_No_DR/2dc647e00ad3.png,train,2dc647e00ad3.png,0,No_DR
aptos:train/2_Moderate/c6c2bad91f23.png,aptos,A:\DR_classification\data\organized\aptos\train\2_Moderate\c6c2bad91f23.png,train/2_Moderate/c6c2bad91f23.png,train,c6c2bad91f23.png,2,Moderate
aptos:test/2_Moderate/9785805af1b8.png,aptos,A:\DR_classification\data\organized\aptos\test\2_Moderate\9785805af1b8.png,test/2_Moderate/9785805af1b8.png,test,9785805af1b8.png,2,Moderate
aptos:train/0_No_DR/cd01672507c9.png,aptos,A:\DR_classification\data\organized\aptos\train\0_No_DR\cd01672507c9.png,train/0_No_DR/cd01672507c9.png,train,cd01672507c9.png,0,No_DR
aptos:train/1_Mild/e2a233493b90.png,aptos,A:\DR_classification\data\organized\aptos\train\1_Mild\e2a233493b90.png,train/1_Mild/e2a233493b90.png,train,e2a233493b90.png,1,Mild
aptos:test/4_Proliferative_DR/887c26fc0e1f.png,aptos,A:\DR_classification\data\organized\aptos\test\4_Proliferative_DR\887c26fc0e1f.png,test/4_Proliferative_DR/887c26fc0e1f.png,test,887c26fc0e1f.png,4,Proliferative_DR
aptos:train/0_No_DR/a88365134c3c.png,aptos,A:\DR_classification\data\organized\aptos\train\0_No_DR\a88365134c3c.png,train/0_No_DR/a88365134c3c.png,train,a88365134c3c.png,0,No_DR
aptos:train/0_No_DR/b5a3ca5c0a80.png,aptos,A:\DR_classification\data\organized\aptos\train\0_No_DR\b5a3ca5c0a80.png,train/0_No_DR/b5a3ca5c0a80.png,train,b5a3ca5c0a80.png,0,No_DR
aptos:val/0_No_DR/36e4b704b905.png,aptos,A:\DR_classification\data\organized\aptos\val\0_No_DR\36e4b704b905.png,val/0_No_DR/36e4b704b905.png,val,36e4b704b905.png,0,No_DR
aptos:train/0_No_DR/a1eb88562239.png,aptos,A:\DR_classification\data\organized\aptos\train\0_No_DR\a1eb88562239.png,train/0_No_DR/a1eb88562239.png,train,a1eb88562239.png,0,No_DR
aptos:train/1_Mild/b6a0e348a01e.png,aptos,A:\DR_classification\data\organized\aptos\train\1_Mild\b6a0e348a01e.png,train/1_Mild/b6a0e348a01e.png,train,b6a0e348a01e.png,1,Mild
aptos:val/0_No_DR/1d74c4713e21.png,aptos,A:\DR_classification\data\organized\aptos\val\0_No_DR\1d74c4713e21.png,val/0_No_DR/1d74c4713e21.png,val,1d74c4713e21.png,0,No_DR
aptos:train/4_Proliferative_DR/16ce555748d8.png,aptos,A:\DR_classification\data\organized\aptos\train\4_Proliferative_DR\16ce555748d8.png,train/4_Proliferative_DR/16ce555748d8.png,train,16ce555748d8.png,4,Proliferative_DR
aptos:train/0_No_DR/a987aa7aac37.png,aptos,A:\DR_classification\data\organized\aptos\train\0_No_DR\a987aa7aac37.png,train/0_No_DR/a987aa7aac37.png,train,a987aa7aac37.png,0,No_DR
aptos:train/0_No_DR/7fc3a8bb40de.png,aptos,A:\DR_classification\data\organized\aptos\train\0_No_DR\7fc3a8bb40de.png,train/0_No_DR/7fc3a8bb40de.png,train,7fc3a8bb40de.png,0,No_DR
aptos:train/2_Moderate/9033f1493da1.png,aptos,A:\DR_classification\data\organized\aptos\train\2_Moderate\9033f1493da1.png,train/2_Moderate/9033f1493da1.png,train,9033f1493da1.png,2,Moderate
aptos:train/2_Moderate/43fb6eda9b97.png,aptos,A:\DR_classification\data\organized\aptos\train\2_Moderate\43fb6eda9b97.png,train/2_Moderate/43fb6eda9b97.png,train,43fb6eda9b97.png,2,Moderate
aptos:train/2_Moderate/4b1001050f1d.png,aptos,A:\DR_classification\data\organized\aptos\train\2_Moderate\4b1001050f1d.png,train/2_Moderate/4b1001050f1d.png,train,4b1001050f1d.png,2,Moderate
aptos:val/0_No_DR/3732de8b416f.png,aptos,A:\DR_classification\data\organized\aptos\val\0_No_DR\3732de8b416f.png,val/0_No_DR/3732de8b416f.png,val,3732de8b416f.png,0,No_DR
aptos:train/4_Proliferative_DR/c6a145742708.png,aptos,A:\DR_classification\data\organized\aptos\train\4_Proliferative_DR\c6a145742708.png,train/4_Proliferative_DR/c6a145742708.png,train,c6a145742708.png,4,Proliferative_DR
aptos:train/2_Moderate/624fb7317106.png,aptos,A:\DR_classification\data\organized\aptos\train\2_Moderate\624fb7317106.png,train/2_Moderate/624fb7317106.png,train,624fb7317106.png,2,Moderate
aptos:train/0_No_DR/5ca73d28f17f.png,aptos,A:\DR_classification\data\organized\aptos\train\0_No_DR\5ca73d28f17f.png,train/0_No_DR/5ca73d28f17f.png,train,5ca73d28f17f.png,0,No_DR
aptos:train/4_Proliferative_DR/ff8a0b45c789.png,aptos,A:\DR_classification\data\organized\aptos\train\4_Proliferative_DR\ff8a0b45c789.png,train/4_Proliferative_DR/ff8a0b45c789.png,train,ff8a0b45c789.png,4,Proliferative_DR
aptos:train/0_No_DR/86410aa13b3e.png,aptos,A:\DR_classification\data\organized\aptos\train\0_No_DR\86410aa13b3e.png,train/0_No_DR/86410aa13b3e.png,train,86410aa13b3e.png,0,No_DR
aptos:train/0_No_DR/74211a2b6dcf.png,aptos,A:\DR_classification\data\organized\aptos\train\0_No_DR\74211a2b6dcf.png,train/0_No_DR/74211a2b6dcf.png,train,74211a2b6dcf.png,0,No_DR
aptos:train/0_No_DR/224c14366e11.png,aptos,A:\DR_classification\data\organized\aptos\train\0_No_DR\224c14366e11.png,train/0_No_DR/224c14366e11.png,train,224c14366e11.png,0,No_DR
aptos:train/0_No_DR/a6731dd737af.png,aptos,A:\DR_classification\data\organized\aptos\train\0_No_DR\a6731dd737af.png,train/0_No_DR/a6731dd737af.png,train,a6731dd737af.png,0,No_DR
aptos:train/0_No_DR/04579e31e4be.png,aptos,A:\DR_classification\data\organized\aptos\train\0_No_DR\04579e31e4be.png,train/0_No_DR/04579e31e4be.png,train,04579e31e4be.png,0,No_DR
aptos:train/0_No_DR/b835b6e31a59.png,aptos,A:\DR_classification\data\organized\aptos\train\0_No_DR\b835b6e31a59.png,train/0_No_DR/b835b6e31a59.png,train,b835b6e31a59.png,0,No_DR
aptos:val/0_No_DR/ed3ce1674761.png,aptos,A:\DR_classification\data\organized\aptos\val\0_No_DR\ed3ce1674761.png,val/0_No_DR/ed3ce1674761.png,val,ed3ce1674761.png,0,No_DR
aptos:train/4_Proliferative_DR/c3d12a23f451.png,aptos,A:\DR_classification\data\organized\aptos\train\4_Proliferative_DR\c3d12a23f451.png,train/4_Proliferative_DR/c3d12a23f451.png,train,c3d12a23f451.png,4,Proliferative_DR
aptos:train/0_No_DR/a1edf0e66592.png,aptos,A:\DR_classification\data\organized\aptos\train\0_No_DR\a1edf0e66592.png,train/0_No_DR/a1edf0e66592.png,train,a1edf0e66592.png,0,No_DR
aptos:train/4_Proliferative_DR/f8cf7ed8ef00.png,aptos,A:\DR_classification\data\organized\aptos\train\4_Proliferative_DR\f8cf7ed8ef00.png,train/4_Proliferative_DR/f8cf7ed8ef00.png,train,f8cf7ed8ef00.png,4,Proliferative_DR
aptos:train/4_Proliferative_DR/247ac63e5510.png,aptos,A:\DR_classification\data\organized\aptos\train\4_Proliferative_DR\247ac63e5510.png,train/4_Proliferative_DR/247ac63e5510.png,train,247ac63e5510.png,4,Proliferative_DR
aptos:train/0_No_DR/12ab2f6397f0.png,aptos,A:\DR_classification\data\organized\aptos\train\0_No_DR\12ab2f6397f0.png,train/0_No_DR/12ab2f6397f0.png,train,12ab2f6397f0.png,0,No_DR
aptos:test/2_Moderate/e599151ca14b.png,aptos,A:\DR_classification\data\organized\aptos\test\2_Moderate\e599151ca14b.png,test/2_Moderate/e599151ca14b.png,test,e599151ca14b.png,2,Moderate
aptos:test/0_No_DR/60aa4e649abf.png,aptos,A:\DR_classification\data\organized\aptos\test\0_No_DR\60aa4e649abf.png,test/0_No_DR/60aa4e649abf.png,test,60aa4e649abf.png,0,No_DR
aptos:train/0_No_DR/6bb30ec3231a.png,aptos,A:\DR_classification\data\organized\aptos\train\0_No_DR\6bb30ec3231a.png,train/0_No_DR/6bb30ec3231a.png,train,6bb30ec3231a.png,0,No_DR
aptos:test/4_Proliferative_DR/44ecf3f4efa5.png,aptos,A:\DR_classification\data\organized\aptos\test\4_Proliferative_DR\44ecf3f4efa5.png,test/4_Proliferative_DR/44ecf3f4efa5.png,test,44ecf3f4efa5.png,4,Proliferative_DR
aptos:test/0_No_DR/d9ad2a0ec026.png,aptos,A:\DR_classification\data\organized\aptos\test\0_No_DR\d9ad2a0ec026.png,test/0_No_DR/d9ad2a0ec026.png,test,d9ad2a0ec026.png,0,No_DR
aptos:train/0_No_DR/d332d7b8a26e.png,aptos,A:\DR_classification\data\organized\aptos\train\0_No_DR\d332d7b8a26e.png,train/0_No_DR/d332d7b8a26e.png,train,d332d7b8a26e.png,0,No_DR
aptos:train/3_Severe/aba3063c5413.png,aptos,A:\DR_classification\data\organized\aptos\train\3_Severe\aba3063c5413.png,train/3_Severe/aba3063c5413.png,train,aba3063c5413.png,3,Severe
aptos:train/4_Proliferative_DR/aa6673241154.png,aptos,A:\DR_classification\data\organized\aptos\train\4_Proliferative_DR\aa6673241154.png,train/4_Proliferative_DR/aa6673241154.png,train,aa6673241154.png,4,Proliferative_DR
aptos:test/1_Mild/30941b65348b.png,aptos,A:\DR_classification\data\organized\aptos\test\1_Mild\30941b65348b.png,test/1_Mild/30941b65348b.png,test,30941b65348b.png,1,Mild
aptos:train/0_No_DR/9b57e43b44e7.png,aptos,A:\DR_classification\data\organized\aptos\train\0_No_DR\9b57e43b44e7.png,train/0_No_DR/9b57e43b44e7.png,train,9b57e43b44e7.png,0,No_DR
aptos:train/2_Moderate/1d55e689cf84.png,aptos,A:\DR_classification\data\organized\aptos\train\2_Moderate\1d55e689cf84.png,train/2_Moderate/1d55e689cf84.png,train,1d55e689cf84.png,2,Moderate
aptos:train/0_No_DR/878e356c8fc9.png,aptos,A:\DR_classification\data\organized\aptos\train\0_No_DR\878e356c8fc9.png,train/0_No_DR/878e356c8fc9.png,train,878e356c8fc9.png,0,No_DR
aptos:train/0_No_DR/afc345cc9145.png,aptos,A:\DR_classification\data\organized\aptos\train\0_No_DR\afc345cc9145.png,train/0_No_DR/afc345cc9145.png,train,afc345cc9145.png,0,No_DR
aptos:train/2_Moderate/6810410187a0.png,aptos,A:\DR_classification\data\organized\aptos\train\2_Moderate\6810410187a0.png,train/2_Moderate/6810410187a0.png,train,6810410187a0.png,2,Moderate
aptos:train/2_Moderate/b0cc9f8d06e4.png,aptos,A:\DR_classification\data\organized\aptos\train\2_Moderate\b0cc9f8d06e4.png,train/2_Moderate/b0cc9f8d06e4.png,train,b0cc9f8d06e4.png,2,Moderate
aptos:train/3_Severe/e13412678eff.png,aptos,A:\DR_classification\data\organized\aptos\train\3_Severe\e13412678eff.png,train/3_Severe/e13412678eff.png,train,e13412678eff.png,3,Severe
aptos:train/4_Proliferative_DR/7270367410a1.png,aptos,A:\DR_classification\data\organized\aptos\train\4_Proliferative_DR\7270367410a1.png,train/4_Proliferative_DR/7270367410a1.png,train,7270367410a1.png,4,Proliferative_DR
aptos:test/2_Moderate/6c2555a9cae4.png,aptos,A:\DR_classification\data\organized\aptos\test\2_Moderate\6c2555a9cae4.png,test/2_Moderate/6c2555a9cae4.png,test,6c2555a9cae4.png,2,Moderate
aptos:train/2_Moderate/891392c9683c.png,aptos,A:\DR_classification\data\organized\aptos\train\2_Moderate\891392c9683c.png,train/2_Moderate/891392c9683c.png,train,891392c9683c.png,2,Moderate
aptos:train/1_Mild/101b9ebfc720.png,aptos,A:\DR_classification\data\organized\aptos\train\1_Mild\101b9ebfc720.png,train/1_Mild/101b9ebfc720.png,train,101b9ebfc720.png,1,Mild
aptos:train/0_No_DR/6c6505a0c637.png,aptos,A:\DR_classification\data\organized\aptos\train\0_No_DR\6c6505a0c637.png,train/0_No_DR/6c6505a0c637.png,train,6c6505a0c637.png,0,No_DR
aptos:train/0_No_DR/9e2058917304.png,aptos,A:\DR_classification\data\organized\aptos\train\0_No_DR\9e2058917304.png,train/0_No_DR/9e2058917304.png,train,9e2058917304.png,0,No_DR
aptos:train/0_No_DR/69f43381317b.png,aptos,A:\DR_classification\data\organized\aptos\train\0_No_DR\69f43381317b.png,train/0_No_DR/69f43381317b.png,train,69f43381317b.png,0,No_DR
aptos:val/4_Proliferative_DR/664b1f9a2087.png,aptos,A:\DR_classification\data\organized\aptos\val\4_Proliferative_DR\664b1f9a2087.png,val/4_Proliferative_DR/664b1f9a2087.png,val,664b1f9a2087.png,4,Proliferative_DR
aptos:train/0_No_DR/9ac41b9a809e.png,aptos,A:\DR_classification\data\organized\aptos\train\0_No_DR\9ac41b9a809e.png,train/0_No_DR/9ac41b9a809e.png,train,9ac41b9a809e.png,0,No_DR
aptos:train/4_Proliferative_DR/e4730ddde408.png,aptos,A:\DR_classification\data\organized\aptos\train\4_Proliferative_DR\e4730ddde408.png,train/4_Proliferative_DR/e4730ddde408.png,train,e4730ddde408.png,4,Proliferative_DR
aptos:train/0_No_DR/9fa02dfb5553.png,aptos,A:\DR_classification\data\organized\aptos\train\0_No_DR\9fa02dfb5553.png,train/0_No_DR/9fa02dfb5553.png,train,9fa02dfb5553.png,0,No_DR
aptos:train/0_No_DR/77e15f213b04.png,aptos,A:\DR_classification\data\organized\aptos\train\0_No_DR\77e15f213b04.png,train/0_No_DR/77e15f213b04.png,train,77e15f213b04.png,0,No_DR
aptos:train/0_No_DR/596f4fdb0004.png,aptos,A:\DR_classification\data\organized\aptos\train\0_No_DR\596f4fdb0004.png,train/0_No_DR/596f4fdb0004.png,train,596f4fdb0004.png,0,No_DR
aptos:val/3_Severe/6089fa333013.png,aptos,A:\DR_classification\data\organized\aptos\val\3_Severe\6089fa333013.png,val/3_Severe/6089fa333013.png,val,6089fa333013.png,3,Severe
aptos:train/1_Mild/4661006f3ba6.png,aptos,A:\DR_classification\data\organized\aptos\train\1_Mild\4661006f3ba6.png,train/1_Mild/4661006f3ba6.png,train,4661006f3ba6.png,1,Mild
aptos:train/4_Proliferative_DR/d271d3a2b552.png,aptos,A:\DR_classification\data\organized\aptos\train\4_Proliferative_DR\d271d3a2b552.png,train/4_Proliferative_DR/d271d3a2b552.png,train,d271d3a2b552.png,4,Proliferative_DR
aptos:test/0_No_DR/b74de20d73de.png,aptos,A:\DR_classification\data\organized\aptos\test\0_No_DR\b74de20d73de.png,test/0_No_DR/b74de20d73de.png,test,b74de20d73de.png,0,No_DR
aptos:train/4_Proliferative_DR/2bbcfdc477db.png,aptos,A:\DR_classification\data\organized\aptos\train\4_Proliferative_DR\2bbcfdc477db.png,train/4_Proliferative_DR/2bbcfdc477db.png,train,2bbcfdc477db.png,4,Proliferative_DR
aptos:val/1_Mild/c40976189f22.png,aptos,A:\DR_classification\data\organized\aptos\val\1_Mild\c40976189f22.png,val/1_Mild/c40976189f22.png,val,c40976189f22.png,1,Mild
aptos:train/0_No_DR/152db3de8120.png,aptos,A:\DR_classification\data\organized\aptos\train\0_No_DR\152db3de8120.png,train/0_No_DR/152db3de8120.png,train,152db3de8120.png,0,No_DR
aptos:train/1_Mild/99ecdb41d5e7.png,aptos,A:\DR_classification\data\organized\aptos\train\1_Mild\99ecdb41d5e7.png,train/1_Mild/99ecdb41d5e7.png,train,99ecdb41d5e7.png,1,Mild
aptos:train/0_No_DR/42af7282349b.png,aptos,A:\DR_classification\data\organized\aptos\train\0_No_DR\42af7282349b.png,train/0_No_DR/42af7282349b.png,train,42af7282349b.png,0,No_DR
aptos:test/4_Proliferative_DR/65e120143825.png,aptos,A:\DR_classification\data\organized\aptos\test\4_Proliferative_DR\65e120143825.png,test/4_Proliferative_DR/65e120143825.png,test,65e120143825.png,4,Proliferative_DR
aptos:val/0_No_DR/d6df4fe492ec.png,aptos,A:\DR_classification\data\organized\aptos\val\0_No_DR\d6df4fe492ec.png,val/0_No_DR/d6df4fe492ec.png,val,d6df4fe492ec.png,0,No_DR
aptos:train/2_Moderate/07a3be30563b.png,aptos,A:\DR_classification\data\organized\aptos\train\2_Moderate\07a3be30563b.png,train/2_Moderate/07a3be30563b.png,train,07a3be30563b.png,2,Moderate
aptos:test/2_Moderate/d10d315f123f.png,aptos,A:\DR_classification\data\organized\aptos\test\2_Moderate\d10d315f123f.png,test/2_Moderate/d10d315f123f.png,test,d10d315f123f.png,2,Moderate
aptos:train/2_Moderate/d18e5b68f6d2.png,aptos,A:\DR_classification\data\organized\aptos\train\2_Moderate\d18e5b68f6d2.png,train/2_Moderate/d18e5b68f6d2.png,train,d18e5b68f6d2.png,2,Moderate
aptos:train/0_No_DR/462937ece243.png,aptos,A:\DR_classification\data\organized\aptos\train\0_No_DR\462937ece243.png,train/0_No_DR/462937ece243.png,train,462937ece243.png,0,No_DR
aptos:train/4_Proliferative_DR/bc34ed91c9bc.png,aptos,A:\DR_classification\data\organized\aptos\train\4_Proliferative_DR\bc34ed91c9bc.png,train/4_Proliferative_DR/bc34ed91c9bc.png,train,bc34ed91c9bc.png,4,Proliferative_DR
aptos:train/0_No_DR/c64c0966b4cf.png,aptos,A:\DR_classification\data\organized\aptos\train\0_No_DR\c64c0966b4cf.png,train/0_No_DR/c64c0966b4cf.png,train,c64c0966b4cf.png,0,No_DR
aptos:val/0_No_DR/e26bcae6c67b.png,aptos,A:\DR_classification\data\organized\aptos\val\0_No_DR\e26bcae6c67b.png,val/0_No_DR/e26bcae6c67b.png,val,e26bcae6c67b.png,0,No_DR
aptos:val/1_Mild/8714d17bb6da.png,aptos,A:\DR_classification\data\organized\aptos\val\1_Mild\8714d17bb6da.png,val/1_Mild/8714d17bb6da.png,val,8714d17bb6da.png,1,Mild
aptos:train/1_Mild/83e529e95b0e.png,aptos,A:\DR_classification\data\organized\aptos\train\1_Mild\83e529e95b0e.png,train/1_Mild/83e529e95b0e.png,train,83e529e95b0e.png,1,Mild
aptos:test/1_Mild/f55e1d2a19e4.png,aptos,A:\DR_classification\data\organized\aptos\test\1_Mild\f55e1d2a19e4.png,test/1_Mild/f55e1d2a19e4.png,test,f55e1d2a19e4.png,1,Mild
aptos:train/0_No_DR/86d58f850a0c.png,aptos,A:\DR_classification\data\organized\aptos\train\0_No_DR\86d58f850a0c.png,train/0_No_DR/86d58f850a0c.png,train,86d58f850a0c.png,0,No_DR
aptos:test/0_No_DR/f48241b0c995.png,aptos,A:\DR_classification\data\organized\aptos\test\0_No_DR\f48241b0c995.png,test/0_No_DR/f48241b0c995.png,test,f48241b0c995.png,0,No_DR
aptos:train/1_Mild/1b329a127307.png,aptos,A:\DR_classification\data\organized\aptos\train\1_Mild\1b329a127307.png,train/1_Mild/1b329a127307.png,train,1b329a127307.png,1,Mild
aptos:train/2_Moderate/86fbac86ed3e.png,aptos,A:\DR_classification\data\organized\aptos\train\2_Moderate\86fbac86ed3e.png,train/2_Moderate/86fbac86ed3e.png,train,86fbac86ed3e.png,2,Moderate
aptos:train/2_Moderate/6a91eb157f47.png,aptos,A:\DR_classification\data\organized\aptos\train\2_Moderate\6a91eb157f47.png,train/2_Moderate/6a91eb157f47.png,train,6a91eb157f47.png,2,Moderate
aptos:train/0_No_DR/5889a0c75cac.png,aptos,A:\DR_classification\data\organized\aptos\train\0_No_DR\5889a0c75cac.png,train/0_No_DR/5889a0c75cac.png,train,5889a0c75cac.png,0,No_DR
aptos:train/0_No_DR/18b99159a14f.png,aptos,A:\DR_classification\data\organized\aptos\train\0_No_DR\18b99159a14f.png,train/0_No_DR/18b99159a14f.png,train,18b99159a14f.png,0,No_DR
aptos:train/2_Moderate/d81338217fc5.png,aptos,A:\DR_classification\data\organized\aptos\train\2_Moderate\d81338217fc5.png,train/2_Moderate/d81338217fc5.png,train,d81338217fc5.png,2,Moderate
aptos:train/1_Mild/5cab3ef4b31c.png,aptos,A:\DR_classification\data\organized\aptos\train\1_Mild\5cab3ef4b31c.png,train/1_Mild/5cab3ef4b31c.png,train,5cab3ef4b31c.png,1,Mild
aptos:train/2_Moderate/5ed6dc419e4d.png,aptos,A:\DR_classification\data\organized\aptos\train\2_Moderate\5ed6dc419e4d.png,train/2_Moderate/5ed6dc419e4d.png,train,5ed6dc419e4d.png,2,Moderate
aptos:train/4_Proliferative_DR/3a1ecf5e2839.png,aptos,A:\DR_classification\data\organized\aptos\train\4_Proliferative_DR\3a1ecf5e2839.png,train/4_Proliferative_DR/3a1ecf5e2839.png,train,3a1ecf5e2839.png,4,Proliferative_DR
aptos:train/0_No_DR/d93b61dc8f64.png,aptos,A:\DR_classification\data\organized\aptos\train\0_No_DR\d93b61dc8f64.png,train/0_No_DR/d93b61dc8f64.png,train,d93b61dc8f64.png,0,No_DR
aptos:train/2_Moderate/12025b34deb8.png,aptos,A:\DR_classification\data\organized\aptos\train\2_Moderate\12025b34deb8.png,train/2_Moderate/12025b34deb8.png,train,12025b34deb8.png,2,Moderate
aptos:train/0_No_DR/5ead17e894ae.png,aptos,A:\DR_classification\data\organized\aptos\train\0_No_DR\5ead17e894ae.png,train/0_No_DR/5ead17e894ae.png,train,5ead17e894ae.png,0,No_DR
aptos:train/2_Moderate/657859f893d9.png,aptos,A:\DR_classification\data\organized\aptos\train\2_Moderate\657859f893d9.png,train/2_Moderate/657859f893d9.png,train,657859f893d9.png,2,Moderate
aptos:train/0_No_DR/1db0393cdbc1.png,aptos,A:\DR_classification\data\organized\aptos\train\0_No_DR\1db0393cdbc1.png,train/0_No_DR/1db0393cdbc1.png,train,1db0393cdbc1.png,0,No_DR
aptos:train/4_Proliferative_DR/3796af4d987a.png,aptos,A:\DR_classification\data\organized\aptos\train\4_Proliferative_DR\3796af4d987a.png,train/4_Proliferative_DR/3796af4d987a.png,train,3796af4d987a.png,4,Proliferative_DR
aptos:test/0_No_DR/445a8a6da55c.png,aptos,A:\DR_classification\data\organized\aptos\test\0_No_DR\445a8a6da55c.png,test/0_No_DR/445a8a6da55c.png,test,445a8a6da55c.png,0,No_DR
aptos:val/2_Moderate/869bbd3170cc.png,aptos,A:\DR_classification\data\organized\aptos\val\2_Moderate\869bbd3170cc.png,val/2_Moderate/869bbd3170cc.png,val,869bbd3170cc.png,2,Moderate
aptos:train/4_Proliferative_DR/5dd2e26fc244.png,aptos,A:\DR_classification\data\organized\aptos\train\4_Proliferative_DR\5dd2e26fc244.png,train/4_Proliferative_DR/5dd2e26fc244.png,train,5dd2e26fc244.png,4,Proliferative_DR
aptos:train/2_Moderate/3e6bfc4d5c65.png,aptos,A:\DR_classification\data\organized\aptos\train\2_Moderate\3e6bfc4d5c65.png,train/2_Moderate/3e6bfc4d5c65.png,train,3e6bfc4d5c65.png,2,Moderate
aptos:train/0_No_DR/ef48780f5d5f.png,aptos,A:\DR_classification\data\organized\aptos\train\0_No_DR\ef48780f5d5f.png,train/0_No_DR/ef48780f5d5f.png,train,ef48780f5d5f.png,0,No_DR
aptos:test/1_Mild/b17f0b81dab3.png,aptos,A:\DR_classification\data\organized\aptos\test\1_Mild\b17f0b81dab3.png,test/1_Mild/b17f0b81dab3.png,test,b17f0b81dab3.png,1,Mild
aptos:train/1_Mild/80a02014b418.png,aptos,A:\DR_classification\data\organized\aptos\train\1_Mild\80a02014b418.png,train/1_Mild/80a02014b418.png,train,80a02014b418.png,1,Mild
aptos:train/2_Moderate/523d0c2cb4d6.png,aptos,A:\DR_classification\data\organized\aptos\train\2_Moderate\523d0c2cb4d6.png,train/2_Moderate/523d0c2cb4d6.png,train,523d0c2cb4d6.png,2,Moderate
aptos:test/2_Moderate/530d78467615.png,aptos,A:\DR_classification\data\organized\aptos\test\2_Moderate\530d78467615.png,test/2_Moderate/530d78467615.png,test,530d78467615.png,2,Moderate
aptos:train/3_Severe/80e7cc0a0649.png,aptos,A:\DR_classification\data\organized\aptos\train\3_Severe\80e7cc0a0649.png,train/3_Severe/80e7cc0a0649.png,train,80e7cc0a0649.png,3,Severe
aptos:test/2_Moderate/4da6e2089d57.png,aptos,A:\DR_classification\data\organized\aptos\test\2_Moderate\4da6e2089d57.png,test/2_Moderate/4da6e2089d57.png,test,4da6e2089d57.png,2,Moderate
aptos:train/0_No_DR/4dd7b322f342.png,aptos,A:\DR_classification\data\organized\aptos\train\0_No_DR\4dd7b322f342.png,train/0_No_DR/4dd7b322f342.png,train,4dd7b322f342.png,0,No_DR
aptos:val/2_Moderate/290ecdba359f.png,aptos,A:\DR_classification\data\organized\aptos\val\2_Moderate\290ecdba359f.png,val/2_Moderate/290ecdba359f.png,val,290ecdba359f.png,2,Moderate
aptos:train/4_Proliferative_DR/0083ee8054ee.png,aptos,A:\DR_classification\data\organized\aptos\train\4_Proliferative_DR\0083ee8054ee.png,train/4_Proliferative_DR/0083ee8054ee.png,train,0083ee8054ee.png,4,Proliferative_DR
aptos:train/2_Moderate/57469423a012.png,aptos,A:\DR_classification\data\organized\aptos\train\2_Moderate\57469423a012.png,train/2_Moderate/57469423a012.png,train,57469423a012.png,2,Moderate
aptos:train/0_No_DR/393fa5a023a5.png,aptos,A:\DR_classification\data\organized\aptos\train\0_No_DR\393fa5a023a5.png,train/0_No_DR/393fa5a023a5.png,train,393fa5a023a5.png,0,No_DR
aptos:val/2_Moderate/df5ce3ea7820.png,aptos,A:\DR_classification\data\organized\aptos\val\2_Moderate\df5ce3ea7820.png,val/2_Moderate/df5ce3ea7820.png,val,df5ce3ea7820.png,2,Moderate
aptos:train/2_Moderate/2131aa3a1e6f.png,aptos,A:\DR_classification\data\organized\aptos\train\2_Moderate\2131aa3a1e6f.png,train/2_Moderate/2131aa3a1e6f.png,train,2131aa3a1e6f.png,2,Moderate
aptos:train/0_No_DR/8433a032b96c.png,aptos,A:\DR_classification\data\organized\aptos\train\0_No_DR\8433a032b96c.png,train/0_No_DR/8433a032b96c.png,train,8433a032b96c.png,0,No_DR
aptos:train/1_Mild/ad1f7445b1a8.png,aptos,A:\DR_classification\data\organized\aptos\train\1_Mild\ad1f7445b1a8.png,train/1_Mild/ad1f7445b1a8.png,train,ad1f7445b1a8.png,1,Mild
aptos:train/2_Moderate/7dee6bf8b9c1.png,aptos,A:\DR_classification\data\organized\aptos\train\2_Moderate\7dee6bf8b9c1.png,train/2_Moderate/7dee6bf8b9c1.png,train,7dee6bf8b9c1.png,2,Moderate
aptos:train/0_No_DR/aa6242f9e08c.png,aptos,A:\DR_classification\data\organized\aptos\train\0_No_DR\aa6242f9e08c.png,train/0_No_DR/aa6242f9e08c.png,train,aa6242f9e08c.png,0,No_DR
aptos:train/3_Severe/b3d135bd3bb5.png,aptos,A:\DR_classification\data\organized\aptos\train\3_Severe\b3d135bd3bb5.png,train/3_Severe/b3d135bd3bb5.png,train,b3d135bd3bb5.png,3,Severe
aptos:train/4_Proliferative_DR/07122e268a1d.png,aptos,A:\DR_classification\data\organized\aptos\train\4_Proliferative_DR\07122e268a1d.png,train/4_Proliferative_DR/07122e268a1d.png,train,07122e268a1d.png,4,Proliferative_DR
aptos:test/0_No_DR/07a0be6b347f.png,aptos,A:\DR_classification\data\organized\aptos\test\0_No_DR\07a0be6b347f.png,test/0_No_DR/07a0be6b347f.png,test,07a0be6b347f.png,0,No_DR
aptos:train/2_Moderate/a88f68b0b114.png,aptos,A:\DR_classification\data\organized\aptos\train\2_Moderate\a88f68b0b114.png,train/2_Moderate/a88f68b0b114.png,train,a88f68b0b114.png,2,Moderate
aptos:train/3_Severe/8a234d68b27e.png,aptos,A:\DR_classification\data\organized\aptos\train\3_Severe\8a234d68b27e.png,train/3_Severe/8a234d68b27e.png,train,8a234d68b27e.png,3,Severe
aptos:train/0_No_DR/c5a0e84e955d.png,aptos,A:\DR_classification\data\organized\aptos\train\0_No_DR\c5a0e84e955d.png,train/0_No_DR/c5a0e84e955d.png,train,c5a0e84e955d.png,0,No_DR
aptos:train/0_No_DR/f02057c41256.png,aptos,A:\DR_classification\data\organized\aptos\train\0_No_DR\f02057c41256.png,train/0_No_DR/f02057c41256.png,train,f02057c41256.png,0,No_DR
aptos:train/0_No_DR/4860f7813654.png,aptos,A:\DR_classification\data\organized\aptos\train\0_No_DR\4860f7813654.png,train/0_No_DR/4860f7813654.png,train,4860f7813654.png,0,No_DR
aptos:val/2_Moderate/ca0f1a17c8e5.png,aptos,A:\DR_classification\data\organized\aptos\val\2_Moderate\ca0f1a17c8e5.png,val/2_Moderate/ca0f1a17c8e5.png,val,ca0f1a17c8e5.png,2,Moderate
aptos:train/2_Moderate/191348830ddf.png,aptos,A:\DR_classification\data\organized\aptos\train\2_Moderate\191348830ddf.png,train/2_Moderate/191348830ddf.png,train,191348830ddf.png,2,Moderate
aptos:train/0_No_DR/e2c39ed0c941.png,aptos,A:\DR_classification\data\organized\aptos\train\0_No_DR\e2c39ed0c941.png,train/0_No_DR/e2c39ed0c941.png,train,e2c39ed0c941.png,0,No_DR
aptos:train/2_Moderate/12e6e66c80a7.png,aptos,A:\DR_classification\data\organized\aptos\train\2_Moderate\12e6e66c80a7.png,train/2_Moderate/12e6e66c80a7.png,train,12e6e66c80a7.png,2,Moderate
aptos:test/0_No_DR/aafe980edd0c.png,aptos,A:\DR_classification\data\organized\aptos\test\0_No_DR\aafe980edd0c.png,test/0_No_DR/aafe980edd0c.png,test,aafe980edd0c.png,0,No_DR
aptos:train/0_No_DR/874f8c1929f6.png,aptos,A:\DR_classification\data\organized\aptos\train\0_No_DR\874f8c1929f6.png,train/0_No_DR/874f8c1929f6.png,train,874f8c1929f6.png,0,No_DR
aptos:test/0_No_DR/98277aeb96a7.png,aptos,A:\DR_classification\data\organized\aptos\test\0_No_DR\98277aeb96a7.png,test/0_No_DR/98277aeb96a7.png,test,98277aeb96a7.png,0,No_DR
aptos:val/0_No_DR/d3e56584a481.png,aptos,A:\DR_classification\data\organized\aptos\val\0_No_DR\d3e56584a481.png,val/0_No_DR/d3e56584a481.png,val,d3e56584a481.png,0,No_DR
aptos:val/0_No_DR/799214e8b07c.png,aptos,A:\DR_classification\data\organized\aptos\val\0_No_DR\799214e8b07c.png,val/0_No_DR/799214e8b07c.png,val,799214e8b07c.png,0,No_DR
aptos:train/0_No_DR/08037e4490e5.png,aptos,A:\DR_classification\data\organized\aptos\train\0_No_DR\08037e4490e5.png,train/0_No_DR/08037e4490e5.png,train,08037e4490e5.png,0,No_DR
aptos:train/2_Moderate/a790a3b36390.png,aptos,A:\DR_classification\data\organized\aptos\train\2_Moderate\a790a3b36390.png,train/2_Moderate/a790a3b36390.png,train,a790a3b36390.png,2,Moderate
aptos:test/1_Mild/4ef7144e24ff.png,aptos,A:\DR_classification\data\organized\aptos\test\1_Mild\4ef7144e24ff.png,test/1_Mild/4ef7144e24ff.png,test,4ef7144e24ff.png,1,Mild
aptos:test/2_Moderate/22ce8ef69357.png,aptos,A:\DR_classification\data\organized\aptos\test\2_Moderate\22ce8ef69357.png,test/2_Moderate/22ce8ef69357.png,test,22ce8ef69357.png,2,Moderate
aptos:train/1_Mild/0124dffecf29.png,aptos,A:\DR_classification\data\organized\aptos\train\1_Mild\0124dffecf29.png,train/1_Mild/0124dffecf29.png,train,0124dffecf29.png,1,Mild
aptos:train/2_Moderate/3c311c9109b0.png,aptos,A:\DR_classification\data\organized\aptos\train\2_Moderate\3c311c9109b0.png,train/2_Moderate/3c311c9109b0.png,train,3c311c9109b0.png,2,Moderate
aptos:train/4_Proliferative_DR/2628305cbb29.png,aptos,A:\DR_classification\data\organized\aptos\train\4_Proliferative_DR\2628305cbb29.png,train/4_Proliferative_DR/2628305cbb29.png,train,2628305cbb29.png,4,Proliferative_DR
aptos:train/0_No_DR/ef5155990874.png,aptos,A:\DR_classification\data\organized\aptos\train\0_No_DR\ef5155990874.png,train/0_No_DR/ef5155990874.png,train,ef5155990874.png,0,No_DR
aptos:train/1_Mild/0dce95217626.png,aptos,A:\DR_classification\data\organized\aptos\train\1_Mild\0dce95217626.png,train/1_Mild/0dce95217626.png,train,0dce95217626.png,1,Mild
aptos:train/2_Moderate/7a0cff4c24b2.png,aptos,A:\DR_classification\data\organized\aptos\train\2_Moderate\7a0cff4c24b2.png,train/2_Moderate/7a0cff4c24b2.png,train,7a0cff4c24b2.png,2,Moderate
aptos:test/2_Moderate/a879c3569552.png,aptos,A:\DR_classification\data\organized\aptos\test\2_Moderate\a879c3569552.png,test/2_Moderate/a879c3569552.png,test,a879c3569552.png,2,Moderate
aptos:train/0_No_DR/c62cef02efa2.png,aptos,A:\DR_classification\data\organized\aptos\train\0_No_DR\c62cef02efa2.png,train/0_No_DR/c62cef02efa2.png,train,c62cef02efa2.png,0,No_DR
aptos:train/1_Mild/2d7666b8884f.png,aptos,A:\DR_classification\data\organized\aptos\train\1_Mild\2d7666b8884f.png,train/1_Mild/2d7666b8884f.png,train,2d7666b8884f.png,1,Mild
aptos:test/2_Moderate/907aaff827e5.png,aptos,A:\DR_classification\data\organized\aptos\test\2_Moderate\907aaff827e5.png,test/2_Moderate/907aaff827e5.png,test,907aaff827e5.png,2,Moderate
aptos:train/0_No_DR/cc964bf04dbc.png,aptos,A:\DR_classification\data\organized\aptos\train\0_No_DR\cc964bf04dbc.png,train/0_No_DR/cc964bf04dbc.png,train,cc964bf04dbc.png,0,No_DR
aptos:test/0_No_DR/35beb47fe159.png,aptos,A:\DR_classification\data\organized\aptos\test\0_No_DR\35beb47fe159.png,test/0_No_DR/35beb47fe159.png,test,35beb47fe159.png,0,No_DR
aptos:train/2_Moderate/3d3e288d490e.png,aptos,A:\DR_classification\data\organized\aptos\train\2_Moderate\3d3e288d490e.png,train/2_Moderate/3d3e288d490e.png,train,3d3e288d490e.png,2,Moderate
aptos:train/0_No_DR/4e8585a96739.png,aptos,A:\DR_classification\data\organized\aptos\train\0_No_DR\4e8585a96739.png,train/0_No_DR/4e8585a96739.png,train,4e8585a96739.png,0,No_DR
aptos:train/1_Mild/0d310aba6373.png,aptos,A:\DR_classification\data\organized\aptos\train\1_Mild\0d310aba6373.png,train/1_Mild/0d310aba6373.png,train,0d310aba6373.png,1,Mild
aptos:val/0_No_DR/8f06ca4642bd.png,aptos,A:\DR_classification\data\organized\aptos\val\0_No_DR\8f06ca4642bd.png,val/0_No_DR/8f06ca4642bd.png,val,8f06ca4642bd.png,0,No_DR
aptos:train/4_Proliferative_DR/78b3f819dcc5.png,aptos,A:\DR_classification\data\organized\aptos\train\4_Proliferative_DR\78b3f819dcc5.png,train/4_Proliferative_DR/78b3f819dcc5.png,train,78b3f819dcc5.png,4,Proliferative_DR
aptos:train/3_Severe/f080a22008be.png,aptos,A:\DR_classification\data\organized\aptos\train\3_Severe\f080a22008be.png,train/3_Severe/f080a22008be.png,train,f080a22008be.png,3,Severe
aptos:train/1_Mild/2a8a9e957a6c.png,aptos,A:\DR_classification\data\organized\aptos\train\1_Mild\2a8a9e957a6c.png,train/1_Mild/2a8a9e957a6c.png,train,2a8a9e957a6c.png,1,Mild
aptos:train/2_Moderate/ff344e5c9341.png,aptos,A:\DR_classification\data\organized\aptos\train\2_Moderate\ff344e5c9341.png,train/2_Moderate/ff344e5c9341.png,train,ff344e5c9341.png,2,Moderate
aptos:train/0_No_DR/4927945ecfed.png,aptos,A:\DR_classification\data\organized\aptos\train\0_No_DR\4927945ecfed.png,train/0_No_DR/4927945ecfed.png,train,4927945ecfed.png,0,No_DR
aptos:train/4_Proliferative_DR/8bed09514c3b.png,aptos,A:\DR_classification\data\organized\aptos\train\4_Proliferative_DR\8bed09514c3b.png,train/4_Proliferative_DR/8bed09514c3b.png,train,8bed09514c3b.png,4,Proliferative_DR
aptos:train/1_Mild/8c2f0f04e1ed.png,aptos,A:\DR_classification\data\organized\aptos\train\1_Mild\8c2f0f04e1ed.png,train/1_Mild/8c2f0f04e1ed.png,train,8c2f0f04e1ed.png,1,Mild
aptos:test/2_Moderate/64a13949e879.png,aptos,A:\DR_classification\data\organized\aptos\test\2_Moderate\64a13949e879.png,test/2_Moderate/64a13949e879.png,test,64a13949e879.png,2,Moderate
aptos:train/0_No_DR/6dc0281f11e3.png,aptos,A:\DR_classification\data\organized\aptos\train\0_No_DR\6dc0281f11e3.png,train/0_No_DR/6dc0281f11e3.png,train,6dc0281f11e3.png,0,No_DR
aptos:train/0_No_DR/0e94cd271c00.png,aptos,A:\DR_classification\data\organized\aptos\train\0_No_DR\0e94cd271c00.png,train/0_No_DR/0e94cd271c00.png,train,0e94cd271c00.png,0,No_DR
aptos:train/0_No_DR/f71333204618.png,aptos,A:\DR_classification\data\organized\aptos\train\0_No_DR\f71333204618.png,train/0_No_DR/f71333204618.png,train,f71333204618.png,0,No_DR
aptos:train/0_No_DR/c6916bc42016.png,aptos,A:\DR_classification\data\organized\aptos\train\0_No_DR\c6916bc42016.png,train/0_No_DR/c6916bc42016.png,train,c6916bc42016.png,0,No_DR
aptos:train/0_No_DR/a419fcb2dfb5.png,aptos,A:\DR_classification\data\organized\aptos\train\0_No_DR\a419fcb2dfb5.png,train/0_No_DR/a419fcb2dfb5.png,train,a419fcb2dfb5.png,0,No_DR
aptos:train/0_No_DR/9232dc06cfdc.png,aptos,A:\DR_classification\data\organized\aptos\train\0_No_DR\9232dc06cfdc.png,train/0_No_DR/9232dc06cfdc.png,train,9232dc06cfdc.png,0,No_DR
aptos:test/1_Mild/90c982cc2d96.png,aptos,A:\DR_classification\data\organized\aptos\test\1_Mild\90c982cc2d96.png,test/1_Mild/90c982cc2d96.png,test,90c982cc2d96.png,1,Mild
aptos:train/0_No_DR/a73c3d516c59.png,aptos,A:\DR_classification\data\organized\aptos\train\0_No_DR\a73c3d516c59.png,train/0_No_DR/a73c3d516c59.png,train,a73c3d516c59.png,0,No_DR
aptos:train/0_No_DR/ed2ef440d22c.png,aptos,A:\DR_classification\data\organized\aptos\train\0_No_DR\ed2ef440d22c.png,train/0_No_DR/ed2ef440d22c.png,train,ed2ef440d22c.png,0,No_DR
aptos:train/2_Moderate/e2a47a74e6e1.png,aptos,A:\DR_classification\data\organized\aptos\train\2_Moderate\e2a47a74e6e1.png,train/2_Moderate/e2a47a74e6e1.png,train,e2a47a74e6e1.png,2,Moderate
aptos:train/0_No_DR/d7e5fe5245e0.png,aptos,A:\DR_classification\data\organized\aptos\train\0_No_DR\d7e5fe5245e0.png,train/0_No_DR/d7e5fe5245e0.png,train,d7e5fe5245e0.png,0,No_DR
aptos:train/0_No_DR/f3a4751af42e.png,aptos,A:\DR_classification\data\organized\aptos\train\0_No_DR\f3a4751af42e.png,train/0_No_DR/f3a4751af42e.png,train,f3a4751af42e.png,0,No_DR
aptos:train/0_No_DR/370f575adb23.png,aptos,A:\DR_classification\data\organized\aptos\train\0_No_DR\370f575adb23.png,train/0_No_DR/370f575adb23.png,train,370f575adb23.png,0,No_DR
aptos:train/0_No_DR/09c8323c612e.png,aptos,A:\DR_classification\data\organized\aptos\train\0_No_DR\09c8323c612e.png,train/0_No_DR/09c8323c612e.png,train,09c8323c612e.png,0,No_DR
aptos:train/2_Moderate/00a8624548a9.png,aptos,A:\DR_classification\data\organized\aptos\train\2_Moderate\00a8624548a9.png,train/2_Moderate/00a8624548a9.png,train,00a8624548a9.png,2,Moderate
aptos:train/1_Mild/93be637084a2.png,aptos,A:\DR_classification\data\organized\aptos\train\1_Mild\93be637084a2.png,train/1_Mild/93be637084a2.png,train,93be637084a2.png,1,Mild
aptos:train/2_Moderate/7550966ef777.png,aptos,A:\DR_classification\data\organized\aptos\train\2_Moderate\7550966ef777.png,train/2_Moderate/7550966ef777.png,train,7550966ef777.png,2,Moderate
aptos:test/1_Mild/76e589911303.png,aptos,A:\DR_classification\data\organized\aptos\test\1_Mild\76e589911303.png,test/1_Mild/76e589911303.png,test,76e589911303.png,1,Mild
aptos:train/1_Mild/494fc9c745a3.png,aptos,A:\DR_classification\data\organized\aptos\train\1_Mild\494fc9c745a3.png,train/1_Mild/494fc9c745a3.png,train,494fc9c745a3.png,1,Mild
aptos:train/0_No_DR/15f8d769935c.png,aptos,A:\DR_classification\data\organized\aptos\train\0_No_DR\15f8d769935c.png,train/0_No_DR/15f8d769935c.png,train,15f8d769935c.png,0,No_DR
aptos:train/4_Proliferative_DR/82bb8a01935f.png,aptos,A:\DR_classification\data\organized\aptos\train\4_Proliferative_DR\82bb8a01935f.png,train/4_Proliferative_DR/82bb8a01935f.png,train,82bb8a01935f.png,4,Proliferative_DR
aptos:val/4_Proliferative_DR/165cd2070ebd.png,aptos,A:\DR_classification\data\organized\aptos\val\4_Proliferative_DR\165cd2070ebd.png,val/4_Proliferative_DR/165cd2070ebd.png,val,165cd2070ebd.png,4,Proliferative_DR
aptos:train/1_Mild/f72ef9ceeaa8.png,aptos,A:\DR_classification\data\organized\aptos\train\1_Mild\f72ef9ceeaa8.png,train/1_Mild/f72ef9ceeaa8.png,train,f72ef9ceeaa8.png,1,Mild
aptos:train/0_No_DR/1df0431bfa73.png,aptos,A:\DR_classification\data\organized\aptos\train\0_No_DR\1df0431bfa73.png,train/0_No_DR/1df0431bfa73.png,train,1df0431bfa73.png,0,No_DR
aptos:train/0_No_DR/f7defe70afc3.png,aptos,A:\DR_classification\data\organized\aptos\train\0_No_DR\f7defe70afc3.png,train/0_No_DR/f7defe70afc3.png,train,f7defe70afc3.png,0,No_DR
aptos:test/1_Mild/59e5212f7139.png,aptos,A:\DR_classification\data\organized\aptos\test\1_Mild\59e5212f7139.png,test/1_Mild/59e5212f7139.png,test,59e5212f7139.png,1,Mild
aptos:train/4_Proliferative_DR/4a3da369b227.png,aptos,A:\DR_classification\data\organized\aptos\train\4_Proliferative_DR\4a3da369b227.png,train/4_Proliferative_DR/4a3da369b227.png,train,4a3da369b227.png,4,Proliferative_DR
aptos:test/4_Proliferative_DR/b77b8a1f09f1.png,aptos,A:\DR_classification\data\organized\aptos\test\4_Proliferative_DR\b77b8a1f09f1.png,test/4_Proliferative_DR/b77b8a1f09f1.png,test,b77b8a1f09f1.png,4,Proliferative_DR
aptos:test/2_Moderate/9b7b6e4db1d5.png,aptos,A:\DR_classification\data\organized\aptos\test\2_Moderate\9b7b6e4db1d5.png,test/2_Moderate/9b7b6e4db1d5.png,test,9b7b6e4db1d5.png,2,Moderate
aptos:train/2_Moderate/2532613a584a.png,aptos,A:\DR_classification\data\organized\aptos\train\2_Moderate\2532613a584a.png,train/2_Moderate/2532613a584a.png,train,2532613a584a.png,2,Moderate
aptos:train/0_No_DR/bd375ba756b1.png,aptos,A:\DR_classification\data\organized\aptos\train\0_No_DR\bd375ba756b1.png,train/0_No_DR/bd375ba756b1.png,train,bd375ba756b1.png,0,No_DR
aptos:train/3_Severe/a14bbd9a583e.png,aptos,A:\DR_classification\data\organized\aptos\train\3_Severe\a14bbd9a583e.png,train/3_Severe/a14bbd9a583e.png,train,a14bbd9a583e.png,3,Severe
aptos:test/0_No_DR/cadde4030858.png,aptos,A:\DR_classification\data\organized\aptos\test\0_No_DR\cadde4030858.png,test/0_No_DR/cadde4030858.png,test,cadde4030858.png,0,No_DR
aptos:train/0_No_DR/ce8d2efd9d4f.png,aptos,A:\DR_classification\data\organized\aptos\train\0_No_DR\ce8d2efd9d4f.png,train/0_No_DR/ce8d2efd9d4f.png,train,ce8d2efd9d4f.png,0,No_DR
aptos:val/1_Mild/1c0cf251b426.png,aptos,A:\DR_classification\data\organized\aptos\val\1_Mild\1c0cf251b426.png,val/1_Mild/1c0cf251b426.png,val,1c0cf251b426.png,1,Mild
aptos:train/4_Proliferative_DR/8785b71238d8.png,aptos,A:\DR_classification\data\organized\aptos\train\4_Proliferative_DR\8785b71238d8.png,train/4_Proliferative_DR/8785b71238d8.png,train,8785b71238d8.png,4,Proliferative_DR
aptos:train/3_Severe/9f37c98b8187.png,aptos,A:\DR_classification\data\organized\aptos\train\3_Severe\9f37c98b8187.png,train/3_Severe/9f37c98b8187.png,train,9f37c98b8187.png,3,Severe
aptos:train/2_Moderate/6f0463c1ff18.png,aptos,A:\DR_classification\data\organized\aptos\train\2_Moderate\6f0463c1ff18.png,train/2_Moderate/6f0463c1ff18.png,train,6f0463c1ff18.png,2,Moderate
aptos:train/2_Moderate/91e2c2890c9f.png,aptos,A:\DR_classification\data\organized\aptos\train\2_Moderate\91e2c2890c9f.png,train/2_Moderate/91e2c2890c9f.png,train,91e2c2890c9f.png,2,Moderate
aptos:val/0_No_DR/b7f0bc7d399e.png,aptos,A:\DR_classification\data\organized\aptos\val\0_No_DR\b7f0bc7d399e.png,val/0_No_DR/b7f0bc7d399e.png,val,b7f0bc7d399e.png,0,No_DR
aptos:train/0_No_DR/ad6b07d5c338.png,aptos,A:\DR_classification\data\organized\aptos\train\0_No_DR\ad6b07d5c338.png,train/0_No_DR/ad6b07d5c338.png,train,ad6b07d5c338.png,0,No_DR
aptos:val/0_No_DR/b460ca9fa26f.png,aptos,A:\DR_classification\data\organized\aptos\val\0_No_DR\b460ca9fa26f.png,val/0_No_DR/b460ca9fa26f.png,val,b460ca9fa26f.png,0,No_DR
aptos:val/0_No_DR/5d5b5da5f939.png,aptos,A:\DR_classification\data\organized\aptos\val\0_No_DR\5d5b5da5f939.png,val/0_No_DR/5d5b5da5f939.png,val,5d5b5da5f939.png,0,No_DR
aptos:test/1_Mild/a8c54e2a4b79.png,aptos,A:\DR_classification\data\organized\aptos\test\1_Mild\a8c54e2a4b79.png,test/1_Mild/a8c54e2a4b79.png,test,a8c54e2a4b79.png,1,Mild
aptos:train/2_Moderate/2c1d5be654dd.png,aptos,A:\DR_classification\data\organized\aptos\train\2_Moderate\2c1d5be654dd.png,train/2_Moderate/2c1d5be654dd.png,train,2c1d5be654dd.png,2,Moderate
aptos:val/0_No_DR/a0b7ad98df57.png,aptos,A:\DR_classification\data\organized\aptos\val\0_No_DR\a0b7ad98df57.png,val/0_No_DR/a0b7ad98df57.png,val,a0b7ad98df57.png,0,No_DR
aptos:train/0_No_DR/a9dc80cba9a4.png,aptos,A:\DR_classification\data\organized\aptos\train\0_No_DR\a9dc80cba9a4.png,train/0_No_DR/a9dc80cba9a4.png,train,a9dc80cba9a4.png,0,No_DR
aptos:train/0_No_DR/a34fc5376669.png,aptos,A:\DR_classification\data\organized\aptos\train\0_No_DR\a34fc5376669.png,train/0_No_DR/a34fc5376669.png,train,a34fc5376669.png,0,No_DR
aptos:train/0_No_DR/555d0bef3c5b.png,aptos,A:\DR_classification\data\organized\aptos\train\0_No_DR\555d0bef3c5b.png,train/0_No_DR/555d0bef3c5b.png,train,555d0bef3c5b.png,0,No_DR
aptos:train/0_No_DR/b73d0bcd3d33.png,aptos,A:\DR_classification\data\organized\aptos\train\0_No_DR\b73d0bcd3d33.png,train/0_No_DR/b73d0bcd3d33.png,train,b73d0bcd3d33.png,0,No_DR
aptos:val/4_Proliferative_DR/b70cb31b9abb.png,aptos,A:\DR_classification\data\organized\aptos\val\4_Proliferative_DR\b70cb31b9abb.png,val/4_Proliferative_DR/b70cb31b9abb.png,val,b70cb31b9abb.png,4,Proliferative_DR
aptos:test/0_No_DR/b82dfa63a75f.png,aptos,A:\DR_classification\data\organized\aptos\test\0_No_DR\b82dfa63a75f.png,test/0_No_DR/b82dfa63a75f.png,test,b82dfa63a75f.png,0,No_DR
aptos:train/1_Mild/e96bd80a8a53.png,aptos,A:\DR_classification\data\organized\aptos\train\1_Mild\e96bd80a8a53.png,train/1_Mild/e96bd80a8a53.png,train,e96bd80a8a53.png,1,Mild
aptos:train/4_Proliferative_DR/1a90fad9ffa2.png,aptos,A:\DR_classification\data\organized\aptos\train\4_Proliferative_DR\1a90fad9ffa2.png,train/4_Proliferative_DR/1a90fad9ffa2.png,train,1a90fad9ffa2.png,4,Proliferative_DR
aptos:test/0_No_DR/a11c62cb3f86.png,aptos,A:\DR_classification\data\organized\aptos\test\0_No_DR\a11c62cb3f86.png,test/0_No_DR/a11c62cb3f86.png,test,a11c62cb3f86.png,0,No_DR
aptos:val/1_Mild/2ecbc2e3f239.png,aptos,A:\DR_classification\data\organized\aptos\val\1_Mild\2ecbc2e3f239.png,val/1_Mild/2ecbc2e3f239.png,val,2ecbc2e3f239.png,1,Mild
aptos:test/2_Moderate/aed4e743c230.png,aptos,A:\DR_classification\data\organized\aptos\test\2_Moderate\aed4e743c230.png,test/2_Moderate/aed4e743c230.png,test,aed4e743c230.png,2,Moderate
aptos:test/2_Moderate/94a67ec0714f.png,aptos,A:\DR_classification\data\organized\aptos\test\2_Moderate\94a67ec0714f.png,test/2_Moderate/94a67ec0714f.png,test,94a67ec0714f.png,2,Moderate
aptos:train/0_No_DR/6bf26b777e3a.png,aptos,A:\DR_classification\data\organized\aptos\train\0_No_DR\6bf26b777e3a.png,train/0_No_DR/6bf26b777e3a.png,train,6bf26b777e3a.png,0,No_DR
aptos:train/2_Moderate/8d62ba9cb22a.png,aptos,A:\DR_classification\data\organized\aptos\train\2_Moderate\8d62ba9cb22a.png,train/2_Moderate/8d62ba9cb22a.png,train,8d62ba9cb22a.png,2,Moderate
aptos:train/3_Severe/c31651ea04c6.png,aptos,A:\DR_classification\data\organized\aptos\train\3_Severe\c31651ea04c6.png,train/3_Severe/c31651ea04c6.png,train,c31651ea04c6.png,3,Severe
aptos:train/0_No_DR/093cf723fede.png,aptos,A:\DR_classification\data\organized\aptos\train\0_No_DR\093cf723fede.png,train/0_No_DR/093cf723fede.png,train,093cf723fede.png,0,No_DR
aptos:train/0_No_DR/675de69373f8.png,aptos,A:\DR_classification\data\organized\aptos\train\0_No_DR\675de69373f8.png,train/0_No_DR/675de69373f8.png,train,675de69373f8.png,0,No_DR
aptos:train/2_Moderate/4a0890b08532.png,aptos,A:\DR_classification\data\organized\aptos\train\2_Moderate\4a0890b08532.png,train/2_Moderate/4a0890b08532.png,train,4a0890b08532.png,2,Moderate
aptos:train/0_No_DR/be3a7d9e981e.png,aptos,A:\DR_classification\data\organized\aptos\train\0_No_DR\be3a7d9e981e.png,train/0_No_DR/be3a7d9e981e.png,train,be3a7d9e981e.png,0,No_DR
aptos:train/2_Moderate/5173d54fc214.png,aptos,A:\DR_classification\data\organized\aptos\train\2_Moderate\5173d54fc214.png,train/2_Moderate/5173d54fc214.png,train,5173d54fc214.png,2,Moderate
aptos:train/2_Moderate/c3acf47700ea.png,aptos,A:\DR_classification\data\organized\aptos\train\2_Moderate\c3acf47700ea.png,train/2_Moderate/c3acf47700ea.png,train,c3acf47700ea.png,2,Moderate
aptos:train/2_Moderate/711d1480d2e3.png,aptos,A:\DR_classification\data\organized\aptos\train\2_Moderate\711d1480d2e3.png,train/2_Moderate/711d1480d2e3.png,train,711d1480d2e3.png,2,Moderate
aptos:train/2_Moderate/962cf85e4f6d.png,aptos,A:\DR_classification\data\organized\aptos\train\2_Moderate\962cf85e4f6d.png,train/2_Moderate/962cf85e4f6d.png,train,962cf85e4f6d.png,2,Moderate
aptos:train/0_No_DR/b5bf7b84fc66.png,aptos,A:\DR_classification\data\organized\aptos\train\0_No_DR\b5bf7b84fc66.png,train/0_No_DR/b5bf7b84fc66.png,train,b5bf7b84fc66.png,0,No_DR
aptos:test/2_Moderate/1f63d44d9e3c.png,aptos,A:\DR_classification\data\organized\aptos\test\2_Moderate\1f63d44d9e3c.png,test/2_Moderate/1f63d44d9e3c.png,test,1f63d44d9e3c.png,2,Moderate
aptos:train/0_No_DR/33e7bf536fc5.png,aptos,A:\DR_classification\data\organized\aptos\train\0_No_DR\33e7bf536fc5.png,train/0_No_DR/33e7bf536fc5.png,train,33e7bf536fc5.png,0,No_DR
aptos:train/1_Mild/365f8c01d994.png,aptos,A:\DR_classification\data\organized\aptos\train\1_Mild\365f8c01d994.png,train/1_Mild/365f8c01d994.png,train,365f8c01d994.png,1,Mild
aptos:val/0_No_DR/b6d9974443ce.png,aptos,A:\DR_classification\data\organized\aptos\val\0_No_DR\b6d9974443ce.png,val/0_No_DR/b6d9974443ce.png,val,b6d9974443ce.png,0,No_DR
aptos:train/4_Proliferative_DR/ebe0175e530c.png,aptos,A:\DR_classification\data\organized\aptos\train\4_Proliferative_DR\ebe0175e530c.png,train/4_Proliferative_DR/ebe0175e530c.png,train,ebe0175e530c.png,4,Proliferative_DR
aptos:test/1_Mild/64678182d8a8.png,aptos,A:\DR_classification\data\organized\aptos\test\1_Mild\64678182d8a8.png,test/1_Mild/64678182d8a8.png,test,64678182d8a8.png,1,Mild
aptos:test/0_No_DR/971bb98ab935.png,aptos,A:\DR_classification\data\organized\aptos\test\0_No_DR\971bb98ab935.png,test/0_No_DR/971bb98ab935.png,test,971bb98ab935.png,0,No_DR
aptos:test/1_Mild/9a3109657ac1.png,aptos,A:\DR_classification\data\organized\aptos\test\1_Mild\9a3109657ac1.png,test/1_Mild/9a3109657ac1.png,test,9a3109657ac1.png,1,Mild
aptos:train/4_Proliferative_DR/753b14c27c83.png,aptos,A:\DR_classification\data\organized\aptos\train\4_Proliferative_DR\753b14c27c83.png,train/4_Proliferative_DR/753b14c27c83.png,train,753b14c27c83.png,4,Proliferative_DR
aptos:train/2_Moderate/d6283ded6aea.png,aptos,A:\DR_classification\data\organized\aptos\train\2_Moderate\d6283ded6aea.png,train/2_Moderate/d6283ded6aea.png,train,d6283ded6aea.png,2,Moderate
aptos:train/0_No_DR/8d4d14a4ab07.png,aptos,A:\DR_classification\data\organized\aptos\train\0_No_DR\8d4d14a4ab07.png,train/0_No_DR/8d4d14a4ab07.png,train,8d4d14a4ab07.png,0,No_DR
aptos:test/0_No_DR/a646c084928c.png,aptos,A:\DR_classification\data\organized\aptos\test\0_No_DR\a646c084928c.png,test/0_No_DR/a646c084928c.png,test,a646c084928c.png,0,No_DR
aptos:test/3_Severe/269b44e628eb.png,aptos,A:\DR_classification\data\organized\aptos\test\3_Severe\269b44e628eb.png,test/3_Severe/269b44e628eb.png,test,269b44e628eb.png,3,Severe
aptos:train/0_No_DR/586f5c56081e.png,aptos,A:\DR_classification\data\organized\aptos\train\0_No_DR\586f5c56081e.png,train/0_No_DR/586f5c56081e.png,train,586f5c56081e.png,0,No_DR
aptos:train/2_Moderate/dc6fa1b38b83.png,aptos,A:\DR_classification\data\organized\aptos\train\2_Moderate\dc6fa1b38b83.png,train/2_Moderate/dc6fa1b38b83.png,train,dc6fa1b38b83.png,2,Moderate
aptos:train/0_No_DR/7a12f49e29df.png,aptos,A:\DR_classification\data\organized\aptos\train\0_No_DR\7a12f49e29df.png,train/0_No_DR/7a12f49e29df.png,train,7a12f49e29df.png,0,No_DR
aptos:train/0_No_DR/76b950c6ed5e.png,aptos,A:\DR_classification\data\organized\aptos\train\0_No_DR\76b950c6ed5e.png,train/0_No_DR/76b950c6ed5e.png,train,76b950c6ed5e.png,0,No_DR
aptos:train/0_No_DR/880edb2cdb69.png,aptos,A:\DR_classification\data\organized\aptos\train\0_No_DR\880edb2cdb69.png,train/0_No_DR/880edb2cdb69.png,train,880edb2cdb69.png,0,No_DR
aptos:train/2_Moderate/8e3b79e1f1f7.png,aptos,A:\DR_classification\data\organized\aptos\train\2_Moderate\8e3b79e1f1f7.png,train/2_Moderate/8e3b79e1f1f7.png,train,8e3b79e1f1f7.png,2,Moderate
aptos:train/0_No_DR/4eabad7948cf.png,aptos,A:\DR_classification\data\organized\aptos\train\0_No_DR\4eabad7948cf.png,train/0_No_DR/4eabad7948cf.png,train,4eabad7948cf.png,0,No_DR
aptos:val/2_Moderate/7e9458de5707.png,aptos,A:\DR_classification\data\organized\aptos\val\2_Moderate\7e9458de5707.png,val/2_Moderate/7e9458de5707.png,val,7e9458de5707.png,2,Moderate
aptos:test/0_No_DR/75c180e04f65.png,aptos,A:\DR_classification\data\organized\aptos\test\0_No_DR\75c180e04f65.png,test/0_No_DR/75c180e04f65.png,test,75c180e04f65.png,0,No_DR
aptos:train/0_No_DR/27933cdbe0cc.png,aptos,A:\DR_classification\data\organized\aptos\train\0_No_DR\27933cdbe0cc.png,train/0_No_DR/27933cdbe0cc.png,train,27933cdbe0cc.png,0,No_DR
aptos:train/0_No_DR/737ef6226677.png,aptos,A:\DR_classification\data\organized\aptos\train\0_No_DR\737ef6226677.png,train/0_No_DR/737ef6226677.png,train,737ef6226677.png,0,No_DR
aptos:val/0_No_DR/ae5d31979f19.png,aptos,A:\DR_classification\data\organized\aptos\val\0_No_DR\ae5d31979f19.png,val/0_No_DR/ae5d31979f19.png,val,ae5d31979f19.png,0,No_DR
aptos:val/2_Moderate/9568eb7e9c08.png,aptos,A:\DR_classification\data\organized\aptos\val\2_Moderate\9568eb7e9c08.png,val/2_Moderate/9568eb7e9c08.png,val,9568eb7e9c08.png,2,Moderate
aptos:train/0_No_DR/d6803e467592.png,aptos,A:\DR_classification\data\organized\aptos\train\0_No_DR\d6803e467592.png,train/0_No_DR/d6803e467592.png,train,d6803e467592.png,0,No_DR
aptos:train/0_No_DR/e1ab92228e60.png,aptos,A:\DR_classification\data\organized\aptos\train\0_No_DR\e1ab92228e60.png,train/0_No_DR/e1ab92228e60.png,train,e1ab92228e60.png,0,No_DR
aptos:val/0_No_DR/47536db39f00.png,aptos,A:\DR_classification\data\organized\aptos\val\0_No_DR\47536db39f00.png,val/0_No_DR/47536db39f00.png,val,47536db39f00.png,0,No_DR
aptos:train/0_No_DR/94b9ccc73bb9.png,aptos,A:\DR_classification\data\organized\aptos\train\0_No_DR\94b9ccc73bb9.png,train/0_No_DR/94b9ccc73bb9.png,train,94b9ccc73bb9.png,0,No_DR
aptos:train/2_Moderate/7c52fe73e748.png,aptos,A:\DR_classification\data\organized\aptos\train\2_Moderate\7c52fe73e748.png,train/2_Moderate/7c52fe73e748.png,train,7c52fe73e748.png,2,Moderate
aptos:train/0_No_DR/ef81cd8854cb.png,aptos,A:\DR_classification\data\organized\aptos\train\0_No_DR\ef81cd8854cb.png,train/0_No_DR/ef81cd8854cb.png,train,ef81cd8854cb.png,0,No_DR
aptos:train/2_Moderate/a3957df90a78.png,aptos,A:\DR_classification\data\organized\aptos\train\2_Moderate\a3957df90a78.png,train/2_Moderate/a3957df90a78.png,train,a3957df90a78.png,2,Moderate
aptos:train/0_No_DR/1d2472849dce.png,aptos,A:\DR_classification\data\organized\aptos\train\0_No_DR\1d2472849dce.png,train/0_No_DR/1d2472849dce.png,train,1d2472849dce.png,0,No_DR
aptos:val/0_No_DR/a3bd2e034614.png,aptos,A:\DR_classification\data\organized\aptos\val\0_No_DR\a3bd2e034614.png,val/0_No_DR/a3bd2e034614.png,val,a3bd2e034614.png,0,No_DR
aptos:train/1_Mild/5671eb95512b.png,aptos,A:\DR_classification\data\organized\aptos\train\1_Mild\5671eb95512b.png,train/1_Mild/5671eb95512b.png,train,5671eb95512b.png,1,Mild
aptos:val/3_Severe/3f49f8d100e9.png,aptos,A:\DR_classification\data\organized\aptos\val\3_Severe\3f49f8d100e9.png,val/3_Severe/3f49f8d100e9.png,val,3f49f8d100e9.png,3,Severe
aptos:train/0_No_DR/7569ac24762e.png,aptos,A:\DR_classification\data\organized\aptos\train\0_No_DR\7569ac24762e.png,train/0_No_DR/7569ac24762e.png,train,7569ac24762e.png,0,No_DR
aptos:test/1_Mild/78bcdffb8785.png,aptos,A:\DR_classification\data\organized\aptos\test\1_Mild\78bcdffb8785.png,test/1_Mild/78bcdffb8785.png,test,78bcdffb8785.png,1,Mild
aptos:train/0_No_DR/2f81ee5f2926.png,aptos,A:\DR_classification\data\organized\aptos\train\0_No_DR\2f81ee5f2926.png,train/0_No_DR/2f81ee5f2926.png,train,2f81ee5f2926.png,0,No_DR
aptos:train/4_Proliferative_DR/9cc6b1f9bcbd.png,aptos,A:\DR_classification\data\organized\aptos\train\4_Proliferative_DR\9cc6b1f9bcbd.png,train/4_Proliferative_DR/9cc6b1f9bcbd.png,train,9cc6b1f9bcbd.png,4,Proliferative_DR
aptos:test/0_No_DR/90960ddf4d14.png,aptos,A:\DR_classification\data\organized\aptos\test\0_No_DR\90960ddf4d14.png,test/0_No_DR/90960ddf4d14.png,test,90960ddf4d14.png,0,No_DR
aptos:train/1_Mild/07929d32b5b3.png,aptos,A:\DR_classification\data\organized\aptos\train\1_Mild\07929d32b5b3.png,train/1_Mild/07929d32b5b3.png,train,07929d32b5b3.png,1,Mild
aptos:train/2_Moderate/7247a2c97f71.png,aptos,A:\DR_classification\data\organized\aptos\train\2_Moderate\7247a2c97f71.png,train/2_Moderate/7247a2c97f71.png,train,7247a2c97f71.png,2,Moderate
aptos:test/2_Moderate/36a1e3c780a0.png,aptos,A:\DR_classification\data\organized\aptos\test\2_Moderate\36a1e3c780a0.png,test/2_Moderate/36a1e3c780a0.png,test,36a1e3c780a0.png,2,Moderate
aptos:train/0_No_DR/65a7fe9482fe.png,aptos,A:\DR_classification\data\organized\aptos\train\0_No_DR\65a7fe9482fe.png,train/0_No_DR/65a7fe9482fe.png,train,65a7fe9482fe.png,0,No_DR
aptos:train/0_No_DR/6155cf375354.png,aptos,A:\DR_classification\data\organized\aptos\train\0_No_DR\6155cf375354.png,train/0_No_DR/6155cf375354.png,train,6155cf375354.png,0,No_DR
aptos:train/3_Severe/7d3835e4e63a.png,aptos,A:\DR_classification\data\organized\aptos\train\3_Severe\7d3835e4e63a.png,train/3_Severe/7d3835e4e63a.png,train,7d3835e4e63a.png,3,Severe
aptos:train/1_Mild/6762b2b48ea5.png,aptos,A:\DR_classification\data\organized\aptos\train\1_Mild\6762b2b48ea5.png,train/1_Mild/6762b2b48ea5.png,train,6762b2b48ea5.png,1,Mild
aptos:train/0_No_DR/9f1b14dfa14c.png,aptos,A:\DR_classification\data\organized\aptos\train\0_No_DR\9f1b14dfa14c.png,train/0_No_DR/9f1b14dfa14c.png,train,9f1b14dfa14c.png,0,No_DR
aptos:train/2_Moderate/cd29c88c9e36.png,aptos,A:\DR_classification\data\organized\aptos\train\2_Moderate\cd29c88c9e36.png,train/2_Moderate/cd29c88c9e36.png,train,cd29c88c9e36.png,2,Moderate
aptos:train/0_No_DR/9c514d2d5b3f.png,aptos,A:\DR_classification\data\organized\aptos\train\0_No_DR\9c514d2d5b3f.png,train/0_No_DR/9c514d2d5b3f.png,train,9c514d2d5b3f.png,0,No_DR
aptos:train/4_Proliferative_DR/4ccfa0b4e96c.png,aptos,A:\DR_classification\data\organized\aptos\train\4_Proliferative_DR\4ccfa0b4e96c.png,train/4_Proliferative_DR/4ccfa0b4e96c.png,train,4ccfa0b4e96c.png,4,Proliferative_DR
aptos:train/2_Moderate/663a923d5398.png,aptos,A:\DR_classification\data\organized\aptos\train\2_Moderate\663a923d5398.png,train/2_Moderate/663a923d5398.png,train,663a923d5398.png,2,Moderate
aptos:train/0_No_DR/26d9576e8043.png,aptos,A:\DR_classification\data\organized\aptos\train\0_No_DR\26d9576e8043.png,train/0_No_DR/26d9576e8043.png,train,26d9576e8043.png,0,No_DR
aptos:test/2_Moderate/d9bbdc33db83.png,aptos,A:\DR_classification\data\organized\aptos\test\2_Moderate\d9bbdc33db83.png,test/2_Moderate/d9bbdc33db83.png,test,d9bbdc33db83.png,2,Moderate
aptos:train/2_Moderate/2d870833c0c9.png,aptos,A:\DR_classification\data\organized\aptos\train\2_Moderate\2d870833c0c9.png,train/2_Moderate/2d870833c0c9.png,train,2d870833c0c9.png,2,Moderate
aptos:test/0_No_DR/50916d67bb51.png,aptos,A:\DR_classification\data\organized\aptos\test\0_No_DR\50916d67bb51.png,test/0_No_DR/50916d67bb51.png,test,50916d67bb51.png,0,No_DR
aptos:train/2_Moderate/2a3a1ed1c285.png,aptos,A:\DR_classification\data\organized\aptos\train\2_Moderate\2a3a1ed1c285.png,train/2_Moderate/2a3a1ed1c285.png,train,2a3a1ed1c285.png,2,Moderate
aptos:train/0_No_DR/bf6cbccacf39.png,aptos,A:\DR_classification\data\organized\aptos\train\0_No_DR\bf6cbccacf39.png,train/0_No_DR/bf6cbccacf39.png,train,bf6cbccacf39.png,0,No_DR
aptos:train/2_Moderate/b468ebf5cb11.png,aptos,A:\DR_classification\data\organized\aptos\train\2_Moderate\b468ebf5cb11.png,train/2_Moderate/b468ebf5cb11.png,train,b468ebf5cb11.png,2,Moderate
aptos:train/2_Moderate/1a369baf9ee6.png,aptos,A:\DR_classification\data\organized\aptos\train\2_Moderate\1a369baf9ee6.png,train/2_Moderate/1a369baf9ee6.png,train,1a369baf9ee6.png,2,Moderate
aptos:train/0_No_DR/b9519abce0c1.png,aptos,A:\DR_classification\data\organized\aptos\train\0_No_DR\b9519abce0c1.png,train/0_No_DR/b9519abce0c1.png,train,b9519abce0c1.png,0,No_DR
aptos:val/1_Mild/0fb1053285cf.png,aptos,A:\DR_classification\data\organized\aptos\val\1_Mild\0fb1053285cf.png,val/1_Mild/0fb1053285cf.png,val,0fb1053285cf.png,1,Mild
aptos:train/0_No_DR/7526cf435753.png,aptos,A:\DR_classification\data\organized\aptos\train\0_No_DR\7526cf435753.png,train/0_No_DR/7526cf435753.png,train,7526cf435753.png,0,No_DR
aptos:train/2_Moderate/b2748ac28fc1.png,aptos,A:\DR_classification\data\organized\aptos\train\2_Moderate\b2748ac28fc1.png,train/2_Moderate/b2748ac28fc1.png,train,b2748ac28fc1.png,2,Moderate
aptos:test/0_No_DR/fcc32dffd24d.png,aptos,A:\DR_classification\data\organized\aptos\test\0_No_DR\fcc32dffd24d.png,test/0_No_DR/fcc32dffd24d.png,test,fcc32dffd24d.png,0,No_DR
aptos:train/4_Proliferative_DR/aeed1f251ceb.png,aptos,A:\DR_classification\data\organized\aptos\train\4_Proliferative_DR\aeed1f251ceb.png,train/4_Proliferative_DR/aeed1f251ceb.png,train,aeed1f251ceb.png,4,Proliferative_DR
aptos:val/0_No_DR/44976c3b11a6.png,aptos,A:\DR_classification\data\organized\aptos\val\0_No_DR\44976c3b11a6.png,val/0_No_DR/44976c3b11a6.png,val,44976c3b11a6.png,0,No_DR
aptos:train/2_Moderate/48543037d0b3.png,aptos,A:\DR_classification\data\organized\aptos\train\2_Moderate\48543037d0b3.png,train/2_Moderate/48543037d0b3.png,train,48543037d0b3.png,2,Moderate
aptos:train/0_No_DR/7b9d519cbd66.png,aptos,A:\DR_classification\data\organized\aptos\train\0_No_DR\7b9d519cbd66.png,train/0_No_DR/7b9d519cbd66.png,train,7b9d519cbd66.png,0,No_DR
aptos:train/4_Proliferative_DR/cd93a472e5cd.png,aptos,A:\DR_classification\data\organized\aptos\train\4_Proliferative_DR\cd93a472e5cd.png,train/4_Proliferative_DR/cd93a472e5cd.png,train,cd93a472e5cd.png,4,Proliferative_DR
aptos:train/2_Moderate/2cef97083e6f.png,aptos,A:\DR_classification\data\organized\aptos\train\2_Moderate\2cef97083e6f.png,train/2_Moderate/2cef97083e6f.png,train,2cef97083e6f.png,2,Moderate
aptos:val/3_Severe/3e3a3955b9c5.png,aptos,A:\DR_classification\data\organized\aptos\val\3_Severe\3e3a3955b9c5.png,val/3_Severe/3e3a3955b9c5.png,val,3e3a3955b9c5.png,3,Severe
aptos:train/0_No_DR/08ee569d4721.png,aptos,A:\DR_classification\data\organized\aptos\train\0_No_DR\08ee569d4721.png,train/0_No_DR/08ee569d4721.png,train,08ee569d4721.png,0,No_DR
aptos:train/0_No_DR/f85fd4fac887.png,aptos,A:\DR_classification\data\organized\aptos\train\0_No_DR\f85fd4fac887.png,train/0_No_DR/f85fd4fac887.png,train,f85fd4fac887.png,0,No_DR
aptos:val/0_No_DR/cd314653a4d8.png,aptos,A:\DR_classification\data\organized\aptos\val\0_No_DR\cd314653a4d8.png,val/0_No_DR/cd314653a4d8.png,val,cd314653a4d8.png,0,No_DR
aptos:test/2_Moderate/0d0a21fd354f.png,aptos,A:\DR_classification\data\organized\aptos\test\2_Moderate\0d0a21fd354f.png,test/2_Moderate/0d0a21fd354f.png,test,0d0a21fd354f.png,2,Moderate
aptos:train/0_No_DR/0ef4c61dc056.png,aptos,A:\DR_classification\data\organized\aptos\train\0_No_DR\0ef4c61dc056.png,train/0_No_DR/0ef4c61dc056.png,train,0ef4c61dc056.png,0,No_DR
aptos:train/0_No_DR/3f0d3629d69e.png,aptos,A:\DR_classification\data\organized\aptos\train\0_No_DR\3f0d3629d69e.png,train/0_No_DR/3f0d3629d69e.png,train,3f0d3629d69e.png,0,No_DR
aptos:train/0_No_DR/e16af45285e5.png,aptos,A:\DR_classification\data\organized\aptos\train\0_No_DR\e16af45285e5.png,train/0_No_DR/e16af45285e5.png,train,e16af45285e5.png,0,No_DR
aptos:train/2_Moderate/c70d09370109.png,aptos,A:\DR_classification\data\organized\aptos\train\2_Moderate\c70d09370109.png,train/2_Moderate/c70d09370109.png,train,c70d09370109.png,2,Moderate
aptos:train/0_No_DR/3f82631e9080.png,aptos,A:\DR_classification\data\organized\aptos\train\0_No_DR\3f82631e9080.png,train/0_No_DR/3f82631e9080.png,train,3f82631e9080.png,0,No_DR
aptos:test/0_No_DR/c7c3d363bc86.png,aptos,A:\DR_classification\data\organized\aptos\test\0_No_DR\c7c3d363bc86.png,test/0_No_DR/c7c3d363bc86.png,test,c7c3d363bc86.png,0,No_DR
aptos:train/2_Moderate/9a4f370d341b.png,aptos,A:\DR_classification\data\organized\aptos\train\2_Moderate\9a4f370d341b.png,train/2_Moderate/9a4f370d341b.png,train,9a4f370d341b.png,2,Moderate
aptos:train/1_Mild/31cb39681f6a.png,aptos,A:\DR_classification\data\organized\aptos\train\1_Mild\31cb39681f6a.png,train/1_Mild/31cb39681f6a.png,train,31cb39681f6a.png,1,Mild
aptos:val/2_Moderate/a505981d1cab.png,aptos,A:\DR_classification\data\organized\aptos\val\2_Moderate\a505981d1cab.png,val/2_Moderate/a505981d1cab.png,val,a505981d1cab.png,2,Moderate
aptos:train/0_No_DR/a61723fc38c2.png,aptos,A:\DR_classification\data\organized\aptos\train\0_No_DR\a61723fc38c2.png,train/0_No_DR/a61723fc38c2.png,train,a61723fc38c2.png,0,No_DR
aptos:train/1_Mild/38e0e28d35d3.png,aptos,A:\DR_classification\data\organized\aptos\train\1_Mild\38e0e28d35d3.png,train/1_Mild/38e0e28d35d3.png,train,38e0e28d35d3.png,1,Mild
aptos:test/0_No_DR/a654b25124c3.png,aptos,A:\DR_classification\data\organized\aptos\test\0_No_DR\a654b25124c3.png,test/0_No_DR/a654b25124c3.png,test,a654b25124c3.png,0,No_DR
aptos:val/2_Moderate/eadfc8809ec8.png,aptos,A:\DR_classification\data\organized\aptos\val\2_Moderate\eadfc8809ec8.png,val/2_Moderate/eadfc8809ec8.png,val,eadfc8809ec8.png,2,Moderate
aptos:val/1_Mild/ead23cc922ed.png,aptos,A:\DR_classification\data\organized\aptos\val\1_Mild\ead23cc922ed.png,val/1_Mild/ead23cc922ed.png,val,ead23cc922ed.png,1,Mild
aptos:test/0_No_DR/df6d13d04da1.png,aptos,A:\DR_classification\data\organized\aptos\test\0_No_DR\df6d13d04da1.png,test/0_No_DR/df6d13d04da1.png,test,df6d13d04da1.png,0,No_DR
aptos:train/0_No_DR/ace287a5c991.png,aptos,A:\DR_classification\data\organized\aptos\train\0_No_DR\ace287a5c991.png,train/0_No_DR/ace287a5c991.png,train,ace287a5c991.png,0,No_DR
aptos:train/0_No_DR/883c6a184f16.png,aptos,A:\DR_classification\data\organized\aptos\train\0_No_DR\883c6a184f16.png,train/0_No_DR/883c6a184f16.png,train,883c6a184f16.png,0,No_DR
aptos:train/2_Moderate/8860c7b11530.png,aptos,A:\DR_classification\data\organized\aptos\train\2_Moderate\8860c7b11530.png,train/2_Moderate/8860c7b11530.png,train,8860c7b11530.png,2,Moderate
aptos:train/1_Mild/2994f17f58a5.png,aptos,A:\DR_classification\data\organized\aptos\train\1_Mild\2994f17f58a5.png,train/1_Mild/2994f17f58a5.png,train,2994f17f58a5.png,1,Mild
aptos:train/0_No_DR/73ef3c3dcbe4.png,aptos,A:\DR_classification\data\organized\aptos\train\0_No_DR\73ef3c3dcbe4.png,train/0_No_DR/73ef3c3dcbe4.png,train,73ef3c3dcbe4.png,0,No_DR
aptos:train/0_No_DR/7ad0c4975890.png,aptos,A:\DR_classification\data\organized\aptos\train\0_No_DR\7ad0c4975890.png,train/0_No_DR/7ad0c4975890.png,train,7ad0c4975890.png,0,No_DR
aptos:test/0_No_DR/2ef4a04aed1b.png,aptos,A:\DR_classification\data\organized\aptos\test\0_No_DR\2ef4a04aed1b.png,test/0_No_DR/2ef4a04aed1b.png,test,2ef4a04aed1b.png,0,No_DR
aptos:train/0_No_DR/5078caaf1f57.png,aptos,A:\DR_classification\data\organized\aptos\train\0_No_DR\5078caaf1f57.png,train/0_No_DR/5078caaf1f57.png,train,5078caaf1f57.png,0,No_DR
